ISO-10303-21;
HEADER;
FILE_DESCRIPTION(('KiCad electronic assembly'),'2;1');
FILE_NAME('sensors.step','2025-09-26T13:54:52',('Pcbnew'),('Kicad'),
  'Open CASCADE STEP processor 7.9','KiCad to STEP converter','Unknown'
  );
FILE_SCHEMA(('AUTOMOTIVE_DESIGN { 1 0 10303 214 1 1 1 1 }'));
ENDSEC;
DATA;
#1 = APPLICATION_PROTOCOL_DEFINITION('international standard',
  'automotive_design',2000,#2);
#2 = APPLICATION_CONTEXT(
  'core data for automotive mechanical design processes');
#3 = SHAPE_DEFINITION_REPRESENTATION(#4,#10);
#4 = PRODUCT_DEFINITION_SHAPE('','',#5);
#5 = PRODUCT_DEFINITION('design','',#6,#9);
#6 = PRODUCT_DEFINITION_FORMATION('','',#7);
#7 = PRODUCT('sensors 1','sensors 1','',(#8));
#8 = PRODUCT_CONTEXT('',#2,'mechanical');
#9 = PRODUCT_DEFINITION_CONTEXT('part definition',#2,'design');
#10 = SHAPE_REPRESENTATION('',(#11,#15,#19,#23,#27,#31,#35),#39);
#11 = AXIS2_PLACEMENT_3D('',#12,#13,#14);
#12 = CARTESIAN_POINT('',(0.,0.,0.));
#13 = DIRECTION('',(0.,0.,1.));
#14 = DIRECTION('',(1.,0.,-0.));
#15 = AXIS2_PLACEMENT_3D('',#16,#17,#18);
#16 = CARTESIAN_POINT('',(163.7,-84.8,1.595));
#17 = DIRECTION('',(-0.,0.,1.));
#18 = DIRECTION('',(1.110223024625E-16,-1.,0.));
#19 = AXIS2_PLACEMENT_3D('',#20,#21,#22);
#20 = CARTESIAN_POINT('',(155.5,-86.62,1.595));
#21 = DIRECTION('',(0.,-0.,1.));
#22 = DIRECTION('',(1.110223024625E-16,1.,0.));
#23 = AXIS2_PLACEMENT_3D('',#24,#25,#26);
#24 = CARTESIAN_POINT('',(160.5,-86.62,1.595));
#25 = DIRECTION('',(0.,-0.,1.));
#26 = DIRECTION('',(1.110223024625E-16,1.,0.));
#27 = AXIS2_PLACEMENT_3D('',#28,#29,#30);
#28 = CARTESIAN_POINT('',(167.6,-85.7,1.595));
#29 = DIRECTION('',(0.,0.,1.));
#30 = DIRECTION('',(-1.,1.224646799147E-16,0.));
#31 = AXIS2_PLACEMENT_3D('',#32,#33,#34);
#32 = CARTESIAN_POINT('',(159.45,-92.77,-8.5E-02));
#33 = DIRECTION('',(0.,1.,-2.334869823773E-16));
#34 = DIRECTION('',(1.,0.,0.));
#35 = AXIS2_PLACEMENT_3D('',#36,#37,#38);
#36 = CARTESIAN_POINT('',(0.,0.,0.));
#37 = DIRECTION('',(0.,0.,1.));
#38 = DIRECTION('',(1.,0.,-0.));
#39 = ( GEOMETRIC_REPRESENTATION_CONTEXT(3) 
GLOBAL_UNCERTAINTY_ASSIGNED_CONTEXT((#43)) GLOBAL_UNIT_ASSIGNED_CONTEXT(
(#40,#41,#42)) REPRESENTATION_CONTEXT('Context #1',
  '3D Context with UNIT and UNCERTAINTY') );
#40 = ( LENGTH_UNIT() NAMED_UNIT(*) SI_UNIT(.MILLI.,.METRE.) );
#41 = ( NAMED_UNIT(*) PLANE_ANGLE_UNIT() SI_UNIT($,.RADIAN.) );
#42 = ( NAMED_UNIT(*) SI_UNIT($,.STERADIAN.) SOLID_ANGLE_UNIT() );
#43 = UNCERTAINTY_MEASURE_WITH_UNIT(LENGTH_MEASURE(2.E-06),#40,
  'distance_accuracy_value','confusion accuracy');
#44 = PRODUCT_RELATED_PRODUCT_CATEGORY('part',$,(#7));
#45 = SHAPE_DEFINITION_REPRESENTATION(#46,#52);
#46 = PRODUCT_DEFINITION_SHAPE('','',#47);
#47 = PRODUCT_DEFINITION('design','',#48,#51);
#48 = PRODUCT_DEFINITION_FORMATION('','',#49);
#49 = PRODUCT('C_1206_3216Metric','C_1206_3216Metric','',(#50));
#50 = PRODUCT_CONTEXT('',#2,'mechanical');
#51 = PRODUCT_DEFINITION_CONTEXT('part definition',#2,'design');
#52 = ADVANCED_BREP_SHAPE_REPRESENTATION('',(#11,#53),#907);
#53 = MANIFOLD_SOLID_BREP('',#54);
#54 = CLOSED_SHELL('',(#55,#131,#162,#187,#212,#236,#260,#285,#310,#327,
    #413,#445,#469,#494,#518,#543,#567,#592,#609,#695,#726,#751,#776,
    #800,#824,#849,#874,#891));
#55 = ADVANCED_FACE('',(#56),#126,.F.);
#56 = FACE_BOUND('',#57,.F.);
#57 = EDGE_LOOP('',(#58,#68,#77,#85,#94,#102,#111,#119));
#58 = ORIENTED_EDGE('',*,*,#59,.F.);
#59 = EDGE_CURVE('',#60,#62,#64,.T.);
#60 = VERTEX_POINT('',#61);
#61 = CARTESIAN_POINT('',(-1.6,-0.8,4.E-02));
#62 = VERTEX_POINT('',#63);
#63 = CARTESIAN_POINT('',(-1.6,-0.8,1.56));
#64 = LINE('',#65,#66);
#65 = CARTESIAN_POINT('',(-1.6,-0.8,0.));
#66 = VECTOR('',#67,1.);
#67 = DIRECTION('',(0.,0.,1.));
#68 = ORIENTED_EDGE('',*,*,#69,.T.);
#69 = EDGE_CURVE('',#60,#70,#72,.T.);
#70 = VERTEX_POINT('',#71);
#71 = CARTESIAN_POINT('',(-1.6,-0.76,0.));
#72 = CIRCLE('',#73,4.E-02);
#73 = AXIS2_PLACEMENT_3D('',#74,#75,#76);
#74 = CARTESIAN_POINT('',(-1.6,-0.76,4.E-02));
#75 = DIRECTION('',(1.,0.,-0.));
#76 = DIRECTION('',(0.,0.,1.));
#77 = ORIENTED_EDGE('',*,*,#78,.T.);
#78 = EDGE_CURVE('',#70,#79,#81,.T.);
#79 = VERTEX_POINT('',#80);
#80 = CARTESIAN_POINT('',(-1.6,0.76,0.));
#81 = LINE('',#82,#83);
#82 = CARTESIAN_POINT('',(-1.6,-0.8,0.));
#83 = VECTOR('',#84,1.);
#84 = DIRECTION('',(0.,1.,0.));
#85 = ORIENTED_EDGE('',*,*,#86,.F.);
#86 = EDGE_CURVE('',#87,#79,#89,.T.);
#87 = VERTEX_POINT('',#88);
#88 = CARTESIAN_POINT('',(-1.6,0.8,4.E-02));
#89 = CIRCLE('',#90,4.E-02);
#90 = AXIS2_PLACEMENT_3D('',#91,#92,#93);
#91 = CARTESIAN_POINT('',(-1.6,0.76,4.E-02));
#92 = DIRECTION('',(-1.,0.,0.));
#93 = DIRECTION('',(0.,0.,1.));
#94 = ORIENTED_EDGE('',*,*,#95,.T.);
#95 = EDGE_CURVE('',#87,#96,#98,.T.);
#96 = VERTEX_POINT('',#97);
#97 = CARTESIAN_POINT('',(-1.6,0.8,1.56));
#98 = LINE('',#99,#100);
#99 = CARTESIAN_POINT('',(-1.6,0.8,0.));
#100 = VECTOR('',#101,1.);
#101 = DIRECTION('',(0.,0.,1.));
#102 = ORIENTED_EDGE('',*,*,#103,.T.);
#103 = EDGE_CURVE('',#96,#104,#106,.T.);
#104 = VERTEX_POINT('',#105);
#105 = CARTESIAN_POINT('',(-1.6,0.76,1.6));
#106 = CIRCLE('',#107,4.E-02);
#107 = AXIS2_PLACEMENT_3D('',#108,#109,#110);
#108 = CARTESIAN_POINT('',(-1.6,0.76,1.56));
#109 = DIRECTION('',(1.,0.,-0.));
#110 = DIRECTION('',(0.,0.,1.));
#111 = ORIENTED_EDGE('',*,*,#112,.F.);
#112 = EDGE_CURVE('',#113,#104,#115,.T.);
#113 = VERTEX_POINT('',#114);
#114 = CARTESIAN_POINT('',(-1.6,-0.76,1.6));
#115 = LINE('',#116,#117);
#116 = CARTESIAN_POINT('',(-1.6,-0.8,1.6));
#117 = VECTOR('',#118,1.);
#118 = DIRECTION('',(0.,1.,0.));
#119 = ORIENTED_EDGE('',*,*,#120,.F.);
#120 = EDGE_CURVE('',#62,#113,#121,.T.);
#121 = CIRCLE('',#122,4.E-02);
#122 = AXIS2_PLACEMENT_3D('',#123,#124,#125);
#123 = CARTESIAN_POINT('',(-1.6,-0.76,1.56));
#124 = DIRECTION('',(-1.,0.,0.));
#125 = DIRECTION('',(0.,0.,1.));
#126 = PLANE('',#127);
#127 = AXIS2_PLACEMENT_3D('',#128,#129,#130);
#128 = CARTESIAN_POINT('',(-1.6,-0.8,0.));
#129 = DIRECTION('',(1.,0.,0.));
#130 = DIRECTION('',(0.,0.,1.));
#131 = ADVANCED_FACE('',(#132),#157,.F.);
#132 = FACE_BOUND('',#133,.F.);
#133 = EDGE_LOOP('',(#134,#144,#150,#151));
#134 = ORIENTED_EDGE('',*,*,#135,.F.);
#135 = EDGE_CURVE('',#136,#138,#140,.T.);
#136 = VERTEX_POINT('',#137);
#137 = CARTESIAN_POINT('',(-1.2,-0.8,4.E-02));
#138 = VERTEX_POINT('',#139);
#139 = CARTESIAN_POINT('',(-1.2,-0.8,1.56));
#140 = LINE('',#141,#142);
#141 = CARTESIAN_POINT('',(-1.2,-0.8,0.));
#142 = VECTOR('',#143,1.);
#143 = DIRECTION('',(0.,0.,1.));
#144 = ORIENTED_EDGE('',*,*,#145,.F.);
#145 = EDGE_CURVE('',#60,#136,#146,.T.);
#146 = LINE('',#147,#148);
#147 = CARTESIAN_POINT('',(-1.6,-0.8,4.E-02));
#148 = VECTOR('',#149,1.);
#149 = DIRECTION('',(1.,0.,0.));
#150 = ORIENTED_EDGE('',*,*,#59,.T.);
#151 = ORIENTED_EDGE('',*,*,#152,.T.);
#152 = EDGE_CURVE('',#62,#138,#153,.T.);
#153 = LINE('',#154,#155);
#154 = CARTESIAN_POINT('',(-1.6,-0.8,1.56));
#155 = VECTOR('',#156,1.);
#156 = DIRECTION('',(1.,0.,0.));
#157 = PLANE('',#158);
#158 = AXIS2_PLACEMENT_3D('',#159,#160,#161);
#159 = CARTESIAN_POINT('',(-1.6,-0.8,0.));
#160 = DIRECTION('',(0.,1.,0.));
#161 = DIRECTION('',(0.,-0.,1.));
#162 = ADVANCED_FACE('',(#163),#182,.T.);
#163 = FACE_BOUND('',#164,.T.);
#164 = EDGE_LOOP('',(#165,#166,#174,#181));
#165 = ORIENTED_EDGE('',*,*,#69,.T.);
#166 = ORIENTED_EDGE('',*,*,#167,.T.);
#167 = EDGE_CURVE('',#70,#168,#170,.T.);
#168 = VERTEX_POINT('',#169);
#169 = CARTESIAN_POINT('',(-1.2,-0.76,0.));
#170 = LINE('',#171,#172);
#171 = CARTESIAN_POINT('',(-1.6,-0.76,0.));
#172 = VECTOR('',#173,1.);
#173 = DIRECTION('',(1.,0.,0.));
#174 = ORIENTED_EDGE('',*,*,#175,.F.);
#175 = EDGE_CURVE('',#136,#168,#176,.T.);
#176 = CIRCLE('',#177,4.E-02);
#177 = AXIS2_PLACEMENT_3D('',#178,#179,#180);
#178 = CARTESIAN_POINT('',(-1.2,-0.76,4.E-02));
#179 = DIRECTION('',(1.,0.,-0.));
#180 = DIRECTION('',(0.,0.,1.));
#181 = ORIENTED_EDGE('',*,*,#145,.F.);
#182 = CYLINDRICAL_SURFACE('',#183,4.E-02);
#183 = AXIS2_PLACEMENT_3D('',#184,#185,#186);
#184 = CARTESIAN_POINT('',(-1.6,-0.76,4.E-02));
#185 = DIRECTION('',(1.,0.,0.));
#186 = DIRECTION('',(0.,-1.,0.));
#187 = ADVANCED_FACE('',(#188),#207,.T.);
#188 = FACE_BOUND('',#189,.T.);
#189 = EDGE_LOOP('',(#190,#191,#200,#206));
#190 = ORIENTED_EDGE('',*,*,#152,.T.);
#191 = ORIENTED_EDGE('',*,*,#192,.T.);
#192 = EDGE_CURVE('',#138,#193,#195,.T.);
#193 = VERTEX_POINT('',#194);
#194 = CARTESIAN_POINT('',(-1.2,-0.76,1.6));
#195 = CIRCLE('',#196,4.E-02);
#196 = AXIS2_PLACEMENT_3D('',#197,#198,#199);
#197 = CARTESIAN_POINT('',(-1.2,-0.76,1.56));
#198 = DIRECTION('',(-1.,0.,0.));
#199 = DIRECTION('',(0.,0.,1.));
#200 = ORIENTED_EDGE('',*,*,#201,.F.);
#201 = EDGE_CURVE('',#113,#193,#202,.T.);
#202 = LINE('',#203,#204);
#203 = CARTESIAN_POINT('',(-1.6,-0.76,1.6));
#204 = VECTOR('',#205,1.);
#205 = DIRECTION('',(1.,0.,0.));
#206 = ORIENTED_EDGE('',*,*,#120,.F.);
#207 = CYLINDRICAL_SURFACE('',#208,4.E-02);
#208 = AXIS2_PLACEMENT_3D('',#209,#210,#211);
#209 = CARTESIAN_POINT('',(-1.6,-0.76,1.56));
#210 = DIRECTION('',(1.,0.,0.));
#211 = DIRECTION('',(0.,-1.,0.));
#212 = ADVANCED_FACE('',(#213),#231,.F.);
#213 = FACE_BOUND('',#214,.F.);
#214 = EDGE_LOOP('',(#215,#216,#217,#225));
#215 = ORIENTED_EDGE('',*,*,#78,.F.);
#216 = ORIENTED_EDGE('',*,*,#167,.T.);
#217 = ORIENTED_EDGE('',*,*,#218,.T.);
#218 = EDGE_CURVE('',#168,#219,#221,.T.);
#219 = VERTEX_POINT('',#220);
#220 = CARTESIAN_POINT('',(-1.2,0.76,0.));
#221 = LINE('',#222,#223);
#222 = CARTESIAN_POINT('',(-1.2,-0.8,0.));
#223 = VECTOR('',#224,1.);
#224 = DIRECTION('',(0.,1.,0.));
#225 = ORIENTED_EDGE('',*,*,#226,.F.);
#226 = EDGE_CURVE('',#79,#219,#227,.T.);
#227 = LINE('',#228,#229);
#228 = CARTESIAN_POINT('',(-1.6,0.76,0.));
#229 = VECTOR('',#230,1.);
#230 = DIRECTION('',(1.,0.,0.));
#231 = PLANE('',#232);
#232 = AXIS2_PLACEMENT_3D('',#233,#234,#235);
#233 = CARTESIAN_POINT('',(-1.6,-0.8,0.));
#234 = DIRECTION('',(0.,0.,1.));
#235 = DIRECTION('',(1.,0.,-0.));
#236 = ADVANCED_FACE('',(#237),#255,.T.);
#237 = FACE_BOUND('',#238,.T.);
#238 = EDGE_LOOP('',(#239,#240,#241,#249));
#239 = ORIENTED_EDGE('',*,*,#112,.F.);
#240 = ORIENTED_EDGE('',*,*,#201,.T.);
#241 = ORIENTED_EDGE('',*,*,#242,.T.);
#242 = EDGE_CURVE('',#193,#243,#245,.T.);
#243 = VERTEX_POINT('',#244);
#244 = CARTESIAN_POINT('',(-1.2,0.76,1.6));
#245 = LINE('',#246,#247);
#246 = CARTESIAN_POINT('',(-1.2,-0.8,1.6));
#247 = VECTOR('',#248,1.);
#248 = DIRECTION('',(0.,1.,0.));
#249 = ORIENTED_EDGE('',*,*,#250,.F.);
#250 = EDGE_CURVE('',#104,#243,#251,.T.);
#251 = LINE('',#252,#253);
#252 = CARTESIAN_POINT('',(-1.6,0.76,1.6));
#253 = VECTOR('',#254,1.);
#254 = DIRECTION('',(1.,0.,0.));
#255 = PLANE('',#256);
#256 = AXIS2_PLACEMENT_3D('',#257,#258,#259);
#257 = CARTESIAN_POINT('',(-1.6,-0.8,1.6));
#258 = DIRECTION('',(0.,0.,1.));
#259 = DIRECTION('',(1.,0.,-0.));
#260 = ADVANCED_FACE('',(#261),#280,.T.);
#261 = FACE_BOUND('',#262,.T.);
#262 = EDGE_LOOP('',(#263,#271,#278,#279));
#263 = ORIENTED_EDGE('',*,*,#264,.T.);
#264 = EDGE_CURVE('',#87,#265,#267,.T.);
#265 = VERTEX_POINT('',#266);
#266 = CARTESIAN_POINT('',(-1.2,0.8,4.E-02));
#267 = LINE('',#268,#269);
#268 = CARTESIAN_POINT('',(-1.6,0.8,4.E-02));
#269 = VECTOR('',#270,1.);
#270 = DIRECTION('',(1.,0.,0.));
#271 = ORIENTED_EDGE('',*,*,#272,.T.);
#272 = EDGE_CURVE('',#265,#219,#273,.T.);
#273 = CIRCLE('',#274,4.E-02);
#274 = AXIS2_PLACEMENT_3D('',#275,#276,#277);
#275 = CARTESIAN_POINT('',(-1.2,0.76,4.E-02));
#276 = DIRECTION('',(-1.,0.,0.));
#277 = DIRECTION('',(0.,0.,1.));
#278 = ORIENTED_EDGE('',*,*,#226,.F.);
#279 = ORIENTED_EDGE('',*,*,#86,.F.);
#280 = CYLINDRICAL_SURFACE('',#281,4.E-02);
#281 = AXIS2_PLACEMENT_3D('',#282,#283,#284);
#282 = CARTESIAN_POINT('',(-1.6,0.76,4.E-02));
#283 = DIRECTION('',(1.,0.,0.));
#284 = DIRECTION('',(-0.,1.,0.));
#285 = ADVANCED_FACE('',(#286),#305,.T.);
#286 = FACE_BOUND('',#287,.T.);
#287 = EDGE_LOOP('',(#288,#289,#290,#299));
#288 = ORIENTED_EDGE('',*,*,#103,.T.);
#289 = ORIENTED_EDGE('',*,*,#250,.T.);
#290 = ORIENTED_EDGE('',*,*,#291,.F.);
#291 = EDGE_CURVE('',#292,#243,#294,.T.);
#292 = VERTEX_POINT('',#293);
#293 = CARTESIAN_POINT('',(-1.2,0.8,1.56));
#294 = CIRCLE('',#295,4.E-02);
#295 = AXIS2_PLACEMENT_3D('',#296,#297,#298);
#296 = CARTESIAN_POINT('',(-1.2,0.76,1.56));
#297 = DIRECTION('',(1.,0.,-0.));
#298 = DIRECTION('',(0.,0.,1.));
#299 = ORIENTED_EDGE('',*,*,#300,.F.);
#300 = EDGE_CURVE('',#96,#292,#301,.T.);
#301 = LINE('',#302,#303);
#302 = CARTESIAN_POINT('',(-1.6,0.8,1.56));
#303 = VECTOR('',#304,1.);
#304 = DIRECTION('',(1.,0.,0.));
#305 = CYLINDRICAL_SURFACE('',#306,4.E-02);
#306 = AXIS2_PLACEMENT_3D('',#307,#308,#309);
#307 = CARTESIAN_POINT('',(-1.6,0.76,1.56));
#308 = DIRECTION('',(1.,0.,0.));
#309 = DIRECTION('',(-0.,1.,0.));
#310 = ADVANCED_FACE('',(#311),#322,.T.);
#311 = FACE_BOUND('',#312,.T.);
#312 = EDGE_LOOP('',(#313,#319,#320,#321));
#313 = ORIENTED_EDGE('',*,*,#314,.F.);
#314 = EDGE_CURVE('',#265,#292,#315,.T.);
#315 = LINE('',#316,#317);
#316 = CARTESIAN_POINT('',(-1.2,0.8,0.));
#317 = VECTOR('',#318,1.);
#318 = DIRECTION('',(0.,0.,1.));
#319 = ORIENTED_EDGE('',*,*,#264,.F.);
#320 = ORIENTED_EDGE('',*,*,#95,.T.);
#321 = ORIENTED_EDGE('',*,*,#300,.T.);
#322 = PLANE('',#323);
#323 = AXIS2_PLACEMENT_3D('',#324,#325,#326);
#324 = CARTESIAN_POINT('',(-1.6,0.8,0.));
#325 = DIRECTION('',(0.,1.,0.));
#326 = DIRECTION('',(0.,-0.,1.));
#327 = ADVANCED_FACE('',(#328,#338),#408,.T.);
#328 = FACE_BOUND('',#329,.T.);
#329 = EDGE_LOOP('',(#330,#331,#332,#333,#334,#335,#336,#337));
#330 = ORIENTED_EDGE('',*,*,#135,.F.);
#331 = ORIENTED_EDGE('',*,*,#175,.T.);
#332 = ORIENTED_EDGE('',*,*,#218,.T.);
#333 = ORIENTED_EDGE('',*,*,#272,.F.);
#334 = ORIENTED_EDGE('',*,*,#314,.T.);
#335 = ORIENTED_EDGE('',*,*,#291,.T.);
#336 = ORIENTED_EDGE('',*,*,#242,.F.);
#337 = ORIENTED_EDGE('',*,*,#192,.F.);
#338 = FACE_BOUND('',#339,.T.);
#339 = EDGE_LOOP('',(#340,#351,#359,#368,#376,#385,#393,#402));
#340 = ORIENTED_EDGE('',*,*,#341,.F.);
#341 = EDGE_CURVE('',#342,#344,#346,.T.);
#342 = VERTEX_POINT('',#343);
#343 = CARTESIAN_POINT('',(-1.2,-0.76,8.E-02));
#344 = VERTEX_POINT('',#345);
#345 = CARTESIAN_POINT('',(-1.2,-0.72,4.E-02));
#346 = CIRCLE('',#347,4.E-02);
#347 = AXIS2_PLACEMENT_3D('',#348,#349,#350);
#348 = CARTESIAN_POINT('',(-1.2,-0.72,8.E-02));
#349 = DIRECTION('',(1.,0.,-0.));
#350 = DIRECTION('',(0.,0.,1.));
#351 = ORIENTED_EDGE('',*,*,#352,.T.);
#352 = EDGE_CURVE('',#342,#353,#355,.T.);
#353 = VERTEX_POINT('',#354);
#354 = CARTESIAN_POINT('',(-1.2,-0.76,1.52));
#355 = LINE('',#356,#357);
#356 = CARTESIAN_POINT('',(-1.2,-0.76,4.E-02));
#357 = VECTOR('',#358,1.);
#358 = DIRECTION('',(0.,0.,1.));
#359 = ORIENTED_EDGE('',*,*,#360,.T.);
#360 = EDGE_CURVE('',#353,#361,#363,.T.);
#361 = VERTEX_POINT('',#362);
#362 = CARTESIAN_POINT('',(-1.2,-0.72,1.56));
#363 = CIRCLE('',#364,4.E-02);
#364 = AXIS2_PLACEMENT_3D('',#365,#366,#367);
#365 = CARTESIAN_POINT('',(-1.2,-0.72,1.52));
#366 = DIRECTION('',(-1.,0.,0.));
#367 = DIRECTION('',(0.,0.,1.));
#368 = ORIENTED_EDGE('',*,*,#369,.T.);
#369 = EDGE_CURVE('',#361,#370,#372,.T.);
#370 = VERTEX_POINT('',#371);
#371 = CARTESIAN_POINT('',(-1.2,0.72,1.56));
#372 = LINE('',#373,#374);
#373 = CARTESIAN_POINT('',(-1.2,-0.76,1.56));
#374 = VECTOR('',#375,1.);
#375 = DIRECTION('',(0.,1.,0.));
#376 = ORIENTED_EDGE('',*,*,#377,.F.);
#377 = EDGE_CURVE('',#378,#370,#380,.T.);
#378 = VERTEX_POINT('',#379);
#379 = CARTESIAN_POINT('',(-1.2,0.76,1.52));
#380 = CIRCLE('',#381,4.E-02);
#381 = AXIS2_PLACEMENT_3D('',#382,#383,#384);
#382 = CARTESIAN_POINT('',(-1.2,0.72,1.52));
#383 = DIRECTION('',(1.,0.,-0.));
#384 = DIRECTION('',(0.,0.,1.));
#385 = ORIENTED_EDGE('',*,*,#386,.F.);
#386 = EDGE_CURVE('',#387,#378,#389,.T.);
#387 = VERTEX_POINT('',#388);
#388 = CARTESIAN_POINT('',(-1.2,0.76,8.E-02));
#389 = LINE('',#390,#391);
#390 = CARTESIAN_POINT('',(-1.2,0.76,4.E-02));
#391 = VECTOR('',#392,1.);
#392 = DIRECTION('',(0.,0.,1.));
#393 = ORIENTED_EDGE('',*,*,#394,.T.);
#394 = EDGE_CURVE('',#387,#395,#397,.T.);
#395 = VERTEX_POINT('',#396);
#396 = CARTESIAN_POINT('',(-1.2,0.72,4.E-02));
#397 = CIRCLE('',#398,4.E-02);
#398 = AXIS2_PLACEMENT_3D('',#399,#400,#401);
#399 = CARTESIAN_POINT('',(-1.2,0.72,8.E-02));
#400 = DIRECTION('',(-1.,0.,0.));
#401 = DIRECTION('',(0.,0.,1.));
#402 = ORIENTED_EDGE('',*,*,#403,.F.);
#403 = EDGE_CURVE('',#344,#395,#404,.T.);
#404 = LINE('',#405,#406);
#405 = CARTESIAN_POINT('',(-1.2,-0.76,4.E-02));
#406 = VECTOR('',#407,1.);
#407 = DIRECTION('',(0.,1.,0.));
#408 = PLANE('',#409);
#409 = AXIS2_PLACEMENT_3D('',#410,#411,#412);
#410 = CARTESIAN_POINT('',(-1.2,-0.8,0.));
#411 = DIRECTION('',(1.,0.,0.));
#412 = DIRECTION('',(0.,0.,1.));
#413 = ADVANCED_FACE('',(#414),#440,.T.);
#414 = FACE_BOUND('',#415,.T.);
#415 = EDGE_LOOP('',(#416,#417,#425,#434));
#416 = ORIENTED_EDGE('',*,*,#341,.T.);
#417 = ORIENTED_EDGE('',*,*,#418,.T.);
#418 = EDGE_CURVE('',#344,#419,#421,.T.);
#419 = VERTEX_POINT('',#420);
#420 = CARTESIAN_POINT('',(1.2,-0.72,4.E-02));
#421 = LINE('',#422,#423);
#422 = CARTESIAN_POINT('',(-1.2,-0.72,4.E-02));
#423 = VECTOR('',#424,1.);
#424 = DIRECTION('',(1.,0.,0.));
#425 = ORIENTED_EDGE('',*,*,#426,.F.);
#426 = EDGE_CURVE('',#427,#419,#429,.T.);
#427 = VERTEX_POINT('',#428);
#428 = CARTESIAN_POINT('',(1.2,-0.76,8.E-02));
#429 = CIRCLE('',#430,4.E-02);
#430 = AXIS2_PLACEMENT_3D('',#431,#432,#433);
#431 = CARTESIAN_POINT('',(1.2,-0.72,8.E-02));
#432 = DIRECTION('',(1.,0.,-0.));
#433 = DIRECTION('',(0.,0.,1.));
#434 = ORIENTED_EDGE('',*,*,#435,.F.);
#435 = EDGE_CURVE('',#342,#427,#436,.T.);
#436 = LINE('',#437,#438);
#437 = CARTESIAN_POINT('',(-1.2,-0.76,8.E-02));
#438 = VECTOR('',#439,1.);
#439 = DIRECTION('',(1.,0.,0.));
#440 = CYLINDRICAL_SURFACE('',#441,4.E-02);
#441 = AXIS2_PLACEMENT_3D('',#442,#443,#444);
#442 = CARTESIAN_POINT('',(-1.2,-0.72,8.E-02));
#443 = DIRECTION('',(1.,0.,0.));
#444 = DIRECTION('',(0.,-1.,0.));
#445 = ADVANCED_FACE('',(#446),#464,.F.);
#446 = FACE_BOUND('',#447,.F.);
#447 = EDGE_LOOP('',(#448,#449,#450,#458));
#448 = ORIENTED_EDGE('',*,*,#403,.F.);
#449 = ORIENTED_EDGE('',*,*,#418,.T.);
#450 = ORIENTED_EDGE('',*,*,#451,.T.);
#451 = EDGE_CURVE('',#419,#452,#454,.T.);
#452 = VERTEX_POINT('',#453);
#453 = CARTESIAN_POINT('',(1.2,0.72,4.E-02));
#454 = LINE('',#455,#456);
#455 = CARTESIAN_POINT('',(1.2,-0.76,4.E-02));
#456 = VECTOR('',#457,1.);
#457 = DIRECTION('',(0.,1.,0.));
#458 = ORIENTED_EDGE('',*,*,#459,.F.);
#459 = EDGE_CURVE('',#395,#452,#460,.T.);
#460 = LINE('',#461,#462);
#461 = CARTESIAN_POINT('',(-1.2,0.72,4.E-02));
#462 = VECTOR('',#463,1.);
#463 = DIRECTION('',(1.,0.,0.));
#464 = PLANE('',#465);
#465 = AXIS2_PLACEMENT_3D('',#466,#467,#468);
#466 = CARTESIAN_POINT('',(-1.2,-0.76,4.E-02));
#467 = DIRECTION('',(0.,0.,1.));
#468 = DIRECTION('',(1.,0.,-0.));
#469 = ADVANCED_FACE('',(#470),#489,.T.);
#470 = FACE_BOUND('',#471,.T.);
#471 = EDGE_LOOP('',(#472,#480,#487,#488));
#472 = ORIENTED_EDGE('',*,*,#473,.T.);
#473 = EDGE_CURVE('',#387,#474,#476,.T.);
#474 = VERTEX_POINT('',#475);
#475 = CARTESIAN_POINT('',(1.2,0.76,8.E-02));
#476 = LINE('',#477,#478);
#477 = CARTESIAN_POINT('',(-1.2,0.76,8.E-02));
#478 = VECTOR('',#479,1.);
#479 = DIRECTION('',(1.,0.,0.));
#480 = ORIENTED_EDGE('',*,*,#481,.T.);
#481 = EDGE_CURVE('',#474,#452,#482,.T.);
#482 = CIRCLE('',#483,4.E-02);
#483 = AXIS2_PLACEMENT_3D('',#484,#485,#486);
#484 = CARTESIAN_POINT('',(1.2,0.72,8.E-02));
#485 = DIRECTION('',(-1.,0.,0.));
#486 = DIRECTION('',(0.,0.,1.));
#487 = ORIENTED_EDGE('',*,*,#459,.F.);
#488 = ORIENTED_EDGE('',*,*,#394,.F.);
#489 = CYLINDRICAL_SURFACE('',#490,4.E-02);
#490 = AXIS2_PLACEMENT_3D('',#491,#492,#493);
#491 = CARTESIAN_POINT('',(-1.2,0.72,8.E-02));
#492 = DIRECTION('',(1.,0.,0.));
#493 = DIRECTION('',(-0.,1.,0.));
#494 = ADVANCED_FACE('',(#495),#513,.T.);
#495 = FACE_BOUND('',#496,.T.);
#496 = EDGE_LOOP('',(#497,#505,#506,#507));
#497 = ORIENTED_EDGE('',*,*,#498,.F.);
#498 = EDGE_CURVE('',#474,#499,#501,.T.);
#499 = VERTEX_POINT('',#500);
#500 = CARTESIAN_POINT('',(1.2,0.76,1.52));
#501 = LINE('',#502,#503);
#502 = CARTESIAN_POINT('',(1.2,0.76,4.E-02));
#503 = VECTOR('',#504,1.);
#504 = DIRECTION('',(0.,0.,1.));
#505 = ORIENTED_EDGE('',*,*,#473,.F.);
#506 = ORIENTED_EDGE('',*,*,#386,.T.);
#507 = ORIENTED_EDGE('',*,*,#508,.T.);
#508 = EDGE_CURVE('',#378,#499,#509,.T.);
#509 = LINE('',#510,#511);
#510 = CARTESIAN_POINT('',(-1.2,0.76,1.52));
#511 = VECTOR('',#512,1.);
#512 = DIRECTION('',(1.,0.,0.));
#513 = PLANE('',#514);
#514 = AXIS2_PLACEMENT_3D('',#515,#516,#517);
#515 = CARTESIAN_POINT('',(-1.2,0.76,4.E-02));
#516 = DIRECTION('',(0.,1.,0.));
#517 = DIRECTION('',(0.,-0.,1.));
#518 = ADVANCED_FACE('',(#519),#538,.T.);
#519 = FACE_BOUND('',#520,.T.);
#520 = EDGE_LOOP('',(#521,#522,#530,#537));
#521 = ORIENTED_EDGE('',*,*,#377,.T.);
#522 = ORIENTED_EDGE('',*,*,#523,.T.);
#523 = EDGE_CURVE('',#370,#524,#526,.T.);
#524 = VERTEX_POINT('',#525);
#525 = CARTESIAN_POINT('',(1.2,0.72,1.56));
#526 = LINE('',#527,#528);
#527 = CARTESIAN_POINT('',(-1.2,0.72,1.56));
#528 = VECTOR('',#529,1.);
#529 = DIRECTION('',(1.,0.,0.));
#530 = ORIENTED_EDGE('',*,*,#531,.F.);
#531 = EDGE_CURVE('',#499,#524,#532,.T.);
#532 = CIRCLE('',#533,4.E-02);
#533 = AXIS2_PLACEMENT_3D('',#534,#535,#536);
#534 = CARTESIAN_POINT('',(1.2,0.72,1.52));
#535 = DIRECTION('',(1.,0.,-0.));
#536 = DIRECTION('',(0.,0.,1.));
#537 = ORIENTED_EDGE('',*,*,#508,.F.);
#538 = CYLINDRICAL_SURFACE('',#539,4.E-02);
#539 = AXIS2_PLACEMENT_3D('',#540,#541,#542);
#540 = CARTESIAN_POINT('',(-1.2,0.72,1.52));
#541 = DIRECTION('',(1.,0.,0.));
#542 = DIRECTION('',(-0.,1.,0.));
#543 = ADVANCED_FACE('',(#544),#562,.T.);
#544 = FACE_BOUND('',#545,.T.);
#545 = EDGE_LOOP('',(#546,#547,#555,#561));
#546 = ORIENTED_EDGE('',*,*,#369,.F.);
#547 = ORIENTED_EDGE('',*,*,#548,.T.);
#548 = EDGE_CURVE('',#361,#549,#551,.T.);
#549 = VERTEX_POINT('',#550);
#550 = CARTESIAN_POINT('',(1.2,-0.72,1.56));
#551 = LINE('',#552,#553);
#552 = CARTESIAN_POINT('',(-1.2,-0.72,1.56));
#553 = VECTOR('',#554,1.);
#554 = DIRECTION('',(1.,0.,0.));
#555 = ORIENTED_EDGE('',*,*,#556,.T.);
#556 = EDGE_CURVE('',#549,#524,#557,.T.);
#557 = LINE('',#558,#559);
#558 = CARTESIAN_POINT('',(1.2,-0.76,1.56));
#559 = VECTOR('',#560,1.);
#560 = DIRECTION('',(0.,1.,0.));
#561 = ORIENTED_EDGE('',*,*,#523,.F.);
#562 = PLANE('',#563);
#563 = AXIS2_PLACEMENT_3D('',#564,#565,#566);
#564 = CARTESIAN_POINT('',(-1.2,-0.76,1.56));
#565 = DIRECTION('',(0.,0.,1.));
#566 = DIRECTION('',(1.,0.,-0.));
#567 = ADVANCED_FACE('',(#568),#587,.T.);
#568 = FACE_BOUND('',#569,.T.);
#569 = EDGE_LOOP('',(#570,#578,#585,#586));
#570 = ORIENTED_EDGE('',*,*,#571,.T.);
#571 = EDGE_CURVE('',#353,#572,#574,.T.);
#572 = VERTEX_POINT('',#573);
#573 = CARTESIAN_POINT('',(1.2,-0.76,1.52));
#574 = LINE('',#575,#576);
#575 = CARTESIAN_POINT('',(-1.2,-0.76,1.52));
#576 = VECTOR('',#577,1.);
#577 = DIRECTION('',(1.,0.,0.));
#578 = ORIENTED_EDGE('',*,*,#579,.T.);
#579 = EDGE_CURVE('',#572,#549,#580,.T.);
#580 = CIRCLE('',#581,4.E-02);
#581 = AXIS2_PLACEMENT_3D('',#582,#583,#584);
#582 = CARTESIAN_POINT('',(1.2,-0.72,1.52));
#583 = DIRECTION('',(-1.,0.,0.));
#584 = DIRECTION('',(0.,0.,1.));
#585 = ORIENTED_EDGE('',*,*,#548,.F.);
#586 = ORIENTED_EDGE('',*,*,#360,.F.);
#587 = CYLINDRICAL_SURFACE('',#588,4.E-02);
#588 = AXIS2_PLACEMENT_3D('',#589,#590,#591);
#589 = CARTESIAN_POINT('',(-1.2,-0.72,1.52));
#590 = DIRECTION('',(1.,0.,0.));
#591 = DIRECTION('',(0.,-1.,0.));
#592 = ADVANCED_FACE('',(#593),#604,.F.);
#593 = FACE_BOUND('',#594,.F.);
#594 = EDGE_LOOP('',(#595,#601,#602,#603));
#595 = ORIENTED_EDGE('',*,*,#596,.F.);
#596 = EDGE_CURVE('',#427,#572,#597,.T.);
#597 = LINE('',#598,#599);
#598 = CARTESIAN_POINT('',(1.2,-0.76,4.E-02));
#599 = VECTOR('',#600,1.);
#600 = DIRECTION('',(0.,0.,1.));
#601 = ORIENTED_EDGE('',*,*,#435,.F.);
#602 = ORIENTED_EDGE('',*,*,#352,.T.);
#603 = ORIENTED_EDGE('',*,*,#571,.T.);
#604 = PLANE('',#605);
#605 = AXIS2_PLACEMENT_3D('',#606,#607,#608);
#606 = CARTESIAN_POINT('',(-1.2,-0.76,4.E-02));
#607 = DIRECTION('',(0.,1.,0.));
#608 = DIRECTION('',(0.,-0.,1.));
#609 = ADVANCED_FACE('',(#610,#680),#690,.F.);
#610 = FACE_BOUND('',#611,.F.);
#611 = EDGE_LOOP('',(#612,#622,#631,#639,#648,#656,#665,#673));
#612 = ORIENTED_EDGE('',*,*,#613,.F.);
#613 = EDGE_CURVE('',#614,#616,#618,.T.);
#614 = VERTEX_POINT('',#615);
#615 = CARTESIAN_POINT('',(1.2,-0.8,4.E-02));
#616 = VERTEX_POINT('',#617);
#617 = CARTESIAN_POINT('',(1.2,-0.8,1.56));
#618 = LINE('',#619,#620);
#619 = CARTESIAN_POINT('',(1.2,-0.8,0.));
#620 = VECTOR('',#621,1.);
#621 = DIRECTION('',(0.,0.,1.));
#622 = ORIENTED_EDGE('',*,*,#623,.T.);
#623 = EDGE_CURVE('',#614,#624,#626,.T.);
#624 = VERTEX_POINT('',#625);
#625 = CARTESIAN_POINT('',(1.2,-0.76,0.));
#626 = CIRCLE('',#627,4.E-02);
#627 = AXIS2_PLACEMENT_3D('',#628,#629,#630);
#628 = CARTESIAN_POINT('',(1.2,-0.76,4.E-02));
#629 = DIRECTION('',(1.,0.,-0.));
#630 = DIRECTION('',(0.,0.,1.));
#631 = ORIENTED_EDGE('',*,*,#632,.T.);
#632 = EDGE_CURVE('',#624,#633,#635,.T.);
#633 = VERTEX_POINT('',#634);
#634 = CARTESIAN_POINT('',(1.2,0.76,0.));
#635 = LINE('',#636,#637);
#636 = CARTESIAN_POINT('',(1.2,-0.8,0.));
#637 = VECTOR('',#638,1.);
#638 = DIRECTION('',(0.,1.,0.));
#639 = ORIENTED_EDGE('',*,*,#640,.F.);
#640 = EDGE_CURVE('',#641,#633,#643,.T.);
#641 = VERTEX_POINT('',#642);
#642 = CARTESIAN_POINT('',(1.2,0.8,4.E-02));
#643 = CIRCLE('',#644,4.E-02);
#644 = AXIS2_PLACEMENT_3D('',#645,#646,#647);
#645 = CARTESIAN_POINT('',(1.2,0.76,4.E-02));
#646 = DIRECTION('',(-1.,0.,0.));
#647 = DIRECTION('',(0.,0.,1.));
#648 = ORIENTED_EDGE('',*,*,#649,.T.);
#649 = EDGE_CURVE('',#641,#650,#652,.T.);
#650 = VERTEX_POINT('',#651);
#651 = CARTESIAN_POINT('',(1.2,0.8,1.56));
#652 = LINE('',#653,#654);
#653 = CARTESIAN_POINT('',(1.2,0.8,0.));
#654 = VECTOR('',#655,1.);
#655 = DIRECTION('',(0.,0.,1.));
#656 = ORIENTED_EDGE('',*,*,#657,.T.);
#657 = EDGE_CURVE('',#650,#658,#660,.T.);
#658 = VERTEX_POINT('',#659);
#659 = CARTESIAN_POINT('',(1.2,0.76,1.6));
#660 = CIRCLE('',#661,4.E-02);
#661 = AXIS2_PLACEMENT_3D('',#662,#663,#664);
#662 = CARTESIAN_POINT('',(1.2,0.76,1.56));
#663 = DIRECTION('',(1.,0.,-0.));
#664 = DIRECTION('',(0.,0.,1.));
#665 = ORIENTED_EDGE('',*,*,#666,.F.);
#666 = EDGE_CURVE('',#667,#658,#669,.T.);
#667 = VERTEX_POINT('',#668);
#668 = CARTESIAN_POINT('',(1.2,-0.76,1.6));
#669 = LINE('',#670,#671);
#670 = CARTESIAN_POINT('',(1.2,-0.8,1.6));
#671 = VECTOR('',#672,1.);
#672 = DIRECTION('',(0.,1.,0.));
#673 = ORIENTED_EDGE('',*,*,#674,.F.);
#674 = EDGE_CURVE('',#616,#667,#675,.T.);
#675 = CIRCLE('',#676,4.E-02);
#676 = AXIS2_PLACEMENT_3D('',#677,#678,#679);
#677 = CARTESIAN_POINT('',(1.2,-0.76,1.56));
#678 = DIRECTION('',(-1.,0.,0.));
#679 = DIRECTION('',(0.,0.,1.));
#680 = FACE_BOUND('',#681,.F.);
#681 = EDGE_LOOP('',(#682,#683,#684,#685,#686,#687,#688,#689));
#682 = ORIENTED_EDGE('',*,*,#426,.F.);
#683 = ORIENTED_EDGE('',*,*,#596,.T.);
#684 = ORIENTED_EDGE('',*,*,#579,.T.);
#685 = ORIENTED_EDGE('',*,*,#556,.T.);
#686 = ORIENTED_EDGE('',*,*,#531,.F.);
#687 = ORIENTED_EDGE('',*,*,#498,.F.);
#688 = ORIENTED_EDGE('',*,*,#481,.T.);
#689 = ORIENTED_EDGE('',*,*,#451,.F.);
#690 = PLANE('',#691);
#691 = AXIS2_PLACEMENT_3D('',#692,#693,#694);
#692 = CARTESIAN_POINT('',(1.2,-0.8,0.));
#693 = DIRECTION('',(1.,0.,0.));
#694 = DIRECTION('',(0.,0.,1.));
#695 = ADVANCED_FACE('',(#696),#721,.F.);
#696 = FACE_BOUND('',#697,.F.);
#697 = EDGE_LOOP('',(#698,#708,#714,#715));
#698 = ORIENTED_EDGE('',*,*,#699,.F.);
#699 = EDGE_CURVE('',#700,#702,#704,.T.);
#700 = VERTEX_POINT('',#701);
#701 = CARTESIAN_POINT('',(1.6,-0.8,4.E-02));
#702 = VERTEX_POINT('',#703);
#703 = CARTESIAN_POINT('',(1.6,-0.8,1.56));
#704 = LINE('',#705,#706);
#705 = CARTESIAN_POINT('',(1.6,-0.8,0.));
#706 = VECTOR('',#707,1.);
#707 = DIRECTION('',(0.,0.,1.));
#708 = ORIENTED_EDGE('',*,*,#709,.F.);
#709 = EDGE_CURVE('',#614,#700,#710,.T.);
#710 = LINE('',#711,#712);
#711 = CARTESIAN_POINT('',(1.2,-0.8,4.E-02));
#712 = VECTOR('',#713,1.);
#713 = DIRECTION('',(1.,0.,0.));
#714 = ORIENTED_EDGE('',*,*,#613,.T.);
#715 = ORIENTED_EDGE('',*,*,#716,.T.);
#716 = EDGE_CURVE('',#616,#702,#717,.T.);
#717 = LINE('',#718,#719);
#718 = CARTESIAN_POINT('',(1.2,-0.8,1.56));
#719 = VECTOR('',#720,1.);
#720 = DIRECTION('',(1.,0.,0.));
#721 = PLANE('',#722);
#722 = AXIS2_PLACEMENT_3D('',#723,#724,#725);
#723 = CARTESIAN_POINT('',(1.2,-0.8,0.));
#724 = DIRECTION('',(0.,1.,0.));
#725 = DIRECTION('',(0.,-0.,1.));
#726 = ADVANCED_FACE('',(#727),#746,.T.);
#727 = FACE_BOUND('',#728,.T.);
#728 = EDGE_LOOP('',(#729,#730,#738,#745));
#729 = ORIENTED_EDGE('',*,*,#623,.T.);
#730 = ORIENTED_EDGE('',*,*,#731,.T.);
#731 = EDGE_CURVE('',#624,#732,#734,.T.);
#732 = VERTEX_POINT('',#733);
#733 = CARTESIAN_POINT('',(1.6,-0.76,0.));
#734 = LINE('',#735,#736);
#735 = CARTESIAN_POINT('',(1.2,-0.76,0.));
#736 = VECTOR('',#737,1.);
#737 = DIRECTION('',(1.,0.,0.));
#738 = ORIENTED_EDGE('',*,*,#739,.F.);
#739 = EDGE_CURVE('',#700,#732,#740,.T.);
#740 = CIRCLE('',#741,4.E-02);
#741 = AXIS2_PLACEMENT_3D('',#742,#743,#744);
#742 = CARTESIAN_POINT('',(1.6,-0.76,4.E-02));
#743 = DIRECTION('',(1.,0.,-0.));
#744 = DIRECTION('',(0.,0.,1.));
#745 = ORIENTED_EDGE('',*,*,#709,.F.);
#746 = CYLINDRICAL_SURFACE('',#747,4.E-02);
#747 = AXIS2_PLACEMENT_3D('',#748,#749,#750);
#748 = CARTESIAN_POINT('',(1.2,-0.76,4.E-02));
#749 = DIRECTION('',(1.,0.,0.));
#750 = DIRECTION('',(0.,-1.,0.));
#751 = ADVANCED_FACE('',(#752),#771,.T.);
#752 = FACE_BOUND('',#753,.T.);
#753 = EDGE_LOOP('',(#754,#755,#764,#770));
#754 = ORIENTED_EDGE('',*,*,#716,.T.);
#755 = ORIENTED_EDGE('',*,*,#756,.T.);
#756 = EDGE_CURVE('',#702,#757,#759,.T.);
#757 = VERTEX_POINT('',#758);
#758 = CARTESIAN_POINT('',(1.6,-0.76,1.6));
#759 = CIRCLE('',#760,4.E-02);
#760 = AXIS2_PLACEMENT_3D('',#761,#762,#763);
#761 = CARTESIAN_POINT('',(1.6,-0.76,1.56));
#762 = DIRECTION('',(-1.,0.,0.));
#763 = DIRECTION('',(0.,0.,1.));
#764 = ORIENTED_EDGE('',*,*,#765,.F.);
#765 = EDGE_CURVE('',#667,#757,#766,.T.);
#766 = LINE('',#767,#768);
#767 = CARTESIAN_POINT('',(1.2,-0.76,1.6));
#768 = VECTOR('',#769,1.);
#769 = DIRECTION('',(1.,0.,0.));
#770 = ORIENTED_EDGE('',*,*,#674,.F.);
#771 = CYLINDRICAL_SURFACE('',#772,4.E-02);
#772 = AXIS2_PLACEMENT_3D('',#773,#774,#775);
#773 = CARTESIAN_POINT('',(1.2,-0.76,1.56));
#774 = DIRECTION('',(1.,0.,0.));
#775 = DIRECTION('',(0.,-1.,0.));
#776 = ADVANCED_FACE('',(#777),#795,.F.);
#777 = FACE_BOUND('',#778,.F.);
#778 = EDGE_LOOP('',(#779,#780,#781,#789));
#779 = ORIENTED_EDGE('',*,*,#632,.F.);
#780 = ORIENTED_EDGE('',*,*,#731,.T.);
#781 = ORIENTED_EDGE('',*,*,#782,.T.);
#782 = EDGE_CURVE('',#732,#783,#785,.T.);
#783 = VERTEX_POINT('',#784);
#784 = CARTESIAN_POINT('',(1.6,0.76,0.));
#785 = LINE('',#786,#787);
#786 = CARTESIAN_POINT('',(1.6,-0.8,0.));
#787 = VECTOR('',#788,1.);
#788 = DIRECTION('',(0.,1.,0.));
#789 = ORIENTED_EDGE('',*,*,#790,.F.);
#790 = EDGE_CURVE('',#633,#783,#791,.T.);
#791 = LINE('',#792,#793);
#792 = CARTESIAN_POINT('',(1.2,0.76,0.));
#793 = VECTOR('',#794,1.);
#794 = DIRECTION('',(1.,0.,0.));
#795 = PLANE('',#796);
#796 = AXIS2_PLACEMENT_3D('',#797,#798,#799);
#797 = CARTESIAN_POINT('',(1.2,-0.8,0.));
#798 = DIRECTION('',(0.,0.,1.));
#799 = DIRECTION('',(1.,0.,-0.));
#800 = ADVANCED_FACE('',(#801),#819,.T.);
#801 = FACE_BOUND('',#802,.T.);
#802 = EDGE_LOOP('',(#803,#804,#805,#813));
#803 = ORIENTED_EDGE('',*,*,#666,.F.);
#804 = ORIENTED_EDGE('',*,*,#765,.T.);
#805 = ORIENTED_EDGE('',*,*,#806,.T.);
#806 = EDGE_CURVE('',#757,#807,#809,.T.);
#807 = VERTEX_POINT('',#808);
#808 = CARTESIAN_POINT('',(1.6,0.76,1.6));
#809 = LINE('',#810,#811);
#810 = CARTESIAN_POINT('',(1.6,-0.8,1.6));
#811 = VECTOR('',#812,1.);
#812 = DIRECTION('',(0.,1.,0.));
#813 = ORIENTED_EDGE('',*,*,#814,.F.);
#814 = EDGE_CURVE('',#658,#807,#815,.T.);
#815 = LINE('',#816,#817);
#816 = CARTESIAN_POINT('',(1.2,0.76,1.6));
#817 = VECTOR('',#818,1.);
#818 = DIRECTION('',(1.,0.,0.));
#819 = PLANE('',#820);
#820 = AXIS2_PLACEMENT_3D('',#821,#822,#823);
#821 = CARTESIAN_POINT('',(1.2,-0.8,1.6));
#822 = DIRECTION('',(0.,0.,1.));
#823 = DIRECTION('',(1.,0.,-0.));
#824 = ADVANCED_FACE('',(#825),#844,.T.);
#825 = FACE_BOUND('',#826,.T.);
#826 = EDGE_LOOP('',(#827,#835,#842,#843));
#827 = ORIENTED_EDGE('',*,*,#828,.T.);
#828 = EDGE_CURVE('',#641,#829,#831,.T.);
#829 = VERTEX_POINT('',#830);
#830 = CARTESIAN_POINT('',(1.6,0.8,4.E-02));
#831 = LINE('',#832,#833);
#832 = CARTESIAN_POINT('',(1.2,0.8,4.E-02));
#833 = VECTOR('',#834,1.);
#834 = DIRECTION('',(1.,0.,0.));
#835 = ORIENTED_EDGE('',*,*,#836,.T.);
#836 = EDGE_CURVE('',#829,#783,#837,.T.);
#837 = CIRCLE('',#838,4.E-02);
#838 = AXIS2_PLACEMENT_3D('',#839,#840,#841);
#839 = CARTESIAN_POINT('',(1.6,0.76,4.E-02));
#840 = DIRECTION('',(-1.,0.,0.));
#841 = DIRECTION('',(0.,0.,1.));
#842 = ORIENTED_EDGE('',*,*,#790,.F.);
#843 = ORIENTED_EDGE('',*,*,#640,.F.);
#844 = CYLINDRICAL_SURFACE('',#845,4.E-02);
#845 = AXIS2_PLACEMENT_3D('',#846,#847,#848);
#846 = CARTESIAN_POINT('',(1.2,0.76,4.E-02));
#847 = DIRECTION('',(1.,0.,0.));
#848 = DIRECTION('',(-0.,1.,0.));
#849 = ADVANCED_FACE('',(#850),#869,.T.);
#850 = FACE_BOUND('',#851,.T.);
#851 = EDGE_LOOP('',(#852,#853,#854,#863));
#852 = ORIENTED_EDGE('',*,*,#657,.T.);
#853 = ORIENTED_EDGE('',*,*,#814,.T.);
#854 = ORIENTED_EDGE('',*,*,#855,.F.);
#855 = EDGE_CURVE('',#856,#807,#858,.T.);
#856 = VERTEX_POINT('',#857);
#857 = CARTESIAN_POINT('',(1.6,0.8,1.56));
#858 = CIRCLE('',#859,4.E-02);
#859 = AXIS2_PLACEMENT_3D('',#860,#861,#862);
#860 = CARTESIAN_POINT('',(1.6,0.76,1.56));
#861 = DIRECTION('',(1.,0.,-0.));
#862 = DIRECTION('',(0.,0.,1.));
#863 = ORIENTED_EDGE('',*,*,#864,.F.);
#864 = EDGE_CURVE('',#650,#856,#865,.T.);
#865 = LINE('',#866,#867);
#866 = CARTESIAN_POINT('',(1.2,0.8,1.56));
#867 = VECTOR('',#868,1.);
#868 = DIRECTION('',(1.,0.,0.));
#869 = CYLINDRICAL_SURFACE('',#870,4.E-02);
#870 = AXIS2_PLACEMENT_3D('',#871,#872,#873);
#871 = CARTESIAN_POINT('',(1.2,0.76,1.56));
#872 = DIRECTION('',(1.,0.,0.));
#873 = DIRECTION('',(-0.,1.,0.));
#874 = ADVANCED_FACE('',(#875),#886,.T.);
#875 = FACE_BOUND('',#876,.T.);
#876 = EDGE_LOOP('',(#877,#883,#884,#885));
#877 = ORIENTED_EDGE('',*,*,#878,.F.);
#878 = EDGE_CURVE('',#829,#856,#879,.T.);
#879 = LINE('',#880,#881);
#880 = CARTESIAN_POINT('',(1.6,0.8,0.));
#881 = VECTOR('',#882,1.);
#882 = DIRECTION('',(0.,0.,1.));
#883 = ORIENTED_EDGE('',*,*,#828,.F.);
#884 = ORIENTED_EDGE('',*,*,#649,.T.);
#885 = ORIENTED_EDGE('',*,*,#864,.T.);
#886 = PLANE('',#887);
#887 = AXIS2_PLACEMENT_3D('',#888,#889,#890);
#888 = CARTESIAN_POINT('',(1.2,0.8,0.));
#889 = DIRECTION('',(0.,1.,0.));
#890 = DIRECTION('',(0.,-0.,1.));
#891 = ADVANCED_FACE('',(#892),#902,.T.);
#892 = FACE_BOUND('',#893,.T.);
#893 = EDGE_LOOP('',(#894,#895,#896,#897,#898,#899,#900,#901));
#894 = ORIENTED_EDGE('',*,*,#699,.F.);
#895 = ORIENTED_EDGE('',*,*,#739,.T.);
#896 = ORIENTED_EDGE('',*,*,#782,.T.);
#897 = ORIENTED_EDGE('',*,*,#836,.F.);
#898 = ORIENTED_EDGE('',*,*,#878,.T.);
#899 = ORIENTED_EDGE('',*,*,#855,.T.);
#900 = ORIENTED_EDGE('',*,*,#806,.F.);
#901 = ORIENTED_EDGE('',*,*,#756,.F.);
#902 = PLANE('',#903);
#903 = AXIS2_PLACEMENT_3D('',#904,#905,#906);
#904 = CARTESIAN_POINT('',(1.6,-0.8,0.));
#905 = DIRECTION('',(1.,0.,0.));
#906 = DIRECTION('',(0.,0.,1.));
#907 = ( GEOMETRIC_REPRESENTATION_CONTEXT(3) 
GLOBAL_UNCERTAINTY_ASSIGNED_CONTEXT((#911)) GLOBAL_UNIT_ASSIGNED_CONTEXT
((#908,#909,#910)) REPRESENTATION_CONTEXT('Context #1',
  '3D Context with UNIT and UNCERTAINTY') );
#908 = ( LENGTH_UNIT() NAMED_UNIT(*) SI_UNIT(.MILLI.,.METRE.) );
#909 = ( NAMED_UNIT(*) PLANE_ANGLE_UNIT() SI_UNIT($,.RADIAN.) );
#910 = ( NAMED_UNIT(*) SI_UNIT($,.STERADIAN.) SOLID_ANGLE_UNIT() );
#911 = UNCERTAINTY_MEASURE_WITH_UNIT(LENGTH_MEASURE(1.E-07),#908,
  'distance_accuracy_value','confusion accuracy');
#912 = CONTEXT_DEPENDENT_SHAPE_REPRESENTATION(#913,#915);
#913 = ( REPRESENTATION_RELATIONSHIP('','',#52,#10) 
REPRESENTATION_RELATIONSHIP_WITH_TRANSFORMATION(#914) 
SHAPE_REPRESENTATION_RELATIONSHIP() );
#914 = ITEM_DEFINED_TRANSFORMATION('','',#11,#15);
#915 = PRODUCT_DEFINITION_SHAPE('Placement','Placement of an item',#916
  );
#916 = NEXT_ASSEMBLY_USAGE_OCCURRENCE('1','C1','',#5,#47,$);
#917 = PRODUCT_RELATED_PRODUCT_CATEGORY('part',$,(#49));
#918 = SHAPE_DEFINITION_REPRESENTATION(#919,#925);
#919 = PRODUCT_DEFINITION_SHAPE('','',#920);
#920 = PRODUCT_DEFINITION('design','',#921,#924);
#921 = PRODUCT_DEFINITION_FORMATION('','',#922);
#922 = PRODUCT('R_Axial_DIN0207_L6.3mm_D2.5mm_P7.62mm_Horizontal',
  'R_Axial_DIN0207_L6.3mm_D2.5mm_P7.62mm_Horizontal','',(#923));
#923 = PRODUCT_CONTEXT('',#2,'mechanical');
#924 = PRODUCT_DEFINITION_CONTEXT('part definition',#2,'design');
#925 = ADVANCED_BREP_SHAPE_REPRESENTATION('',(#11,#926),#1589);
#926 = MANIFOLD_SOLID_BREP('',#927);
#927 = CLOSED_SHELL('',(#928,#961,#987,#1007,#1190,#1215,#1241,#1261,
    #1286,#1311,#1320,#1346,#1529,#1555,#1580));
#928 = ADVANCED_FACE('',(#929),#956,.T.);
#929 = FACE_BOUND('',#930,.T.);
#930 = EDGE_LOOP('',(#931,#940,#948,#955));
#931 = ORIENTED_EDGE('',*,*,#932,.T.);
#932 = EDGE_CURVE('',#933,#933,#935,.T.);
#933 = VERTEX_POINT('',#934);
#934 = CARTESIAN_POINT('',(1.285,1.25,1.25));
#935 = CIRCLE('',#936,1.25);
#936 = AXIS2_PLACEMENT_3D('',#937,#938,#939);
#937 = CARTESIAN_POINT('',(1.285,0.,1.25));
#938 = DIRECTION('',(1.,0.,0.));
#939 = DIRECTION('',(-0.,1.,0.));
#940 = ORIENTED_EDGE('',*,*,#941,.T.);
#941 = EDGE_CURVE('',#933,#942,#944,.T.);
#942 = VERTEX_POINT('',#943);
#943 = CARTESIAN_POINT('',(2.235,1.25,1.25));
#944 = LINE('',#945,#946);
#945 = CARTESIAN_POINT('',(0.66,1.25,1.25));
#946 = VECTOR('',#947,1.);
#947 = DIRECTION('',(1.,0.,0.));
#948 = ORIENTED_EDGE('',*,*,#949,.F.);
#949 = EDGE_CURVE('',#942,#942,#950,.T.);
#950 = CIRCLE('',#951,1.25);
#951 = AXIS2_PLACEMENT_3D('',#952,#953,#954);
#952 = CARTESIAN_POINT('',(2.235,0.,1.25));
#953 = DIRECTION('',(1.,0.,0.));
#954 = DIRECTION('',(-0.,1.,0.));
#955 = ORIENTED_EDGE('',*,*,#941,.F.);
#956 = CYLINDRICAL_SURFACE('',#957,1.25);
#957 = AXIS2_PLACEMENT_3D('',#958,#959,#960);
#958 = CARTESIAN_POINT('',(0.66,0.,1.25));
#959 = DIRECTION('',(-1.,-0.,-0.));
#960 = DIRECTION('',(0.,1.,0.));
#961 = ADVANCED_FACE('',(#962),#982,.T.);
#962 = FACE_BOUND('',#963,.T.);
#963 = EDGE_LOOP('',(#964,#973,#980,#981));
#964 = ORIENTED_EDGE('',*,*,#965,.T.);
#965 = EDGE_CURVE('',#966,#966,#968,.T.);
#966 = VERTEX_POINT('',#967);
#967 = CARTESIAN_POINT('',(0.66,0.625,1.25));
#968 = CIRCLE('',#969,0.625);
#969 = AXIS2_PLACEMENT_3D('',#970,#971,#972);
#970 = CARTESIAN_POINT('',(0.66,0.,1.25));
#971 = DIRECTION('',(1.,0.,0.));
#972 = DIRECTION('',(-0.,1.,0.));
#973 = ORIENTED_EDGE('',*,*,#974,.F.);
#974 = EDGE_CURVE('',#933,#966,#975,.T.);
#975 = CIRCLE('',#976,0.625);
#976 = AXIS2_PLACEMENT_3D('',#977,#978,#979);
#977 = CARTESIAN_POINT('',(1.285,0.625,1.25));
#978 = DIRECTION('',(0.,-0.,1.));
#979 = DIRECTION('',(0.,1.,0.));
#980 = ORIENTED_EDGE('',*,*,#932,.F.);
#981 = ORIENTED_EDGE('',*,*,#974,.T.);
#982 = TOROIDAL_SURFACE('',#983,0.625,0.625);
#983 = AXIS2_PLACEMENT_3D('',#984,#985,#986);
#984 = CARTESIAN_POINT('',(1.285,0.,1.25));
#985 = DIRECTION('',(-1.,0.,0.));
#986 = DIRECTION('',(0.,1.,0.));
#987 = ADVANCED_FACE('',(#988,#991),#1002,.F.);
#988 = FACE_BOUND('',#989,.F.);
#989 = EDGE_LOOP('',(#990));
#990 = ORIENTED_EDGE('',*,*,#949,.F.);
#991 = FACE_BOUND('',#992,.F.);
#992 = EDGE_LOOP('',(#993));
#993 = ORIENTED_EDGE('',*,*,#994,.F.);
#994 = EDGE_CURVE('',#995,#995,#997,.T.);
#995 = VERTEX_POINT('',#996);
#996 = CARTESIAN_POINT('',(2.235,1.125,1.25));
#997 = CIRCLE('',#998,1.125);
#998 = AXIS2_PLACEMENT_3D('',#999,#1000,#1001);
#999 = CARTESIAN_POINT('',(2.235,0.,1.25));
#1000 = DIRECTION('',(-1.,0.,0.));
#1001 = DIRECTION('',(0.,1.,0.));
#1002 = PLANE('',#1003);
#1003 = AXIS2_PLACEMENT_3D('',#1004,#1005,#1006);
#1004 = CARTESIAN_POINT('',(2.235,1.25,1.25));
#1005 = DIRECTION('',(-1.,0.,0.));
#1006 = DIRECTION('',(0.,0.,-1.));
#1007 = ADVANCED_FACE('',(#1008,#1011),#1185,.T.);
#1008 = FACE_BOUND('',#1009,.T.);
#1009 = EDGE_LOOP('',(#1010));
#1010 = ORIENTED_EDGE('',*,*,#965,.F.);
#1011 = FACE_BOUND('',#1012,.T.);
#1012 = EDGE_LOOP('',(#1013));
#1013 = ORIENTED_EDGE('',*,*,#1014,.F.);
#1014 = EDGE_CURVE('',#1015,#1015,#1017,.T.);
#1015 = VERTEX_POINT('',#1016);
#1016 = CARTESIAN_POINT('',(0.66,1.102182119233E-16,0.899909083395));
#1017 = B_SPLINE_CURVE_WITH_KNOTS('',6,(#1018,#1019,#1020,#1021,#1022,
    #1023,#1024,#1025,#1026,#1027,#1028,#1029,#1030,#1031,#1032,#1033,
    #1034,#1035,#1036,#1037,#1038,#1039,#1040,#1041,#1042,#1043,#1044,
    #1045,#1046,#1047,#1048,#1049,#1050,#1051,#1052,#1053,#1054,#1055,
    #1056,#1057,#1058,#1059,#1060,#1061,#1062,#1063,#1064,#1065,#1066,
    #1067,#1068,#1069,#1070,#1071,#1072,#1073,#1074,#1075,#1076,#1077,
    #1078,#1079,#1080,#1081,#1082,#1083,#1084,#1085,#1086,#1087,#1088,
    #1089,#1090,#1091,#1092,#1093,#1094,#1095,#1096,#1097,#1098,#1099,
    #1100,#1101,#1102,#1103,#1104,#1105,#1106,#1107,#1108,#1109,#1110,
    #1111,#1112,#1113,#1114,#1115,#1116,#1117,#1118,#1119,#1120,#1121,
    #1122,#1123,#1124,#1125,#1126,#1127,#1128,#1129,#1130,#1131,#1132,
    #1133,#1134,#1135,#1136,#1137,#1138,#1139,#1140,#1141,#1142,#1143,
    #1144,#1145,#1146,#1147,#1148,#1149,#1150,#1151,#1152,#1153,#1154,
    #1155,#1156,#1157,#1158,#1159,#1160,#1161,#1162,#1163,#1164,#1165,
    #1166,#1167,#1168,#1169,#1170,#1171,#1172,#1173,#1174,#1175,#1176,
    #1177,#1178,#1179,#1180,#1181,#1182,#1183,#1184),.UNSPECIFIED.,.T.,
  .F.,(1,6,5,5,5,5,5,5,5,5,5,5,5,5,5,5,5,5,5,5,5,5,5,5,5,5,5,5,5,5,5,5,5
    ,5,6,1),(-3.7441643477E-02,0.,2.521870323933E-02,5.431496394384E-02,
    8.648919549843E-02,0.120700162351,0.155854554579,0.191019956077,
    0.22552099352,0.258944151729,0.291091798271,0.321919308947,
    0.351475044446,0.379851974729,0.407153625953,0.43347490921,
    0.458900868731,0.483545347382,0.505902822615,0.530283950565,
    0.555351989471,0.581274789002,0.608140584187,0.636038742308,
    0.665070462617,0.695336577837,0.72690990423,0.759792997252,
    0.79386262098,0.828806470397,0.864066503475,0.898816439436,
    0.932013287381,0.962558356523,1.,1.025218703239),.UNSPECIFIED.);
#1018 = CARTESIAN_POINT('',(0.66,0.,0.899909083395));
#1019 = CARTESIAN_POINT('',(0.66,-9.861963323296E-03,0.899909084471));
#1020 = CARTESIAN_POINT('',(0.66,-1.960383099012E-02,0.900333558971));
#1021 = CARTESIAN_POINT('',(0.66,-2.90667633729E-02,0.901163095205));
#1022 = CARTESIAN_POINT('',(0.66,-3.818473840012E-02,0.902336888075));
#1023 = CARTESIAN_POINT('',(0.66,-4.697555886318E-02,0.903805406252));
#1024 = CARTESIAN_POINT('',(0.66,-6.541217845247E-02,0.907588617289));
#1025 = CARTESIAN_POINT('',(0.66,-7.491989955217E-02,0.909985996381));
#1026 = CARTESIAN_POINT('',(0.66,-8.408858685729E-02,0.912709602459));
#1027 = CARTESIAN_POINT('',(0.66,-9.29431150905E-02,0.915726339128));
#1028 = CARTESIAN_POINT('',(0.66,-0.101504886237,0.919011492948));
#1029 = CARTESIAN_POINT('',(0.66,-0.118958160976,0.926453793498));
#1030 = CARTESIAN_POINT('',(0.66,-0.127787740677,0.930666021227));
#1031 = CARTESIAN_POINT('',(0.66,-0.136306213845,0.935155972835));
#1032 = CARTESIAN_POINT('',(0.66,-0.144532125259,0.939904061777));
#1033 = CARTESIAN_POINT('',(0.66,-0.152479834979,0.944895594586));
#1034 = CARTESIAN_POINT('',(0.66,-0.168328675181,0.955672717204));
#1035 = CARTESIAN_POINT('',(0.66,-0.176194628708,0.961488338811));
#1036 = CARTESIAN_POINT('',(0.66,-0.183772627725,0.967551590964));
#1037 = CARTESIAN_POINT('',(0.66,-0.191071921446,0.973851630909));
#1038 = CARTESIAN_POINT('',(0.66,-0.19809849539,0.980379998969));
#1039 = CARTESIAN_POINT('',(0.66,-0.211800252103,0.99406561399));
#1040 = CARTESIAN_POINT('',(0.66,-0.218460183619,1.001235038361));
#1041 = CARTESIAN_POINT('',(0.66,-0.224839916669,1.008630424477));
#1042 = CARTESIAN_POINT('',(0.66,-0.230940302033,1.016245317007));
#1043 = CARTESIAN_POINT('',(0.66,-0.236759778797,1.024074009311));
#1044 = CARTESIAN_POINT('',(0.66,-0.247832030244,1.040150827903));
#1045 = CARTESIAN_POINT('',(0.66,-0.253084597548,1.048398894868));
#1046 = CARTESIAN_POINT('',(0.66,-0.258049056373,1.056850063306));
#1047 = CARTESIAN_POINT('',(0.66,-0.262719990238,1.065498702059));
#1048 = CARTESIAN_POINT('',(0.66,-0.267090249501,1.07433884651));
#1049 = CARTESIAN_POINT('',(0.66,-0.275134936213,1.092219038761));
#1050 = CARTESIAN_POINT('',(0.66,-0.278821023102,1.101251941956));
#1051 = CARTESIAN_POINT('',(0.66,-0.282200792082,1.110456832947));
#1052 = CARTESIAN_POINT('',(0.66,-0.285264705632,1.119826546568));
#1053 = CARTESIAN_POINT('',(0.66,-0.288002108658,1.129352827713));
#1054 = CARTESIAN_POINT('',(0.66,-0.29272539517,1.148397615962));
#1055 = CARTESIAN_POINT('',(0.66,-0.29473218058,1.157906910826));
#1056 = CARTESIAN_POINT('',(0.66,-0.296410836061,1.167545600214));
#1057 = CARTESIAN_POINT('',(0.66,-0.297750151594,1.177303530334));
#1058 = CARTESIAN_POINT('',(0.66,-0.298738455802,1.187169009313));
#1059 = CARTESIAN_POINT('',(0.66,-0.299964918417,1.206708514181));
#1060 = CARTESIAN_POINT('',(0.66,-0.300230384291,1.216375379318));
#1061 = CARTESIAN_POINT('',(0.66,-0.300149186912,1.226117491764));
#1062 = CARTESIAN_POINT('',(0.66,-0.299710710819,1.235921272022));
#1063 = CARTESIAN_POINT('',(0.66,-0.298904551758,1.245771471938));
#1064 = CARTESIAN_POINT('',(0.66,-0.296585103724,1.265125169703));
#1065 = CARTESIAN_POINT('',(0.66,-0.295102339165,1.274626258325));
#1066 = CARTESIAN_POINT('',(0.66,-0.293263240337,1.284139377081));
#1067 = CARTESIAN_POINT('',(0.66,-0.291059628806,1.293647957516));
#1068 = CARTESIAN_POINT('',(0.66,-0.288484130363,1.303133926208));
#1069 = CARTESIAN_POINT('',(0.66,-0.282698083788,1.321631884472));
#1070 = CARTESIAN_POINT('',(0.66,-0.279518227914,1.330647303479));
#1071 = CARTESIAN_POINT('',(0.66,-0.275984860345,1.33960658093));
#1072 = CARTESIAN_POINT('',(0.66,-0.272093455342,1.348491200819));
#1073 = CARTESIAN_POINT('',(0.66,-0.267840708483,1.357281511993));
#1074 = CARTESIAN_POINT('',(0.66,-0.258792476906,1.374285940745));
#1075 = CARTESIAN_POINT('',(0.66,-0.254025481533,1.382509111114));
#1076 = CARTESIAN_POINT('',(0.66,-0.248921768643,1.390607755283));
#1077 = CARTESIAN_POINT('',(0.66,-0.243480982245,1.398562700734));
#1078 = CARTESIAN_POINT('',(0.66,-0.237704192262,1.406354086406));
#1079 = CARTESIAN_POINT('',(0.66,-0.22571513259,1.421280378602));
#1080 = CARTESIAN_POINT('',(0.66,-0.219527706492,1.428429037341));
#1081 = CARTESIAN_POINT('',(0.66,-0.213033892817,1.435388992124));
#1082 = CARTESIAN_POINT('',(0.66,-0.206237433156,1.442141613477));
#1083 = CARTESIAN_POINT('',(0.66,-0.199143534101,1.448667989237));
#1084 = CARTESIAN_POINT('',(0.66,-0.184639374507,1.46100431938));
#1085 = CARTESIAN_POINT('',(0.66,-0.177249666015,1.466831638372));
#1086 = CARTESIAN_POINT('',(0.66,-0.169595736209,1.472413656662));
#1087 = CARTESIAN_POINT('',(0.66,-0.161685054894,1.477733175901));
#1088 = CARTESIAN_POINT('',(0.66,-0.153526567249,1.482773024258));
#1089 = CARTESIAN_POINT('',(0.66,-0.137020407721,1.492097753386));
#1090 = CARTESIAN_POINT('',(0.66,-0.128688747003,1.496402530856));
#1091 = CARTESIAN_POINT('',(0.66,-0.12014499879,1.500414878928));
#1092 = CARTESIAN_POINT('',(0.66,-0.111400259626,1.504119593216));
#1093 = CARTESIAN_POINT('',(0.66,-0.102467435485,1.507501774849));
#1094 = CARTESIAN_POINT('',(0.66,-8.453493192811E-02,1.513498294635));
#1095 = CARTESIAN_POINT('',(0.66,-7.554639694304E-02,1.516132890753));
#1096 = CARTESIAN_POINT('',(0.66,-6.64085144705E-02,1.518437847791));
#1097 = CARTESIAN_POINT('',(0.66,-5.713783351899E-02,1.520400106432));
#1098 = CARTESIAN_POINT('',(0.66,-4.775488525608E-02,1.522007764907));
#1099 = CARTESIAN_POINT('',(0.66,-2.969295309097E-02,1.524379864025));
#1100 = CARTESIAN_POINT('',(0.66,-2.102888075484E-02,1.525208782901));
#1101 = CARTESIAN_POINT('',(0.66,-1.231401679426E-02,1.525730893697));
#1102 = CARTESIAN_POINT('',(0.66,-3.572675622322E-03,1.525941364018));
#1103 = CARTESIAN_POINT('',(0.66,5.168222805428E-03,1.525838983228));
#1104 = CARTESIAN_POINT('',(0.66,2.337847467049E-02,1.524978205181));
#1105 = CARTESIAN_POINT('',(0.66,3.284375814827E-02,1.524161190409));
#1106 = CARTESIAN_POINT('',(0.66,4.224166817951E-02,1.522980309203));
#1107 = CARTESIAN_POINT('',(0.66,5.154498116248E-02,1.52144453626));
#1108 = CARTESIAN_POINT('',(0.66,6.073223707979E-02,1.519565307122));
#1109 = CARTESIAN_POINT('',(0.66,7.909772773064E-02,1.515080653378));
#1110 = CARTESIAN_POINT('',(0.66,8.826753248322E-02,1.512456350085));
#1111 = CARTESIAN_POINT('',(0.66,9.727917108862E-02,1.509494369221));
#1112 = CARTESIAN_POINT('',(0.66,0.106117308319,1.506208374239));
#1113 = CARTESIAN_POINT('',(0.66,0.114768939441,1.502612541932));
#1114 = CARTESIAN_POINT('',(0.66,0.131966117695,1.494697909774));
#1115 = CARTESIAN_POINT('',(0.66,0.140497702999,1.490358571609));
#1116 = CARTESIAN_POINT('',(0.66,0.148806061897,1.485719660214));
#1117 = CARTESIAN_POINT('',(0.66,0.156880650792,1.480797427009));
#1118 = CARTESIAN_POINT('',(0.66,0.164712466725,1.47560826256));
#1119 = CARTESIAN_POINT('',(0.66,0.180151423764,1.464531255078));
#1120 = CARTESIAN_POINT('',(0.66,0.187739958872,1.458624810593));
#1121 = CARTESIAN_POINT('',(0.66,0.195051326582,1.452467732556));
#1122 = CARTESIAN_POINT('',(0.66,0.202078661493,1.446078253645));
#1123 = CARTESIAN_POINT('',(0.66,0.208816558921,1.439474469779));
#1124 = CARTESIAN_POINT('',(0.66,0.221953232148,1.425612904145));
#1125 = CARTESIAN_POINT('',(0.66,0.228328983313,1.41833967682));
#1126 = CARTESIAN_POINT('',(0.66,0.234383958936,1.410874731309));
#1127 = CARTESIAN_POINT('',(0.66,0.240115246881,1.403237638329));
#1128 = CARTESIAN_POINT('',(0.66,0.245521392347,1.395447466144));
#1129 = CARTESIAN_POINT('',(0.66,0.255889855564,1.379276097975));
#1130 = CARTESIAN_POINT('',(0.66,0.260825146013,1.370883681886));
#1131 = CARTESIAN_POINT('',(0.66,0.265408341569,1.362366377835));
#1132 = CARTESIAN_POINT('',(0.66,0.269640849736,1.353744088225));
#1133 = CARTESIAN_POINT('',(0.66,0.273525413156,1.345035772328));
#1134 = CARTESIAN_POINT('',(0.66,0.280757352367,1.327109961101));
#1135 = CARTESIAN_POINT('',(0.66,0.284074759274,1.317886517643));
#1136 = CARTESIAN_POINT('',(0.66,0.287023012024,1.308609403309));
#1137 = CARTESIAN_POINT('',(0.66,0.289607802772,1.299297542852));
#1138 = CARTESIAN_POINT('',(0.66,0.291835834134,1.289968498384));
#1139 = CARTESIAN_POINT('',(0.66,0.295674958709,1.270905470981));
#1140 = CARTESIAN_POINT('',(0.66,0.297255116553,1.261171411794));
#1141 = CARTESIAN_POINT('',(0.66,0.298464074992,1.251454521799));
#1142 = CARTESIAN_POINT('',(0.66,0.299311100714,1.241771401083));
#1143 = CARTESIAN_POINT('',(0.66,0.299805944827,1.232137019844));
#1144 = CARTESIAN_POINT('',(0.66,0.30011808361,1.212595326012));
#1145 = CARTESIAN_POINT('',(0.66,0.299906283631,1.202693348802));
#1146 = CARTESIAN_POINT('',(0.66,0.299334987113,1.192873693594));
#1147 = CARTESIAN_POINT('',(0.66,0.298415571185,1.183149633751));
#1148 = CARTESIAN_POINT('',(0.66,0.297159245916,1.173532809156));
#1149 = CARTESIAN_POINT('',(0.66,0.293937772017,1.154190866917));
#1150 = CARTESIAN_POINT('',(0.66,0.291948568133,1.144474505513));
#1151 = CARTESIAN_POINT('',(0.66,0.289621677512,1.134895129825));
#1152 = CARTESIAN_POINT('',(0.66,0.286968496105,1.125462405282));
#1153 = CARTESIAN_POINT('',(0.66,0.283999580964,1.116184674916));
#1154 = CARTESIAN_POINT('',(0.66,0.277365684897,1.097719334783));
#1155 = CARTESIAN_POINT('',(0.66,0.273684712853,1.08854034335));
#1156 = CARTESIAN_POINT('',(0.66,0.269692176119,1.079539433524));
#1157 = CARTESIAN_POINT('',(0.66,0.265397048483,1.07072335418));
#1158 = CARTESIAN_POINT('',(0.66,0.260806835513,1.062098154612));
#1159 = CARTESIAN_POINT('',(0.66,0.251004164416,1.045163946312));
#1160 = CARTESIAN_POINT('',(0.66,0.245786379559,1.036858764173));
#1161 = CARTESIAN_POINT('',(0.66,0.240280407048,1.028758964174));
#1162 = CARTESIAN_POINT('',(0.66,0.234490342534,1.020870115558));
#1163 = CARTESIAN_POINT('',(0.66,0.228418190257,1.013198030747));
#1164 = CARTESIAN_POINT('',(0.66,0.215801462132,0.998407266407));
#1165 = CARTESIAN_POINT('',(0.66,0.209265037039,0.991282398269));
#1166 = CARTESIAN_POINT('',(0.66,0.202454011648,0.98438004474));
#1167 = CARTESIAN_POINT('',(0.66,0.195365844133,0.977707070031));
#1168 = CARTESIAN_POINT('',(0.66,0.187995125017,0.971271927442));
#1169 = CARTESIAN_POINT('',(0.66,0.173012685338,0.959175110633));
#1170 = CARTESIAN_POINT('',(0.66,0.165426730288,0.953491920673));
#1171 = CARTESIAN_POINT('',(0.66,0.157566473117,0.948044968651));
#1172 = CARTESIAN_POINT('',(0.66,0.149421191466,0.9428457983));
#1173 = CARTESIAN_POINT('',(0.66,0.140976348171,0.937909629891));
#1174 = CARTESIAN_POINT('',(0.66,0.124148062588,0.928975570166));
#1175 = CARTESIAN_POINT('',(0.66,0.115814079383,0.924934455913));
#1176 = CARTESIAN_POINT('',(0.66,0.107194119667,0.921149233675));
#1177 = CARTESIAN_POINT('',(0.66,9.826941158436E-02,0.91763978502));
#1178 = CARTESIAN_POINT('',(0.66,8.901687105598E-02,0.914432779149));
#1179 = CARTESIAN_POINT('',(0.66,6.762842160337E-02,0.908048369916));
#1180 = CARTESIAN_POINT('',(0.66,5.540310162877E-02,0.905067930004));
#1181 = CARTESIAN_POINT('',(0.66,4.253150709481E-02,0.902628405907));
#1182 = CARTESIAN_POINT('',(0.66,2.893757304003E-02,0.900850137762));
#1183 = CARTESIAN_POINT('',(0.66,1.468319780375E-02,0.899909084997));
#1184 = CARTESIAN_POINT('',(0.66,0.,0.899909083395));
#1185 = PLANE('',#1186);
#1186 = AXIS2_PLACEMENT_3D('',#1187,#1188,#1189);
#1187 = CARTESIAN_POINT('',(0.66,1.25,1.25));
#1188 = DIRECTION('',(-1.,0.,0.));
#1189 = DIRECTION('',(0.,0.,-1.));
#1190 = ADVANCED_FACE('',(#1191),#1210,.T.);
#1191 = FACE_BOUND('',#1192,.T.);
#1192 = EDGE_LOOP('',(#1193,#1202,#1208,#1209));
#1193 = ORIENTED_EDGE('',*,*,#1194,.T.);
#1194 = EDGE_CURVE('',#1195,#1195,#1197,.T.);
#1195 = VERTEX_POINT('',#1196);
#1196 = CARTESIAN_POINT('',(5.385,1.125,1.25));
#1197 = CIRCLE('',#1198,1.125);
#1198 = AXIS2_PLACEMENT_3D('',#1199,#1200,#1201);
#1199 = CARTESIAN_POINT('',(5.385,0.,1.25));
#1200 = DIRECTION('',(-1.,0.,0.));
#1201 = DIRECTION('',(0.,1.,0.));
#1202 = ORIENTED_EDGE('',*,*,#1203,.F.);
#1203 = EDGE_CURVE('',#995,#1195,#1204,.T.);
#1204 = LINE('',#1205,#1206);
#1205 = CARTESIAN_POINT('',(0.66,1.125,1.25));
#1206 = VECTOR('',#1207,1.);
#1207 = DIRECTION('',(1.,0.,0.));
#1208 = ORIENTED_EDGE('',*,*,#994,.F.);
#1209 = ORIENTED_EDGE('',*,*,#1203,.T.);
#1210 = CYLINDRICAL_SURFACE('',#1211,1.125);
#1211 = AXIS2_PLACEMENT_3D('',#1212,#1213,#1214);
#1212 = CARTESIAN_POINT('',(0.66,0.,1.25));
#1213 = DIRECTION('',(-1.,-0.,-0.));
#1214 = DIRECTION('',(0.,1.,0.));
#1215 = ADVANCED_FACE('',(#1216),#1236,.T.);
#1216 = FACE_BOUND('',#1217,.T.);
#1217 = EDGE_LOOP('',(#1218,#1227,#1234,#1235));
#1218 = ORIENTED_EDGE('',*,*,#1219,.T.);
#1219 = EDGE_CURVE('',#1220,#1220,#1222,.T.);
#1220 = VERTEX_POINT('',#1221);
#1221 = CARTESIAN_POINT('',(0.3,0.,0.35));
#1222 = CIRCLE('',#1223,0.3);
#1223 = AXIS2_PLACEMENT_3D('',#1224,#1225,#1226);
#1224 = CARTESIAN_POINT('',(0.,0.,0.35));
#1225 = DIRECTION('',(0.,0.,1.));
#1226 = DIRECTION('',(1.,0.,-0.));
#1227 = ORIENTED_EDGE('',*,*,#1228,.T.);
#1228 = EDGE_CURVE('',#1220,#1015,#1229,.T.);
#1229 = CIRCLE('',#1230,0.6);
#1230 = AXIS2_PLACEMENT_3D('',#1231,#1232,#1233);
#1231 = CARTESIAN_POINT('',(0.9,1.102182119233E-16,0.35));
#1232 = DIRECTION('',(0.,1.,-0.));
#1233 = DIRECTION('',(-1.,0.,4.93432455389E-16));
#1234 = ORIENTED_EDGE('',*,*,#1014,.T.);
#1235 = ORIENTED_EDGE('',*,*,#1228,.F.);
#1236 = TOROIDAL_SURFACE('',#1237,0.9,0.3);
#1237 = AXIS2_PLACEMENT_3D('',#1238,#1239,#1240);
#1238 = CARTESIAN_POINT('',(0.9,0.,0.35));
#1239 = DIRECTION('',(0.,1.,0.));
#1240 = DIRECTION('',(-1.,0.,4.93432455389E-16));
#1241 = ADVANCED_FACE('',(#1242,#1253),#1256,.T.);
#1242 = FACE_BOUND('',#1243,.T.);
#1243 = EDGE_LOOP('',(#1244));
#1244 = ORIENTED_EDGE('',*,*,#1245,.F.);
#1245 = EDGE_CURVE('',#1246,#1246,#1248,.T.);
#1246 = VERTEX_POINT('',#1247);
#1247 = CARTESIAN_POINT('',(5.385,1.25,1.25));
#1248 = CIRCLE('',#1249,1.25);
#1249 = AXIS2_PLACEMENT_3D('',#1250,#1251,#1252);
#1250 = CARTESIAN_POINT('',(5.385,0.,1.25));
#1251 = DIRECTION('',(1.,0.,0.));
#1252 = DIRECTION('',(-0.,1.,0.));
#1253 = FACE_BOUND('',#1254,.T.);
#1254 = EDGE_LOOP('',(#1255));
#1255 = ORIENTED_EDGE('',*,*,#1194,.F.);
#1256 = PLANE('',#1257);
#1257 = AXIS2_PLACEMENT_3D('',#1258,#1259,#1260);
#1258 = CARTESIAN_POINT('',(5.385,1.25,1.25));
#1259 = DIRECTION('',(-1.,0.,0.));
#1260 = DIRECTION('',(0.,0.,-1.));
#1261 = ADVANCED_FACE('',(#1262),#1281,.T.);
#1262 = FACE_BOUND('',#1263,.T.);
#1263 = EDGE_LOOP('',(#1264,#1272,#1273,#1274));
#1264 = ORIENTED_EDGE('',*,*,#1265,.T.);
#1265 = EDGE_CURVE('',#1266,#1220,#1268,.T.);
#1266 = VERTEX_POINT('',#1267);
#1267 = CARTESIAN_POINT('',(0.3,-7.347880794884E-17,-3.));
#1268 = LINE('',#1269,#1270);
#1269 = CARTESIAN_POINT('',(0.3,0.,-3.));
#1270 = VECTOR('',#1271,1.);
#1271 = DIRECTION('',(0.,0.,1.));
#1272 = ORIENTED_EDGE('',*,*,#1219,.F.);
#1273 = ORIENTED_EDGE('',*,*,#1265,.F.);
#1274 = ORIENTED_EDGE('',*,*,#1275,.T.);
#1275 = EDGE_CURVE('',#1266,#1266,#1276,.T.);
#1276 = CIRCLE('',#1277,0.3);
#1277 = AXIS2_PLACEMENT_3D('',#1278,#1279,#1280);
#1278 = CARTESIAN_POINT('',(0.,0.,-3.));
#1279 = DIRECTION('',(0.,0.,1.));
#1280 = DIRECTION('',(1.,0.,-0.));
#1281 = CYLINDRICAL_SURFACE('',#1282,0.3);
#1282 = AXIS2_PLACEMENT_3D('',#1283,#1284,#1285);
#1283 = CARTESIAN_POINT('',(0.,0.,-3.));
#1284 = DIRECTION('',(0.,0.,1.));
#1285 = DIRECTION('',(1.,0.,-0.));
#1286 = ADVANCED_FACE('',(#1287),#1306,.T.);
#1287 = FACE_BOUND('',#1288,.T.);
#1288 = EDGE_LOOP('',(#1289,#1290,#1298,#1305));
#1289 = ORIENTED_EDGE('',*,*,#1245,.T.);
#1290 = ORIENTED_EDGE('',*,*,#1291,.T.);
#1291 = EDGE_CURVE('',#1246,#1292,#1294,.T.);
#1292 = VERTEX_POINT('',#1293);
#1293 = CARTESIAN_POINT('',(6.335,1.25,1.25));
#1294 = LINE('',#1295,#1296);
#1295 = CARTESIAN_POINT('',(5.385,1.25,1.25));
#1296 = VECTOR('',#1297,1.);
#1297 = DIRECTION('',(1.,0.,0.));
#1298 = ORIENTED_EDGE('',*,*,#1299,.F.);
#1299 = EDGE_CURVE('',#1292,#1292,#1300,.T.);
#1300 = CIRCLE('',#1301,1.25);
#1301 = AXIS2_PLACEMENT_3D('',#1302,#1303,#1304);
#1302 = CARTESIAN_POINT('',(6.335,0.,1.25));
#1303 = DIRECTION('',(1.,0.,0.));
#1304 = DIRECTION('',(-0.,1.,0.));
#1305 = ORIENTED_EDGE('',*,*,#1291,.F.);
#1306 = CYLINDRICAL_SURFACE('',#1307,1.25);
#1307 = AXIS2_PLACEMENT_3D('',#1308,#1309,#1310);
#1308 = CARTESIAN_POINT('',(5.385,0.,1.25));
#1309 = DIRECTION('',(-1.,-0.,-0.));
#1310 = DIRECTION('',(0.,1.,0.));
#1311 = ADVANCED_FACE('',(#1312),#1315,.T.);
#1312 = FACE_BOUND('',#1313,.F.);
#1313 = EDGE_LOOP('',(#1314));
#1314 = ORIENTED_EDGE('',*,*,#1275,.T.);
#1315 = PLANE('',#1316);
#1316 = AXIS2_PLACEMENT_3D('',#1317,#1318,#1319);
#1317 = CARTESIAN_POINT('',(0.3,0.,-3.));
#1318 = DIRECTION('',(0.,0.,-1.));
#1319 = DIRECTION('',(-1.,0.,0.));
#1320 = ADVANCED_FACE('',(#1321),#1341,.T.);
#1321 = FACE_BOUND('',#1322,.T.);
#1322 = EDGE_LOOP('',(#1323,#1332,#1333,#1334));
#1323 = ORIENTED_EDGE('',*,*,#1324,.F.);
#1324 = EDGE_CURVE('',#1292,#1325,#1327,.T.);
#1325 = VERTEX_POINT('',#1326);
#1326 = CARTESIAN_POINT('',(6.96,0.625,1.25));
#1327 = CIRCLE('',#1328,0.625);
#1328 = AXIS2_PLACEMENT_3D('',#1329,#1330,#1331);
#1329 = CARTESIAN_POINT('',(6.335,0.625,1.25));
#1330 = DIRECTION('',(0.,0.,-1.));
#1331 = DIRECTION('',(0.,1.,0.));
#1332 = ORIENTED_EDGE('',*,*,#1299,.T.);
#1333 = ORIENTED_EDGE('',*,*,#1324,.T.);
#1334 = ORIENTED_EDGE('',*,*,#1335,.F.);
#1335 = EDGE_CURVE('',#1325,#1325,#1336,.T.);
#1336 = CIRCLE('',#1337,0.625);
#1337 = AXIS2_PLACEMENT_3D('',#1338,#1339,#1340);
#1338 = CARTESIAN_POINT('',(6.96,0.,1.25));
#1339 = DIRECTION('',(1.,0.,0.));
#1340 = DIRECTION('',(-0.,1.,0.));
#1341 = TOROIDAL_SURFACE('',#1342,0.625,0.625);
#1342 = AXIS2_PLACEMENT_3D('',#1343,#1344,#1345);
#1343 = CARTESIAN_POINT('',(6.335,0.,1.25));
#1344 = DIRECTION('',(1.,0.,0.));
#1345 = DIRECTION('',(-0.,1.,0.));
#1346 = ADVANCED_FACE('',(#1347,#1350),#1524,.F.);
#1347 = FACE_BOUND('',#1348,.F.);
#1348 = EDGE_LOOP('',(#1349));
#1349 = ORIENTED_EDGE('',*,*,#1335,.F.);
#1350 = FACE_BOUND('',#1351,.F.);
#1351 = EDGE_LOOP('',(#1352));
#1352 = ORIENTED_EDGE('',*,*,#1353,.F.);
#1353 = EDGE_CURVE('',#1354,#1354,#1356,.T.);
#1354 = VERTEX_POINT('',#1355);
#1355 = CARTESIAN_POINT('',(6.96,1.102182119233E-16,0.899909083395));
#1356 = B_SPLINE_CURVE_WITH_KNOTS('',6,(#1357,#1358,#1359,#1360,#1361,
    #1362,#1363,#1364,#1365,#1366,#1367,#1368,#1369,#1370,#1371,#1372,
    #1373,#1374,#1375,#1376,#1377,#1378,#1379,#1380,#1381,#1382,#1383,
    #1384,#1385,#1386,#1387,#1388,#1389,#1390,#1391,#1392,#1393,#1394,
    #1395,#1396,#1397,#1398,#1399,#1400,#1401,#1402,#1403,#1404,#1405,
    #1406,#1407,#1408,#1409,#1410,#1411,#1412,#1413,#1414,#1415,#1416,
    #1417,#1418,#1419,#1420,#1421,#1422,#1423,#1424,#1425,#1426,#1427,
    #1428,#1429,#1430,#1431,#1432,#1433,#1434,#1435,#1436,#1437,#1438,
    #1439,#1440,#1441,#1442,#1443,#1444,#1445,#1446,#1447,#1448,#1449,
    #1450,#1451,#1452,#1453,#1454,#1455,#1456,#1457,#1458,#1459,#1460,
    #1461,#1462,#1463,#1464,#1465,#1466,#1467,#1468,#1469,#1470,#1471,
    #1472,#1473,#1474,#1475,#1476,#1477,#1478,#1479,#1480,#1481,#1482,
    #1483,#1484,#1485,#1486,#1487,#1488,#1489,#1490,#1491,#1492,#1493,
    #1494,#1495,#1496,#1497,#1498,#1499,#1500,#1501,#1502,#1503,#1504,
    #1505,#1506,#1507,#1508,#1509,#1510,#1511,#1512,#1513,#1514,#1515,
    #1516,#1517,#1518,#1519,#1520,#1521,#1522,#1523),.UNSPECIFIED.,.T.,
  .F.,(1,6,5,5,5,5,5,5,5,5,5,5,5,5,5,5,5,5,5,5,5,5,5,5,5,5,5,5,5,5,5,5,5
    ,5,6,1),(-3.7454922963E-02,0.,2.522151735631E-02,5.431626764274E-02,
    8.648932873413E-02,0.120698905604,0.15585219498,0.191016701755,
    0.225517033144,0.258939642143,0.291086884381,0.32191412294,
    0.351469698498,0.379846555914,0.407148198058,0.433469525493,
    0.458895614127,0.483540398702,0.505898369155,0.530279933853,
    0.555348100008,0.581270886766,0.608136607836,0.636034631737,
    0.665066137875,0.695331933304,0.726904811218,0.759787311372,
    0.793856187529,0.828799116201,0.864057997078,0.898806507422,
    0.932001552493,0.962545077037,1.,1.025221517356),.UNSPECIFIED.);
#1357 = CARTESIAN_POINT('',(6.96,0.,0.899909083395));
#1358 = CARTESIAN_POINT('',(6.96,-9.860167462582E-03,0.89990896861));
#1359 = CARTESIAN_POINT('',(6.96,-1.96044152314E-02,0.900333777569));
#1360 = CARTESIAN_POINT('',(6.96,-2.906856746895E-02,0.901162791225));
#1361 = CARTESIAN_POINT('',(6.96,-3.818494668051E-02,0.902337445313));
#1362 = CARTESIAN_POINT('',(6.96,-4.697397432956E-02,0.903804960014));
#1363 = CARTESIAN_POINT('',(6.96,-6.54122858756E-02,0.907588661461));
#1364 = CARTESIAN_POINT('',(6.96,-7.491985816654E-02,0.909985989386));
#1365 = CARTESIAN_POINT('',(6.96,-8.408849098391E-02,0.912709553602));
#1366 = CARTESIAN_POINT('',(6.96,-9.294310465939E-02,0.915726321464));
#1367 = CARTESIAN_POINT('',(6.96,-0.10150496885,0.919011549987));
#1368 = CARTESIAN_POINT('',(6.96,-0.118958221281,0.926453836747));
#1369 = CARTESIAN_POINT('',(6.96,-0.127787715696,0.930666010737));
#1370 = CARTESIAN_POINT('',(6.96,-0.136306161655,0.935155928941));
#1371 = CARTESIAN_POINT('',(6.96,-0.144532121634,0.939904049757));
#1372 = CARTESIAN_POINT('',(6.96,-0.152479877126,0.944895641374));
#1373 = CARTESIAN_POINT('',(6.96,-0.168328600516,0.955672815412));
#1374 = CARTESIAN_POINT('',(6.96,-0.176194773963,0.961488214941));
#1375 = CARTESIAN_POINT('',(6.96,-0.183772608747,0.967551566344));
#1376 = CARTESIAN_POINT('',(6.96,-0.191071765541,0.973851742068));
#1377 = CARTESIAN_POINT('',(6.96,-0.198098606692,0.980379951052));
#1378 = CARTESIAN_POINT('',(6.96,-0.211800202804,0.994065659178));
#1379 = CARTESIAN_POINT('',(6.96,-0.218460270558,1.001234983766));
#1380 = CARTESIAN_POINT('',(6.96,-0.224839910615,1.00863041136));
#1381 = CARTESIAN_POINT('',(6.96,-0.230940211566,1.016245364777));
#1382 = CARTESIAN_POINT('',(6.96,-0.236759839456,1.024073990789));
#1383 = CARTESIAN_POINT('',(6.96,-0.247832003876,1.040150861324));
#1384 = CARTESIAN_POINT('',(6.96,-0.253084568675,1.048398903269));
#1385 = CARTESIAN_POINT('',(6.96,-0.258049049185,1.05685004652));
#1386 = CARTESIAN_POINT('',(6.96,-0.2627200155,1.065498685566));
#1387 = CARTESIAN_POINT('',(6.96,-0.267090290802,1.074338848812));
#1388 = CARTESIAN_POINT('',(6.96,-0.275134913375,1.092219064394));
#1389 = CARTESIAN_POINT('',(6.96,-0.278821000575,1.10125194666));
#1390 = CARTESIAN_POINT('',(6.96,-0.282200788118,1.110456818481));
#1391 = CARTESIAN_POINT('',(6.96,-0.285264726102,1.119826534893));
#1392 = CARTESIAN_POINT('',(6.96,-0.288002139566,1.129352832871));
#1393 = CARTESIAN_POINT('',(6.96,-0.292725370416,1.148397637921));
#1394 = CARTESIAN_POINT('',(6.96,-0.29473215882,1.157906911838));
#1395 = CARTESIAN_POINT('',(6.96,-0.296410834199,1.16754558505));
#1396 = CARTESIAN_POINT('',(6.96,-0.297750172302,1.177303521997));
#1397 = CARTESIAN_POINT('',(6.96,-0.298738484134,1.187169019587));
#1398 = CARTESIAN_POINT('',(6.96,-0.29996489055,1.20670853133));
#1399 = CARTESIAN_POINT('',(6.96,-0.300230362775,1.216375375657));
#1400 = CARTESIAN_POINT('',(6.96,-0.300149187552,1.22611747583));
#1401 = CARTESIAN_POINT('',(6.96,-0.299710732489,1.235921267953));
#1402 = CARTESIAN_POINT('',(6.96,-0.298904577874,1.245771488577));
#1403 = CARTESIAN_POINT('',(6.96,-0.296585075031,1.265125180201));
#1404 = CARTESIAN_POINT('',(6.96,-0.295102319855,1.27462625024));
#1405 = CARTESIAN_POINT('',(6.96,-0.293263243612,1.284139361954));
#1406 = CARTESIAN_POINT('',(6.96,-0.29105964956,1.293647958229));
#1407 = CARTESIAN_POINT('',(6.96,-0.288484151749,1.303133947704));
#1408 = CARTESIAN_POINT('',(6.96,-0.282698057797,1.321631888118));
#1409 = CARTESIAN_POINT('',(6.96,-0.279518212828,1.330647292743));
#1410 = CARTESIAN_POINT('',(6.96,-0.275984865526,1.339606568389));
#1411 = CARTESIAN_POINT('',(6.96,-0.27209347283,1.348491205415));
#1412 = CARTESIAN_POINT('',(6.96,-0.26784072321,1.357281534804));
#1413 = CARTESIAN_POINT('',(6.96,-0.258792456003,1.374285939199));
#1414 = CARTESIAN_POINT('',(6.96,-0.254025471274,1.382509099941));
#1415 = CARTESIAN_POINT('',(6.96,-0.248921774536,1.390607746147));
#1416 = CARTESIAN_POINT('',(6.96,-0.24348099529,1.398562707415));
#1417 = CARTESIAN_POINT('',(6.96,-0.237704200488,1.406354107177));
#1418 = CARTESIAN_POINT('',(6.96,-0.225715116467,1.421280374005));
#1419 = CARTESIAN_POINT('',(6.96,-0.219527700064,1.428429026844));
#1420 = CARTESIAN_POINT('',(6.96,-0.213033898729,1.435388985848));
#1421 = CARTESIAN_POINT('',(6.96,-0.206237442407,1.442141620875));
#1422 = CARTESIAN_POINT('',(6.96,-0.199143537578,1.448668007007));
#1423 = CARTESIAN_POINT('',(6.96,-0.184639358866,1.461004311837));
#1424 = CARTESIAN_POINT('',(6.96,-0.177249661366,1.46683162664));
#1425 = CARTESIAN_POINT('',(6.96,-0.169595743404,1.472413651413));
#1426 = CARTESIAN_POINT('',(6.96,-0.161685063001,1.477733185029));
#1427 = CARTESIAN_POINT('',(6.96,-0.153526567552,1.482773042789));
#1428 = CARTESIAN_POINT('',(6.96,-0.137020377957,1.492097733275));
#1429 = CARTESIAN_POINT('',(6.96,-0.128688741655,1.496402506097));
#1430 = CARTESIAN_POINT('',(6.96,-0.120145015698,1.500414870926));
#1431 = CARTESIAN_POINT('',(6.96,-0.111400273136,1.504119613979));
#1432 = CARTESIAN_POINT('',(6.96,-0.102467429294,1.507501811642));
#1433 = CARTESIAN_POINT('',(6.96,-8.453487359643E-02,1.513498183633));
#1434 = CARTESIAN_POINT('',(6.96,-7.554644720911E-02,1.51613308184));
#1435 = CARTESIAN_POINT('',(6.96,-6.640854708582E-02,1.518437839156));
#1436 = CARTESIAN_POINT('',(6.96,-5.713780068804E-02,1.520399910874));
#1437 = CARTESIAN_POINT('',(6.96,-4.775487845774E-02,1.522007893513));
#1438 = CARTESIAN_POINT('',(6.96,-2.969292548283E-02,1.52437977876));
#1439 = CARTESIAN_POINT('',(6.96,-2.102889094976E-02,1.525208924822));
#1440 = CARTESIAN_POINT('',(6.96,-1.231404153143E-02,1.525730890851));
#1441 = CARTESIAN_POINT('',(6.96,-3.572679276074E-03,1.525941220805));
#1442 = CARTESIAN_POINT('',(6.96,5.168243033088E-03,1.52583907475));
#1443 = CARTESIAN_POINT('',(6.96,2.337844678287E-02,1.524978413229));
#1444 = CARTESIAN_POINT('',(6.96,3.284373024997E-02,1.524160868463));
#1445 = CARTESIAN_POINT('',(6.96,4.224172239025E-02,1.522980299422));
#1446 = CARTESIAN_POINT('',(6.96,5.154503802108E-02,1.521444853212));
#1447 = CARTESIAN_POINT('',(6.96,6.073215666605E-02,1.519565119195));
#1448 = CARTESIAN_POINT('',(6.96,7.909771199475E-02,1.515080715405));
#1449 = CARTESIAN_POINT('',(6.96,8.82675531125E-02,1.512456387335));
#1450 = CARTESIAN_POINT('',(6.96,9.727920151967E-02,1.509494357792));
#1451 = CARTESIAN_POINT('',(6.96,0.106117302403,1.506208331254));
#1452 = CARTESIAN_POINT('',(6.96,0.114768890523,1.502612503667));
#1453 = CARTESIAN_POINT('',(6.96,0.1319661163,1.494697932395));
#1454 = CARTESIAN_POINT('',(6.96,0.140497712216,1.490358583428));
#1455 = CARTESIAN_POINT('',(6.96,0.148806071355,1.485719654426));
#1456 = CARTESIAN_POINT('',(6.96,0.156880646133,1.480797412311));
#1457 = CARTESIAN_POINT('',(6.96,0.164712447986,1.475608252032));
#1458 = CARTESIAN_POINT('',(6.96,0.180151425777,1.46453127229));
#1459 = CARTESIAN_POINT('',(6.96,0.187739967164,1.45862481836));
#1460 = CARTESIAN_POINT('',(6.96,0.195051332691,1.452467727028));
#1461 = CARTESIAN_POINT('',(6.96,0.20207865613,1.446078243141));
#1462 = CARTESIAN_POINT('',(6.96,0.208816543867,1.439474464151));
#1463 = CARTESIAN_POINT('',(6.96,0.221953238059,1.425612923524));
#1464 = CARTESIAN_POINT('',(6.96,0.228328994524,1.418339683896));
#1465 = CARTESIAN_POINT('',(6.96,0.234383964852,1.410874723556));
#1466 = CARTESIAN_POINT('',(6.96,0.240115238483,1.403237627432));
#1467 = CARTESIAN_POINT('',(6.96,0.245521373748,1.395447463058));
#1468 = CARTESIAN_POINT('',(6.96,0.25588986733,1.379276120213));
#1469 = CARTESIAN_POINT('',(6.96,0.260825161615,1.370883687614));
#1470 = CARTESIAN_POINT('',(6.96,0.265408347201,1.362366366749));
#1471 = CARTESIAN_POINT('',(6.96,0.269640836772,1.353744077057));
#1472 = CARTESIAN_POINT('',(6.96,0.273525389215,1.345035773446));
#1473 = CARTESIAN_POINT('',(6.96,0.280757370989,1.327109983642));
#1474 = CARTESIAN_POINT('',(6.96,0.284074778857,1.317886520225));
#1475 = CARTESIAN_POINT('',(6.96,0.28702301626,1.308609389122));
#1476 = CARTESIAN_POINT('',(6.96,0.289607785113,1.29929753334));
#1477 = CARTESIAN_POINT('',(6.96,0.291835806202,1.289968505808));
#1478 = CARTESIAN_POINT('',(6.96,0.295674983107,1.270905490066));
#1479 = CARTESIAN_POINT('',(6.96,0.297255138129,1.261171409814));
#1480 = CARTESIAN_POINT('',(6.96,0.298464076807,1.251454505978));
#1481 = CARTESIAN_POINT('',(6.96,0.299311079865,1.241771395371));
#1482 = CARTESIAN_POINT('',(6.96,0.299805916194,1.232137034265));
#1483 = CARTESIAN_POINT('',(6.96,0.300118111197,1.212595339038));
#1484 = CARTESIAN_POINT('',(6.96,0.299906304864,1.202693342182));
#1485 = CARTESIAN_POINT('',(6.96,0.299334986276,1.192873677979));
#1486 = CARTESIAN_POINT('',(6.96,0.298415549391,1.183149632812));
#1487 = CARTESIAN_POINT('',(6.96,0.29715921972,1.173532829284));
#1488 = CARTESIAN_POINT('',(6.96,0.293937801394,1.154190874));
#1489 = CARTESIAN_POINT('',(6.96,0.291948588365,1.144474495238));
#1490 = CARTESIAN_POINT('',(6.96,0.28962167445,1.134895115228));
#1491 = CARTESIAN_POINT('',(6.96,0.286968474246,1.125462408515));
#1492 = CARTESIAN_POINT('',(6.96,0.283999557728,1.116184698885));
#1493 = CARTESIAN_POINT('',(6.96,0.277365720041,1.097719338125));
#1494 = CARTESIAN_POINT('',(6.96,0.273684735103,1.088540329457));
#1495 = CARTESIAN_POINT('',(6.96,0.269692170683,1.079539418357));
#1496 = CARTESIAN_POINT('',(6.96,0.265397023465,1.070723360764));
#1497 = CARTESIAN_POINT('',(6.96,0.260806811571,1.062098183552));
#1498 = CARTESIAN_POINT('',(6.96,0.251004219697,1.045163947022));
#1499 = CARTESIAN_POINT('',(6.96,0.245786411547,1.036858741787));
#1500 = CARTESIAN_POINT('',(6.96,0.240280395782,1.028758943151));
#1501 = CARTESIAN_POINT('',(6.96,0.234490304979,1.02087012779));
#1502 = CARTESIAN_POINT('',(6.96,0.22841815861,1.013198074729));
#1503 = CARTESIAN_POINT('',(6.96,0.215801547815,0.998407234883));
#1504 = CARTESIAN_POINT('',(6.96,0.209264913083,0.99128247471));
#1505 = CARTESIAN_POINT('',(6.96,0.202454000094,0.984380026053));
#1506 = CARTESIAN_POINT('',(6.96,0.195365961507,0.977706983911));
#1507 = CARTESIAN_POINT('',(6.96,0.187995061392,0.971271997058));
#1508 = CARTESIAN_POINT('',(6.96,0.173012837564,0.959175029375));
#1509 = CARTESIAN_POINT('',(6.96,0.165426529007,0.953492099376));
#1510 = CARTESIAN_POINT('',(6.96,0.157566437944,0.948044934321));
#1511 = CARTESIAN_POINT('',(6.96,0.149421373308,0.942845601948));
#1512 = CARTESIAN_POINT('',(6.96,0.140976264593,0.937909781461));
#1513 = CARTESIAN_POINT('',(6.96,0.124148131162,0.928975627958));
#1514 = CARTESIAN_POINT('',(6.96,0.115814071992,0.924934439518));
#1515 = CARTESIAN_POINT('',(6.96,0.107194037794,0.921149181784));
#1516 = CARTESIAN_POINT('',(6.96,9.826937450524E-02,0.917639774974));
#1517 = CARTESIAN_POINT('',(6.96,8.901696421491E-02,0.914432828225));
#1518 = CARTESIAN_POINT('',(6.96,6.762356037127E-02,0.908046964389));
#1519 = CARTESIAN_POINT('',(6.96,5.540377745077E-02,0.905068595899));
#1520 = CARTESIAN_POINT('',(6.96,4.253681255711E-02,0.902629529668));
#1521 = CARTESIAN_POINT('',(6.96,2.893994360873E-02,0.900849442899));
#1522 = CARTESIAN_POINT('',(6.96,1.46772221458E-02,0.899909046356));
#1523 = CARTESIAN_POINT('',(6.96,0.,0.899909083395));
#1524 = PLANE('',#1525);
#1525 = AXIS2_PLACEMENT_3D('',#1526,#1527,#1528);
#1526 = CARTESIAN_POINT('',(6.96,1.25,1.25));
#1527 = DIRECTION('',(-1.,0.,0.));
#1528 = DIRECTION('',(0.,0.,-1.));
#1529 = ADVANCED_FACE('',(#1530),#1550,.T.);
#1530 = FACE_BOUND('',#1531,.T.);
#1531 = EDGE_LOOP('',(#1532,#1533,#1542,#1549));
#1532 = ORIENTED_EDGE('',*,*,#1353,.F.);
#1533 = ORIENTED_EDGE('',*,*,#1534,.T.);
#1534 = EDGE_CURVE('',#1354,#1535,#1537,.T.);
#1535 = VERTEX_POINT('',#1536);
#1536 = CARTESIAN_POINT('',(7.32,0.,0.35));
#1537 = CIRCLE('',#1538,0.6);
#1538 = AXIS2_PLACEMENT_3D('',#1539,#1540,#1541);
#1539 = CARTESIAN_POINT('',(6.72,1.102182119233E-16,0.35));
#1540 = DIRECTION('',(0.,1.,0.));
#1541 = DIRECTION('',(0.,-0.,1.));
#1542 = ORIENTED_EDGE('',*,*,#1543,.T.);
#1543 = EDGE_CURVE('',#1535,#1535,#1544,.T.);
#1544 = CIRCLE('',#1545,0.3);
#1545 = AXIS2_PLACEMENT_3D('',#1546,#1547,#1548);
#1546 = CARTESIAN_POINT('',(7.62,0.,0.35));
#1547 = DIRECTION('',(3.828568698927E-16,-0.,1.));
#1548 = DIRECTION('',(1.,0.,-3.828568698927E-16));
#1549 = ORIENTED_EDGE('',*,*,#1534,.F.);
#1550 = TOROIDAL_SURFACE('',#1551,0.9,0.3);
#1551 = AXIS2_PLACEMENT_3D('',#1552,#1553,#1554);
#1552 = CARTESIAN_POINT('',(6.72,0.,0.35));
#1553 = DIRECTION('',(0.,1.,0.));
#1554 = DIRECTION('',(0.,-0.,1.));
#1555 = ADVANCED_FACE('',(#1556),#1575,.T.);
#1556 = FACE_BOUND('',#1557,.T.);
#1557 = EDGE_LOOP('',(#1558,#1566,#1573,#1574));
#1558 = ORIENTED_EDGE('',*,*,#1559,.T.);
#1559 = EDGE_CURVE('',#1535,#1560,#1562,.T.);
#1560 = VERTEX_POINT('',#1561);
#1561 = CARTESIAN_POINT('',(7.32,-7.347880794884E-17,-3.));
#1562 = LINE('',#1563,#1564);
#1563 = CARTESIAN_POINT('',(7.32,0.,0.35));
#1564 = VECTOR('',#1565,1.);
#1565 = DIRECTION('',(0.,0.,-1.));
#1566 = ORIENTED_EDGE('',*,*,#1567,.F.);
#1567 = EDGE_CURVE('',#1560,#1560,#1568,.T.);
#1568 = CIRCLE('',#1569,0.3);
#1569 = AXIS2_PLACEMENT_3D('',#1570,#1571,#1572);
#1570 = CARTESIAN_POINT('',(7.62,0.,-3.));
#1571 = DIRECTION('',(0.,0.,-1.));
#1572 = DIRECTION('',(-1.,0.,0.));
#1573 = ORIENTED_EDGE('',*,*,#1559,.F.);
#1574 = ORIENTED_EDGE('',*,*,#1543,.F.);
#1575 = CYLINDRICAL_SURFACE('',#1576,0.3);
#1576 = AXIS2_PLACEMENT_3D('',#1577,#1578,#1579);
#1577 = CARTESIAN_POINT('',(7.62,0.,0.35));
#1578 = DIRECTION('',(0.,0.,-1.));
#1579 = DIRECTION('',(-1.,0.,0.));
#1580 = ADVANCED_FACE('',(#1581),#1584,.F.);
#1581 = FACE_BOUND('',#1582,.T.);
#1582 = EDGE_LOOP('',(#1583));
#1583 = ORIENTED_EDGE('',*,*,#1567,.T.);
#1584 = PLANE('',#1585);
#1585 = AXIS2_PLACEMENT_3D('',#1586,#1587,#1588);
#1586 = CARTESIAN_POINT('',(7.32,0.,-3.));
#1587 = DIRECTION('',(0.,0.,1.));
#1588 = DIRECTION('',(1.,0.,-0.));
#1589 = ( GEOMETRIC_REPRESENTATION_CONTEXT(3) 
GLOBAL_UNCERTAINTY_ASSIGNED_CONTEXT((#1593)) 
GLOBAL_UNIT_ASSIGNED_CONTEXT((#1590,#1591,#1592)) REPRESENTATION_CONTEXT
('Context #1','3D Context with UNIT and UNCERTAINTY') );
#1590 = ( LENGTH_UNIT() NAMED_UNIT(*) SI_UNIT(.MILLI.,.METRE.) );
#1591 = ( NAMED_UNIT(*) PLANE_ANGLE_UNIT() SI_UNIT($,.RADIAN.) );
#1592 = ( NAMED_UNIT(*) SI_UNIT($,.STERADIAN.) SOLID_ANGLE_UNIT() );
#1593 = UNCERTAINTY_MEASURE_WITH_UNIT(LENGTH_MEASURE(1.E-07),#1590,
  'distance_accuracy_value','confusion accuracy');
#1594 = CONTEXT_DEPENDENT_SHAPE_REPRESENTATION(#1595,#1597);
#1595 = ( REPRESENTATION_RELATIONSHIP('','',#925,#10) 
REPRESENTATION_RELATIONSHIP_WITH_TRANSFORMATION(#1596) 
SHAPE_REPRESENTATION_RELATIONSHIP() );
#1596 = ITEM_DEFINED_TRANSFORMATION('','',#11,#19);
#1597 = PRODUCT_DEFINITION_SHAPE('Placement','Placement of an item',
  #1598);
#1598 = NEXT_ASSEMBLY_USAGE_OCCURRENCE('2','R1','',#5,#920,$);
#1599 = PRODUCT_RELATED_PRODUCT_CATEGORY('part',$,(#922));
#1600 = CONTEXT_DEPENDENT_SHAPE_REPRESENTATION(#1601,#1603);
#1601 = ( REPRESENTATION_RELATIONSHIP('','',#925,#10) 
REPRESENTATION_RELATIONSHIP_WITH_TRANSFORMATION(#1602) 
SHAPE_REPRESENTATION_RELATIONSHIP() );
#1602 = ITEM_DEFINED_TRANSFORMATION('','',#11,#23);
#1603 = PRODUCT_DEFINITION_SHAPE('Placement','Placement of an item',
  #1604);
#1604 = NEXT_ASSEMBLY_USAGE_OCCURRENCE('3','R2','',#5,#920,$);
#1605 = SHAPE_DEFINITION_REPRESENTATION(#1606,#1612);
#1606 = PRODUCT_DEFINITION_SHAPE('','',#1607);
#1607 = PRODUCT_DEFINITION('design','',#1608,#1611);
#1608 = PRODUCT_DEFINITION_FORMATION('','',#1609);
#1609 = PRODUCT('PinHeader_1x03_P2.54mm_Vertical',
  'PinHeader_1x03_P2.54mm_Vertical','',(#1610));
#1610 = PRODUCT_CONTEXT('',#2,'mechanical');
#1611 = PRODUCT_DEFINITION_CONTEXT('part definition',#2,'design');
#1612 = ADVANCED_BREP_SHAPE_REPRESENTATION('',(#11,#1613),#3719);
#1613 = MANIFOLD_SOLID_BREP('',#1614);
#1614 = CLOSED_SHELL('',(#1615,#1655,#1686,#1717,#1964,#2211,#2228,#2245
    ,#2262,#2279,#2296,#2313,#2330,#2347,#2364,#2381,#2398,#2415,#2432,
    #2449,#2466,#2483,#2495,#2526,#2550,#2574,#2591,#2622,#2646,#2670,
    #2687,#2718,#2742,#2766,#2783,#2814,#2838,#2862,#2879,#2910,#2934,
    #2958,#2975,#3006,#3030,#3054,#3071,#3102,#3126,#3150,#3167,#3198,
    #3222,#3246,#3263,#3294,#3318,#3342,#3359,#3390,#3414,#3438,#3455,
    #3486,#3510,#3534,#3551,#3582,#3606,#3630,#3647,#3659,#3671,#3683,
    #3695,#3707));
#1615 = ADVANCED_FACE('',(#1616),#1650,.F.);
#1616 = FACE_BOUND('',#1617,.F.);
#1617 = EDGE_LOOP('',(#1618,#1628,#1636,#1644));
#1618 = ORIENTED_EDGE('',*,*,#1619,.T.);
#1619 = EDGE_CURVE('',#1620,#1622,#1624,.T.);
#1620 = VERTEX_POINT('',#1621);
#1621 = CARTESIAN_POINT('',(-1.016,1.27,0.));
#1622 = VERTEX_POINT('',#1623);
#1623 = CARTESIAN_POINT('',(-1.016,1.27,2.54));
#1624 = LINE('',#1625,#1626);
#1625 = CARTESIAN_POINT('',(-1.016,1.27,0.));
#1626 = VECTOR('',#1627,1.);
#1627 = DIRECTION('',(0.,0.,1.));
#1628 = ORIENTED_EDGE('',*,*,#1629,.T.);
#1629 = EDGE_CURVE('',#1622,#1630,#1632,.T.);
#1630 = VERTEX_POINT('',#1631);
#1631 = CARTESIAN_POINT('',(-1.27,1.016,2.54));
#1632 = LINE('',#1633,#1634);
#1633 = CARTESIAN_POINT('',(-1.016,1.27,2.54));
#1634 = VECTOR('',#1635,1.);
#1635 = DIRECTION('',(-0.707106781187,-0.707106781187,0.));
#1636 = ORIENTED_EDGE('',*,*,#1637,.F.);
#1637 = EDGE_CURVE('',#1638,#1630,#1640,.T.);
#1638 = VERTEX_POINT('',#1639);
#1639 = CARTESIAN_POINT('',(-1.27,1.016,0.));
#1640 = LINE('',#1641,#1642);
#1641 = CARTESIAN_POINT('',(-1.27,1.016,0.));
#1642 = VECTOR('',#1643,1.);
#1643 = DIRECTION('',(0.,0.,1.));
#1644 = ORIENTED_EDGE('',*,*,#1645,.F.);
#1645 = EDGE_CURVE('',#1620,#1638,#1646,.T.);
#1646 = LINE('',#1647,#1648);
#1647 = CARTESIAN_POINT('',(-1.016,1.27,0.));
#1648 = VECTOR('',#1649,1.);
#1649 = DIRECTION('',(-0.707106781187,-0.707106781187,0.));
#1650 = PLANE('',#1651);
#1651 = AXIS2_PLACEMENT_3D('',#1652,#1653,#1654);
#1652 = CARTESIAN_POINT('',(-1.016,1.27,0.));
#1653 = DIRECTION('',(0.707106781187,-0.707106781187,0.));
#1654 = DIRECTION('',(-0.707106781187,-0.707106781187,0.));
#1655 = ADVANCED_FACE('',(#1656),#1681,.F.);
#1656 = FACE_BOUND('',#1657,.F.);
#1657 = EDGE_LOOP('',(#1658,#1668,#1674,#1675));
#1658 = ORIENTED_EDGE('',*,*,#1659,.T.);
#1659 = EDGE_CURVE('',#1660,#1662,#1664,.T.);
#1660 = VERTEX_POINT('',#1661);
#1661 = CARTESIAN_POINT('',(1.016,1.27,0.));
#1662 = VERTEX_POINT('',#1663);
#1663 = CARTESIAN_POINT('',(1.016,1.27,2.54));
#1664 = LINE('',#1665,#1666);
#1665 = CARTESIAN_POINT('',(1.016,1.27,0.));
#1666 = VECTOR('',#1667,1.);
#1667 = DIRECTION('',(0.,0.,1.));
#1668 = ORIENTED_EDGE('',*,*,#1669,.T.);
#1669 = EDGE_CURVE('',#1662,#1622,#1670,.T.);
#1670 = LINE('',#1671,#1672);
#1671 = CARTESIAN_POINT('',(1.016,1.27,2.54));
#1672 = VECTOR('',#1673,1.);
#1673 = DIRECTION('',(-1.,0.,0.));
#1674 = ORIENTED_EDGE('',*,*,#1619,.F.);
#1675 = ORIENTED_EDGE('',*,*,#1676,.F.);
#1676 = EDGE_CURVE('',#1660,#1620,#1677,.T.);
#1677 = LINE('',#1678,#1679);
#1678 = CARTESIAN_POINT('',(1.016,1.27,0.));
#1679 = VECTOR('',#1680,1.);
#1680 = DIRECTION('',(-1.,0.,0.));
#1681 = PLANE('',#1682);
#1682 = AXIS2_PLACEMENT_3D('',#1683,#1684,#1685);
#1683 = CARTESIAN_POINT('',(1.016,1.27,0.));
#1684 = DIRECTION('',(0.,-1.,0.));
#1685 = DIRECTION('',(-1.,0.,0.));
#1686 = ADVANCED_FACE('',(#1687),#1712,.F.);
#1687 = FACE_BOUND('',#1688,.F.);
#1688 = EDGE_LOOP('',(#1689,#1690,#1698,#1706));
#1689 = ORIENTED_EDGE('',*,*,#1637,.T.);
#1690 = ORIENTED_EDGE('',*,*,#1691,.T.);
#1691 = EDGE_CURVE('',#1630,#1692,#1694,.T.);
#1692 = VERTEX_POINT('',#1693);
#1693 = CARTESIAN_POINT('',(-1.27,-1.016,2.54));
#1694 = LINE('',#1695,#1696);
#1695 = CARTESIAN_POINT('',(-1.27,1.016,2.54));
#1696 = VECTOR('',#1697,1.);
#1697 = DIRECTION('',(0.,-1.,0.));
#1698 = ORIENTED_EDGE('',*,*,#1699,.F.);
#1699 = EDGE_CURVE('',#1700,#1692,#1702,.T.);
#1700 = VERTEX_POINT('',#1701);
#1701 = CARTESIAN_POINT('',(-1.27,-1.016,0.));
#1702 = LINE('',#1703,#1704);
#1703 = CARTESIAN_POINT('',(-1.27,-1.016,0.));
#1704 = VECTOR('',#1705,1.);
#1705 = DIRECTION('',(0.,0.,1.));
#1706 = ORIENTED_EDGE('',*,*,#1707,.F.);
#1707 = EDGE_CURVE('',#1638,#1700,#1708,.T.);
#1708 = LINE('',#1709,#1710);
#1709 = CARTESIAN_POINT('',(-1.27,1.016,0.));
#1710 = VECTOR('',#1711,1.);
#1711 = DIRECTION('',(0.,-1.,0.));
#1712 = PLANE('',#1713);
#1713 = AXIS2_PLACEMENT_3D('',#1714,#1715,#1716);
#1714 = CARTESIAN_POINT('',(-1.27,1.016,0.));
#1715 = DIRECTION('',(1.,0.,0.));
#1716 = DIRECTION('',(0.,-1.,0.));
#1717 = ADVANCED_FACE('',(#1718,#1857,#1891,#1925),#1959,.F.);
#1718 = FACE_BOUND('',#1719,.F.);
#1719 = EDGE_LOOP('',(#1720,#1721,#1722,#1730,#1738,#1746,#1754,#1762,
    #1770,#1778,#1786,#1794,#1802,#1810,#1818,#1826,#1834,#1842,#1850,
    #1856));
#1720 = ORIENTED_EDGE('',*,*,#1645,.T.);
#1721 = ORIENTED_EDGE('',*,*,#1707,.T.);
#1722 = ORIENTED_EDGE('',*,*,#1723,.T.);
#1723 = EDGE_CURVE('',#1700,#1724,#1726,.T.);
#1724 = VERTEX_POINT('',#1725);
#1725 = CARTESIAN_POINT('',(-1.016,-1.27,0.));
#1726 = LINE('',#1727,#1728);
#1727 = CARTESIAN_POINT('',(-1.27,-1.016,0.));
#1728 = VECTOR('',#1729,1.);
#1729 = DIRECTION('',(0.707106781187,-0.707106781187,0.));
#1730 = ORIENTED_EDGE('',*,*,#1731,.T.);
#1731 = EDGE_CURVE('',#1724,#1732,#1734,.T.);
#1732 = VERTEX_POINT('',#1733);
#1733 = CARTESIAN_POINT('',(-1.27,-1.524,0.));
#1734 = LINE('',#1735,#1736);
#1735 = CARTESIAN_POINT('',(-1.016,-1.27,0.));
#1736 = VECTOR('',#1737,1.);
#1737 = DIRECTION('',(-0.707106781187,-0.707106781187,0.));
#1738 = ORIENTED_EDGE('',*,*,#1739,.T.);
#1739 = EDGE_CURVE('',#1732,#1740,#1742,.T.);
#1740 = VERTEX_POINT('',#1741);
#1741 = CARTESIAN_POINT('',(-1.27,-3.556,0.));
#1742 = LINE('',#1743,#1744);
#1743 = CARTESIAN_POINT('',(-1.27,-1.524,0.));
#1744 = VECTOR('',#1745,1.);
#1745 = DIRECTION('',(0.,-1.,0.));
#1746 = ORIENTED_EDGE('',*,*,#1747,.T.);
#1747 = EDGE_CURVE('',#1740,#1748,#1750,.T.);
#1748 = VERTEX_POINT('',#1749);
#1749 = CARTESIAN_POINT('',(-1.016,-3.81,0.));
#1750 = LINE('',#1751,#1752);
#1751 = CARTESIAN_POINT('',(-1.27,-3.556,0.));
#1752 = VECTOR('',#1753,1.);
#1753 = DIRECTION('',(0.707106781187,-0.707106781187,0.));
#1754 = ORIENTED_EDGE('',*,*,#1755,.T.);
#1755 = EDGE_CURVE('',#1748,#1756,#1758,.T.);
#1756 = VERTEX_POINT('',#1757);
#1757 = CARTESIAN_POINT('',(-1.27,-4.064,0.));
#1758 = LINE('',#1759,#1760);
#1759 = CARTESIAN_POINT('',(-1.016,-3.81,0.));
#1760 = VECTOR('',#1761,1.);
#1761 = DIRECTION('',(-0.707106781187,-0.707106781187,0.));
#1762 = ORIENTED_EDGE('',*,*,#1763,.T.);
#1763 = EDGE_CURVE('',#1756,#1764,#1766,.T.);
#1764 = VERTEX_POINT('',#1765);
#1765 = CARTESIAN_POINT('',(-1.27,-6.096,0.));
#1766 = LINE('',#1767,#1768);
#1767 = CARTESIAN_POINT('',(-1.27,-4.064,0.));
#1768 = VECTOR('',#1769,1.);
#1769 = DIRECTION('',(0.,-1.,0.));
#1770 = ORIENTED_EDGE('',*,*,#1771,.T.);
#1771 = EDGE_CURVE('',#1764,#1772,#1774,.T.);
#1772 = VERTEX_POINT('',#1773);
#1773 = CARTESIAN_POINT('',(-1.016,-6.35,0.));
#1774 = LINE('',#1775,#1776);
#1775 = CARTESIAN_POINT('',(-1.27,-6.096,0.));
#1776 = VECTOR('',#1777,1.);
#1777 = DIRECTION('',(0.707106781187,-0.707106781187,0.));
#1778 = ORIENTED_EDGE('',*,*,#1779,.T.);
#1779 = EDGE_CURVE('',#1772,#1780,#1782,.T.);
#1780 = VERTEX_POINT('',#1781);
#1781 = CARTESIAN_POINT('',(1.016,-6.35,0.));
#1782 = LINE('',#1783,#1784);
#1783 = CARTESIAN_POINT('',(-1.016,-6.35,0.));
#1784 = VECTOR('',#1785,1.);
#1785 = DIRECTION('',(1.,0.,0.));
#1786 = ORIENTED_EDGE('',*,*,#1787,.T.);
#1787 = EDGE_CURVE('',#1780,#1788,#1790,.T.);
#1788 = VERTEX_POINT('',#1789);
#1789 = CARTESIAN_POINT('',(1.27,-6.096,0.));
#1790 = LINE('',#1791,#1792);
#1791 = CARTESIAN_POINT('',(1.016,-6.35,0.));
#1792 = VECTOR('',#1793,1.);
#1793 = DIRECTION('',(0.707106781187,0.707106781187,0.));
#1794 = ORIENTED_EDGE('',*,*,#1795,.T.);
#1795 = EDGE_CURVE('',#1788,#1796,#1798,.T.);
#1796 = VERTEX_POINT('',#1797);
#1797 = CARTESIAN_POINT('',(1.27,-4.064,0.));
#1798 = LINE('',#1799,#1800);
#1799 = CARTESIAN_POINT('',(1.27,-6.096,0.));
#1800 = VECTOR('',#1801,1.);
#1801 = DIRECTION('',(0.,1.,0.));
#1802 = ORIENTED_EDGE('',*,*,#1803,.T.);
#1803 = EDGE_CURVE('',#1796,#1804,#1806,.T.);
#1804 = VERTEX_POINT('',#1805);
#1805 = CARTESIAN_POINT('',(1.016,-3.81,0.));
#1806 = LINE('',#1807,#1808);
#1807 = CARTESIAN_POINT('',(1.27,-4.064,0.));
#1808 = VECTOR('',#1809,1.);
#1809 = DIRECTION('',(-0.707106781187,0.707106781187,0.));
#1810 = ORIENTED_EDGE('',*,*,#1811,.T.);
#1811 = EDGE_CURVE('',#1804,#1812,#1814,.T.);
#1812 = VERTEX_POINT('',#1813);
#1813 = CARTESIAN_POINT('',(1.27,-3.556,0.));
#1814 = LINE('',#1815,#1816);
#1815 = CARTESIAN_POINT('',(1.016,-3.81,0.));
#1816 = VECTOR('',#1817,1.);
#1817 = DIRECTION('',(0.707106781187,0.707106781187,0.));
#1818 = ORIENTED_EDGE('',*,*,#1819,.T.);
#1819 = EDGE_CURVE('',#1812,#1820,#1822,.T.);
#1820 = VERTEX_POINT('',#1821);
#1821 = CARTESIAN_POINT('',(1.27,-1.524,0.));
#1822 = LINE('',#1823,#1824);
#1823 = CARTESIAN_POINT('',(1.27,-3.556,0.));
#1824 = VECTOR('',#1825,1.);
#1825 = DIRECTION('',(0.,1.,0.));
#1826 = ORIENTED_EDGE('',*,*,#1827,.T.);
#1827 = EDGE_CURVE('',#1820,#1828,#1830,.T.);
#1828 = VERTEX_POINT('',#1829);
#1829 = CARTESIAN_POINT('',(1.016,-1.27,0.));
#1830 = LINE('',#1831,#1832);
#1831 = CARTESIAN_POINT('',(1.27,-1.524,0.));
#1832 = VECTOR('',#1833,1.);
#1833 = DIRECTION('',(-0.707106781187,0.707106781187,0.));
#1834 = ORIENTED_EDGE('',*,*,#1835,.T.);
#1835 = EDGE_CURVE('',#1828,#1836,#1838,.T.);
#1836 = VERTEX_POINT('',#1837);
#1837 = CARTESIAN_POINT('',(1.27,-1.016,0.));
#1838 = LINE('',#1839,#1840);
#1839 = CARTESIAN_POINT('',(1.016,-1.27,0.));
#1840 = VECTOR('',#1841,1.);
#1841 = DIRECTION('',(0.707106781187,0.707106781187,0.));
#1842 = ORIENTED_EDGE('',*,*,#1843,.T.);
#1843 = EDGE_CURVE('',#1836,#1844,#1846,.T.);
#1844 = VERTEX_POINT('',#1845);
#1845 = CARTESIAN_POINT('',(1.27,1.016,0.));
#1846 = LINE('',#1847,#1848);
#1847 = CARTESIAN_POINT('',(1.27,-1.016,0.));
#1848 = VECTOR('',#1849,1.);
#1849 = DIRECTION('',(0.,1.,0.));
#1850 = ORIENTED_EDGE('',*,*,#1851,.T.);
#1851 = EDGE_CURVE('',#1844,#1660,#1852,.T.);
#1852 = LINE('',#1853,#1854);
#1853 = CARTESIAN_POINT('',(1.27,1.016,0.));
#1854 = VECTOR('',#1855,1.);
#1855 = DIRECTION('',(-0.707106781187,0.707106781187,0.));
#1856 = ORIENTED_EDGE('',*,*,#1676,.T.);
#1857 = FACE_BOUND('',#1858,.F.);
#1858 = EDGE_LOOP('',(#1859,#1869,#1877,#1885));
#1859 = ORIENTED_EDGE('',*,*,#1860,.F.);
#1860 = EDGE_CURVE('',#1861,#1863,#1865,.T.);
#1861 = VERTEX_POINT('',#1862);
#1862 = CARTESIAN_POINT('',(0.32,-0.32,0.));
#1863 = VERTEX_POINT('',#1864);
#1864 = CARTESIAN_POINT('',(0.32,0.32,0.));
#1865 = LINE('',#1866,#1867);
#1866 = CARTESIAN_POINT('',(0.32,-1.43,0.));
#1867 = VECTOR('',#1868,1.);
#1868 = DIRECTION('',(0.,1.,0.));
#1869 = ORIENTED_EDGE('',*,*,#1870,.T.);
#1870 = EDGE_CURVE('',#1861,#1871,#1873,.T.);
#1871 = VERTEX_POINT('',#1872);
#1872 = CARTESIAN_POINT('',(-0.32,-0.32,0.));
#1873 = LINE('',#1874,#1875);
#1874 = CARTESIAN_POINT('',(-0.16,-0.32,0.));
#1875 = VECTOR('',#1876,1.);
#1876 = DIRECTION('',(-1.,0.,0.));
#1877 = ORIENTED_EDGE('',*,*,#1878,.T.);
#1878 = EDGE_CURVE('',#1871,#1879,#1881,.T.);
#1879 = VERTEX_POINT('',#1880);
#1880 = CARTESIAN_POINT('',(-0.32,0.32,0.));
#1881 = LINE('',#1882,#1883);
#1882 = CARTESIAN_POINT('',(-0.32,-1.43,0.));
#1883 = VECTOR('',#1884,1.);
#1884 = DIRECTION('',(0.,1.,0.));
#1885 = ORIENTED_EDGE('',*,*,#1886,.F.);
#1886 = EDGE_CURVE('',#1863,#1879,#1887,.T.);
#1887 = LINE('',#1888,#1889);
#1888 = CARTESIAN_POINT('',(-0.16,0.32,0.));
#1889 = VECTOR('',#1890,1.);
#1890 = DIRECTION('',(-1.,0.,0.));
#1891 = FACE_BOUND('',#1892,.F.);
#1892 = EDGE_LOOP('',(#1893,#1903,#1911,#1919));
#1893 = ORIENTED_EDGE('',*,*,#1894,.T.);
#1894 = EDGE_CURVE('',#1895,#1897,#1899,.T.);
#1895 = VERTEX_POINT('',#1896);
#1896 = CARTESIAN_POINT('',(0.32,-2.86,0.));
#1897 = VERTEX_POINT('',#1898);
#1898 = CARTESIAN_POINT('',(-0.32,-2.86,0.));
#1899 = LINE('',#1900,#1901);
#1900 = CARTESIAN_POINT('',(-0.16,-2.86,0.));
#1901 = VECTOR('',#1902,1.);
#1902 = DIRECTION('',(-1.,0.,0.));
#1903 = ORIENTED_EDGE('',*,*,#1904,.T.);
#1904 = EDGE_CURVE('',#1897,#1905,#1907,.T.);
#1905 = VERTEX_POINT('',#1906);
#1906 = CARTESIAN_POINT('',(-0.32,-2.22,0.));
#1907 = LINE('',#1908,#1909);
#1908 = CARTESIAN_POINT('',(-0.32,-2.7,0.));
#1909 = VECTOR('',#1910,1.);
#1910 = DIRECTION('',(0.,1.,0.));
#1911 = ORIENTED_EDGE('',*,*,#1912,.F.);
#1912 = EDGE_CURVE('',#1913,#1905,#1915,.T.);
#1913 = VERTEX_POINT('',#1914);
#1914 = CARTESIAN_POINT('',(0.32,-2.22,0.));
#1915 = LINE('',#1916,#1917);
#1916 = CARTESIAN_POINT('',(-0.16,-2.22,0.));
#1917 = VECTOR('',#1918,1.);
#1918 = DIRECTION('',(-1.,0.,0.));
#1919 = ORIENTED_EDGE('',*,*,#1920,.F.);
#1920 = EDGE_CURVE('',#1895,#1913,#1921,.T.);
#1921 = LINE('',#1922,#1923);
#1922 = CARTESIAN_POINT('',(0.32,-2.7,0.));
#1923 = VECTOR('',#1924,1.);
#1924 = DIRECTION('',(0.,1.,0.));
#1925 = FACE_BOUND('',#1926,.F.);
#1926 = EDGE_LOOP('',(#1927,#1937,#1945,#1953));
#1927 = ORIENTED_EDGE('',*,*,#1928,.F.);
#1928 = EDGE_CURVE('',#1929,#1931,#1933,.T.);
#1929 = VERTEX_POINT('',#1930);
#1930 = CARTESIAN_POINT('',(0.32,-4.76,0.));
#1931 = VERTEX_POINT('',#1932);
#1932 = CARTESIAN_POINT('',(-0.32,-4.76,0.));
#1933 = LINE('',#1934,#1935);
#1934 = CARTESIAN_POINT('',(-0.16,-4.76,0.));
#1935 = VECTOR('',#1936,1.);
#1936 = DIRECTION('',(-1.,0.,0.));
#1937 = ORIENTED_EDGE('',*,*,#1938,.F.);
#1938 = EDGE_CURVE('',#1939,#1929,#1941,.T.);
#1939 = VERTEX_POINT('',#1940);
#1940 = CARTESIAN_POINT('',(0.32,-5.4,0.));
#1941 = LINE('',#1942,#1943);
#1942 = CARTESIAN_POINT('',(0.32,-3.97,0.));
#1943 = VECTOR('',#1944,1.);
#1944 = DIRECTION('',(0.,1.,0.));
#1945 = ORIENTED_EDGE('',*,*,#1946,.T.);
#1946 = EDGE_CURVE('',#1939,#1947,#1949,.T.);
#1947 = VERTEX_POINT('',#1948);
#1948 = CARTESIAN_POINT('',(-0.32,-5.4,0.));
#1949 = LINE('',#1950,#1951);
#1950 = CARTESIAN_POINT('',(-0.16,-5.4,0.));
#1951 = VECTOR('',#1952,1.);
#1952 = DIRECTION('',(-1.,0.,0.));
#1953 = ORIENTED_EDGE('',*,*,#1954,.T.);
#1954 = EDGE_CURVE('',#1947,#1931,#1955,.T.);
#1955 = LINE('',#1956,#1957);
#1956 = CARTESIAN_POINT('',(-0.32,-3.97,0.));
#1957 = VECTOR('',#1958,1.);
#1958 = DIRECTION('',(0.,1.,0.));
#1959 = PLANE('',#1960);
#1960 = AXIS2_PLACEMENT_3D('',#1961,#1962,#1963);
#1961 = CARTESIAN_POINT('',(5.398204781459E-17,-2.54,0.));
#1962 = DIRECTION('',(0.,0.,1.));
#1963 = DIRECTION('',(1.,0.,-0.));
#1964 = ADVANCED_FACE('',(#1965,#2104,#2138,#2172),#2206,.T.);
#1965 = FACE_BOUND('',#1966,.T.);
#1966 = EDGE_LOOP('',(#1967,#1968,#1969,#1977,#1985,#1993,#2001,#2009,
    #2017,#2025,#2033,#2041,#2049,#2057,#2065,#2073,#2081,#2089,#2097,
    #2103));
#1967 = ORIENTED_EDGE('',*,*,#1629,.T.);
#1968 = ORIENTED_EDGE('',*,*,#1691,.T.);
#1969 = ORIENTED_EDGE('',*,*,#1970,.T.);
#1970 = EDGE_CURVE('',#1692,#1971,#1973,.T.);
#1971 = VERTEX_POINT('',#1972);
#1972 = CARTESIAN_POINT('',(-1.016,-1.27,2.54));
#1973 = LINE('',#1974,#1975);
#1974 = CARTESIAN_POINT('',(-1.27,-1.016,2.54));
#1975 = VECTOR('',#1976,1.);
#1976 = DIRECTION('',(0.707106781187,-0.707106781187,0.));
#1977 = ORIENTED_EDGE('',*,*,#1978,.T.);
#1978 = EDGE_CURVE('',#1971,#1979,#1981,.T.);
#1979 = VERTEX_POINT('',#1980);
#1980 = CARTESIAN_POINT('',(-1.27,-1.524,2.54));
#1981 = LINE('',#1982,#1983);
#1982 = CARTESIAN_POINT('',(-1.016,-1.27,2.54));
#1983 = VECTOR('',#1984,1.);
#1984 = DIRECTION('',(-0.707106781187,-0.707106781187,0.));
#1985 = ORIENTED_EDGE('',*,*,#1986,.T.);
#1986 = EDGE_CURVE('',#1979,#1987,#1989,.T.);
#1987 = VERTEX_POINT('',#1988);
#1988 = CARTESIAN_POINT('',(-1.27,-3.556,2.54));
#1989 = LINE('',#1990,#1991);
#1990 = CARTESIAN_POINT('',(-1.27,-1.524,2.54));
#1991 = VECTOR('',#1992,1.);
#1992 = DIRECTION('',(0.,-1.,0.));
#1993 = ORIENTED_EDGE('',*,*,#1994,.T.);
#1994 = EDGE_CURVE('',#1987,#1995,#1997,.T.);
#1995 = VERTEX_POINT('',#1996);
#1996 = CARTESIAN_POINT('',(-1.016,-3.81,2.54));
#1997 = LINE('',#1998,#1999);
#1998 = CARTESIAN_POINT('',(-1.27,-3.556,2.54));
#1999 = VECTOR('',#2000,1.);
#2000 = DIRECTION('',(0.707106781187,-0.707106781187,0.));
#2001 = ORIENTED_EDGE('',*,*,#2002,.T.);
#2002 = EDGE_CURVE('',#1995,#2003,#2005,.T.);
#2003 = VERTEX_POINT('',#2004);
#2004 = CARTESIAN_POINT('',(-1.27,-4.064,2.54));
#2005 = LINE('',#2006,#2007);
#2006 = CARTESIAN_POINT('',(-1.016,-3.81,2.54));
#2007 = VECTOR('',#2008,1.);
#2008 = DIRECTION('',(-0.707106781187,-0.707106781187,0.));
#2009 = ORIENTED_EDGE('',*,*,#2010,.T.);
#2010 = EDGE_CURVE('',#2003,#2011,#2013,.T.);
#2011 = VERTEX_POINT('',#2012);
#2012 = CARTESIAN_POINT('',(-1.27,-6.096,2.54));
#2013 = LINE('',#2014,#2015);
#2014 = CARTESIAN_POINT('',(-1.27,-4.064,2.54));
#2015 = VECTOR('',#2016,1.);
#2016 = DIRECTION('',(0.,-1.,0.));
#2017 = ORIENTED_EDGE('',*,*,#2018,.T.);
#2018 = EDGE_CURVE('',#2011,#2019,#2021,.T.);
#2019 = VERTEX_POINT('',#2020);
#2020 = CARTESIAN_POINT('',(-1.016,-6.35,2.54));
#2021 = LINE('',#2022,#2023);
#2022 = CARTESIAN_POINT('',(-1.27,-6.096,2.54));
#2023 = VECTOR('',#2024,1.);
#2024 = DIRECTION('',(0.707106781187,-0.707106781187,0.));
#2025 = ORIENTED_EDGE('',*,*,#2026,.T.);
#2026 = EDGE_CURVE('',#2019,#2027,#2029,.T.);
#2027 = VERTEX_POINT('',#2028);
#2028 = CARTESIAN_POINT('',(1.016,-6.35,2.54));
#2029 = LINE('',#2030,#2031);
#2030 = CARTESIAN_POINT('',(-1.016,-6.35,2.54));
#2031 = VECTOR('',#2032,1.);
#2032 = DIRECTION('',(1.,0.,0.));
#2033 = ORIENTED_EDGE('',*,*,#2034,.T.);
#2034 = EDGE_CURVE('',#2027,#2035,#2037,.T.);
#2035 = VERTEX_POINT('',#2036);
#2036 = CARTESIAN_POINT('',(1.27,-6.096,2.54));
#2037 = LINE('',#2038,#2039);
#2038 = CARTESIAN_POINT('',(1.016,-6.35,2.54));
#2039 = VECTOR('',#2040,1.);
#2040 = DIRECTION('',(0.707106781187,0.707106781187,0.));
#2041 = ORIENTED_EDGE('',*,*,#2042,.T.);
#2042 = EDGE_CURVE('',#2035,#2043,#2045,.T.);
#2043 = VERTEX_POINT('',#2044);
#2044 = CARTESIAN_POINT('',(1.27,-4.064,2.54));
#2045 = LINE('',#2046,#2047);
#2046 = CARTESIAN_POINT('',(1.27,-6.096,2.54));
#2047 = VECTOR('',#2048,1.);
#2048 = DIRECTION('',(0.,1.,0.));
#2049 = ORIENTED_EDGE('',*,*,#2050,.T.);
#2050 = EDGE_CURVE('',#2043,#2051,#2053,.T.);
#2051 = VERTEX_POINT('',#2052);
#2052 = CARTESIAN_POINT('',(1.016,-3.81,2.54));
#2053 = LINE('',#2054,#2055);
#2054 = CARTESIAN_POINT('',(1.27,-4.064,2.54));
#2055 = VECTOR('',#2056,1.);
#2056 = DIRECTION('',(-0.707106781187,0.707106781187,0.));
#2057 = ORIENTED_EDGE('',*,*,#2058,.T.);
#2058 = EDGE_CURVE('',#2051,#2059,#2061,.T.);
#2059 = VERTEX_POINT('',#2060);
#2060 = CARTESIAN_POINT('',(1.27,-3.556,2.54));
#2061 = LINE('',#2062,#2063);
#2062 = CARTESIAN_POINT('',(1.016,-3.81,2.54));
#2063 = VECTOR('',#2064,1.);
#2064 = DIRECTION('',(0.707106781187,0.707106781187,0.));
#2065 = ORIENTED_EDGE('',*,*,#2066,.T.);
#2066 = EDGE_CURVE('',#2059,#2067,#2069,.T.);
#2067 = VERTEX_POINT('',#2068);
#2068 = CARTESIAN_POINT('',(1.27,-1.524,2.54));
#2069 = LINE('',#2070,#2071);
#2070 = CARTESIAN_POINT('',(1.27,-3.556,2.54));
#2071 = VECTOR('',#2072,1.);
#2072 = DIRECTION('',(0.,1.,0.));
#2073 = ORIENTED_EDGE('',*,*,#2074,.T.);
#2074 = EDGE_CURVE('',#2067,#2075,#2077,.T.);
#2075 = VERTEX_POINT('',#2076);
#2076 = CARTESIAN_POINT('',(1.016,-1.27,2.54));
#2077 = LINE('',#2078,#2079);
#2078 = CARTESIAN_POINT('',(1.27,-1.524,2.54));
#2079 = VECTOR('',#2080,1.);
#2080 = DIRECTION('',(-0.707106781187,0.707106781187,0.));
#2081 = ORIENTED_EDGE('',*,*,#2082,.T.);
#2082 = EDGE_CURVE('',#2075,#2083,#2085,.T.);
#2083 = VERTEX_POINT('',#2084);
#2084 = CARTESIAN_POINT('',(1.27,-1.016,2.54));
#2085 = LINE('',#2086,#2087);
#2086 = CARTESIAN_POINT('',(1.016,-1.27,2.54));
#2087 = VECTOR('',#2088,1.);
#2088 = DIRECTION('',(0.707106781187,0.707106781187,0.));
#2089 = ORIENTED_EDGE('',*,*,#2090,.T.);
#2090 = EDGE_CURVE('',#2083,#2091,#2093,.T.);
#2091 = VERTEX_POINT('',#2092);
#2092 = CARTESIAN_POINT('',(1.27,1.016,2.54));
#2093 = LINE('',#2094,#2095);
#2094 = CARTESIAN_POINT('',(1.27,-1.016,2.54));
#2095 = VECTOR('',#2096,1.);
#2096 = DIRECTION('',(0.,1.,0.));
#2097 = ORIENTED_EDGE('',*,*,#2098,.T.);
#2098 = EDGE_CURVE('',#2091,#1662,#2099,.T.);
#2099 = LINE('',#2100,#2101);
#2100 = CARTESIAN_POINT('',(1.27,1.016,2.54));
#2101 = VECTOR('',#2102,1.);
#2102 = DIRECTION('',(-0.707106781187,0.707106781187,0.));
#2103 = ORIENTED_EDGE('',*,*,#1669,.T.);
#2104 = FACE_BOUND('',#2105,.T.);
#2105 = EDGE_LOOP('',(#2106,#2116,#2124,#2132));
#2106 = ORIENTED_EDGE('',*,*,#2107,.F.);
#2107 = EDGE_CURVE('',#2108,#2110,#2112,.T.);
#2108 = VERTEX_POINT('',#2109);
#2109 = CARTESIAN_POINT('',(0.32,-0.32,2.54));
#2110 = VERTEX_POINT('',#2111);
#2111 = CARTESIAN_POINT('',(0.32,0.32,2.54));
#2112 = LINE('',#2113,#2114);
#2113 = CARTESIAN_POINT('',(0.32,-1.43,2.54));
#2114 = VECTOR('',#2115,1.);
#2115 = DIRECTION('',(0.,1.,0.));
#2116 = ORIENTED_EDGE('',*,*,#2117,.T.);
#2117 = EDGE_CURVE('',#2108,#2118,#2120,.T.);
#2118 = VERTEX_POINT('',#2119);
#2119 = CARTESIAN_POINT('',(-0.32,-0.32,2.54));
#2120 = LINE('',#2121,#2122);
#2121 = CARTESIAN_POINT('',(-0.16,-0.32,2.54));
#2122 = VECTOR('',#2123,1.);
#2123 = DIRECTION('',(-1.,0.,0.));
#2124 = ORIENTED_EDGE('',*,*,#2125,.T.);
#2125 = EDGE_CURVE('',#2118,#2126,#2128,.T.);
#2126 = VERTEX_POINT('',#2127);
#2127 = CARTESIAN_POINT('',(-0.32,0.32,2.54));
#2128 = LINE('',#2129,#2130);
#2129 = CARTESIAN_POINT('',(-0.32,-1.43,2.54));
#2130 = VECTOR('',#2131,1.);
#2131 = DIRECTION('',(0.,1.,0.));
#2132 = ORIENTED_EDGE('',*,*,#2133,.F.);
#2133 = EDGE_CURVE('',#2110,#2126,#2134,.T.);
#2134 = LINE('',#2135,#2136);
#2135 = CARTESIAN_POINT('',(-0.16,0.32,2.54));
#2136 = VECTOR('',#2137,1.);
#2137 = DIRECTION('',(-1.,0.,0.));
#2138 = FACE_BOUND('',#2139,.T.);
#2139 = EDGE_LOOP('',(#2140,#2150,#2158,#2166));
#2140 = ORIENTED_EDGE('',*,*,#2141,.T.);
#2141 = EDGE_CURVE('',#2142,#2144,#2146,.T.);
#2142 = VERTEX_POINT('',#2143);
#2143 = CARTESIAN_POINT('',(0.32,-2.86,2.54));
#2144 = VERTEX_POINT('',#2145);
#2145 = CARTESIAN_POINT('',(-0.32,-2.86,2.54));
#2146 = LINE('',#2147,#2148);
#2147 = CARTESIAN_POINT('',(-0.16,-2.86,2.54));
#2148 = VECTOR('',#2149,1.);
#2149 = DIRECTION('',(-1.,0.,0.));
#2150 = ORIENTED_EDGE('',*,*,#2151,.T.);
#2151 = EDGE_CURVE('',#2144,#2152,#2154,.T.);
#2152 = VERTEX_POINT('',#2153);
#2153 = CARTESIAN_POINT('',(-0.32,-2.22,2.54));
#2154 = LINE('',#2155,#2156);
#2155 = CARTESIAN_POINT('',(-0.32,-2.7,2.54));
#2156 = VECTOR('',#2157,1.);
#2157 = DIRECTION('',(0.,1.,0.));
#2158 = ORIENTED_EDGE('',*,*,#2159,.F.);
#2159 = EDGE_CURVE('',#2160,#2152,#2162,.T.);
#2160 = VERTEX_POINT('',#2161);
#2161 = CARTESIAN_POINT('',(0.32,-2.22,2.54));
#2162 = LINE('',#2163,#2164);
#2163 = CARTESIAN_POINT('',(-0.16,-2.22,2.54));
#2164 = VECTOR('',#2165,1.);
#2165 = DIRECTION('',(-1.,0.,0.));
#2166 = ORIENTED_EDGE('',*,*,#2167,.F.);
#2167 = EDGE_CURVE('',#2142,#2160,#2168,.T.);
#2168 = LINE('',#2169,#2170);
#2169 = CARTESIAN_POINT('',(0.32,-2.7,2.54));
#2170 = VECTOR('',#2171,1.);
#2171 = DIRECTION('',(0.,1.,0.));
#2172 = FACE_BOUND('',#2173,.T.);
#2173 = EDGE_LOOP('',(#2174,#2184,#2192,#2200));
#2174 = ORIENTED_EDGE('',*,*,#2175,.F.);
#2175 = EDGE_CURVE('',#2176,#2178,#2180,.T.);
#2176 = VERTEX_POINT('',#2177);
#2177 = CARTESIAN_POINT('',(0.32,-4.76,2.54));
#2178 = VERTEX_POINT('',#2179);
#2179 = CARTESIAN_POINT('',(-0.32,-4.76,2.54));
#2180 = LINE('',#2181,#2182);
#2181 = CARTESIAN_POINT('',(-0.16,-4.76,2.54));
#2182 = VECTOR('',#2183,1.);
#2183 = DIRECTION('',(-1.,0.,0.));
#2184 = ORIENTED_EDGE('',*,*,#2185,.F.);
#2185 = EDGE_CURVE('',#2186,#2176,#2188,.T.);
#2186 = VERTEX_POINT('',#2187);
#2187 = CARTESIAN_POINT('',(0.32,-5.4,2.54));
#2188 = LINE('',#2189,#2190);
#2189 = CARTESIAN_POINT('',(0.32,-3.97,2.54));
#2190 = VECTOR('',#2191,1.);
#2191 = DIRECTION('',(0.,1.,0.));
#2192 = ORIENTED_EDGE('',*,*,#2193,.T.);
#2193 = EDGE_CURVE('',#2186,#2194,#2196,.T.);
#2194 = VERTEX_POINT('',#2195);
#2195 = CARTESIAN_POINT('',(-0.32,-5.4,2.54));
#2196 = LINE('',#2197,#2198);
#2197 = CARTESIAN_POINT('',(-0.16,-5.4,2.54));
#2198 = VECTOR('',#2199,1.);
#2199 = DIRECTION('',(-1.,0.,0.));
#2200 = ORIENTED_EDGE('',*,*,#2201,.T.);
#2201 = EDGE_CURVE('',#2194,#2178,#2202,.T.);
#2202 = LINE('',#2203,#2204);
#2203 = CARTESIAN_POINT('',(-0.32,-3.97,2.54));
#2204 = VECTOR('',#2205,1.);
#2205 = DIRECTION('',(0.,1.,0.));
#2206 = PLANE('',#2207);
#2207 = AXIS2_PLACEMENT_3D('',#2208,#2209,#2210);
#2208 = CARTESIAN_POINT('',(5.398204781459E-17,-2.54,2.54));
#2209 = DIRECTION('',(0.,0.,1.));
#2210 = DIRECTION('',(1.,0.,-0.));
#2211 = ADVANCED_FACE('',(#2212),#2223,.F.);
#2212 = FACE_BOUND('',#2213,.F.);
#2213 = EDGE_LOOP('',(#2214,#2220,#2221,#2222));
#2214 = ORIENTED_EDGE('',*,*,#2215,.T.);
#2215 = EDGE_CURVE('',#1844,#2091,#2216,.T.);
#2216 = LINE('',#2217,#2218);
#2217 = CARTESIAN_POINT('',(1.27,1.016,0.));
#2218 = VECTOR('',#2219,1.);
#2219 = DIRECTION('',(0.,0.,1.));
#2220 = ORIENTED_EDGE('',*,*,#2098,.T.);
#2221 = ORIENTED_EDGE('',*,*,#1659,.F.);
#2222 = ORIENTED_EDGE('',*,*,#1851,.F.);
#2223 = PLANE('',#2224);
#2224 = AXIS2_PLACEMENT_3D('',#2225,#2226,#2227);
#2225 = CARTESIAN_POINT('',(1.27,1.016,0.));
#2226 = DIRECTION('',(-0.707106781187,-0.707106781187,0.));
#2227 = DIRECTION('',(-0.707106781187,0.707106781187,0.));
#2228 = ADVANCED_FACE('',(#2229),#2240,.F.);
#2229 = FACE_BOUND('',#2230,.F.);
#2230 = EDGE_LOOP('',(#2231,#2232,#2233,#2239));
#2231 = ORIENTED_EDGE('',*,*,#1699,.T.);
#2232 = ORIENTED_EDGE('',*,*,#1970,.T.);
#2233 = ORIENTED_EDGE('',*,*,#2234,.F.);
#2234 = EDGE_CURVE('',#1724,#1971,#2235,.T.);
#2235 = LINE('',#2236,#2237);
#2236 = CARTESIAN_POINT('',(-1.016,-1.27,0.));
#2237 = VECTOR('',#2238,1.);
#2238 = DIRECTION('',(0.,0.,1.));
#2239 = ORIENTED_EDGE('',*,*,#1723,.F.);
#2240 = PLANE('',#2241);
#2241 = AXIS2_PLACEMENT_3D('',#2242,#2243,#2244);
#2242 = CARTESIAN_POINT('',(-1.27,-1.016,0.));
#2243 = DIRECTION('',(0.707106781187,0.707106781187,0.));
#2244 = DIRECTION('',(0.707106781187,-0.707106781187,0.));
#2245 = ADVANCED_FACE('',(#2246),#2257,.F.);
#2246 = FACE_BOUND('',#2247,.F.);
#2247 = EDGE_LOOP('',(#2248,#2254,#2255,#2256));
#2248 = ORIENTED_EDGE('',*,*,#2249,.T.);
#2249 = EDGE_CURVE('',#1836,#2083,#2250,.T.);
#2250 = LINE('',#2251,#2252);
#2251 = CARTESIAN_POINT('',(1.27,-1.016,0.));
#2252 = VECTOR('',#2253,1.);
#2253 = DIRECTION('',(0.,0.,1.));
#2254 = ORIENTED_EDGE('',*,*,#2090,.T.);
#2255 = ORIENTED_EDGE('',*,*,#2215,.F.);
#2256 = ORIENTED_EDGE('',*,*,#1843,.F.);
#2257 = PLANE('',#2258);
#2258 = AXIS2_PLACEMENT_3D('',#2259,#2260,#2261);
#2259 = CARTESIAN_POINT('',(1.27,-1.016,0.));
#2260 = DIRECTION('',(-1.,0.,0.));
#2261 = DIRECTION('',(0.,1.,0.));
#2262 = ADVANCED_FACE('',(#2263),#2274,.F.);
#2263 = FACE_BOUND('',#2264,.F.);
#2264 = EDGE_LOOP('',(#2265,#2266,#2267,#2273));
#2265 = ORIENTED_EDGE('',*,*,#2234,.T.);
#2266 = ORIENTED_EDGE('',*,*,#1978,.T.);
#2267 = ORIENTED_EDGE('',*,*,#2268,.F.);
#2268 = EDGE_CURVE('',#1732,#1979,#2269,.T.);
#2269 = LINE('',#2270,#2271);
#2270 = CARTESIAN_POINT('',(-1.27,-1.524,0.));
#2271 = VECTOR('',#2272,1.);
#2272 = DIRECTION('',(0.,0.,1.));
#2273 = ORIENTED_EDGE('',*,*,#1731,.F.);
#2274 = PLANE('',#2275);
#2275 = AXIS2_PLACEMENT_3D('',#2276,#2277,#2278);
#2276 = CARTESIAN_POINT('',(-1.016,-1.27,0.));
#2277 = DIRECTION('',(0.707106781187,-0.707106781187,0.));
#2278 = DIRECTION('',(-0.707106781187,-0.707106781187,0.));
#2279 = ADVANCED_FACE('',(#2280),#2291,.F.);
#2280 = FACE_BOUND('',#2281,.F.);
#2281 = EDGE_LOOP('',(#2282,#2288,#2289,#2290));
#2282 = ORIENTED_EDGE('',*,*,#2283,.T.);
#2283 = EDGE_CURVE('',#1828,#2075,#2284,.T.);
#2284 = LINE('',#2285,#2286);
#2285 = CARTESIAN_POINT('',(1.016,-1.27,0.));
#2286 = VECTOR('',#2287,1.);
#2287 = DIRECTION('',(0.,0.,1.));
#2288 = ORIENTED_EDGE('',*,*,#2082,.T.);
#2289 = ORIENTED_EDGE('',*,*,#2249,.F.);
#2290 = ORIENTED_EDGE('',*,*,#1835,.F.);
#2291 = PLANE('',#2292);
#2292 = AXIS2_PLACEMENT_3D('',#2293,#2294,#2295);
#2293 = CARTESIAN_POINT('',(1.016,-1.27,0.));
#2294 = DIRECTION('',(-0.707106781187,0.707106781187,0.));
#2295 = DIRECTION('',(0.707106781187,0.707106781187,0.));
#2296 = ADVANCED_FACE('',(#2297),#2308,.F.);
#2297 = FACE_BOUND('',#2298,.F.);
#2298 = EDGE_LOOP('',(#2299,#2300,#2301,#2307));
#2299 = ORIENTED_EDGE('',*,*,#2268,.T.);
#2300 = ORIENTED_EDGE('',*,*,#1986,.T.);
#2301 = ORIENTED_EDGE('',*,*,#2302,.F.);
#2302 = EDGE_CURVE('',#1740,#1987,#2303,.T.);
#2303 = LINE('',#2304,#2305);
#2304 = CARTESIAN_POINT('',(-1.27,-3.556,0.));
#2305 = VECTOR('',#2306,1.);
#2306 = DIRECTION('',(0.,0.,1.));
#2307 = ORIENTED_EDGE('',*,*,#1739,.F.);
#2308 = PLANE('',#2309);
#2309 = AXIS2_PLACEMENT_3D('',#2310,#2311,#2312);
#2310 = CARTESIAN_POINT('',(-1.27,-1.524,0.));
#2311 = DIRECTION('',(1.,0.,0.));
#2312 = DIRECTION('',(0.,-1.,0.));
#2313 = ADVANCED_FACE('',(#2314),#2325,.F.);
#2314 = FACE_BOUND('',#2315,.F.);
#2315 = EDGE_LOOP('',(#2316,#2322,#2323,#2324));
#2316 = ORIENTED_EDGE('',*,*,#2317,.T.);
#2317 = EDGE_CURVE('',#1820,#2067,#2318,.T.);
#2318 = LINE('',#2319,#2320);
#2319 = CARTESIAN_POINT('',(1.27,-1.524,0.));
#2320 = VECTOR('',#2321,1.);
#2321 = DIRECTION('',(0.,0.,1.));
#2322 = ORIENTED_EDGE('',*,*,#2074,.T.);
#2323 = ORIENTED_EDGE('',*,*,#2283,.F.);
#2324 = ORIENTED_EDGE('',*,*,#1827,.F.);
#2325 = PLANE('',#2326);
#2326 = AXIS2_PLACEMENT_3D('',#2327,#2328,#2329);
#2327 = CARTESIAN_POINT('',(1.27,-1.524,0.));
#2328 = DIRECTION('',(-0.707106781187,-0.707106781187,0.));
#2329 = DIRECTION('',(-0.707106781187,0.707106781187,0.));
#2330 = ADVANCED_FACE('',(#2331),#2342,.F.);
#2331 = FACE_BOUND('',#2332,.F.);
#2332 = EDGE_LOOP('',(#2333,#2334,#2335,#2341));
#2333 = ORIENTED_EDGE('',*,*,#2302,.T.);
#2334 = ORIENTED_EDGE('',*,*,#1994,.T.);
#2335 = ORIENTED_EDGE('',*,*,#2336,.F.);
#2336 = EDGE_CURVE('',#1748,#1995,#2337,.T.);
#2337 = LINE('',#2338,#2339);
#2338 = CARTESIAN_POINT('',(-1.016,-3.81,0.));
#2339 = VECTOR('',#2340,1.);
#2340 = DIRECTION('',(0.,0.,1.));
#2341 = ORIENTED_EDGE('',*,*,#1747,.F.);
#2342 = PLANE('',#2343);
#2343 = AXIS2_PLACEMENT_3D('',#2344,#2345,#2346);
#2344 = CARTESIAN_POINT('',(-1.27,-3.556,0.));
#2345 = DIRECTION('',(0.707106781187,0.707106781187,0.));
#2346 = DIRECTION('',(0.707106781187,-0.707106781187,0.));
#2347 = ADVANCED_FACE('',(#2348),#2359,.F.);
#2348 = FACE_BOUND('',#2349,.F.);
#2349 = EDGE_LOOP('',(#2350,#2356,#2357,#2358));
#2350 = ORIENTED_EDGE('',*,*,#2351,.T.);
#2351 = EDGE_CURVE('',#1812,#2059,#2352,.T.);
#2352 = LINE('',#2353,#2354);
#2353 = CARTESIAN_POINT('',(1.27,-3.556,0.));
#2354 = VECTOR('',#2355,1.);
#2355 = DIRECTION('',(0.,0.,1.));
#2356 = ORIENTED_EDGE('',*,*,#2066,.T.);
#2357 = ORIENTED_EDGE('',*,*,#2317,.F.);
#2358 = ORIENTED_EDGE('',*,*,#1819,.F.);
#2359 = PLANE('',#2360);
#2360 = AXIS2_PLACEMENT_3D('',#2361,#2362,#2363);
#2361 = CARTESIAN_POINT('',(1.27,-3.556,0.));
#2362 = DIRECTION('',(-1.,0.,0.));
#2363 = DIRECTION('',(0.,1.,0.));
#2364 = ADVANCED_FACE('',(#2365),#2376,.F.);
#2365 = FACE_BOUND('',#2366,.F.);
#2366 = EDGE_LOOP('',(#2367,#2368,#2369,#2375));
#2367 = ORIENTED_EDGE('',*,*,#2336,.T.);
#2368 = ORIENTED_EDGE('',*,*,#2002,.T.);
#2369 = ORIENTED_EDGE('',*,*,#2370,.F.);
#2370 = EDGE_CURVE('',#1756,#2003,#2371,.T.);
#2371 = LINE('',#2372,#2373);
#2372 = CARTESIAN_POINT('',(-1.27,-4.064,0.));
#2373 = VECTOR('',#2374,1.);
#2374 = DIRECTION('',(0.,0.,1.));
#2375 = ORIENTED_EDGE('',*,*,#1755,.F.);
#2376 = PLANE('',#2377);
#2377 = AXIS2_PLACEMENT_3D('',#2378,#2379,#2380);
#2378 = CARTESIAN_POINT('',(-1.016,-3.81,0.));
#2379 = DIRECTION('',(0.707106781187,-0.707106781187,0.));
#2380 = DIRECTION('',(-0.707106781187,-0.707106781187,0.));
#2381 = ADVANCED_FACE('',(#2382),#2393,.F.);
#2382 = FACE_BOUND('',#2383,.F.);
#2383 = EDGE_LOOP('',(#2384,#2390,#2391,#2392));
#2384 = ORIENTED_EDGE('',*,*,#2385,.T.);
#2385 = EDGE_CURVE('',#1804,#2051,#2386,.T.);
#2386 = LINE('',#2387,#2388);
#2387 = CARTESIAN_POINT('',(1.016,-3.81,0.));
#2388 = VECTOR('',#2389,1.);
#2389 = DIRECTION('',(0.,0.,1.));
#2390 = ORIENTED_EDGE('',*,*,#2058,.T.);
#2391 = ORIENTED_EDGE('',*,*,#2351,.F.);
#2392 = ORIENTED_EDGE('',*,*,#1811,.F.);
#2393 = PLANE('',#2394);
#2394 = AXIS2_PLACEMENT_3D('',#2395,#2396,#2397);
#2395 = CARTESIAN_POINT('',(1.016,-3.81,0.));
#2396 = DIRECTION('',(-0.707106781187,0.707106781187,0.));
#2397 = DIRECTION('',(0.707106781187,0.707106781187,0.));
#2398 = ADVANCED_FACE('',(#2399),#2410,.F.);
#2399 = FACE_BOUND('',#2400,.F.);
#2400 = EDGE_LOOP('',(#2401,#2402,#2403,#2409));
#2401 = ORIENTED_EDGE('',*,*,#2370,.T.);
#2402 = ORIENTED_EDGE('',*,*,#2010,.T.);
#2403 = ORIENTED_EDGE('',*,*,#2404,.F.);
#2404 = EDGE_CURVE('',#1764,#2011,#2405,.T.);
#2405 = LINE('',#2406,#2407);
#2406 = CARTESIAN_POINT('',(-1.27,-6.096,0.));
#2407 = VECTOR('',#2408,1.);
#2408 = DIRECTION('',(0.,0.,1.));
#2409 = ORIENTED_EDGE('',*,*,#1763,.F.);
#2410 = PLANE('',#2411);
#2411 = AXIS2_PLACEMENT_3D('',#2412,#2413,#2414);
#2412 = CARTESIAN_POINT('',(-1.27,-4.064,0.));
#2413 = DIRECTION('',(1.,0.,0.));
#2414 = DIRECTION('',(0.,-1.,0.));
#2415 = ADVANCED_FACE('',(#2416),#2427,.F.);
#2416 = FACE_BOUND('',#2417,.F.);
#2417 = EDGE_LOOP('',(#2418,#2424,#2425,#2426));
#2418 = ORIENTED_EDGE('',*,*,#2419,.T.);
#2419 = EDGE_CURVE('',#1796,#2043,#2420,.T.);
#2420 = LINE('',#2421,#2422);
#2421 = CARTESIAN_POINT('',(1.27,-4.064,0.));
#2422 = VECTOR('',#2423,1.);
#2423 = DIRECTION('',(0.,0.,1.));
#2424 = ORIENTED_EDGE('',*,*,#2050,.T.);
#2425 = ORIENTED_EDGE('',*,*,#2385,.F.);
#2426 = ORIENTED_EDGE('',*,*,#1803,.F.);
#2427 = PLANE('',#2428);
#2428 = AXIS2_PLACEMENT_3D('',#2429,#2430,#2431);
#2429 = CARTESIAN_POINT('',(1.27,-4.064,0.));
#2430 = DIRECTION('',(-0.707106781187,-0.707106781187,0.));
#2431 = DIRECTION('',(-0.707106781187,0.707106781187,0.));
#2432 = ADVANCED_FACE('',(#2433),#2444,.F.);
#2433 = FACE_BOUND('',#2434,.F.);
#2434 = EDGE_LOOP('',(#2435,#2436,#2437,#2443));
#2435 = ORIENTED_EDGE('',*,*,#2404,.T.);
#2436 = ORIENTED_EDGE('',*,*,#2018,.T.);
#2437 = ORIENTED_EDGE('',*,*,#2438,.F.);
#2438 = EDGE_CURVE('',#1772,#2019,#2439,.T.);
#2439 = LINE('',#2440,#2441);
#2440 = CARTESIAN_POINT('',(-1.016,-6.35,0.));
#2441 = VECTOR('',#2442,1.);
#2442 = DIRECTION('',(0.,0.,1.));
#2443 = ORIENTED_EDGE('',*,*,#1771,.F.);
#2444 = PLANE('',#2445);
#2445 = AXIS2_PLACEMENT_3D('',#2446,#2447,#2448);
#2446 = CARTESIAN_POINT('',(-1.27,-6.096,0.));
#2447 = DIRECTION('',(0.707106781187,0.707106781187,0.));
#2448 = DIRECTION('',(0.707106781187,-0.707106781187,0.));
#2449 = ADVANCED_FACE('',(#2450),#2461,.F.);
#2450 = FACE_BOUND('',#2451,.F.);
#2451 = EDGE_LOOP('',(#2452,#2458,#2459,#2460));
#2452 = ORIENTED_EDGE('',*,*,#2453,.T.);
#2453 = EDGE_CURVE('',#1788,#2035,#2454,.T.);
#2454 = LINE('',#2455,#2456);
#2455 = CARTESIAN_POINT('',(1.27,-6.096,0.));
#2456 = VECTOR('',#2457,1.);
#2457 = DIRECTION('',(0.,0.,1.));
#2458 = ORIENTED_EDGE('',*,*,#2042,.T.);
#2459 = ORIENTED_EDGE('',*,*,#2419,.F.);
#2460 = ORIENTED_EDGE('',*,*,#1795,.F.);
#2461 = PLANE('',#2462);
#2462 = AXIS2_PLACEMENT_3D('',#2463,#2464,#2465);
#2463 = CARTESIAN_POINT('',(1.27,-6.096,0.));
#2464 = DIRECTION('',(-1.,0.,0.));
#2465 = DIRECTION('',(0.,1.,0.));
#2466 = ADVANCED_FACE('',(#2467),#2478,.F.);
#2467 = FACE_BOUND('',#2468,.F.);
#2468 = EDGE_LOOP('',(#2469,#2470,#2471,#2477));
#2469 = ORIENTED_EDGE('',*,*,#2438,.T.);
#2470 = ORIENTED_EDGE('',*,*,#2026,.T.);
#2471 = ORIENTED_EDGE('',*,*,#2472,.F.);
#2472 = EDGE_CURVE('',#1780,#2027,#2473,.T.);
#2473 = LINE('',#2474,#2475);
#2474 = CARTESIAN_POINT('',(1.016,-6.35,0.));
#2475 = VECTOR('',#2476,1.);
#2476 = DIRECTION('',(0.,0.,1.));
#2477 = ORIENTED_EDGE('',*,*,#1779,.F.);
#2478 = PLANE('',#2479);
#2479 = AXIS2_PLACEMENT_3D('',#2480,#2481,#2482);
#2480 = CARTESIAN_POINT('',(-1.016,-6.35,0.));
#2481 = DIRECTION('',(0.,1.,0.));
#2482 = DIRECTION('',(1.,0.,0.));
#2483 = ADVANCED_FACE('',(#2484),#2490,.F.);
#2484 = FACE_BOUND('',#2485,.F.);
#2485 = EDGE_LOOP('',(#2486,#2487,#2488,#2489));
#2486 = ORIENTED_EDGE('',*,*,#2472,.T.);
#2487 = ORIENTED_EDGE('',*,*,#2034,.T.);
#2488 = ORIENTED_EDGE('',*,*,#2453,.F.);
#2489 = ORIENTED_EDGE('',*,*,#1787,.F.);
#2490 = PLANE('',#2491);
#2491 = AXIS2_PLACEMENT_3D('',#2492,#2493,#2494);
#2492 = CARTESIAN_POINT('',(1.016,-6.35,0.));
#2493 = DIRECTION('',(-0.707106781187,0.707106781187,0.));
#2494 = DIRECTION('',(0.707106781187,0.707106781187,0.));
#2495 = ADVANCED_FACE('',(#2496),#2521,.T.);
#2496 = FACE_BOUND('',#2497,.T.);
#2497 = EDGE_LOOP('',(#2498,#2506,#2514,#2520));
#2498 = ORIENTED_EDGE('',*,*,#2499,.F.);
#2499 = EDGE_CURVE('',#2500,#1861,#2502,.T.);
#2500 = VERTEX_POINT('',#2501);
#2501 = CARTESIAN_POINT('',(0.32,-0.32,-2.84));
#2502 = LINE('',#2503,#2504);
#2503 = CARTESIAN_POINT('',(0.32,-0.32,-3.));
#2504 = VECTOR('',#2505,1.);
#2505 = DIRECTION('',(0.,0.,1.));
#2506 = ORIENTED_EDGE('',*,*,#2507,.T.);
#2507 = EDGE_CURVE('',#2500,#2508,#2510,.T.);
#2508 = VERTEX_POINT('',#2509);
#2509 = CARTESIAN_POINT('',(0.32,0.32,-2.84));
#2510 = LINE('',#2511,#2512);
#2511 = CARTESIAN_POINT('',(0.32,-0.32,-2.84));
#2512 = VECTOR('',#2513,1.);
#2513 = DIRECTION('',(0.,1.,0.));
#2514 = ORIENTED_EDGE('',*,*,#2515,.T.);
#2515 = EDGE_CURVE('',#2508,#1863,#2516,.T.);
#2516 = LINE('',#2517,#2518);
#2517 = CARTESIAN_POINT('',(0.32,0.32,-3.));
#2518 = VECTOR('',#2519,1.);
#2519 = DIRECTION('',(0.,0.,1.));
#2520 = ORIENTED_EDGE('',*,*,#1860,.F.);
#2521 = PLANE('',#2522);
#2522 = AXIS2_PLACEMENT_3D('',#2523,#2524,#2525);
#2523 = CARTESIAN_POINT('',(0.32,-0.32,-3.));
#2524 = DIRECTION('',(1.,0.,0.));
#2525 = DIRECTION('',(0.,0.,1.));
#2526 = ADVANCED_FACE('',(#2527),#2545,.T.);
#2527 = FACE_BOUND('',#2528,.T.);
#2528 = EDGE_LOOP('',(#2529,#2530,#2538,#2544));
#2529 = ORIENTED_EDGE('',*,*,#2515,.F.);
#2530 = ORIENTED_EDGE('',*,*,#2531,.F.);
#2531 = EDGE_CURVE('',#2532,#2508,#2534,.T.);
#2532 = VERTEX_POINT('',#2533);
#2533 = CARTESIAN_POINT('',(-0.32,0.32,-2.84));
#2534 = LINE('',#2535,#2536);
#2535 = CARTESIAN_POINT('',(-0.32,0.32,-2.84));
#2536 = VECTOR('',#2537,1.);
#2537 = DIRECTION('',(1.,0.,0.));
#2538 = ORIENTED_EDGE('',*,*,#2539,.T.);
#2539 = EDGE_CURVE('',#2532,#1879,#2540,.T.);
#2540 = LINE('',#2541,#2542);
#2541 = CARTESIAN_POINT('',(-0.32,0.32,-3.));
#2542 = VECTOR('',#2543,1.);
#2543 = DIRECTION('',(0.,0.,1.));
#2544 = ORIENTED_EDGE('',*,*,#1886,.F.);
#2545 = PLANE('',#2546);
#2546 = AXIS2_PLACEMENT_3D('',#2547,#2548,#2549);
#2547 = CARTESIAN_POINT('',(-0.32,0.32,-3.));
#2548 = DIRECTION('',(0.,1.,0.));
#2549 = DIRECTION('',(0.,-0.,1.));
#2550 = ADVANCED_FACE('',(#2551),#2569,.F.);
#2551 = FACE_BOUND('',#2552,.F.);
#2552 = EDGE_LOOP('',(#2553,#2561,#2567,#2568));
#2553 = ORIENTED_EDGE('',*,*,#2554,.F.);
#2554 = EDGE_CURVE('',#2555,#1871,#2557,.T.);
#2555 = VERTEX_POINT('',#2556);
#2556 = CARTESIAN_POINT('',(-0.32,-0.32,-2.84));
#2557 = LINE('',#2558,#2559);
#2558 = CARTESIAN_POINT('',(-0.32,-0.32,-3.));
#2559 = VECTOR('',#2560,1.);
#2560 = DIRECTION('',(0.,0.,1.));
#2561 = ORIENTED_EDGE('',*,*,#2562,.T.);
#2562 = EDGE_CURVE('',#2555,#2532,#2563,.T.);
#2563 = LINE('',#2564,#2565);
#2564 = CARTESIAN_POINT('',(-0.32,-0.32,-2.84));
#2565 = VECTOR('',#2566,1.);
#2566 = DIRECTION('',(0.,1.,0.));
#2567 = ORIENTED_EDGE('',*,*,#2539,.T.);
#2568 = ORIENTED_EDGE('',*,*,#1878,.F.);
#2569 = PLANE('',#2570);
#2570 = AXIS2_PLACEMENT_3D('',#2571,#2572,#2573);
#2571 = CARTESIAN_POINT('',(-0.32,-0.32,-3.));
#2572 = DIRECTION('',(1.,0.,0.));
#2573 = DIRECTION('',(0.,0.,1.));
#2574 = ADVANCED_FACE('',(#2575),#2586,.F.);
#2575 = FACE_BOUND('',#2576,.F.);
#2576 = EDGE_LOOP('',(#2577,#2578,#2584,#2585));
#2577 = ORIENTED_EDGE('',*,*,#2499,.F.);
#2578 = ORIENTED_EDGE('',*,*,#2579,.F.);
#2579 = EDGE_CURVE('',#2555,#2500,#2580,.T.);
#2580 = LINE('',#2581,#2582);
#2581 = CARTESIAN_POINT('',(-0.32,-0.32,-2.84));
#2582 = VECTOR('',#2583,1.);
#2583 = DIRECTION('',(1.,0.,0.));
#2584 = ORIENTED_EDGE('',*,*,#2554,.T.);
#2585 = ORIENTED_EDGE('',*,*,#1870,.F.);
#2586 = PLANE('',#2587);
#2587 = AXIS2_PLACEMENT_3D('',#2588,#2589,#2590);
#2588 = CARTESIAN_POINT('',(-0.32,-0.32,-3.));
#2589 = DIRECTION('',(0.,1.,0.));
#2590 = DIRECTION('',(0.,-0.,1.));
#2591 = ADVANCED_FACE('',(#2592),#2617,.F.);
#2592 = FACE_BOUND('',#2593,.F.);
#2593 = EDGE_LOOP('',(#2594,#2602,#2610,#2616));
#2594 = ORIENTED_EDGE('',*,*,#2595,.F.);
#2595 = EDGE_CURVE('',#2596,#1895,#2598,.T.);
#2596 = VERTEX_POINT('',#2597);
#2597 = CARTESIAN_POINT('',(0.32,-2.86,-2.84));
#2598 = LINE('',#2599,#2600);
#2599 = CARTESIAN_POINT('',(0.32,-2.86,-3.));
#2600 = VECTOR('',#2601,1.);
#2601 = DIRECTION('',(0.,0.,1.));
#2602 = ORIENTED_EDGE('',*,*,#2603,.F.);
#2603 = EDGE_CURVE('',#2604,#2596,#2606,.T.);
#2604 = VERTEX_POINT('',#2605);
#2605 = CARTESIAN_POINT('',(-0.32,-2.86,-2.84));
#2606 = LINE('',#2607,#2608);
#2607 = CARTESIAN_POINT('',(-0.32,-2.86,-2.84));
#2608 = VECTOR('',#2609,1.);
#2609 = DIRECTION('',(1.,0.,0.));
#2610 = ORIENTED_EDGE('',*,*,#2611,.T.);
#2611 = EDGE_CURVE('',#2604,#1897,#2612,.T.);
#2612 = LINE('',#2613,#2614);
#2613 = CARTESIAN_POINT('',(-0.32,-2.86,-3.));
#2614 = VECTOR('',#2615,1.);
#2615 = DIRECTION('',(0.,0.,1.));
#2616 = ORIENTED_EDGE('',*,*,#1894,.F.);
#2617 = PLANE('',#2618);
#2618 = AXIS2_PLACEMENT_3D('',#2619,#2620,#2621);
#2619 = CARTESIAN_POINT('',(-0.32,-2.86,-3.));
#2620 = DIRECTION('',(0.,1.,0.));
#2621 = DIRECTION('',(0.,-0.,1.));
#2622 = ADVANCED_FACE('',(#2623),#2641,.T.);
#2623 = FACE_BOUND('',#2624,.T.);
#2624 = EDGE_LOOP('',(#2625,#2626,#2634,#2640));
#2625 = ORIENTED_EDGE('',*,*,#2595,.F.);
#2626 = ORIENTED_EDGE('',*,*,#2627,.T.);
#2627 = EDGE_CURVE('',#2596,#2628,#2630,.T.);
#2628 = VERTEX_POINT('',#2629);
#2629 = CARTESIAN_POINT('',(0.32,-2.22,-2.84));
#2630 = LINE('',#2631,#2632);
#2631 = CARTESIAN_POINT('',(0.32,-2.86,-2.84));
#2632 = VECTOR('',#2633,1.);
#2633 = DIRECTION('',(0.,1.,0.));
#2634 = ORIENTED_EDGE('',*,*,#2635,.T.);
#2635 = EDGE_CURVE('',#2628,#1913,#2636,.T.);
#2636 = LINE('',#2637,#2638);
#2637 = CARTESIAN_POINT('',(0.32,-2.22,-3.));
#2638 = VECTOR('',#2639,1.);
#2639 = DIRECTION('',(0.,0.,1.));
#2640 = ORIENTED_EDGE('',*,*,#1920,.F.);
#2641 = PLANE('',#2642);
#2642 = AXIS2_PLACEMENT_3D('',#2643,#2644,#2645);
#2643 = CARTESIAN_POINT('',(0.32,-2.86,-3.));
#2644 = DIRECTION('',(1.,0.,0.));
#2645 = DIRECTION('',(0.,0.,1.));
#2646 = ADVANCED_FACE('',(#2647),#2665,.T.);
#2647 = FACE_BOUND('',#2648,.T.);
#2648 = EDGE_LOOP('',(#2649,#2650,#2658,#2664));
#2649 = ORIENTED_EDGE('',*,*,#2635,.F.);
#2650 = ORIENTED_EDGE('',*,*,#2651,.F.);
#2651 = EDGE_CURVE('',#2652,#2628,#2654,.T.);
#2652 = VERTEX_POINT('',#2653);
#2653 = CARTESIAN_POINT('',(-0.32,-2.22,-2.84));
#2654 = LINE('',#2655,#2656);
#2655 = CARTESIAN_POINT('',(-0.32,-2.22,-2.84));
#2656 = VECTOR('',#2657,1.);
#2657 = DIRECTION('',(1.,0.,0.));
#2658 = ORIENTED_EDGE('',*,*,#2659,.T.);
#2659 = EDGE_CURVE('',#2652,#1905,#2660,.T.);
#2660 = LINE('',#2661,#2662);
#2661 = CARTESIAN_POINT('',(-0.32,-2.22,-3.));
#2662 = VECTOR('',#2663,1.);
#2663 = DIRECTION('',(0.,0.,1.));
#2664 = ORIENTED_EDGE('',*,*,#1912,.F.);
#2665 = PLANE('',#2666);
#2666 = AXIS2_PLACEMENT_3D('',#2667,#2668,#2669);
#2667 = CARTESIAN_POINT('',(-0.32,-2.22,-3.));
#2668 = DIRECTION('',(0.,1.,0.));
#2669 = DIRECTION('',(0.,-0.,1.));
#2670 = ADVANCED_FACE('',(#2671),#2682,.F.);
#2671 = FACE_BOUND('',#2672,.F.);
#2672 = EDGE_LOOP('',(#2673,#2674,#2680,#2681));
#2673 = ORIENTED_EDGE('',*,*,#2611,.F.);
#2674 = ORIENTED_EDGE('',*,*,#2675,.T.);
#2675 = EDGE_CURVE('',#2604,#2652,#2676,.T.);
#2676 = LINE('',#2677,#2678);
#2677 = CARTESIAN_POINT('',(-0.32,-2.86,-2.84));
#2678 = VECTOR('',#2679,1.);
#2679 = DIRECTION('',(0.,1.,0.));
#2680 = ORIENTED_EDGE('',*,*,#2659,.T.);
#2681 = ORIENTED_EDGE('',*,*,#1904,.F.);
#2682 = PLANE('',#2683);
#2683 = AXIS2_PLACEMENT_3D('',#2684,#2685,#2686);
#2684 = CARTESIAN_POINT('',(-0.32,-2.86,-3.));
#2685 = DIRECTION('',(1.,0.,0.));
#2686 = DIRECTION('',(0.,0.,1.));
#2687 = ADVANCED_FACE('',(#2688),#2713,.T.);
#2688 = FACE_BOUND('',#2689,.T.);
#2689 = EDGE_LOOP('',(#2690,#2698,#2706,#2712));
#2690 = ORIENTED_EDGE('',*,*,#2691,.F.);
#2691 = EDGE_CURVE('',#2692,#1929,#2694,.T.);
#2692 = VERTEX_POINT('',#2693);
#2693 = CARTESIAN_POINT('',(0.32,-4.76,-2.84));
#2694 = LINE('',#2695,#2696);
#2695 = CARTESIAN_POINT('',(0.32,-4.76,-3.));
#2696 = VECTOR('',#2697,1.);
#2697 = DIRECTION('',(0.,0.,1.));
#2698 = ORIENTED_EDGE('',*,*,#2699,.F.);
#2699 = EDGE_CURVE('',#2700,#2692,#2702,.T.);
#2700 = VERTEX_POINT('',#2701);
#2701 = CARTESIAN_POINT('',(-0.32,-4.76,-2.84));
#2702 = LINE('',#2703,#2704);
#2703 = CARTESIAN_POINT('',(-0.32,-4.76,-2.84));
#2704 = VECTOR('',#2705,1.);
#2705 = DIRECTION('',(1.,0.,0.));
#2706 = ORIENTED_EDGE('',*,*,#2707,.T.);
#2707 = EDGE_CURVE('',#2700,#1931,#2708,.T.);
#2708 = LINE('',#2709,#2710);
#2709 = CARTESIAN_POINT('',(-0.32,-4.76,-3.));
#2710 = VECTOR('',#2711,1.);
#2711 = DIRECTION('',(0.,0.,1.));
#2712 = ORIENTED_EDGE('',*,*,#1928,.F.);
#2713 = PLANE('',#2714);
#2714 = AXIS2_PLACEMENT_3D('',#2715,#2716,#2717);
#2715 = CARTESIAN_POINT('',(-0.32,-4.76,-3.));
#2716 = DIRECTION('',(0.,1.,0.));
#2717 = DIRECTION('',(0.,-0.,1.));
#2718 = ADVANCED_FACE('',(#2719),#2737,.F.);
#2719 = FACE_BOUND('',#2720,.F.);
#2720 = EDGE_LOOP('',(#2721,#2729,#2735,#2736));
#2721 = ORIENTED_EDGE('',*,*,#2722,.F.);
#2722 = EDGE_CURVE('',#2723,#1947,#2725,.T.);
#2723 = VERTEX_POINT('',#2724);
#2724 = CARTESIAN_POINT('',(-0.32,-5.4,-2.84));
#2725 = LINE('',#2726,#2727);
#2726 = CARTESIAN_POINT('',(-0.32,-5.4,-3.));
#2727 = VECTOR('',#2728,1.);
#2728 = DIRECTION('',(0.,0.,1.));
#2729 = ORIENTED_EDGE('',*,*,#2730,.T.);
#2730 = EDGE_CURVE('',#2723,#2700,#2731,.T.);
#2731 = LINE('',#2732,#2733);
#2732 = CARTESIAN_POINT('',(-0.32,-5.4,-2.84));
#2733 = VECTOR('',#2734,1.);
#2734 = DIRECTION('',(0.,1.,0.));
#2735 = ORIENTED_EDGE('',*,*,#2707,.T.);
#2736 = ORIENTED_EDGE('',*,*,#1954,.F.);
#2737 = PLANE('',#2738);
#2738 = AXIS2_PLACEMENT_3D('',#2739,#2740,#2741);
#2739 = CARTESIAN_POINT('',(-0.32,-5.4,-3.));
#2740 = DIRECTION('',(1.,0.,0.));
#2741 = DIRECTION('',(0.,0.,1.));
#2742 = ADVANCED_FACE('',(#2743),#2761,.F.);
#2743 = FACE_BOUND('',#2744,.F.);
#2744 = EDGE_LOOP('',(#2745,#2753,#2759,#2760));
#2745 = ORIENTED_EDGE('',*,*,#2746,.F.);
#2746 = EDGE_CURVE('',#2747,#1939,#2749,.T.);
#2747 = VERTEX_POINT('',#2748);
#2748 = CARTESIAN_POINT('',(0.32,-5.4,-2.84));
#2749 = LINE('',#2750,#2751);
#2750 = CARTESIAN_POINT('',(0.32,-5.4,-3.));
#2751 = VECTOR('',#2752,1.);
#2752 = DIRECTION('',(0.,0.,1.));
#2753 = ORIENTED_EDGE('',*,*,#2754,.F.);
#2754 = EDGE_CURVE('',#2723,#2747,#2755,.T.);
#2755 = LINE('',#2756,#2757);
#2756 = CARTESIAN_POINT('',(-0.32,-5.4,-2.84));
#2757 = VECTOR('',#2758,1.);
#2758 = DIRECTION('',(1.,0.,0.));
#2759 = ORIENTED_EDGE('',*,*,#2722,.T.);
#2760 = ORIENTED_EDGE('',*,*,#1946,.F.);
#2761 = PLANE('',#2762);
#2762 = AXIS2_PLACEMENT_3D('',#2763,#2764,#2765);
#2763 = CARTESIAN_POINT('',(-0.32,-5.4,-3.));
#2764 = DIRECTION('',(0.,1.,0.));
#2765 = DIRECTION('',(0.,-0.,1.));
#2766 = ADVANCED_FACE('',(#2767),#2778,.T.);
#2767 = FACE_BOUND('',#2768,.T.);
#2768 = EDGE_LOOP('',(#2769,#2770,#2776,#2777));
#2769 = ORIENTED_EDGE('',*,*,#2746,.F.);
#2770 = ORIENTED_EDGE('',*,*,#2771,.T.);
#2771 = EDGE_CURVE('',#2747,#2692,#2772,.T.);
#2772 = LINE('',#2773,#2774);
#2773 = CARTESIAN_POINT('',(0.32,-5.4,-2.84));
#2774 = VECTOR('',#2775,1.);
#2775 = DIRECTION('',(0.,1.,0.));
#2776 = ORIENTED_EDGE('',*,*,#2691,.T.);
#2777 = ORIENTED_EDGE('',*,*,#1938,.F.);
#2778 = PLANE('',#2779);
#2779 = AXIS2_PLACEMENT_3D('',#2780,#2781,#2782);
#2780 = CARTESIAN_POINT('',(0.32,-5.4,-3.));
#2781 = DIRECTION('',(1.,0.,0.));
#2782 = DIRECTION('',(0.,0.,1.));
#2783 = ADVANCED_FACE('',(#2784),#2809,.T.);
#2784 = FACE_BOUND('',#2785,.T.);
#2785 = EDGE_LOOP('',(#2786,#2794,#2795,#2803));
#2786 = ORIENTED_EDGE('',*,*,#2787,.F.);
#2787 = EDGE_CURVE('',#2108,#2788,#2790,.T.);
#2788 = VERTEX_POINT('',#2789);
#2789 = CARTESIAN_POINT('',(0.32,-0.32,8.38));
#2790 = LINE('',#2791,#2792);
#2791 = CARTESIAN_POINT('',(0.32,-0.32,-3.));
#2792 = VECTOR('',#2793,1.);
#2793 = DIRECTION('',(0.,0.,1.));
#2794 = ORIENTED_EDGE('',*,*,#2107,.T.);
#2795 = ORIENTED_EDGE('',*,*,#2796,.T.);
#2796 = EDGE_CURVE('',#2110,#2797,#2799,.T.);
#2797 = VERTEX_POINT('',#2798);
#2798 = CARTESIAN_POINT('',(0.32,0.32,8.38));
#2799 = LINE('',#2800,#2801);
#2800 = CARTESIAN_POINT('',(0.32,0.32,-3.));
#2801 = VECTOR('',#2802,1.);
#2802 = DIRECTION('',(0.,0.,1.));
#2803 = ORIENTED_EDGE('',*,*,#2804,.F.);
#2804 = EDGE_CURVE('',#2788,#2797,#2805,.T.);
#2805 = LINE('',#2806,#2807);
#2806 = CARTESIAN_POINT('',(0.32,-0.32,8.38));
#2807 = VECTOR('',#2808,1.);
#2808 = DIRECTION('',(0.,1.,0.));
#2809 = PLANE('',#2810);
#2810 = AXIS2_PLACEMENT_3D('',#2811,#2812,#2813);
#2811 = CARTESIAN_POINT('',(0.32,-0.32,-3.));
#2812 = DIRECTION('',(1.,0.,0.));
#2813 = DIRECTION('',(0.,0.,1.));
#2814 = ADVANCED_FACE('',(#2815),#2833,.T.);
#2815 = FACE_BOUND('',#2816,.T.);
#2816 = EDGE_LOOP('',(#2817,#2818,#2819,#2827));
#2817 = ORIENTED_EDGE('',*,*,#2796,.F.);
#2818 = ORIENTED_EDGE('',*,*,#2133,.T.);
#2819 = ORIENTED_EDGE('',*,*,#2820,.T.);
#2820 = EDGE_CURVE('',#2126,#2821,#2823,.T.);
#2821 = VERTEX_POINT('',#2822);
#2822 = CARTESIAN_POINT('',(-0.32,0.32,8.38));
#2823 = LINE('',#2824,#2825);
#2824 = CARTESIAN_POINT('',(-0.32,0.32,-3.));
#2825 = VECTOR('',#2826,1.);
#2826 = DIRECTION('',(0.,0.,1.));
#2827 = ORIENTED_EDGE('',*,*,#2828,.T.);
#2828 = EDGE_CURVE('',#2821,#2797,#2829,.T.);
#2829 = LINE('',#2830,#2831);
#2830 = CARTESIAN_POINT('',(-0.32,0.32,8.38));
#2831 = VECTOR('',#2832,1.);
#2832 = DIRECTION('',(1.,0.,0.));
#2833 = PLANE('',#2834);
#2834 = AXIS2_PLACEMENT_3D('',#2835,#2836,#2837);
#2835 = CARTESIAN_POINT('',(-0.32,0.32,-3.));
#2836 = DIRECTION('',(0.,1.,0.));
#2837 = DIRECTION('',(0.,-0.,1.));
#2838 = ADVANCED_FACE('',(#2839),#2857,.F.);
#2839 = FACE_BOUND('',#2840,.F.);
#2840 = EDGE_LOOP('',(#2841,#2849,#2850,#2851));
#2841 = ORIENTED_EDGE('',*,*,#2842,.F.);
#2842 = EDGE_CURVE('',#2118,#2843,#2845,.T.);
#2843 = VERTEX_POINT('',#2844);
#2844 = CARTESIAN_POINT('',(-0.32,-0.32,8.38));
#2845 = LINE('',#2846,#2847);
#2846 = CARTESIAN_POINT('',(-0.32,-0.32,-3.));
#2847 = VECTOR('',#2848,1.);
#2848 = DIRECTION('',(0.,0.,1.));
#2849 = ORIENTED_EDGE('',*,*,#2125,.T.);
#2850 = ORIENTED_EDGE('',*,*,#2820,.T.);
#2851 = ORIENTED_EDGE('',*,*,#2852,.F.);
#2852 = EDGE_CURVE('',#2843,#2821,#2853,.T.);
#2853 = LINE('',#2854,#2855);
#2854 = CARTESIAN_POINT('',(-0.32,-0.32,8.38));
#2855 = VECTOR('',#2856,1.);
#2856 = DIRECTION('',(0.,1.,0.));
#2857 = PLANE('',#2858);
#2858 = AXIS2_PLACEMENT_3D('',#2859,#2860,#2861);
#2859 = CARTESIAN_POINT('',(-0.32,-0.32,-3.));
#2860 = DIRECTION('',(1.,0.,0.));
#2861 = DIRECTION('',(0.,0.,1.));
#2862 = ADVANCED_FACE('',(#2863),#2874,.F.);
#2863 = FACE_BOUND('',#2864,.F.);
#2864 = EDGE_LOOP('',(#2865,#2866,#2867,#2868));
#2865 = ORIENTED_EDGE('',*,*,#2787,.F.);
#2866 = ORIENTED_EDGE('',*,*,#2117,.T.);
#2867 = ORIENTED_EDGE('',*,*,#2842,.T.);
#2868 = ORIENTED_EDGE('',*,*,#2869,.T.);
#2869 = EDGE_CURVE('',#2843,#2788,#2870,.T.);
#2870 = LINE('',#2871,#2872);
#2871 = CARTESIAN_POINT('',(-0.32,-0.32,8.38));
#2872 = VECTOR('',#2873,1.);
#2873 = DIRECTION('',(1.,0.,0.));
#2874 = PLANE('',#2875);
#2875 = AXIS2_PLACEMENT_3D('',#2876,#2877,#2878);
#2876 = CARTESIAN_POINT('',(-0.32,-0.32,-3.));
#2877 = DIRECTION('',(0.,1.,0.));
#2878 = DIRECTION('',(0.,-0.,1.));
#2879 = ADVANCED_FACE('',(#2880),#2905,.F.);
#2880 = FACE_BOUND('',#2881,.F.);
#2881 = EDGE_LOOP('',(#2882,#2890,#2891,#2899));
#2882 = ORIENTED_EDGE('',*,*,#2883,.F.);
#2883 = EDGE_CURVE('',#2142,#2884,#2886,.T.);
#2884 = VERTEX_POINT('',#2885);
#2885 = CARTESIAN_POINT('',(0.32,-2.86,8.38));
#2886 = LINE('',#2887,#2888);
#2887 = CARTESIAN_POINT('',(0.32,-2.86,-3.));
#2888 = VECTOR('',#2889,1.);
#2889 = DIRECTION('',(0.,0.,1.));
#2890 = ORIENTED_EDGE('',*,*,#2141,.T.);
#2891 = ORIENTED_EDGE('',*,*,#2892,.T.);
#2892 = EDGE_CURVE('',#2144,#2893,#2895,.T.);
#2893 = VERTEX_POINT('',#2894);
#2894 = CARTESIAN_POINT('',(-0.32,-2.86,8.38));
#2895 = LINE('',#2896,#2897);
#2896 = CARTESIAN_POINT('',(-0.32,-2.86,-3.));
#2897 = VECTOR('',#2898,1.);
#2898 = DIRECTION('',(0.,0.,1.));
#2899 = ORIENTED_EDGE('',*,*,#2900,.T.);
#2900 = EDGE_CURVE('',#2893,#2884,#2901,.T.);
#2901 = LINE('',#2902,#2903);
#2902 = CARTESIAN_POINT('',(-0.32,-2.86,8.38));
#2903 = VECTOR('',#2904,1.);
#2904 = DIRECTION('',(1.,0.,0.));
#2905 = PLANE('',#2906);
#2906 = AXIS2_PLACEMENT_3D('',#2907,#2908,#2909);
#2907 = CARTESIAN_POINT('',(-0.32,-2.86,-3.));
#2908 = DIRECTION('',(0.,1.,0.));
#2909 = DIRECTION('',(0.,-0.,1.));
#2910 = ADVANCED_FACE('',(#2911),#2929,.T.);
#2911 = FACE_BOUND('',#2912,.T.);
#2912 = EDGE_LOOP('',(#2913,#2914,#2915,#2923));
#2913 = ORIENTED_EDGE('',*,*,#2883,.F.);
#2914 = ORIENTED_EDGE('',*,*,#2167,.T.);
#2915 = ORIENTED_EDGE('',*,*,#2916,.T.);
#2916 = EDGE_CURVE('',#2160,#2917,#2919,.T.);
#2917 = VERTEX_POINT('',#2918);
#2918 = CARTESIAN_POINT('',(0.32,-2.22,8.38));
#2919 = LINE('',#2920,#2921);
#2920 = CARTESIAN_POINT('',(0.32,-2.22,-3.));
#2921 = VECTOR('',#2922,1.);
#2922 = DIRECTION('',(0.,0.,1.));
#2923 = ORIENTED_EDGE('',*,*,#2924,.F.);
#2924 = EDGE_CURVE('',#2884,#2917,#2925,.T.);
#2925 = LINE('',#2926,#2927);
#2926 = CARTESIAN_POINT('',(0.32,-2.86,8.38));
#2927 = VECTOR('',#2928,1.);
#2928 = DIRECTION('',(0.,1.,0.));
#2929 = PLANE('',#2930);
#2930 = AXIS2_PLACEMENT_3D('',#2931,#2932,#2933);
#2931 = CARTESIAN_POINT('',(0.32,-2.86,-3.));
#2932 = DIRECTION('',(1.,0.,0.));
#2933 = DIRECTION('',(0.,0.,1.));
#2934 = ADVANCED_FACE('',(#2935),#2953,.T.);
#2935 = FACE_BOUND('',#2936,.T.);
#2936 = EDGE_LOOP('',(#2937,#2938,#2939,#2947));
#2937 = ORIENTED_EDGE('',*,*,#2916,.F.);
#2938 = ORIENTED_EDGE('',*,*,#2159,.T.);
#2939 = ORIENTED_EDGE('',*,*,#2940,.T.);
#2940 = EDGE_CURVE('',#2152,#2941,#2943,.T.);
#2941 = VERTEX_POINT('',#2942);
#2942 = CARTESIAN_POINT('',(-0.32,-2.22,8.38));
#2943 = LINE('',#2944,#2945);
#2944 = CARTESIAN_POINT('',(-0.32,-2.22,-3.));
#2945 = VECTOR('',#2946,1.);
#2946 = DIRECTION('',(0.,0.,1.));
#2947 = ORIENTED_EDGE('',*,*,#2948,.T.);
#2948 = EDGE_CURVE('',#2941,#2917,#2949,.T.);
#2949 = LINE('',#2950,#2951);
#2950 = CARTESIAN_POINT('',(-0.32,-2.22,8.38));
#2951 = VECTOR('',#2952,1.);
#2952 = DIRECTION('',(1.,0.,0.));
#2953 = PLANE('',#2954);
#2954 = AXIS2_PLACEMENT_3D('',#2955,#2956,#2957);
#2955 = CARTESIAN_POINT('',(-0.32,-2.22,-3.));
#2956 = DIRECTION('',(0.,1.,0.));
#2957 = DIRECTION('',(0.,-0.,1.));
#2958 = ADVANCED_FACE('',(#2959),#2970,.F.);
#2959 = FACE_BOUND('',#2960,.F.);
#2960 = EDGE_LOOP('',(#2961,#2962,#2963,#2964));
#2961 = ORIENTED_EDGE('',*,*,#2892,.F.);
#2962 = ORIENTED_EDGE('',*,*,#2151,.T.);
#2963 = ORIENTED_EDGE('',*,*,#2940,.T.);
#2964 = ORIENTED_EDGE('',*,*,#2965,.F.);
#2965 = EDGE_CURVE('',#2893,#2941,#2966,.T.);
#2966 = LINE('',#2967,#2968);
#2967 = CARTESIAN_POINT('',(-0.32,-2.86,8.38));
#2968 = VECTOR('',#2969,1.);
#2969 = DIRECTION('',(0.,1.,0.));
#2970 = PLANE('',#2971);
#2971 = AXIS2_PLACEMENT_3D('',#2972,#2973,#2974);
#2972 = CARTESIAN_POINT('',(-0.32,-2.86,-3.));
#2973 = DIRECTION('',(1.,0.,0.));
#2974 = DIRECTION('',(0.,0.,1.));
#2975 = ADVANCED_FACE('',(#2976),#3001,.T.);
#2976 = FACE_BOUND('',#2977,.T.);
#2977 = EDGE_LOOP('',(#2978,#2986,#2987,#2995));
#2978 = ORIENTED_EDGE('',*,*,#2979,.F.);
#2979 = EDGE_CURVE('',#2176,#2980,#2982,.T.);
#2980 = VERTEX_POINT('',#2981);
#2981 = CARTESIAN_POINT('',(0.32,-4.76,8.38));
#2982 = LINE('',#2983,#2984);
#2983 = CARTESIAN_POINT('',(0.32,-4.76,-3.));
#2984 = VECTOR('',#2985,1.);
#2985 = DIRECTION('',(0.,0.,1.));
#2986 = ORIENTED_EDGE('',*,*,#2175,.T.);
#2987 = ORIENTED_EDGE('',*,*,#2988,.T.);
#2988 = EDGE_CURVE('',#2178,#2989,#2991,.T.);
#2989 = VERTEX_POINT('',#2990);
#2990 = CARTESIAN_POINT('',(-0.32,-4.76,8.38));
#2991 = LINE('',#2992,#2993);
#2992 = CARTESIAN_POINT('',(-0.32,-4.76,-3.));
#2993 = VECTOR('',#2994,1.);
#2994 = DIRECTION('',(0.,0.,1.));
#2995 = ORIENTED_EDGE('',*,*,#2996,.T.);
#2996 = EDGE_CURVE('',#2989,#2980,#2997,.T.);
#2997 = LINE('',#2998,#2999);
#2998 = CARTESIAN_POINT('',(-0.32,-4.76,8.38));
#2999 = VECTOR('',#3000,1.);
#3000 = DIRECTION('',(1.,0.,0.));
#3001 = PLANE('',#3002);
#3002 = AXIS2_PLACEMENT_3D('',#3003,#3004,#3005);
#3003 = CARTESIAN_POINT('',(-0.32,-4.76,-3.));
#3004 = DIRECTION('',(0.,1.,0.));
#3005 = DIRECTION('',(0.,-0.,1.));
#3006 = ADVANCED_FACE('',(#3007),#3025,.F.);
#3007 = FACE_BOUND('',#3008,.F.);
#3008 = EDGE_LOOP('',(#3009,#3017,#3018,#3019));
#3009 = ORIENTED_EDGE('',*,*,#3010,.F.);
#3010 = EDGE_CURVE('',#2194,#3011,#3013,.T.);
#3011 = VERTEX_POINT('',#3012);
#3012 = CARTESIAN_POINT('',(-0.32,-5.4,8.38));
#3013 = LINE('',#3014,#3015);
#3014 = CARTESIAN_POINT('',(-0.32,-5.4,-3.));
#3015 = VECTOR('',#3016,1.);
#3016 = DIRECTION('',(0.,0.,1.));
#3017 = ORIENTED_EDGE('',*,*,#2201,.T.);
#3018 = ORIENTED_EDGE('',*,*,#2988,.T.);
#3019 = ORIENTED_EDGE('',*,*,#3020,.F.);
#3020 = EDGE_CURVE('',#3011,#2989,#3021,.T.);
#3021 = LINE('',#3022,#3023);
#3022 = CARTESIAN_POINT('',(-0.32,-5.4,8.38));
#3023 = VECTOR('',#3024,1.);
#3024 = DIRECTION('',(0.,1.,0.));
#3025 = PLANE('',#3026);
#3026 = AXIS2_PLACEMENT_3D('',#3027,#3028,#3029);
#3027 = CARTESIAN_POINT('',(-0.32,-5.4,-3.));
#3028 = DIRECTION('',(1.,0.,0.));
#3029 = DIRECTION('',(0.,0.,1.));
#3030 = ADVANCED_FACE('',(#3031),#3049,.F.);
#3031 = FACE_BOUND('',#3032,.F.);
#3032 = EDGE_LOOP('',(#3033,#3041,#3042,#3043));
#3033 = ORIENTED_EDGE('',*,*,#3034,.F.);
#3034 = EDGE_CURVE('',#2186,#3035,#3037,.T.);
#3035 = VERTEX_POINT('',#3036);
#3036 = CARTESIAN_POINT('',(0.32,-5.4,8.38));
#3037 = LINE('',#3038,#3039);
#3038 = CARTESIAN_POINT('',(0.32,-5.4,-3.));
#3039 = VECTOR('',#3040,1.);
#3040 = DIRECTION('',(0.,0.,1.));
#3041 = ORIENTED_EDGE('',*,*,#2193,.T.);
#3042 = ORIENTED_EDGE('',*,*,#3010,.T.);
#3043 = ORIENTED_EDGE('',*,*,#3044,.T.);
#3044 = EDGE_CURVE('',#3011,#3035,#3045,.T.);
#3045 = LINE('',#3046,#3047);
#3046 = CARTESIAN_POINT('',(-0.32,-5.4,8.38));
#3047 = VECTOR('',#3048,1.);
#3048 = DIRECTION('',(1.,0.,0.));
#3049 = PLANE('',#3050);
#3050 = AXIS2_PLACEMENT_3D('',#3051,#3052,#3053);
#3051 = CARTESIAN_POINT('',(-0.32,-5.4,-3.));
#3052 = DIRECTION('',(0.,1.,0.));
#3053 = DIRECTION('',(0.,-0.,1.));
#3054 = ADVANCED_FACE('',(#3055),#3066,.T.);
#3055 = FACE_BOUND('',#3056,.T.);
#3056 = EDGE_LOOP('',(#3057,#3058,#3059,#3060));
#3057 = ORIENTED_EDGE('',*,*,#3034,.F.);
#3058 = ORIENTED_EDGE('',*,*,#2185,.T.);
#3059 = ORIENTED_EDGE('',*,*,#2979,.T.);
#3060 = ORIENTED_EDGE('',*,*,#3061,.F.);
#3061 = EDGE_CURVE('',#3035,#2980,#3062,.T.);
#3062 = LINE('',#3063,#3064);
#3063 = CARTESIAN_POINT('',(0.32,-5.4,8.38));
#3064 = VECTOR('',#3065,1.);
#3065 = DIRECTION('',(0.,1.,0.));
#3066 = PLANE('',#3067);
#3067 = AXIS2_PLACEMENT_3D('',#3068,#3069,#3070);
#3068 = CARTESIAN_POINT('',(0.32,-5.4,-3.));
#3069 = DIRECTION('',(1.,0.,0.));
#3070 = DIRECTION('',(0.,0.,1.));
#3071 = ADVANCED_FACE('',(#3072),#3097,.F.);
#3072 = FACE_BOUND('',#3073,.F.);
#3073 = EDGE_LOOP('',(#3074,#3082,#3083,#3091));
#3074 = ORIENTED_EDGE('',*,*,#3075,.F.);
#3075 = EDGE_CURVE('',#2500,#3076,#3078,.T.);
#3076 = VERTEX_POINT('',#3077);
#3077 = CARTESIAN_POINT('',(0.16,-0.16,-3.));
#3078 = LINE('',#3079,#3080);
#3079 = CARTESIAN_POINT('',(0.16,-0.16,-3.));
#3080 = VECTOR('',#3081,1.);
#3081 = DIRECTION('',(-0.57735026919,0.57735026919,-0.57735026919));
#3082 = ORIENTED_EDGE('',*,*,#2507,.T.);
#3083 = ORIENTED_EDGE('',*,*,#3084,.T.);
#3084 = EDGE_CURVE('',#2508,#3085,#3087,.T.);
#3085 = VERTEX_POINT('',#3086);
#3086 = CARTESIAN_POINT('',(0.16,0.16,-3.));
#3087 = LINE('',#3088,#3089);
#3088 = CARTESIAN_POINT('',(5.333333333333E-02,5.333333333333E-02,
    -3.106666666667));
#3089 = VECTOR('',#3090,1.);
#3090 = DIRECTION('',(-0.57735026919,-0.57735026919,-0.57735026919));
#3091 = ORIENTED_EDGE('',*,*,#3092,.F.);
#3092 = EDGE_CURVE('',#3076,#3085,#3093,.T.);
#3093 = LINE('',#3094,#3095);
#3094 = CARTESIAN_POINT('',(0.16,-0.32,-3.));
#3095 = VECTOR('',#3096,1.);
#3096 = DIRECTION('',(0.,1.,0.));
#3097 = PLANE('',#3098);
#3098 = AXIS2_PLACEMENT_3D('',#3099,#3100,#3101);
#3099 = CARTESIAN_POINT('',(0.24,-0.32,-2.92));
#3100 = DIRECTION('',(-0.707106781187,1.735167508357E-18,0.707106781187)
  );
#3101 = DIRECTION('',(1.226948711654E-18,1.,-1.226948711654E-18));
#3102 = ADVANCED_FACE('',(#3103),#3121,.F.);
#3103 = FACE_BOUND('',#3104,.T.);
#3104 = EDGE_LOOP('',(#3105,#3113,#3114,#3115));
#3105 = ORIENTED_EDGE('',*,*,#3106,.F.);
#3106 = EDGE_CURVE('',#2532,#3107,#3109,.T.);
#3107 = VERTEX_POINT('',#3108);
#3108 = CARTESIAN_POINT('',(-0.16,0.16,-3.));
#3109 = LINE('',#3110,#3111);
#3110 = CARTESIAN_POINT('',(-0.16,0.16,-3.));
#3111 = VECTOR('',#3112,1.);
#3112 = DIRECTION('',(0.57735026919,-0.57735026919,-0.57735026919));
#3113 = ORIENTED_EDGE('',*,*,#2531,.T.);
#3114 = ORIENTED_EDGE('',*,*,#3084,.T.);
#3115 = ORIENTED_EDGE('',*,*,#3116,.F.);
#3116 = EDGE_CURVE('',#3107,#3085,#3117,.T.);
#3117 = LINE('',#3118,#3119);
#3118 = CARTESIAN_POINT('',(-0.32,0.16,-3.));
#3119 = VECTOR('',#3120,1.);
#3120 = DIRECTION('',(1.,0.,0.));
#3121 = PLANE('',#3122);
#3122 = AXIS2_PLACEMENT_3D('',#3123,#3124,#3125);
#3123 = CARTESIAN_POINT('',(-0.32,0.24,-2.92));
#3124 = DIRECTION('',(-1.735167508357E-18,-0.707106781187,0.707106781187
    ));
#3125 = DIRECTION('',(-1.,1.226948711654E-18,-1.226948711654E-18));
#3126 = ADVANCED_FACE('',(#3127),#3145,.T.);
#3127 = FACE_BOUND('',#3128,.T.);
#3128 = EDGE_LOOP('',(#3129,#3137,#3138,#3139));
#3129 = ORIENTED_EDGE('',*,*,#3130,.F.);
#3130 = EDGE_CURVE('',#2555,#3131,#3133,.T.);
#3131 = VERTEX_POINT('',#3132);
#3132 = CARTESIAN_POINT('',(-0.16,-0.16,-3.));
#3133 = LINE('',#3134,#3135);
#3134 = CARTESIAN_POINT('',(-0.266666666667,-0.266666666667,
    -2.893333333333));
#3135 = VECTOR('',#3136,1.);
#3136 = DIRECTION('',(0.57735026919,0.57735026919,-0.57735026919));
#3137 = ORIENTED_EDGE('',*,*,#2562,.T.);
#3138 = ORIENTED_EDGE('',*,*,#3106,.T.);
#3139 = ORIENTED_EDGE('',*,*,#3140,.F.);
#3140 = EDGE_CURVE('',#3131,#3107,#3141,.T.);
#3141 = LINE('',#3142,#3143);
#3142 = CARTESIAN_POINT('',(-0.16,-0.32,-3.));
#3143 = VECTOR('',#3144,1.);
#3144 = DIRECTION('',(0.,1.,0.));
#3145 = PLANE('',#3146);
#3146 = AXIS2_PLACEMENT_3D('',#3147,#3148,#3149);
#3147 = CARTESIAN_POINT('',(-0.24,-0.32,-2.92));
#3148 = DIRECTION('',(-0.707106781187,-1.735167508357E-18,
    -0.707106781187));
#3149 = DIRECTION('',(-1.226948711654E-18,1.,-1.226948711654E-18));
#3150 = ADVANCED_FACE('',(#3151),#3162,.T.);
#3151 = FACE_BOUND('',#3152,.F.);
#3152 = EDGE_LOOP('',(#3153,#3154,#3155,#3156));
#3153 = ORIENTED_EDGE('',*,*,#3130,.F.);
#3154 = ORIENTED_EDGE('',*,*,#2579,.T.);
#3155 = ORIENTED_EDGE('',*,*,#3075,.T.);
#3156 = ORIENTED_EDGE('',*,*,#3157,.F.);
#3157 = EDGE_CURVE('',#3131,#3076,#3158,.T.);
#3158 = LINE('',#3159,#3160);
#3159 = CARTESIAN_POINT('',(-0.32,-0.16,-3.));
#3160 = VECTOR('',#3161,1.);
#3161 = DIRECTION('',(1.,0.,0.));
#3162 = PLANE('',#3163);
#3163 = AXIS2_PLACEMENT_3D('',#3164,#3165,#3166);
#3164 = CARTESIAN_POINT('',(-0.32,-0.24,-2.92));
#3165 = DIRECTION('',(1.735167508357E-18,-0.707106781187,-0.707106781187
    ));
#3166 = DIRECTION('',(-1.,-1.226948711654E-18,-1.226948711654E-18));
#3167 = ADVANCED_FACE('',(#3168),#3193,.T.);
#3168 = FACE_BOUND('',#3169,.F.);
#3169 = EDGE_LOOP('',(#3170,#3178,#3179,#3187));
#3170 = ORIENTED_EDGE('',*,*,#3171,.F.);
#3171 = EDGE_CURVE('',#2604,#3172,#3174,.T.);
#3172 = VERTEX_POINT('',#3173);
#3173 = CARTESIAN_POINT('',(-0.16,-2.7,-3.));
#3174 = LINE('',#3175,#3176);
#3175 = CARTESIAN_POINT('',(-0.266666666667,-2.806666666667,
    -2.893333333333));
#3176 = VECTOR('',#3177,1.);
#3177 = DIRECTION('',(0.57735026919,0.57735026919,-0.57735026919));
#3178 = ORIENTED_EDGE('',*,*,#2603,.T.);
#3179 = ORIENTED_EDGE('',*,*,#3180,.T.);
#3180 = EDGE_CURVE('',#2596,#3181,#3183,.T.);
#3181 = VERTEX_POINT('',#3182);
#3182 = CARTESIAN_POINT('',(0.16,-2.7,-3.));
#3183 = LINE('',#3184,#3185);
#3184 = CARTESIAN_POINT('',(0.16,-2.7,-3.));
#3185 = VECTOR('',#3186,1.);
#3186 = DIRECTION('',(-0.57735026919,0.57735026919,-0.57735026919));
#3187 = ORIENTED_EDGE('',*,*,#3188,.F.);
#3188 = EDGE_CURVE('',#3172,#3181,#3189,.T.);
#3189 = LINE('',#3190,#3191);
#3190 = CARTESIAN_POINT('',(-0.32,-2.7,-3.));
#3191 = VECTOR('',#3192,1.);
#3192 = DIRECTION('',(1.,0.,0.));
#3193 = PLANE('',#3194);
#3194 = AXIS2_PLACEMENT_3D('',#3195,#3196,#3197);
#3195 = CARTESIAN_POINT('',(-0.32,-2.78,-2.92));
#3196 = DIRECTION('',(1.735167508357E-18,-0.707106781187,-0.707106781187
    ));
#3197 = DIRECTION('',(-1.,-1.226948711654E-18,-1.226948711654E-18));
#3198 = ADVANCED_FACE('',(#3199),#3217,.F.);
#3199 = FACE_BOUND('',#3200,.F.);
#3200 = EDGE_LOOP('',(#3201,#3202,#3203,#3211));
#3201 = ORIENTED_EDGE('',*,*,#3180,.F.);
#3202 = ORIENTED_EDGE('',*,*,#2627,.T.);
#3203 = ORIENTED_EDGE('',*,*,#3204,.T.);
#3204 = EDGE_CURVE('',#2628,#3205,#3207,.T.);
#3205 = VERTEX_POINT('',#3206);
#3206 = CARTESIAN_POINT('',(0.16,-2.38,-3.));
#3207 = LINE('',#3208,#3209);
#3208 = CARTESIAN_POINT('',(5.333333333333E-02,-2.486666666667,
    -3.106666666667));
#3209 = VECTOR('',#3210,1.);
#3210 = DIRECTION('',(-0.57735026919,-0.57735026919,-0.57735026919));
#3211 = ORIENTED_EDGE('',*,*,#3212,.F.);
#3212 = EDGE_CURVE('',#3181,#3205,#3213,.T.);
#3213 = LINE('',#3214,#3215);
#3214 = CARTESIAN_POINT('',(0.16,-2.86,-3.));
#3215 = VECTOR('',#3216,1.);
#3216 = DIRECTION('',(0.,1.,0.));
#3217 = PLANE('',#3218);
#3218 = AXIS2_PLACEMENT_3D('',#3219,#3220,#3221);
#3219 = CARTESIAN_POINT('',(0.24,-2.86,-2.92));
#3220 = DIRECTION('',(-0.707106781187,1.735167508357E-18,0.707106781187)
  );
#3221 = DIRECTION('',(1.226948711654E-18,1.,-1.226948711654E-18));
#3222 = ADVANCED_FACE('',(#3223),#3241,.F.);
#3223 = FACE_BOUND('',#3224,.T.);
#3224 = EDGE_LOOP('',(#3225,#3233,#3234,#3235));
#3225 = ORIENTED_EDGE('',*,*,#3226,.F.);
#3226 = EDGE_CURVE('',#2652,#3227,#3229,.T.);
#3227 = VERTEX_POINT('',#3228);
#3228 = CARTESIAN_POINT('',(-0.16,-2.38,-3.));
#3229 = LINE('',#3230,#3231);
#3230 = CARTESIAN_POINT('',(-0.16,-2.38,-3.));
#3231 = VECTOR('',#3232,1.);
#3232 = DIRECTION('',(0.57735026919,-0.57735026919,-0.57735026919));
#3233 = ORIENTED_EDGE('',*,*,#2651,.T.);
#3234 = ORIENTED_EDGE('',*,*,#3204,.T.);
#3235 = ORIENTED_EDGE('',*,*,#3236,.F.);
#3236 = EDGE_CURVE('',#3227,#3205,#3237,.T.);
#3237 = LINE('',#3238,#3239);
#3238 = CARTESIAN_POINT('',(-0.32,-2.38,-3.));
#3239 = VECTOR('',#3240,1.);
#3240 = DIRECTION('',(1.,0.,0.));
#3241 = PLANE('',#3242);
#3242 = AXIS2_PLACEMENT_3D('',#3243,#3244,#3245);
#3243 = CARTESIAN_POINT('',(-0.32,-2.3,-2.92));
#3244 = DIRECTION('',(-1.735167508357E-18,-0.707106781187,0.707106781187
    ));
#3245 = DIRECTION('',(-1.,1.226948711654E-18,-1.226948711654E-18));
#3246 = ADVANCED_FACE('',(#3247),#3258,.T.);
#3247 = FACE_BOUND('',#3248,.T.);
#3248 = EDGE_LOOP('',(#3249,#3250,#3251,#3252));
#3249 = ORIENTED_EDGE('',*,*,#3171,.F.);
#3250 = ORIENTED_EDGE('',*,*,#2675,.T.);
#3251 = ORIENTED_EDGE('',*,*,#3226,.T.);
#3252 = ORIENTED_EDGE('',*,*,#3253,.F.);
#3253 = EDGE_CURVE('',#3172,#3227,#3254,.T.);
#3254 = LINE('',#3255,#3256);
#3255 = CARTESIAN_POINT('',(-0.16,-2.86,-3.));
#3256 = VECTOR('',#3257,1.);
#3257 = DIRECTION('',(0.,1.,0.));
#3258 = PLANE('',#3259);
#3259 = AXIS2_PLACEMENT_3D('',#3260,#3261,#3262);
#3260 = CARTESIAN_POINT('',(-0.24,-2.86,-2.92));
#3261 = DIRECTION('',(-0.707106781187,-1.735167508357E-18,
    -0.707106781187));
#3262 = DIRECTION('',(-1.226948711654E-18,1.,-1.226948711654E-18));
#3263 = ADVANCED_FACE('',(#3264),#3289,.F.);
#3264 = FACE_BOUND('',#3265,.T.);
#3265 = EDGE_LOOP('',(#3266,#3274,#3275,#3283));
#3266 = ORIENTED_EDGE('',*,*,#3267,.F.);
#3267 = EDGE_CURVE('',#2700,#3268,#3270,.T.);
#3268 = VERTEX_POINT('',#3269);
#3269 = CARTESIAN_POINT('',(-0.16,-4.92,-3.));
#3270 = LINE('',#3271,#3272);
#3271 = CARTESIAN_POINT('',(-0.16,-4.92,-3.));
#3272 = VECTOR('',#3273,1.);
#3273 = DIRECTION('',(0.57735026919,-0.57735026919,-0.57735026919));
#3274 = ORIENTED_EDGE('',*,*,#2699,.T.);
#3275 = ORIENTED_EDGE('',*,*,#3276,.T.);
#3276 = EDGE_CURVE('',#2692,#3277,#3279,.T.);
#3277 = VERTEX_POINT('',#3278);
#3278 = CARTESIAN_POINT('',(0.16,-4.92,-3.));
#3279 = LINE('',#3280,#3281);
#3280 = CARTESIAN_POINT('',(5.333333333333E-02,-5.026666666667,
    -3.106666666667));
#3281 = VECTOR('',#3282,1.);
#3282 = DIRECTION('',(-0.57735026919,-0.57735026919,-0.57735026919));
#3283 = ORIENTED_EDGE('',*,*,#3284,.F.);
#3284 = EDGE_CURVE('',#3268,#3277,#3285,.T.);
#3285 = LINE('',#3286,#3287);
#3286 = CARTESIAN_POINT('',(-0.32,-4.92,-3.));
#3287 = VECTOR('',#3288,1.);
#3288 = DIRECTION('',(1.,0.,0.));
#3289 = PLANE('',#3290);
#3290 = AXIS2_PLACEMENT_3D('',#3291,#3292,#3293);
#3291 = CARTESIAN_POINT('',(-0.32,-4.84,-2.92));
#3292 = DIRECTION('',(-1.735167508357E-18,-0.707106781187,0.707106781187
    ));
#3293 = DIRECTION('',(-1.,1.226948711654E-18,-1.226948711654E-18));
#3294 = ADVANCED_FACE('',(#3295),#3313,.T.);
#3295 = FACE_BOUND('',#3296,.T.);
#3296 = EDGE_LOOP('',(#3297,#3305,#3306,#3307));
#3297 = ORIENTED_EDGE('',*,*,#3298,.F.);
#3298 = EDGE_CURVE('',#2723,#3299,#3301,.T.);
#3299 = VERTEX_POINT('',#3300);
#3300 = CARTESIAN_POINT('',(-0.16,-5.24,-3.));
#3301 = LINE('',#3302,#3303);
#3302 = CARTESIAN_POINT('',(-0.266666666667,-5.346666666667,
    -2.893333333333));
#3303 = VECTOR('',#3304,1.);
#3304 = DIRECTION('',(0.57735026919,0.57735026919,-0.57735026919));
#3305 = ORIENTED_EDGE('',*,*,#2730,.T.);
#3306 = ORIENTED_EDGE('',*,*,#3267,.T.);
#3307 = ORIENTED_EDGE('',*,*,#3308,.F.);
#3308 = EDGE_CURVE('',#3299,#3268,#3309,.T.);
#3309 = LINE('',#3310,#3311);
#3310 = CARTESIAN_POINT('',(-0.16,-5.4,-3.));
#3311 = VECTOR('',#3312,1.);
#3312 = DIRECTION('',(0.,1.,0.));
#3313 = PLANE('',#3314);
#3314 = AXIS2_PLACEMENT_3D('',#3315,#3316,#3317);
#3315 = CARTESIAN_POINT('',(-0.24,-5.4,-2.92));
#3316 = DIRECTION('',(-0.707106781187,-1.735167508357E-18,
    -0.707106781187));
#3317 = DIRECTION('',(-1.226948711654E-18,1.,-1.226948711654E-18));
#3318 = ADVANCED_FACE('',(#3319),#3337,.T.);
#3319 = FACE_BOUND('',#3320,.F.);
#3320 = EDGE_LOOP('',(#3321,#3322,#3323,#3331));
#3321 = ORIENTED_EDGE('',*,*,#3298,.F.);
#3322 = ORIENTED_EDGE('',*,*,#2754,.T.);
#3323 = ORIENTED_EDGE('',*,*,#3324,.T.);
#3324 = EDGE_CURVE('',#2747,#3325,#3327,.T.);
#3325 = VERTEX_POINT('',#3326);
#3326 = CARTESIAN_POINT('',(0.16,-5.24,-3.));
#3327 = LINE('',#3328,#3329);
#3328 = CARTESIAN_POINT('',(0.16,-5.24,-3.));
#3329 = VECTOR('',#3330,1.);
#3330 = DIRECTION('',(-0.57735026919,0.57735026919,-0.57735026919));
#3331 = ORIENTED_EDGE('',*,*,#3332,.F.);
#3332 = EDGE_CURVE('',#3299,#3325,#3333,.T.);
#3333 = LINE('',#3334,#3335);
#3334 = CARTESIAN_POINT('',(-0.32,-5.24,-3.));
#3335 = VECTOR('',#3336,1.);
#3336 = DIRECTION('',(1.,0.,0.));
#3337 = PLANE('',#3338);
#3338 = AXIS2_PLACEMENT_3D('',#3339,#3340,#3341);
#3339 = CARTESIAN_POINT('',(-0.32,-5.32,-2.92));
#3340 = DIRECTION('',(1.735167508357E-18,-0.707106781187,-0.707106781187
    ));
#3341 = DIRECTION('',(-1.,-1.226948711654E-18,-1.226948711654E-18));
#3342 = ADVANCED_FACE('',(#3343),#3354,.F.);
#3343 = FACE_BOUND('',#3344,.F.);
#3344 = EDGE_LOOP('',(#3345,#3346,#3347,#3348));
#3345 = ORIENTED_EDGE('',*,*,#3324,.F.);
#3346 = ORIENTED_EDGE('',*,*,#2771,.T.);
#3347 = ORIENTED_EDGE('',*,*,#3276,.T.);
#3348 = ORIENTED_EDGE('',*,*,#3349,.F.);
#3349 = EDGE_CURVE('',#3325,#3277,#3350,.T.);
#3350 = LINE('',#3351,#3352);
#3351 = CARTESIAN_POINT('',(0.16,-5.4,-3.));
#3352 = VECTOR('',#3353,1.);
#3353 = DIRECTION('',(0.,1.,0.));
#3354 = PLANE('',#3355);
#3355 = AXIS2_PLACEMENT_3D('',#3356,#3357,#3358);
#3356 = CARTESIAN_POINT('',(0.24,-5.4,-2.92));
#3357 = DIRECTION('',(-0.707106781187,1.735167508357E-18,0.707106781187)
  );
#3358 = DIRECTION('',(1.226948711654E-18,1.,-1.226948711654E-18));
#3359 = ADVANCED_FACE('',(#3360),#3385,.T.);
#3360 = FACE_BOUND('',#3361,.T.);
#3361 = EDGE_LOOP('',(#3362,#3370,#3371,#3379));
#3362 = ORIENTED_EDGE('',*,*,#3363,.F.);
#3363 = EDGE_CURVE('',#2788,#3364,#3366,.T.);
#3364 = VERTEX_POINT('',#3365);
#3365 = CARTESIAN_POINT('',(0.16,-0.16,8.54));
#3366 = LINE('',#3367,#3368);
#3367 = CARTESIAN_POINT('',(0.16,-0.16,8.54));
#3368 = VECTOR('',#3369,1.);
#3369 = DIRECTION('',(-0.57735026919,0.57735026919,0.57735026919));
#3370 = ORIENTED_EDGE('',*,*,#2804,.T.);
#3371 = ORIENTED_EDGE('',*,*,#3372,.T.);
#3372 = EDGE_CURVE('',#2797,#3373,#3375,.T.);
#3373 = VERTEX_POINT('',#3374);
#3374 = CARTESIAN_POINT('',(0.16,0.16,8.54));
#3375 = LINE('',#3376,#3377);
#3376 = CARTESIAN_POINT('',(5.333333333333E-02,5.333333333333E-02,
    8.646666666667));
#3377 = VECTOR('',#3378,1.);
#3378 = DIRECTION('',(-0.57735026919,-0.57735026919,0.57735026919));
#3379 = ORIENTED_EDGE('',*,*,#3380,.F.);
#3380 = EDGE_CURVE('',#3364,#3373,#3381,.T.);
#3381 = LINE('',#3382,#3383);
#3382 = CARTESIAN_POINT('',(0.16,-0.32,8.54));
#3383 = VECTOR('',#3384,1.);
#3384 = DIRECTION('',(0.,1.,0.));
#3385 = PLANE('',#3386);
#3386 = AXIS2_PLACEMENT_3D('',#3387,#3388,#3389);
#3387 = CARTESIAN_POINT('',(0.24,-0.32,8.46));
#3388 = DIRECTION('',(0.707106781187,-1.735167508357E-18,0.707106781187)
  );
#3389 = DIRECTION('',(1.226948711654E-18,1.,1.226948711654E-18));
#3390 = ADVANCED_FACE('',(#3391),#3409,.T.);
#3391 = FACE_BOUND('',#3392,.F.);
#3392 = EDGE_LOOP('',(#3393,#3401,#3402,#3403));
#3393 = ORIENTED_EDGE('',*,*,#3394,.F.);
#3394 = EDGE_CURVE('',#2821,#3395,#3397,.T.);
#3395 = VERTEX_POINT('',#3396);
#3396 = CARTESIAN_POINT('',(-0.16,0.16,8.54));
#3397 = LINE('',#3398,#3399);
#3398 = CARTESIAN_POINT('',(-0.16,0.16,8.54));
#3399 = VECTOR('',#3400,1.);
#3400 = DIRECTION('',(0.57735026919,-0.57735026919,0.57735026919));
#3401 = ORIENTED_EDGE('',*,*,#2828,.T.);
#3402 = ORIENTED_EDGE('',*,*,#3372,.T.);
#3403 = ORIENTED_EDGE('',*,*,#3404,.F.);
#3404 = EDGE_CURVE('',#3395,#3373,#3405,.T.);
#3405 = LINE('',#3406,#3407);
#3406 = CARTESIAN_POINT('',(-0.32,0.16,8.54));
#3407 = VECTOR('',#3408,1.);
#3408 = DIRECTION('',(1.,0.,0.));
#3409 = PLANE('',#3410);
#3410 = AXIS2_PLACEMENT_3D('',#3411,#3412,#3413);
#3411 = CARTESIAN_POINT('',(-0.32,0.24,8.46));
#3412 = DIRECTION('',(1.735167508357E-18,0.707106781187,0.707106781187)
  );
#3413 = DIRECTION('',(-1.,1.226948711654E-18,1.226948711654E-18));
#3414 = ADVANCED_FACE('',(#3415),#3433,.F.);
#3415 = FACE_BOUND('',#3416,.F.);
#3416 = EDGE_LOOP('',(#3417,#3425,#3426,#3427));
#3417 = ORIENTED_EDGE('',*,*,#3418,.F.);
#3418 = EDGE_CURVE('',#2843,#3419,#3421,.T.);
#3419 = VERTEX_POINT('',#3420);
#3420 = CARTESIAN_POINT('',(-0.16,-0.16,8.54));
#3421 = LINE('',#3422,#3423);
#3422 = CARTESIAN_POINT('',(-0.266666666667,-0.266666666667,
    8.433333333333));
#3423 = VECTOR('',#3424,1.);
#3424 = DIRECTION('',(0.57735026919,0.57735026919,0.57735026919));
#3425 = ORIENTED_EDGE('',*,*,#2852,.T.);
#3426 = ORIENTED_EDGE('',*,*,#3394,.T.);
#3427 = ORIENTED_EDGE('',*,*,#3428,.F.);
#3428 = EDGE_CURVE('',#3419,#3395,#3429,.T.);
#3429 = LINE('',#3430,#3431);
#3430 = CARTESIAN_POINT('',(-0.16,-0.32,8.54));
#3431 = VECTOR('',#3432,1.);
#3432 = DIRECTION('',(0.,1.,0.));
#3433 = PLANE('',#3434);
#3434 = AXIS2_PLACEMENT_3D('',#3435,#3436,#3437);
#3435 = CARTESIAN_POINT('',(-0.24,-0.32,8.46));
#3436 = DIRECTION('',(0.707106781187,1.735167508357E-18,-0.707106781187)
  );
#3437 = DIRECTION('',(-1.226948711654E-18,1.,1.226948711654E-18));
#3438 = ADVANCED_FACE('',(#3439),#3450,.F.);
#3439 = FACE_BOUND('',#3440,.T.);
#3440 = EDGE_LOOP('',(#3441,#3442,#3443,#3444));
#3441 = ORIENTED_EDGE('',*,*,#3418,.F.);
#3442 = ORIENTED_EDGE('',*,*,#2869,.T.);
#3443 = ORIENTED_EDGE('',*,*,#3363,.T.);
#3444 = ORIENTED_EDGE('',*,*,#3445,.F.);
#3445 = EDGE_CURVE('',#3419,#3364,#3446,.T.);
#3446 = LINE('',#3447,#3448);
#3447 = CARTESIAN_POINT('',(-0.32,-0.16,8.54));
#3448 = VECTOR('',#3449,1.);
#3449 = DIRECTION('',(1.,0.,0.));
#3450 = PLANE('',#3451);
#3451 = AXIS2_PLACEMENT_3D('',#3452,#3453,#3454);
#3452 = CARTESIAN_POINT('',(-0.32,-0.24,8.46));
#3453 = DIRECTION('',(-1.735167508357E-18,0.707106781187,-0.707106781187
    ));
#3454 = DIRECTION('',(-1.,-1.226948711654E-18,1.226948711654E-18));
#3455 = ADVANCED_FACE('',(#3456),#3481,.F.);
#3456 = FACE_BOUND('',#3457,.T.);
#3457 = EDGE_LOOP('',(#3458,#3466,#3467,#3475));
#3458 = ORIENTED_EDGE('',*,*,#3459,.F.);
#3459 = EDGE_CURVE('',#2893,#3460,#3462,.T.);
#3460 = VERTEX_POINT('',#3461);
#3461 = CARTESIAN_POINT('',(-0.16,-2.7,8.54));
#3462 = LINE('',#3463,#3464);
#3463 = CARTESIAN_POINT('',(-0.266666666667,-2.806666666667,
    8.433333333333));
#3464 = VECTOR('',#3465,1.);
#3465 = DIRECTION('',(0.57735026919,0.57735026919,0.57735026919));
#3466 = ORIENTED_EDGE('',*,*,#2900,.T.);
#3467 = ORIENTED_EDGE('',*,*,#3468,.T.);
#3468 = EDGE_CURVE('',#2884,#3469,#3471,.T.);
#3469 = VERTEX_POINT('',#3470);
#3470 = CARTESIAN_POINT('',(0.16,-2.7,8.54));
#3471 = LINE('',#3472,#3473);
#3472 = CARTESIAN_POINT('',(0.16,-2.7,8.54));
#3473 = VECTOR('',#3474,1.);
#3474 = DIRECTION('',(-0.57735026919,0.57735026919,0.57735026919));
#3475 = ORIENTED_EDGE('',*,*,#3476,.F.);
#3476 = EDGE_CURVE('',#3460,#3469,#3477,.T.);
#3477 = LINE('',#3478,#3479);
#3478 = CARTESIAN_POINT('',(-0.32,-2.7,8.54));
#3479 = VECTOR('',#3480,1.);
#3480 = DIRECTION('',(1.,0.,0.));
#3481 = PLANE('',#3482);
#3482 = AXIS2_PLACEMENT_3D('',#3483,#3484,#3485);
#3483 = CARTESIAN_POINT('',(-0.32,-2.78,8.46));
#3484 = DIRECTION('',(-1.735167508357E-18,0.707106781187,-0.707106781187
    ));
#3485 = DIRECTION('',(-1.,-1.226948711654E-18,1.226948711654E-18));
#3486 = ADVANCED_FACE('',(#3487),#3505,.T.);
#3487 = FACE_BOUND('',#3488,.T.);
#3488 = EDGE_LOOP('',(#3489,#3490,#3491,#3499));
#3489 = ORIENTED_EDGE('',*,*,#3468,.F.);
#3490 = ORIENTED_EDGE('',*,*,#2924,.T.);
#3491 = ORIENTED_EDGE('',*,*,#3492,.T.);
#3492 = EDGE_CURVE('',#2917,#3493,#3495,.T.);
#3493 = VERTEX_POINT('',#3494);
#3494 = CARTESIAN_POINT('',(0.16,-2.38,8.54));
#3495 = LINE('',#3496,#3497);
#3496 = CARTESIAN_POINT('',(5.333333333333E-02,-2.486666666667,
    8.646666666667));
#3497 = VECTOR('',#3498,1.);
#3498 = DIRECTION('',(-0.57735026919,-0.57735026919,0.57735026919));
#3499 = ORIENTED_EDGE('',*,*,#3500,.F.);
#3500 = EDGE_CURVE('',#3469,#3493,#3501,.T.);
#3501 = LINE('',#3502,#3503);
#3502 = CARTESIAN_POINT('',(0.16,-2.86,8.54));
#3503 = VECTOR('',#3504,1.);
#3504 = DIRECTION('',(0.,1.,0.));
#3505 = PLANE('',#3506);
#3506 = AXIS2_PLACEMENT_3D('',#3507,#3508,#3509);
#3507 = CARTESIAN_POINT('',(0.24,-2.86,8.46));
#3508 = DIRECTION('',(0.707106781187,-1.735167508357E-18,0.707106781187)
  );
#3509 = DIRECTION('',(1.226948711654E-18,1.,1.226948711654E-18));
#3510 = ADVANCED_FACE('',(#3511),#3529,.T.);
#3511 = FACE_BOUND('',#3512,.F.);
#3512 = EDGE_LOOP('',(#3513,#3521,#3522,#3523));
#3513 = ORIENTED_EDGE('',*,*,#3514,.F.);
#3514 = EDGE_CURVE('',#2941,#3515,#3517,.T.);
#3515 = VERTEX_POINT('',#3516);
#3516 = CARTESIAN_POINT('',(-0.16,-2.38,8.54));
#3517 = LINE('',#3518,#3519);
#3518 = CARTESIAN_POINT('',(-0.16,-2.38,8.54));
#3519 = VECTOR('',#3520,1.);
#3520 = DIRECTION('',(0.57735026919,-0.57735026919,0.57735026919));
#3521 = ORIENTED_EDGE('',*,*,#2948,.T.);
#3522 = ORIENTED_EDGE('',*,*,#3492,.T.);
#3523 = ORIENTED_EDGE('',*,*,#3524,.F.);
#3524 = EDGE_CURVE('',#3515,#3493,#3525,.T.);
#3525 = LINE('',#3526,#3527);
#3526 = CARTESIAN_POINT('',(-0.32,-2.38,8.54));
#3527 = VECTOR('',#3528,1.);
#3528 = DIRECTION('',(1.,0.,0.));
#3529 = PLANE('',#3530);
#3530 = AXIS2_PLACEMENT_3D('',#3531,#3532,#3533);
#3531 = CARTESIAN_POINT('',(-0.32,-2.3,8.46));
#3532 = DIRECTION('',(1.735167508357E-18,0.707106781187,0.707106781187)
  );
#3533 = DIRECTION('',(-1.,1.226948711654E-18,1.226948711654E-18));
#3534 = ADVANCED_FACE('',(#3535),#3546,.F.);
#3535 = FACE_BOUND('',#3536,.F.);
#3536 = EDGE_LOOP('',(#3537,#3538,#3539,#3540));
#3537 = ORIENTED_EDGE('',*,*,#3459,.F.);
#3538 = ORIENTED_EDGE('',*,*,#2965,.T.);
#3539 = ORIENTED_EDGE('',*,*,#3514,.T.);
#3540 = ORIENTED_EDGE('',*,*,#3541,.F.);
#3541 = EDGE_CURVE('',#3460,#3515,#3542,.T.);
#3542 = LINE('',#3543,#3544);
#3543 = CARTESIAN_POINT('',(-0.16,-2.86,8.54));
#3544 = VECTOR('',#3545,1.);
#3545 = DIRECTION('',(0.,1.,0.));
#3546 = PLANE('',#3547);
#3547 = AXIS2_PLACEMENT_3D('',#3548,#3549,#3550);
#3548 = CARTESIAN_POINT('',(-0.24,-2.86,8.46));
#3549 = DIRECTION('',(0.707106781187,1.735167508357E-18,-0.707106781187)
  );
#3550 = DIRECTION('',(-1.226948711654E-18,1.,1.226948711654E-18));
#3551 = ADVANCED_FACE('',(#3552),#3577,.T.);
#3552 = FACE_BOUND('',#3553,.F.);
#3553 = EDGE_LOOP('',(#3554,#3562,#3563,#3571));
#3554 = ORIENTED_EDGE('',*,*,#3555,.F.);
#3555 = EDGE_CURVE('',#2989,#3556,#3558,.T.);
#3556 = VERTEX_POINT('',#3557);
#3557 = CARTESIAN_POINT('',(-0.16,-4.92,8.54));
#3558 = LINE('',#3559,#3560);
#3559 = CARTESIAN_POINT('',(-0.16,-4.92,8.54));
#3560 = VECTOR('',#3561,1.);
#3561 = DIRECTION('',(0.57735026919,-0.57735026919,0.57735026919));
#3562 = ORIENTED_EDGE('',*,*,#2996,.T.);
#3563 = ORIENTED_EDGE('',*,*,#3564,.T.);
#3564 = EDGE_CURVE('',#2980,#3565,#3567,.T.);
#3565 = VERTEX_POINT('',#3566);
#3566 = CARTESIAN_POINT('',(0.16,-4.92,8.54));
#3567 = LINE('',#3568,#3569);
#3568 = CARTESIAN_POINT('',(5.333333333333E-02,-5.026666666667,
    8.646666666667));
#3569 = VECTOR('',#3570,1.);
#3570 = DIRECTION('',(-0.57735026919,-0.57735026919,0.57735026919));
#3571 = ORIENTED_EDGE('',*,*,#3572,.F.);
#3572 = EDGE_CURVE('',#3556,#3565,#3573,.T.);
#3573 = LINE('',#3574,#3575);
#3574 = CARTESIAN_POINT('',(-0.32,-4.92,8.54));
#3575 = VECTOR('',#3576,1.);
#3576 = DIRECTION('',(1.,0.,0.));
#3577 = PLANE('',#3578);
#3578 = AXIS2_PLACEMENT_3D('',#3579,#3580,#3581);
#3579 = CARTESIAN_POINT('',(-0.32,-4.84,8.46));
#3580 = DIRECTION('',(1.735167508357E-18,0.707106781187,0.707106781187)
  );
#3581 = DIRECTION('',(-1.,1.226948711654E-18,1.226948711654E-18));
#3582 = ADVANCED_FACE('',(#3583),#3601,.F.);
#3583 = FACE_BOUND('',#3584,.F.);
#3584 = EDGE_LOOP('',(#3585,#3593,#3594,#3595));
#3585 = ORIENTED_EDGE('',*,*,#3586,.F.);
#3586 = EDGE_CURVE('',#3011,#3587,#3589,.T.);
#3587 = VERTEX_POINT('',#3588);
#3588 = CARTESIAN_POINT('',(-0.16,-5.24,8.54));
#3589 = LINE('',#3590,#3591);
#3590 = CARTESIAN_POINT('',(-0.266666666667,-5.346666666667,
    8.433333333333));
#3591 = VECTOR('',#3592,1.);
#3592 = DIRECTION('',(0.57735026919,0.57735026919,0.57735026919));
#3593 = ORIENTED_EDGE('',*,*,#3020,.T.);
#3594 = ORIENTED_EDGE('',*,*,#3555,.T.);
#3595 = ORIENTED_EDGE('',*,*,#3596,.F.);
#3596 = EDGE_CURVE('',#3587,#3556,#3597,.T.);
#3597 = LINE('',#3598,#3599);
#3598 = CARTESIAN_POINT('',(-0.16,-5.4,8.54));
#3599 = VECTOR('',#3600,1.);
#3600 = DIRECTION('',(0.,1.,0.));
#3601 = PLANE('',#3602);
#3602 = AXIS2_PLACEMENT_3D('',#3603,#3604,#3605);
#3603 = CARTESIAN_POINT('',(-0.24,-5.4,8.46));
#3604 = DIRECTION('',(0.707106781187,1.735167508357E-18,-0.707106781187)
  );
#3605 = DIRECTION('',(-1.226948711654E-18,1.,1.226948711654E-18));
#3606 = ADVANCED_FACE('',(#3607),#3625,.F.);
#3607 = FACE_BOUND('',#3608,.T.);
#3608 = EDGE_LOOP('',(#3609,#3610,#3611,#3619));
#3609 = ORIENTED_EDGE('',*,*,#3586,.F.);
#3610 = ORIENTED_EDGE('',*,*,#3044,.T.);
#3611 = ORIENTED_EDGE('',*,*,#3612,.T.);
#3612 = EDGE_CURVE('',#3035,#3613,#3615,.T.);
#3613 = VERTEX_POINT('',#3614);
#3614 = CARTESIAN_POINT('',(0.16,-5.24,8.54));
#3615 = LINE('',#3616,#3617);
#3616 = CARTESIAN_POINT('',(0.16,-5.24,8.54));
#3617 = VECTOR('',#3618,1.);
#3618 = DIRECTION('',(-0.57735026919,0.57735026919,0.57735026919));
#3619 = ORIENTED_EDGE('',*,*,#3620,.F.);
#3620 = EDGE_CURVE('',#3587,#3613,#3621,.T.);
#3621 = LINE('',#3622,#3623);
#3622 = CARTESIAN_POINT('',(-0.32,-5.24,8.54));
#3623 = VECTOR('',#3624,1.);
#3624 = DIRECTION('',(1.,0.,0.));
#3625 = PLANE('',#3626);
#3626 = AXIS2_PLACEMENT_3D('',#3627,#3628,#3629);
#3627 = CARTESIAN_POINT('',(-0.32,-5.32,8.46));
#3628 = DIRECTION('',(-1.735167508357E-18,0.707106781187,-0.707106781187
    ));
#3629 = DIRECTION('',(-1.,-1.226948711654E-18,1.226948711654E-18));
#3630 = ADVANCED_FACE('',(#3631),#3642,.T.);
#3631 = FACE_BOUND('',#3632,.T.);
#3632 = EDGE_LOOP('',(#3633,#3634,#3635,#3636));
#3633 = ORIENTED_EDGE('',*,*,#3612,.F.);
#3634 = ORIENTED_EDGE('',*,*,#3061,.T.);
#3635 = ORIENTED_EDGE('',*,*,#3564,.T.);
#3636 = ORIENTED_EDGE('',*,*,#3637,.F.);
#3637 = EDGE_CURVE('',#3613,#3565,#3638,.T.);
#3638 = LINE('',#3639,#3640);
#3639 = CARTESIAN_POINT('',(0.16,-5.4,8.54));
#3640 = VECTOR('',#3641,1.);
#3641 = DIRECTION('',(0.,1.,0.));
#3642 = PLANE('',#3643);
#3643 = AXIS2_PLACEMENT_3D('',#3644,#3645,#3646);
#3644 = CARTESIAN_POINT('',(0.24,-5.4,8.46));
#3645 = DIRECTION('',(0.707106781187,-1.735167508357E-18,0.707106781187)
  );
#3646 = DIRECTION('',(1.226948711654E-18,1.,1.226948711654E-18));
#3647 = ADVANCED_FACE('',(#3648),#3654,.F.);
#3648 = FACE_BOUND('',#3649,.F.);
#3649 = EDGE_LOOP('',(#3650,#3651,#3652,#3653));
#3650 = ORIENTED_EDGE('',*,*,#3116,.F.);
#3651 = ORIENTED_EDGE('',*,*,#3140,.F.);
#3652 = ORIENTED_EDGE('',*,*,#3157,.T.);
#3653 = ORIENTED_EDGE('',*,*,#3092,.T.);
#3654 = PLANE('',#3655);
#3655 = AXIS2_PLACEMENT_3D('',#3656,#3657,#3658);
#3656 = CARTESIAN_POINT('',(-0.32,-0.32,-3.));
#3657 = DIRECTION('',(0.,0.,1.));
#3658 = DIRECTION('',(1.,0.,-0.));
#3659 = ADVANCED_FACE('',(#3660),#3666,.F.);
#3660 = FACE_BOUND('',#3661,.F.);
#3661 = EDGE_LOOP('',(#3662,#3663,#3664,#3665));
#3662 = ORIENTED_EDGE('',*,*,#3236,.F.);
#3663 = ORIENTED_EDGE('',*,*,#3253,.F.);
#3664 = ORIENTED_EDGE('',*,*,#3188,.T.);
#3665 = ORIENTED_EDGE('',*,*,#3212,.T.);
#3666 = PLANE('',#3667);
#3667 = AXIS2_PLACEMENT_3D('',#3668,#3669,#3670);
#3668 = CARTESIAN_POINT('',(-0.32,-2.86,-3.));
#3669 = DIRECTION('',(0.,0.,1.));
#3670 = DIRECTION('',(1.,0.,-0.));
#3671 = ADVANCED_FACE('',(#3672),#3678,.F.);
#3672 = FACE_BOUND('',#3673,.F.);
#3673 = EDGE_LOOP('',(#3674,#3675,#3676,#3677));
#3674 = ORIENTED_EDGE('',*,*,#3284,.F.);
#3675 = ORIENTED_EDGE('',*,*,#3308,.F.);
#3676 = ORIENTED_EDGE('',*,*,#3332,.T.);
#3677 = ORIENTED_EDGE('',*,*,#3349,.T.);
#3678 = PLANE('',#3679);
#3679 = AXIS2_PLACEMENT_3D('',#3680,#3681,#3682);
#3680 = CARTESIAN_POINT('',(-0.32,-5.4,-3.));
#3681 = DIRECTION('',(0.,0.,1.));
#3682 = DIRECTION('',(1.,0.,-0.));
#3683 = ADVANCED_FACE('',(#3684),#3690,.T.);
#3684 = FACE_BOUND('',#3685,.T.);
#3685 = EDGE_LOOP('',(#3686,#3687,#3688,#3689));
#3686 = ORIENTED_EDGE('',*,*,#3445,.T.);
#3687 = ORIENTED_EDGE('',*,*,#3380,.T.);
#3688 = ORIENTED_EDGE('',*,*,#3404,.F.);
#3689 = ORIENTED_EDGE('',*,*,#3428,.F.);
#3690 = PLANE('',#3691);
#3691 = AXIS2_PLACEMENT_3D('',#3692,#3693,#3694);
#3692 = CARTESIAN_POINT('',(-0.32,-0.32,8.54));
#3693 = DIRECTION('',(0.,0.,1.));
#3694 = DIRECTION('',(1.,0.,-0.));
#3695 = ADVANCED_FACE('',(#3696),#3702,.T.);
#3696 = FACE_BOUND('',#3697,.T.);
#3697 = EDGE_LOOP('',(#3698,#3699,#3700,#3701));
#3698 = ORIENTED_EDGE('',*,*,#3476,.T.);
#3699 = ORIENTED_EDGE('',*,*,#3500,.T.);
#3700 = ORIENTED_EDGE('',*,*,#3524,.F.);
#3701 = ORIENTED_EDGE('',*,*,#3541,.F.);
#3702 = PLANE('',#3703);
#3703 = AXIS2_PLACEMENT_3D('',#3704,#3705,#3706);
#3704 = CARTESIAN_POINT('',(-0.32,-2.86,8.54));
#3705 = DIRECTION('',(0.,0.,1.));
#3706 = DIRECTION('',(1.,0.,-0.));
#3707 = ADVANCED_FACE('',(#3708),#3714,.T.);
#3708 = FACE_BOUND('',#3709,.T.);
#3709 = EDGE_LOOP('',(#3710,#3711,#3712,#3713));
#3710 = ORIENTED_EDGE('',*,*,#3620,.T.);
#3711 = ORIENTED_EDGE('',*,*,#3637,.T.);
#3712 = ORIENTED_EDGE('',*,*,#3572,.F.);
#3713 = ORIENTED_EDGE('',*,*,#3596,.F.);
#3714 = PLANE('',#3715);
#3715 = AXIS2_PLACEMENT_3D('',#3716,#3717,#3718);
#3716 = CARTESIAN_POINT('',(-0.32,-5.4,8.54));
#3717 = DIRECTION('',(0.,0.,1.));
#3718 = DIRECTION('',(1.,0.,-0.));
#3719 = ( GEOMETRIC_REPRESENTATION_CONTEXT(3) 
GLOBAL_UNCERTAINTY_ASSIGNED_CONTEXT((#3723)) 
GLOBAL_UNIT_ASSIGNED_CONTEXT((#3720,#3721,#3722)) REPRESENTATION_CONTEXT
('Context #1','3D Context with UNIT and UNCERTAINTY') );
#3720 = ( LENGTH_UNIT() NAMED_UNIT(*) SI_UNIT(.MILLI.,.METRE.) );
#3721 = ( NAMED_UNIT(*) PLANE_ANGLE_UNIT() SI_UNIT($,.RADIAN.) );
#3722 = ( NAMED_UNIT(*) SI_UNIT($,.STERADIAN.) SOLID_ANGLE_UNIT() );
#3723 = UNCERTAINTY_MEASURE_WITH_UNIT(LENGTH_MEASURE(1.E-07),#3720,
  'distance_accuracy_value','confusion accuracy');
#3724 = CONTEXT_DEPENDENT_SHAPE_REPRESENTATION(#3725,#3727);
#3725 = ( REPRESENTATION_RELATIONSHIP('','',#1612,#10) 
REPRESENTATION_RELATIONSHIP_WITH_TRANSFORMATION(#3726) 
SHAPE_REPRESENTATION_RELATIONSHIP() );
#3726 = ITEM_DEFINED_TRANSFORMATION('','',#11,#27);
#3727 = PRODUCT_DEFINITION_SHAPE('Placement','Placement of an item',
  #3728);
#3728 = NEXT_ASSEMBLY_USAGE_OCCURRENCE('4','J1','',#5,#1607,$);
#3729 = PRODUCT_RELATED_PRODUCT_CATEGORY('part',$,(#1609));
#3730 = SHAPE_DEFINITION_REPRESENTATION(#3731,#3737);
#3731 = PRODUCT_DEFINITION_SHAPE('','',#3732);
#3732 = PRODUCT_DEFINITION('design','',#3733,#3736);
#3733 = PRODUCT_DEFINITION_FORMATION('','',#3734);
#3734 = PRODUCT('TCRT5000','TCRT5000','',(#3735));
#3735 = PRODUCT_CONTEXT('',#2,'mechanical');
#3736 = PRODUCT_DEFINITION_CONTEXT('part definition',#2,'design');
#3737 = SHAPE_REPRESENTATION('',(#11,#3738,#4156,#4574,#4988,#5402,#5816
    ,#6230),#10510);
#3738 = MANIFOLD_SOLID_BREP('',#3739);
#3739 = CLOSED_SHELL('',(#3740,#3800,#3823,#3846,#3871,#3994,#4012,#4029
    ,#4144));
#3740 = ADVANCED_FACE('',(#3741),#3795,.F.);
#3741 = FACE_BOUND('',#3742,.T.);
#3742 = EDGE_LOOP('',(#3743,#3753,#3762,#3771,#3779,#3788));
#3743 = ORIENTED_EDGE('',*,*,#3744,.T.);
#3744 = EDGE_CURVE('',#3745,#3747,#3749,.T.);
#3745 = VERTEX_POINT('',#3746);
#3746 = CARTESIAN_POINT('',(2.525,4.4,-1.5));
#3747 = VERTEX_POINT('',#3748);
#3748 = CARTESIAN_POINT('',(2.578733341286,4.4,-1.5));
#3749 = LINE('',#3750,#3751);
#3750 = CARTESIAN_POINT('',(4.175,4.4,-1.5));
#3751 = VECTOR('',#3752,1.);
#3752 = DIRECTION('',(1.,-0.,-0.));
#3753 = ORIENTED_EDGE('',*,*,#3754,.T.);
#3754 = EDGE_CURVE('',#3747,#3755,#3757,.T.);
#3755 = VERTEX_POINT('',#3756);
#3756 = CARTESIAN_POINT('',(4.175,4.4,0.));
#3757 = ( BOUNDED_CURVE() B_SPLINE_CURVE(3,(#3758,#3759,#3760,#3761),
.UNSPECIFIED.,.F.,.F.) B_SPLINE_CURVE_WITH_KNOTS((4,4),(4.712388980385,
6.28318530718),.PIECEWISE_BEZIER_KNOTS.) CURVE() 
GEOMETRIC_REPRESENTATION_ITEM() RATIONAL_B_SPLINE_CURVE((1.,
0.804737854124,0.804737854124,1.)) REPRESENTATION_ITEM('') );
#3758 = CARTESIAN_POINT('',(2.578733341286,4.4,-1.5));
#3759 = CARTESIAN_POINT('',(3.513804700797,4.4,-1.5));
#3760 = CARTESIAN_POINT('',(4.175,4.4,-0.87867965644));
#3761 = CARTESIAN_POINT('',(4.175,4.4,0.));
#3762 = ORIENTED_EDGE('',*,*,#3763,.T.);
#3763 = EDGE_CURVE('',#3755,#3764,#3766,.T.);
#3764 = VERTEX_POINT('',#3765);
#3765 = CARTESIAN_POINT('',(2.578733341286,4.4,1.5));
#3766 = ( BOUNDED_CURVE() B_SPLINE_CURVE(3,(#3767,#3768,#3769,#3770),
.UNSPECIFIED.,.F.,.F.) B_SPLINE_CURVE_WITH_KNOTS((4,4),(3.14159265359,
4.712388980385),.PIECEWISE_BEZIER_KNOTS.) CURVE() 
GEOMETRIC_REPRESENTATION_ITEM() RATIONAL_B_SPLINE_CURVE((1.,
0.804737854124,0.804737854124,1.)) REPRESENTATION_ITEM('') );
#3767 = CARTESIAN_POINT('',(4.175,4.4,0.));
#3768 = CARTESIAN_POINT('',(4.175,4.4,0.87867965644));
#3769 = CARTESIAN_POINT('',(3.513804700797,4.4,1.5));
#3770 = CARTESIAN_POINT('',(2.578733341286,4.4,1.5));
#3771 = ORIENTED_EDGE('',*,*,#3772,.F.);
#3772 = EDGE_CURVE('',#3773,#3764,#3775,.T.);
#3773 = VERTEX_POINT('',#3774);
#3774 = CARTESIAN_POINT('',(2.525,4.4,1.5));
#3775 = LINE('',#3776,#3777);
#3776 = CARTESIAN_POINT('',(4.175,4.4,1.5));
#3777 = VECTOR('',#3778,1.);
#3778 = DIRECTION('',(1.,-0.,-0.));
#3779 = ORIENTED_EDGE('',*,*,#3780,.T.);
#3780 = EDGE_CURVE('',#3773,#3781,#3783,.T.);
#3781 = VERTEX_POINT('',#3782);
#3782 = CARTESIAN_POINT('',(1.025,4.4,0.));
#3783 = CIRCLE('',#3784,1.5);
#3784 = AXIS2_PLACEMENT_3D('',#3785,#3786,#3787);
#3785 = CARTESIAN_POINT('',(2.525,4.4,0.));
#3786 = DIRECTION('',(0.,-1.,0.));
#3787 = DIRECTION('',(0.,0.,1.));
#3788 = ORIENTED_EDGE('',*,*,#3789,.T.);
#3789 = EDGE_CURVE('',#3781,#3745,#3790,.T.);
#3790 = CIRCLE('',#3791,1.5);
#3791 = AXIS2_PLACEMENT_3D('',#3792,#3793,#3794);
#3792 = CARTESIAN_POINT('',(2.525,4.4,0.));
#3793 = DIRECTION('',(0.,-1.,0.));
#3794 = DIRECTION('',(0.,0.,1.));
#3795 = PLANE('',#3796);
#3796 = AXIS2_PLACEMENT_3D('',#3797,#3798,#3799);
#3797 = CARTESIAN_POINT('',(4.175,4.4,1.5));
#3798 = DIRECTION('',(0.,1.,-0.));
#3799 = DIRECTION('',(0.,0.,1.));
#3800 = ADVANCED_FACE('',(#3801),#3818,.F.);
#3801 = FACE_BOUND('',#3802,.T.);
#3802 = EDGE_LOOP('',(#3803,#3804,#3812));
#3803 = ORIENTED_EDGE('',*,*,#3772,.T.);
#3804 = ORIENTED_EDGE('',*,*,#3805,.T.);
#3805 = EDGE_CURVE('',#3764,#3806,#3808,.T.);
#3806 = VERTEX_POINT('',#3807);
#3807 = CARTESIAN_POINT('',(2.525,4.547631141855,1.5));
#3808 = LINE('',#3809,#3810);
#3809 = CARTESIAN_POINT('',(2.212588037159,5.40597595533,1.5));
#3810 = VECTOR('',#3811,1.);
#3811 = DIRECTION('',(-0.342020143326,0.939692620786,0.));
#3812 = ORIENTED_EDGE('',*,*,#3813,.T.);
#3813 = EDGE_CURVE('',#3806,#3773,#3814,.T.);
#3814 = LINE('',#3815,#3816);
#3815 = CARTESIAN_POINT('',(2.525,5.461062613475,1.5));
#3816 = VECTOR('',#3817,1.);
#3817 = DIRECTION('',(0.,-1.,0.));
#3818 = PLANE('',#3819);
#3819 = AXIS2_PLACEMENT_3D('',#3820,#3821,#3822);
#3820 = CARTESIAN_POINT('',(2.363937386525,5.461062613475,1.5));
#3821 = DIRECTION('',(-0.,0.,-1.));
#3822 = DIRECTION('',(-1.,0.,0.));
#3823 = ADVANCED_FACE('',(#3824),#3841,.T.);
#3824 = FACE_BOUND('',#3825,.T.);
#3825 = EDGE_LOOP('',(#3826,#3834,#3840));
#3826 = ORIENTED_EDGE('',*,*,#3827,.T.);
#3827 = EDGE_CURVE('',#3745,#3828,#3830,.T.);
#3828 = VERTEX_POINT('',#3829);
#3829 = CARTESIAN_POINT('',(2.525,4.547631141855,-1.5));
#3830 = LINE('',#3831,#3832);
#3831 = CARTESIAN_POINT('',(2.525,5.461062613475,-1.5));
#3832 = VECTOR('',#3833,1.);
#3833 = DIRECTION('',(-0.,1.,-0.));
#3834 = ORIENTED_EDGE('',*,*,#3835,.T.);
#3835 = EDGE_CURVE('',#3828,#3747,#3836,.T.);
#3836 = LINE('',#3837,#3838);
#3837 = CARTESIAN_POINT('',(2.765461068821,3.886969785011,-1.5));
#3838 = VECTOR('',#3839,1.);
#3839 = DIRECTION('',(0.342020143326,-0.939692620786,-0.));
#3840 = ORIENTED_EDGE('',*,*,#3744,.F.);
#3841 = PLANE('',#3842);
#3842 = AXIS2_PLACEMENT_3D('',#3843,#3844,#3845);
#3843 = CARTESIAN_POINT('',(2.363937386525,5.461062613475,-1.5));
#3844 = DIRECTION('',(-0.,0.,-1.));
#3845 = DIRECTION('',(-1.,0.,0.));
#3846 = ADVANCED_FACE('',(#3847),#3866,.T.);
#3847 = FACE_BOUND('',#3848,.T.);
#3848 = EDGE_LOOP('',(#3849,#3858,#3864,#3865));
#3849 = ORIENTED_EDGE('',*,*,#3850,.F.);
#3850 = EDGE_CURVE('',#3851,#3806,#3853,.T.);
#3851 = VERTEX_POINT('',#3852);
#3852 = CARTESIAN_POINT('',(1.025,5.461062613475,0.));
#3853 = ( BOUNDED_CURVE() B_SPLINE_CURVE(3,(#3854,#3855,#3856,#3857),
.UNSPECIFIED.,.F.,.F.) B_SPLINE_CURVE_WITH_KNOTS((4,4),(3.14159265359,
4.712388980385),.PIECEWISE_BEZIER_KNOTS.) CURVE() 
GEOMETRIC_REPRESENTATION_ITEM() RATIONAL_B_SPLINE_CURVE((1.,
0.804737854124,0.804737854124,1.)) REPRESENTATION_ITEM('') );
#3854 = CARTESIAN_POINT('',(1.025,5.461062613475,0.));
#3855 = CARTESIAN_POINT('',(1.025,5.461062613475,0.87867965644));
#3856 = CARTESIAN_POINT('',(1.64632034356,5.082706909632,1.5));
#3857 = CARTESIAN_POINT('',(2.525,4.547631141855,1.5));
#3858 = ORIENTED_EDGE('',*,*,#3859,.F.);
#3859 = EDGE_CURVE('',#3781,#3851,#3860,.T.);
#3860 = LINE('',#3861,#3862);
#3861 = CARTESIAN_POINT('',(1.025,4.4,0.));
#3862 = VECTOR('',#3863,1.);
#3863 = DIRECTION('',(-0.,1.,-0.));
#3864 = ORIENTED_EDGE('',*,*,#3780,.F.);
#3865 = ORIENTED_EDGE('',*,*,#3813,.F.);
#3866 = CYLINDRICAL_SURFACE('',#3867,1.5);
#3867 = AXIS2_PLACEMENT_3D('',#3868,#3869,#3870);
#3868 = CARTESIAN_POINT('',(2.525,5.461062613475,0.));
#3869 = DIRECTION('',(0.,-1.,0.));
#3870 = DIRECTION('',(0.,0.,-1.));
#3871 = ADVANCED_FACE('',(#3872),#3891,.T.);
#3872 = FACE_BOUND('',#3873,.T.);
#3873 = EDGE_LOOP('',(#3874,#3883,#3884));
#3874 = ORIENTED_EDGE('',*,*,#3875,.F.);
#3875 = EDGE_CURVE('',#3851,#3876,#3878,.T.);
#3876 = VERTEX_POINT('',#3877);
#3877 = CARTESIAN_POINT('',(3.622126968337,5.919006170318,0.));
#3878 = CIRCLE('',#3879,1.338937386525);
#3879 = AXIS2_PLACEMENT_3D('',#3880,#3881,#3882);
#3880 = CARTESIAN_POINT('',(2.363937386525,5.461062613475,0.));
#3881 = DIRECTION('',(0.,0.,-1.));
#3882 = DIRECTION('',(-1.,0.,0.));
#3883 = ORIENTED_EDGE('',*,*,#3850,.T.);
#3884 = ORIENTED_EDGE('',*,*,#3885,.F.);
#3885 = EDGE_CURVE('',#3876,#3806,#3886,.T.);
#3886 = ( BOUNDED_CURVE() B_SPLINE_CURVE(3,(#3887,#3888,#3889,#3890),
.UNSPECIFIED.,.F.,.F.) B_SPLINE_CURVE_WITH_KNOTS((4,4),(3.14159265359,
4.712388980385),.PIECEWISE_BEZIER_KNOTS.) CURVE() 
GEOMETRIC_REPRESENTATION_ITEM() RATIONAL_B_SPLINE_CURVE((1.,
0.804737854124,0.804737854124,1.)) REPRESENTATION_ITEM('') );
#3887 = CARTESIAN_POINT('',(3.622126968337,5.919006170318,0.));
#3888 = CARTESIAN_POINT('',(3.622126968337,5.919006170318,0.87867965644)
  );
#3889 = CARTESIAN_POINT('',(3.167682098407,5.350964034429,1.5));
#3890 = CARTESIAN_POINT('',(2.525,4.547631141855,1.5));
#3891 = ( BOUNDED_SURFACE() B_SPLINE_SURFACE(3,2,(
    (#3892,#3893,#3894)
    ,(#3895,#3896,#3897)
    ,(#3898,#3899,#3900)
    ,(#3901,#3902,#3903)
    ,(#3904,#3905,#3906)
    ,(#3907,#3908,#3909)
    ,(#3910,#3911,#3912)
    ,(#3913,#3914,#3915)
    ,(#3916,#3917,#3918)
    ,(#3919,#3920,#3921)
    ,(#3922,#3923,#3924)
    ,(#3925,#3926,#3927)
    ,(#3928,#3929,#3930)
    ,(#3931,#3932,#3933)
    ,(#3934,#3935,#3936)
    ,(#3937,#3938,#3939)
    ,(#3940,#3941,#3942)
    ,(#3943,#3944,#3945)
    ,(#3946,#3947,#3948)
    ,(#3949,#3950,#3951)
    ,(#3952,#3953,#3954)
    ,(#3955,#3956,#3957)
    ,(#3958,#3959,#3960)
    ,(#3961,#3962,#3963)
    ,(#3964,#3965,#3966)
    ,(#3967,#3968,#3969)
    ,(#3970,#3971,#3972)
    ,(#3973,#3974,#3975)
    ,(#3976,#3977,#3978)
    ,(#3979,#3980,#3981)
    ,(#3982,#3983,#3984)
    ,(#3985,#3986,#3987)
    ,(#3988,#3989,#3990)
    ,(#3991,#3992,#3993
)),.UNSPECIFIED.,.F.,.F.,.F.) B_SPLINE_SURFACE_WITH_KNOTS((4,2,2,2,2,2,2
    ,2,2,2,2,2,2,2,2,2,4),(3,3),(1.570796326795,1.963495408494,
    2.159844949343,2.356194490192,2.552544031042,2.650718801466,
    2.748893571891,2.847068342316,2.896155727528,2.94524311274,
    2.994330497953,3.018874190559,3.043417883165,3.067961575771,
    3.092505268377,3.117048960984,3.14159265359),(0.,1.),.UNSPECIFIED.) 
GEOMETRIC_REPRESENTATION_ITEM() RATIONAL_B_SPLINE_SURFACE((
    (1.,1.,1.)
    ,(1.,1.000131127444,1.)
    ,(1.,0.974723772114,1.)
    ,(1.,0.902037594454,1.)
    ,(1.,0.872078246289,1.)
    ,(1.,0.802017213674,1.)
    ,(1.,0.761911250211,1.)
    ,(1.,0.673465835859,1.)
    ,(1.,0.625106802452,1.)
    ,(1.,0.548484212072,1.)
    ,(1.,0.522269948632,1.)
    ,(1.,0.469028138674,1.)
    ,(1.,0.441993003994,1.)
    ,(1.,0.387909143032,1.)
    ,(1.,0.360839629077,1.)
    ,(1.,0.321302666671,1.)
    ,(1.,0.308307078504,1.)
    ,(1.,0.283006045521,1.)
    ,(1.,0.270695741388,1.)
    ,(1.,0.247247370842,1.)
    ,(1.,0.236102021778,1.)
    ,(1.,0.220810635211,1.)
    ,(1.,0.215950372317,1.)
    ,(1.,0.206831977671,1.)
    ,(1.,0.202568562385,1.)
    ,(1.,0.194779406328,1.)
    ,(1.,0.191247449586,1.)
    ,(1.,0.185062266181,1.)
    ,(1.,0.182402564114,1.)
    ,(1.,0.178090027445,1.)
    ,(1.,0.176431641638,1.)
    ,(1.,0.174212341824,1.)
    ,(1.,0.173646648733,1.)
,(1.,0.173648177667,1.))) REPRESENTATION_ITEM('') SURFACE() );
#3892 = CARTESIAN_POINT('',(2.525,4.547631141855,1.5));
#3893 = CARTESIAN_POINT('',(2.525,4.547631141855,1.5));
#3894 = CARTESIAN_POINT('',(2.525,4.547631141855,1.5));
#3895 = CARTESIAN_POINT('',(2.668639454961,4.727176050805,1.5));
#3896 = CARTESIAN_POINT('',(2.49856684957,4.697540987323,1.499999997828)
  );
#3897 = CARTESIAN_POINT('',(2.328615088627,4.667220580922,1.5));
#3898 = CARTESIAN_POINT('',(2.812170692796,4.906585691668,1.460958998036
    ));
#3899 = CARTESIAN_POINT('',(2.471064260191,4.853515922461,1.529198949353
    ));
#3900 = CARTESIAN_POINT('',(2.1323781325,4.786719922003,1.460958998036)
  );
#3901 = CARTESIAN_POINT('',(3.011193124578,5.155357621377,1.348249449133
    ));
#3902 = CARTESIAN_POINT('',(2.431465892023,5.078089427937,1.623772253476
    ));
#3903 = CARTESIAN_POINT('',(1.860273210929,4.952419387966,1.348249449133
    ));
#3904 = CARTESIAN_POINT('',(3.07482593632,5.234896682519,1.301747383454)
  );
#3905 = CARTESIAN_POINT('',(2.417499172128,5.15729863256,1.667519562439)
  );
#3906 = CARTESIAN_POINT('',(1.773273966203,5.005397953393,1.301747383454
    ));
#3907 = CARTESIAN_POINT('',(3.194236234582,5.384155889433,1.192661453454
    ));
#3908 = CARTESIAN_POINT('',(2.388287219525,5.322967848271,1.783022097051
    ));
#3909 = CARTESIAN_POINT('',(1.610015334738,5.104815001388,1.192661453454
    ));
#3910 = CARTESIAN_POINT('',(3.250010868559,5.453872469613,1.130080191578
    ));
#3911 = CARTESIAN_POINT('',(2.372558037596,5.412172471783,1.858973298972
    ));
#3912 = CARTESIAN_POINT('',(1.533759848019,5.151251109024,1.130080191578
    ));
#3913 = CARTESIAN_POINT('',(3.35156096971,5.580806978449,0.991240151981)
  );
#3914 = CARTESIAN_POINT('',(2.336597140242,5.616116855164,2.057256261084
    ));
#3915 = CARTESIAN_POINT('',(1.394919808422,5.235798350149,0.991240151981
    ));
#3916 = CARTESIAN_POINT('',(3.397334042212,5.638021913837,0.914984639839
    ));
#3917 = CARTESIAN_POINT('',(2.315322275798,5.736772607101,2.189182866314
    ));
#3918 = CARTESIAN_POINT('',(1.332338529559,5.273907489914,0.914984639839
    ));
#3919 = CARTESIAN_POINT('',(3.45717458141,5.712820750721,0.792540704375)
  );
#3920 = CARTESIAN_POINT('',(2.274317635718,5.969321476905,2.436982660136
    ));
#3921 = CARTESIAN_POINT('',(1.25052410754,5.323728735184,0.792540704375)
  );
#3922 = CARTESIAN_POINT('',(3.47565487266,5.735920547436,0.75038627993)
  );
#3923 = CARTESIAN_POINT('',(2.25755743177,6.064373316847,2.536903896689)
  );
#3924 = CARTESIAN_POINT('',(1.225257718438,5.339114811837,0.75038627993)
  );
#3925 = CARTESIAN_POINT('',(3.509504333474,5.77823133427,0.663803930548)
  );
#3926 = CARTESIAN_POINT('',(2.216259585279,6.298585042843,2.765634325176
    ));
#3927 = CARTESIAN_POINT('',(1.178978488517,5.367296748566,0.663803930548
    ));
#3928 = CARTESIAN_POINT('',(3.524873531226,5.797442359624,0.619375928024
    ));
#3929 = CARTESIAN_POINT('',(2.190725540309,6.443395807865,2.898611819761
    ));
#3930 = CARTESIAN_POINT('',(1.157965609156,5.38009263211,0.619375928024)
  );
#3931 = CARTESIAN_POINT('',(3.55235277,5.831790564475,0.528674369071));
#3932 = CARTESIAN_POINT('',(2.124061444923,6.821466680047,3.195650844202
    ));
#3933 = CARTESIAN_POINT('',(1.12039579331,5.402970933562,0.528674369071)
  );
#3934 = CARTESIAN_POINT('',(3.564462861725,5.84692780735,0.482400633426)
  );
#3935 = CARTESIAN_POINT('',(2.080589483464,7.068008424731,3.365387876262
    ));
#3936 = CARTESIAN_POINT('',(1.103838787501,5.413053393683,0.482400633426
    ));
#3937 = CARTESIAN_POINT('',(3.58009614327,5.866468929336,0.41194020711)
  );
#3938 = CARTESIAN_POINT('',(1.994624190549,7.555541827562,3.608120570722
    ));
#3939 = CARTESIAN_POINT('',(1.082464850852,5.426069144621,0.41194020711)
  );
#3940 = CARTESIAN_POINT('',(3.584885550858,5.872455541785,0.388278365986
    ));
#3941 = CARTESIAN_POINT('',(1.9598771717,7.752601963842,3.691145245066)
  );
#3942 = CARTESIAN_POINT('',(1.075916737836,5.430056646294,0.388278365986
    ));
#3943 = CARTESIAN_POINT('',(3.593609345162,5.883360016844,0.340662173724
    ));
#3944 = CARTESIAN_POINT('',(1.878082570289,8.216482199769,3.837018531842
    ));
#3945 = CARTESIAN_POINT('',(1.06398950258,5.437319787662,0.340662173724)
  );
#3946 = CARTESIAN_POINT('',(3.597543788844,5.888277950659,0.316707505923
    ));
#3947 = CARTESIAN_POINT('',(1.830080518889,8.488715361179,3.897939276461
    ));
#3948 = CARTESIAN_POINT('',(1.058610302458,5.440595474784,0.316707505923
    ));
#3949 = CARTESIAN_POINT('',(3.604548173714,5.89703321671,0.268563460125)
  );
#3950 = CARTESIAN_POINT('',(1.718046001367,9.124094683568,3.957312351014
    ));
#3951 = CARTESIAN_POINT('',(1.049033856333,5.446427092969,0.268563460125
    ));
#3952 = CARTESIAN_POINT('',(3.607618174357,5.900870623264,0.244373663715
    ));
#3953 = CARTESIAN_POINT('',(1.652893379709,9.493593562283,3.949742878628
    ));
#3954 = CARTESIAN_POINT('',(1.044836529043,5.448983073531,0.244373663715
    ));
#3955 = CARTESIAN_POINT('',(3.611569251114,5.905809347912,0.207956735667
    ));
#3956 = CARTESIAN_POINT('',(1.545833393002,10.100760918498,3.8323648694)
  );
#3957 = CARTESIAN_POINT('',(1.039434588058,5.4522726088,0.207956735667)
  );
#3958 = CARTESIAN_POINT('',(3.612777327956,5.907319406876,0.195795516304
    ));
#3959 = CARTESIAN_POINT('',(1.507344689203,10.319041204614,
    3.772153611667));
#3960 = CARTESIAN_POINT('',(1.037782896581,5.453278413451,0.195795516304
    ));
#3961 = CARTESIAN_POINT('',(3.614974797907,5.910066176853,0.171436509294
    ));
#3962 = CARTESIAN_POINT('',(1.42783188,10.769980753876,3.599150239052));
#3963 = CARTESIAN_POINT('',(1.034778499623,5.455107953941,0.171436509294
    ));
#3964 = CARTESIAN_POINT('',(3.615964219375,5.911302923312,0.159238404561
    ));
#3965 = CARTESIAN_POINT('',(1.386826202001,11.00253551001,3.485063990556
    ));
#3966 = CARTESIAN_POINT('',(1.033425755369,5.45593171339,0.159238404561)
  );
#3967 = CARTESIAN_POINT('',(3.617723784845,5.91350232613,0.134813016427)
  );
#3968 = CARTESIAN_POINT('',(1.305116795542,11.465932581357,
    3.190562845892));
#3969 = CARTESIAN_POINT('',(1.031020064614,5.457396669155,0.134813016427
    ));
#3970 = CARTESIAN_POINT('',(3.618493954485,5.914465014537,0.12258537363)
  );
#3971 = CARTESIAN_POINT('',(1.26455152278,11.69598967528,3.008982094582)
  );
#3972 = CARTESIAN_POINT('',(1.02996708306,5.458037886816,0.12258537363)
  );
#3973 = CARTESIAN_POINT('',(3.619814556091,5.916115726001,
    9.81083171686E-02));
#3974 = CARTESIAN_POINT('',(1.188255712039,12.128684719649,2.57205789764
    ));
#3975 = CARTESIAN_POINT('',(1.028161546904,5.459137375847,
    9.81083171686E-02));
#3976 = CARTESIAN_POINT('',(3.620365009445,5.916803775795,
    8.585850272878E-02));
#3977 = CARTESIAN_POINT('',(1.152786231023,12.329842142485,
    2.316179162301));
#3978 = CARTESIAN_POINT('',(1.027408963059,5.459595665026,
    8.585850272878E-02));
#3979 = CARTESIAN_POINT('',(3.621245852266,5.917904802279,
    6.134452025347E-02));
#3980 = CARTESIAN_POINT('',(1.092337276745,12.672665197894,
    1.737089305412));
#3981 = CARTESIAN_POINT('',(1.026204668325,5.460329025501,
    6.134452025347E-02));
#3982 = CARTESIAN_POINT('',(3.621576257233,5.918317798345,
    4.907991571441E-02));
#3983 = CARTESIAN_POINT('',(1.067670591816,12.812556919684,
    1.414487277221));
#3984 = CARTESIAN_POINT('',(1.025752936242,5.460604109702,
    4.907991571441E-02));
#3985 = CARTESIAN_POINT('',(3.62201681118,5.918868477254,
    2.454376985433E-02));
#3986 = CARTESIAN_POINT('',(1.033891550568,13.004127382199,
    0.727097323166));
#3987 = CARTESIAN_POINT('',(1.025150607669,5.460970900285,
    2.454376985433E-02));
#3988 = CARTESIAN_POINT('',(3.62212696849,5.919006169898,
    1.2271788264E-02));
#3989 = CARTESIAN_POINT('',(1.025016544,13.054460045598,0.3644472094));
#3990 = CARTESIAN_POINT('',(1.025,5.461062613028,1.2271788264E-02));
#3991 = CARTESIAN_POINT('',(3.622126968337,5.919006170318,
    -1.148570609678E-15));
#3992 = CARTESIAN_POINT('',(1.025,13.054553871282,-3.412390181357E-14));
#3993 = CARTESIAN_POINT('',(1.025,5.461062613475,-1.148570609678E-15));
#3994 = ADVANCED_FACE('',(#3995),#4007,.T.);
#3995 = FACE_BOUND('',#3996,.T.);
#3996 = EDGE_LOOP('',(#3997,#3998,#3999,#4006));
#3997 = ORIENTED_EDGE('',*,*,#3789,.F.);
#3998 = ORIENTED_EDGE('',*,*,#3859,.T.);
#3999 = ORIENTED_EDGE('',*,*,#4000,.F.);
#4000 = EDGE_CURVE('',#3828,#3851,#4001,.T.);
#4001 = ( BOUNDED_CURVE() B_SPLINE_CURVE(3,(#4002,#4003,#4004,#4005),
.UNSPECIFIED.,.F.,.F.) B_SPLINE_CURVE_WITH_KNOTS((4,4),(1.570796326795,
3.14159265359),.PIECEWISE_BEZIER_KNOTS.) CURVE() 
GEOMETRIC_REPRESENTATION_ITEM() RATIONAL_B_SPLINE_CURVE((1.,
0.804737854124,0.804737854124,1.)) REPRESENTATION_ITEM('') );
#4002 = CARTESIAN_POINT('',(2.525,4.547631141855,-1.5));
#4003 = CARTESIAN_POINT('',(1.64632034356,5.082706909632,-1.5));
#4004 = CARTESIAN_POINT('',(1.025,5.461062613475,-0.87867965644));
#4005 = CARTESIAN_POINT('',(1.025,5.461062613475,0.));
#4006 = ORIENTED_EDGE('',*,*,#3827,.F.);
#4007 = CYLINDRICAL_SURFACE('',#4008,1.5);
#4008 = AXIS2_PLACEMENT_3D('',#4009,#4010,#4011);
#4009 = CARTESIAN_POINT('',(2.525,4.4,0.));
#4010 = DIRECTION('',(0.,1.,0.));
#4011 = DIRECTION('',(0.,-0.,1.));
#4012 = ADVANCED_FACE('',(#4013),#4024,.T.);
#4013 = FACE_BOUND('',#4014,.T.);
#4014 = EDGE_LOOP('',(#4015,#4016,#4017,#4023));
#4015 = ORIENTED_EDGE('',*,*,#3805,.F.);
#4016 = ORIENTED_EDGE('',*,*,#3763,.F.);
#4017 = ORIENTED_EDGE('',*,*,#4018,.F.);
#4018 = EDGE_CURVE('',#3876,#3755,#4019,.T.);
#4019 = LINE('',#4020,#4021);
#4020 = CARTESIAN_POINT('',(4.175,4.4,0.));
#4021 = VECTOR('',#4022,1.);
#4022 = DIRECTION('',(0.342020143326,-0.939692620786,-0.));
#4023 = ORIENTED_EDGE('',*,*,#3885,.T.);
#4024 = CYLINDRICAL_SURFACE('',#4025,1.5);
#4025 = AXIS2_PLACEMENT_3D('',#4026,#4027,#4028);
#4026 = CARTESIAN_POINT('',(2.212588037159,5.40597595533,0.));
#4027 = DIRECTION('',(-0.342020143326,0.939692620786,0.));
#4028 = DIRECTION('',(-0.939692620786,-0.342020143326,0.));
#4029 = ADVANCED_FACE('',(#4030),#4041,.T.);
#4030 = FACE_BOUND('',#4031,.T.);
#4031 = EDGE_LOOP('',(#4032,#4033,#4034));
#4032 = ORIENTED_EDGE('',*,*,#4000,.T.);
#4033 = ORIENTED_EDGE('',*,*,#3875,.T.);
#4034 = ORIENTED_EDGE('',*,*,#4035,.F.);
#4035 = EDGE_CURVE('',#3828,#3876,#4036,.T.);
#4036 = ( BOUNDED_CURVE() B_SPLINE_CURVE(3,(#4037,#4038,#4039,#4040),
.UNSPECIFIED.,.F.,.F.) B_SPLINE_CURVE_WITH_KNOTS((4,4),(1.570796326795,
3.14159265359),.PIECEWISE_BEZIER_KNOTS.) CURVE() 
GEOMETRIC_REPRESENTATION_ITEM() RATIONAL_B_SPLINE_CURVE((1.,
0.804737854124,0.804737854124,1.)) REPRESENTATION_ITEM('') );
#4037 = CARTESIAN_POINT('',(2.525,4.547631141855,-1.5));
#4038 = CARTESIAN_POINT('',(3.167682098407,5.350964034429,-1.5));
#4039 = CARTESIAN_POINT('',(3.622126968337,5.919006170318,-0.87867965644
    ));
#4040 = CARTESIAN_POINT('',(3.622126968337,5.919006170318,0.));
#4041 = ( BOUNDED_SURFACE() B_SPLINE_SURFACE(3,2,(
    (#4042,#4043,#4044)
    ,(#4045,#4046,#4047)
    ,(#4048,#4049,#4050)
    ,(#4051,#4052,#4053)
    ,(#4054,#4055,#4056)
    ,(#4057,#4058,#4059)
    ,(#4060,#4061,#4062)
    ,(#4063,#4064,#4065)
    ,(#4066,#4067,#4068)
    ,(#4069,#4070,#4071)
    ,(#4072,#4073,#4074)
    ,(#4075,#4076,#4077)
    ,(#4078,#4079,#4080)
    ,(#4081,#4082,#4083)
    ,(#4084,#4085,#4086)
    ,(#4087,#4088,#4089)
    ,(#4090,#4091,#4092)
    ,(#4093,#4094,#4095)
    ,(#4096,#4097,#4098)
    ,(#4099,#4100,#4101)
    ,(#4102,#4103,#4104)
    ,(#4105,#4106,#4107)
    ,(#4108,#4109,#4110)
    ,(#4111,#4112,#4113)
    ,(#4114,#4115,#4116)
    ,(#4117,#4118,#4119)
    ,(#4120,#4121,#4122)
    ,(#4123,#4124,#4125)
    ,(#4126,#4127,#4128)
    ,(#4129,#4130,#4131)
    ,(#4132,#4133,#4134)
    ,(#4135,#4136,#4137)
    ,(#4138,#4139,#4140)
    ,(#4141,#4142,#4143
)),.UNSPECIFIED.,.F.,.F.,.F.) B_SPLINE_SURFACE_WITH_KNOTS((4,2,2,2,2,2,2
    ,2,2,2,2,2,2,2,2,2,4),(3,3),(1.570796326795,1.963495408494,
    2.159844949343,2.356194490192,2.552544031042,2.650718801466,
    2.748893571891,2.847068342316,2.896155727528,2.94524311274,
    2.994330497953,3.018874190559,3.043417883165,3.067961575771,
    3.092505268377,3.117048960984,3.14159265359),(0.,1.),.UNSPECIFIED.) 
GEOMETRIC_REPRESENTATION_ITEM() RATIONAL_B_SPLINE_SURFACE((
    (1.,1.,1.)
    ,(1.,1.000131127444,1.)
    ,(1.,0.974723772114,1.)
    ,(1.,0.902037594454,1.)
    ,(1.,0.872078246289,1.)
    ,(1.,0.802017213674,1.)
    ,(1.,0.761911250211,1.)
    ,(1.,0.673465835859,1.)
    ,(1.,0.625106802452,1.)
    ,(1.,0.548484212072,1.)
    ,(1.,0.522269948632,1.)
    ,(1.,0.469028138674,1.)
    ,(1.,0.441993003994,1.)
    ,(1.,0.387909143032,1.)
    ,(1.,0.360839629077,1.)
    ,(1.,0.321302666671,1.)
    ,(1.,0.308307078504,1.)
    ,(1.,0.283006045521,1.)
    ,(1.,0.270695741388,1.)
    ,(1.,0.247247370842,1.)
    ,(1.,0.236102021778,1.)
    ,(1.,0.220810635211,1.)
    ,(1.,0.215950372317,1.)
    ,(1.,0.206831977671,1.)
    ,(1.,0.202568562385,1.)
    ,(1.,0.194779406328,1.)
    ,(1.,0.191247449586,1.)
    ,(1.,0.185062266181,1.)
    ,(1.,0.182402564114,1.)
    ,(1.,0.178090027445,1.)
    ,(1.,0.176431641638,1.)
    ,(1.,0.174212341824,1.)
    ,(1.,0.173646648733,1.)
,(1.,0.173648177667,1.))) REPRESENTATION_ITEM('') SURFACE() );
#4042 = CARTESIAN_POINT('',(2.525,4.547631141855,-1.5));
#4043 = CARTESIAN_POINT('',(2.525,4.547631141855,-1.5));
#4044 = CARTESIAN_POINT('',(2.525,4.547631141855,-1.5));
#4045 = CARTESIAN_POINT('',(2.328615088627,4.667220580922,-1.5));
#4046 = CARTESIAN_POINT('',(2.49856684957,4.697540987323,-1.499999997828
    ));
#4047 = CARTESIAN_POINT('',(2.668639454961,4.727176050805,-1.5));
#4048 = CARTESIAN_POINT('',(2.1323781325,4.786719922003,-1.460958998036)
  );
#4049 = CARTESIAN_POINT('',(2.471064260191,4.853515922461,
    -1.529198949353));
#4050 = CARTESIAN_POINT('',(2.812170692796,4.906585691668,
    -1.460958998036));
#4051 = CARTESIAN_POINT('',(1.860273210929,4.952419387966,
    -1.348249449133));
#4052 = CARTESIAN_POINT('',(2.431465892023,5.078089427937,
    -1.623772253476));
#4053 = CARTESIAN_POINT('',(3.011193124578,5.155357621377,
    -1.348249449133));
#4054 = CARTESIAN_POINT('',(1.773273966203,5.005397953393,
    -1.301747383454));
#4055 = CARTESIAN_POINT('',(2.417499172128,5.15729863256,-1.667519562439
    ));
#4056 = CARTESIAN_POINT('',(3.07482593632,5.234896682519,-1.301747383454
    ));
#4057 = CARTESIAN_POINT('',(1.610015334738,5.104815001388,
    -1.192661453454));
#4058 = CARTESIAN_POINT('',(2.388287219525,5.322967848271,
    -1.783022097051));
#4059 = CARTESIAN_POINT('',(3.194236234582,5.384155889433,
    -1.192661453454));
#4060 = CARTESIAN_POINT('',(1.533759848019,5.151251109024,
    -1.130080191578));
#4061 = CARTESIAN_POINT('',(2.372558037596,5.412172471783,
    -1.858973298972));
#4062 = CARTESIAN_POINT('',(3.250010868559,5.453872469613,
    -1.130080191578));
#4063 = CARTESIAN_POINT('',(1.394919808422,5.235798350149,
    -0.991240151981));
#4064 = CARTESIAN_POINT('',(2.336597140242,5.616116855164,
    -2.057256261084));
#4065 = CARTESIAN_POINT('',(3.35156096971,5.580806978449,-0.991240151981
    ));
#4066 = CARTESIAN_POINT('',(1.332338529559,5.273907489914,
    -0.914984639839));
#4067 = CARTESIAN_POINT('',(2.315322275798,5.736772607101,
    -2.189182866314));
#4068 = CARTESIAN_POINT('',(3.397334042212,5.638021913837,
    -0.914984639839));
#4069 = CARTESIAN_POINT('',(1.25052410754,5.323728735184,-0.792540704375
    ));
#4070 = CARTESIAN_POINT('',(2.274317635718,5.969321476905,
    -2.436982660136));
#4071 = CARTESIAN_POINT('',(3.45717458141,5.712820750721,-0.792540704375
    ));
#4072 = CARTESIAN_POINT('',(1.225257718438,5.339114811837,-0.75038627993
    ));
#4073 = CARTESIAN_POINT('',(2.25755743177,6.064373316847,-2.536903896689
    ));
#4074 = CARTESIAN_POINT('',(3.47565487266,5.735920547436,-0.75038627993)
  );
#4075 = CARTESIAN_POINT('',(1.178978488517,5.367296748566,
    -0.663803930548));
#4076 = CARTESIAN_POINT('',(2.216259585279,6.298585042843,
    -2.765634325176));
#4077 = CARTESIAN_POINT('',(3.509504333474,5.77823133427,-0.663803930548
    ));
#4078 = CARTESIAN_POINT('',(1.157965609156,5.38009263211,-0.619375928024
    ));
#4079 = CARTESIAN_POINT('',(2.190725540309,6.443395807865,
    -2.898611819761));
#4080 = CARTESIAN_POINT('',(3.524873531226,5.797442359624,
    -0.619375928024));
#4081 = CARTESIAN_POINT('',(1.12039579331,5.402970933562,-0.528674369071
    ));
#4082 = CARTESIAN_POINT('',(2.124061444923,6.821466680047,
    -3.195650844202));
#4083 = CARTESIAN_POINT('',(3.55235277,5.831790564475,-0.528674369071));
#4084 = CARTESIAN_POINT('',(1.103838787501,5.413053393683,
    -0.482400633426));
#4085 = CARTESIAN_POINT('',(2.080589483464,7.068008424731,
    -3.365387876262));
#4086 = CARTESIAN_POINT('',(3.564462861725,5.84692780735,-0.482400633426
    ));
#4087 = CARTESIAN_POINT('',(1.082464850852,5.426069144621,-0.41194020711
    ));
#4088 = CARTESIAN_POINT('',(1.994624190549,7.555541827562,
    -3.608120570722));
#4089 = CARTESIAN_POINT('',(3.58009614327,5.866468929336,-0.41194020711)
  );
#4090 = CARTESIAN_POINT('',(1.075916737836,5.430056646294,
    -0.388278365986));
#4091 = CARTESIAN_POINT('',(1.9598771717,7.752601963842,-3.691145245066)
  );
#4092 = CARTESIAN_POINT('',(3.584885550858,5.872455541785,
    -0.388278365986));
#4093 = CARTESIAN_POINT('',(1.06398950258,5.437319787662,-0.340662173724
    ));
#4094 = CARTESIAN_POINT('',(1.878082570289,8.216482199769,
    -3.837018531842));
#4095 = CARTESIAN_POINT('',(3.593609345162,5.883360016844,
    -0.340662173724));
#4096 = CARTESIAN_POINT('',(1.058610302458,5.440595474784,
    -0.316707505923));
#4097 = CARTESIAN_POINT('',(1.830080518889,8.488715361179,
    -3.897939276461));
#4098 = CARTESIAN_POINT('',(3.597543788844,5.888277950659,
    -0.316707505923));
#4099 = CARTESIAN_POINT('',(1.049033856333,5.446427092969,
    -0.268563460125));
#4100 = CARTESIAN_POINT('',(1.718046001367,9.124094683568,
    -3.957312351014));
#4101 = CARTESIAN_POINT('',(3.604548173714,5.89703321671,-0.268563460125
    ));
#4102 = CARTESIAN_POINT('',(1.044836529043,5.448983073531,
    -0.244373663715));
#4103 = CARTESIAN_POINT('',(1.652893379709,9.493593562283,
    -3.949742878628));
#4104 = CARTESIAN_POINT('',(3.607618174357,5.900870623264,
    -0.244373663715));
#4105 = CARTESIAN_POINT('',(1.039434588058,5.4522726088,-0.207956735667)
  );
#4106 = CARTESIAN_POINT('',(1.545833393002,10.100760918498,-3.8323648694
    ));
#4107 = CARTESIAN_POINT('',(3.611569251114,5.905809347912,
    -0.207956735667));
#4108 = CARTESIAN_POINT('',(1.037782896581,5.453278413451,
    -0.195795516304));
#4109 = CARTESIAN_POINT('',(1.507344689203,10.319041204614,
    -3.772153611667));
#4110 = CARTESIAN_POINT('',(3.612777327956,5.907319406876,
    -0.195795516304));
#4111 = CARTESIAN_POINT('',(1.034778499623,5.455107953941,
    -0.171436509294));
#4112 = CARTESIAN_POINT('',(1.42783188,10.769980753876,-3.599150239052)
  );
#4113 = CARTESIAN_POINT('',(3.614974797907,5.910066176853,
    -0.171436509294));
#4114 = CARTESIAN_POINT('',(1.033425755369,5.45593171339,-0.159238404561
    ));
#4115 = CARTESIAN_POINT('',(1.386826202001,11.00253551001,
    -3.485063990556));
#4116 = CARTESIAN_POINT('',(3.615964219375,5.911302923312,
    -0.159238404561));
#4117 = CARTESIAN_POINT('',(1.031020064614,5.457396669155,
    -0.134813016427));
#4118 = CARTESIAN_POINT('',(1.305116795542,11.465932581357,
    -3.190562845892));
#4119 = CARTESIAN_POINT('',(3.617723784845,5.91350232613,-0.134813016427
    ));
#4120 = CARTESIAN_POINT('',(1.02996708306,5.458037886816,-0.12258537363)
  );
#4121 = CARTESIAN_POINT('',(1.26455152278,11.69598967528,-3.008982094582
    ));
#4122 = CARTESIAN_POINT('',(3.618493954485,5.914465014537,-0.12258537363
    ));
#4123 = CARTESIAN_POINT('',(1.028161546904,5.459137375847,
    -9.81083171686E-02));
#4124 = CARTESIAN_POINT('',(1.188255712039,12.128684719649,
    -2.57205789764));
#4125 = CARTESIAN_POINT('',(3.619814556091,5.916115726001,
    -9.81083171686E-02));
#4126 = CARTESIAN_POINT('',(1.027408963059,5.459595665026,
    -8.585850272878E-02));
#4127 = CARTESIAN_POINT('',(1.152786231023,12.329842142485,
    -2.316179162301));
#4128 = CARTESIAN_POINT('',(3.620365009445,5.916803775795,
    -8.585850272878E-02));
#4129 = CARTESIAN_POINT('',(1.026204668325,5.460329025501,
    -6.134452025347E-02));
#4130 = CARTESIAN_POINT('',(1.092337276745,12.672665197894,
    -1.737089305412));
#4131 = CARTESIAN_POINT('',(3.621245852266,5.917904802279,
    -6.134452025347E-02));
#4132 = CARTESIAN_POINT('',(1.025752936242,5.460604109702,
    -4.907991571441E-02));
#4133 = CARTESIAN_POINT('',(1.067670591816,12.812556919684,
    -1.414487277221));
#4134 = CARTESIAN_POINT('',(3.621576257233,5.918317798345,
    -4.907991571441E-02));
#4135 = CARTESIAN_POINT('',(1.025150607669,5.460970900285,
    -2.454376985433E-02));
#4136 = CARTESIAN_POINT('',(1.033891550568,13.004127382199,
    -0.727097323166));
#4137 = CARTESIAN_POINT('',(3.62201681118,5.918868477254,
    -2.454376985433E-02));
#4138 = CARTESIAN_POINT('',(1.025,5.461062613028,-1.2271788264E-02));
#4139 = CARTESIAN_POINT('',(1.025016544,13.054460045598,-0.3644472094));
#4140 = CARTESIAN_POINT('',(3.62212696849,5.919006169898,
    -1.2271788264E-02));
#4141 = CARTESIAN_POINT('',(1.025,5.461062613475,1.148570609678E-15));
#4142 = CARTESIAN_POINT('',(1.025,13.054553871282,3.412390181357E-14));
#4143 = CARTESIAN_POINT('',(3.622126968337,5.919006170318,
    1.148570609678E-15));
#4144 = ADVANCED_FACE('',(#4145),#4151,.T.);
#4145 = FACE_BOUND('',#4146,.T.);
#4146 = EDGE_LOOP('',(#4147,#4148,#4149,#4150));
#4147 = ORIENTED_EDGE('',*,*,#3754,.F.);
#4148 = ORIENTED_EDGE('',*,*,#3835,.F.);
#4149 = ORIENTED_EDGE('',*,*,#4035,.T.);
#4150 = ORIENTED_EDGE('',*,*,#4018,.T.);
#4151 = CYLINDRICAL_SURFACE('',#4152,1.5);
#4152 = AXIS2_PLACEMENT_3D('',#4153,#4154,#4155);
#4153 = CARTESIAN_POINT('',(2.765461068821,3.886969785011,0.));
#4154 = DIRECTION('',(0.342020143326,-0.939692620786,0.));
#4155 = DIRECTION('',(0.939692620786,0.342020143326,0.));
#4156 = MANIFOLD_SOLID_BREP('',#4157);
#4157 = CLOSED_SHELL('',(#4158,#4218,#4241,#4264,#4289,#4412,#4430,#4447
    ,#4562));
#4158 = ADVANCED_FACE('',(#4159),#4213,.F.);
#4159 = FACE_BOUND('',#4160,.T.);
#4160 = EDGE_LOOP('',(#4161,#4171,#4180,#4189,#4197,#4206));
#4161 = ORIENTED_EDGE('',*,*,#4162,.F.);
#4162 = EDGE_CURVE('',#4163,#4165,#4167,.T.);
#4163 = VERTEX_POINT('',#4164);
#4164 = CARTESIAN_POINT('',(-0.875,4.4,-1.5));
#4165 = VERTEX_POINT('',#4166);
#4166 = CARTESIAN_POINT('',(-0.928733341286,4.4,-1.5));
#4167 = LINE('',#4168,#4169);
#4168 = CARTESIAN_POINT('',(-2.525,4.4,-1.5));
#4169 = VECTOR('',#4170,1.);
#4170 = DIRECTION('',(-1.,0.,0.));
#4171 = ORIENTED_EDGE('',*,*,#4172,.F.);
#4172 = EDGE_CURVE('',#4173,#4163,#4175,.T.);
#4173 = VERTEX_POINT('',#4174);
#4174 = CARTESIAN_POINT('',(0.625,4.4,0.));
#4175 = CIRCLE('',#4176,1.5);
#4176 = AXIS2_PLACEMENT_3D('',#4177,#4178,#4179);
#4177 = CARTESIAN_POINT('',(-0.875,4.4,0.));
#4178 = DIRECTION('',(0.,1.,0.));
#4179 = DIRECTION('',(0.,-0.,1.));
#4180 = ORIENTED_EDGE('',*,*,#4181,.F.);
#4181 = EDGE_CURVE('',#4182,#4173,#4184,.T.);
#4182 = VERTEX_POINT('',#4183);
#4183 = CARTESIAN_POINT('',(-0.875,4.4,1.5));
#4184 = CIRCLE('',#4185,1.5);
#4185 = AXIS2_PLACEMENT_3D('',#4186,#4187,#4188);
#4186 = CARTESIAN_POINT('',(-0.875,4.4,0.));
#4187 = DIRECTION('',(0.,1.,0.));
#4188 = DIRECTION('',(0.,-0.,1.));
#4189 = ORIENTED_EDGE('',*,*,#4190,.T.);
#4190 = EDGE_CURVE('',#4182,#4191,#4193,.T.);
#4191 = VERTEX_POINT('',#4192);
#4192 = CARTESIAN_POINT('',(-0.928733341286,4.4,1.5));
#4193 = LINE('',#4194,#4195);
#4194 = CARTESIAN_POINT('',(-2.525,4.4,1.5));
#4195 = VECTOR('',#4196,1.);
#4196 = DIRECTION('',(-1.,0.,0.));
#4197 = ORIENTED_EDGE('',*,*,#4198,.F.);
#4198 = EDGE_CURVE('',#4199,#4191,#4201,.T.);
#4199 = VERTEX_POINT('',#4200);
#4200 = CARTESIAN_POINT('',(-2.525,4.4,0.));
#4201 = ( BOUNDED_CURVE() B_SPLINE_CURVE(3,(#4202,#4203,#4204,#4205),
.UNSPECIFIED.,.F.,.F.) B_SPLINE_CURVE_WITH_KNOTS((4,4),(3.14159265359,
4.712388980385),.PIECEWISE_BEZIER_KNOTS.) CURVE() 
GEOMETRIC_REPRESENTATION_ITEM() RATIONAL_B_SPLINE_CURVE((1.,
0.804737854124,0.804737854124,1.)) REPRESENTATION_ITEM('') );
#4202 = CARTESIAN_POINT('',(-2.525,4.4,0.));
#4203 = CARTESIAN_POINT('',(-2.525,4.4,0.87867965644));
#4204 = CARTESIAN_POINT('',(-1.863804700797,4.4,1.5));
#4205 = CARTESIAN_POINT('',(-0.928733341286,4.4,1.5));
#4206 = ORIENTED_EDGE('',*,*,#4207,.F.);
#4207 = EDGE_CURVE('',#4165,#4199,#4208,.T.);
#4208 = ( BOUNDED_CURVE() B_SPLINE_CURVE(3,(#4209,#4210,#4211,#4212),
.UNSPECIFIED.,.F.,.F.) B_SPLINE_CURVE_WITH_KNOTS((4,4),(4.712388980385,
6.28318530718),.PIECEWISE_BEZIER_KNOTS.) CURVE() 
GEOMETRIC_REPRESENTATION_ITEM() RATIONAL_B_SPLINE_CURVE((1.,
0.804737854124,0.804737854124,1.)) REPRESENTATION_ITEM('') );
#4209 = CARTESIAN_POINT('',(-0.928733341286,4.4,-1.5));
#4210 = CARTESIAN_POINT('',(-1.863804700797,4.4,-1.5));
#4211 = CARTESIAN_POINT('',(-2.525,4.4,-0.87867965644));
#4212 = CARTESIAN_POINT('',(-2.525,4.4,0.));
#4213 = PLANE('',#4214);
#4214 = AXIS2_PLACEMENT_3D('',#4215,#4216,#4217);
#4215 = CARTESIAN_POINT('',(-2.525,4.4,1.5));
#4216 = DIRECTION('',(0.,1.,0.));
#4217 = DIRECTION('',(0.,-0.,1.));
#4218 = ADVANCED_FACE('',(#4219),#4236,.F.);
#4219 = FACE_BOUND('',#4220,.T.);
#4220 = EDGE_LOOP('',(#4221,#4222,#4230));
#4221 = ORIENTED_EDGE('',*,*,#4190,.F.);
#4222 = ORIENTED_EDGE('',*,*,#4223,.F.);
#4223 = EDGE_CURVE('',#4224,#4182,#4226,.T.);
#4224 = VERTEX_POINT('',#4225);
#4225 = CARTESIAN_POINT('',(-0.875,4.547631141855,1.5));
#4226 = LINE('',#4227,#4228);
#4227 = CARTESIAN_POINT('',(-0.875,5.461062613475,1.5));
#4228 = VECTOR('',#4229,1.);
#4229 = DIRECTION('',(0.,-1.,0.));
#4230 = ORIENTED_EDGE('',*,*,#4231,.F.);
#4231 = EDGE_CURVE('',#4191,#4224,#4232,.T.);
#4232 = LINE('',#4233,#4234);
#4233 = CARTESIAN_POINT('',(-0.562588037159,5.40597595533,1.5));
#4234 = VECTOR('',#4235,1.);
#4235 = DIRECTION('',(0.342020143326,0.939692620786,0.));
#4236 = PLANE('',#4237);
#4237 = AXIS2_PLACEMENT_3D('',#4238,#4239,#4240);
#4238 = CARTESIAN_POINT('',(-0.713937386525,5.461062613475,1.5));
#4239 = DIRECTION('',(0.,0.,-1.));
#4240 = DIRECTION('',(1.,0.,0.));
#4241 = ADVANCED_FACE('',(#4242),#4259,.T.);
#4242 = FACE_BOUND('',#4243,.T.);
#4243 = EDGE_LOOP('',(#4244,#4252,#4253));
#4244 = ORIENTED_EDGE('',*,*,#4245,.F.);
#4245 = EDGE_CURVE('',#4163,#4246,#4248,.T.);
#4246 = VERTEX_POINT('',#4247);
#4247 = CARTESIAN_POINT('',(-0.875,4.547631141855,-1.5));
#4248 = LINE('',#4249,#4250);
#4249 = CARTESIAN_POINT('',(-0.875,5.461062613475,-1.5));
#4250 = VECTOR('',#4251,1.);
#4251 = DIRECTION('',(-0.,1.,-0.));
#4252 = ORIENTED_EDGE('',*,*,#4162,.T.);
#4253 = ORIENTED_EDGE('',*,*,#4254,.F.);
#4254 = EDGE_CURVE('',#4246,#4165,#4255,.T.);
#4255 = LINE('',#4256,#4257);
#4256 = CARTESIAN_POINT('',(-1.115461068821,3.886969785011,-1.5));
#4257 = VECTOR('',#4258,1.);
#4258 = DIRECTION('',(-0.342020143326,-0.939692620786,-0.));
#4259 = PLANE('',#4260);
#4260 = AXIS2_PLACEMENT_3D('',#4261,#4262,#4263);
#4261 = CARTESIAN_POINT('',(-0.713937386525,5.461062613475,-1.5));
#4262 = DIRECTION('',(0.,0.,-1.));
#4263 = DIRECTION('',(1.,0.,0.));
#4264 = ADVANCED_FACE('',(#4265),#4284,.T.);
#4265 = FACE_BOUND('',#4266,.T.);
#4266 = EDGE_LOOP('',(#4267,#4276,#4277,#4278));
#4267 = ORIENTED_EDGE('',*,*,#4268,.T.);
#4268 = EDGE_CURVE('',#4269,#4224,#4271,.T.);
#4269 = VERTEX_POINT('',#4270);
#4270 = CARTESIAN_POINT('',(0.625,5.461062613475,0.));
#4271 = ( BOUNDED_CURVE() B_SPLINE_CURVE(3,(#4272,#4273,#4274,#4275),
.UNSPECIFIED.,.F.,.F.) B_SPLINE_CURVE_WITH_KNOTS((4,4),(3.14159265359,
4.712388980385),.PIECEWISE_BEZIER_KNOTS.) CURVE() 
GEOMETRIC_REPRESENTATION_ITEM() RATIONAL_B_SPLINE_CURVE((1.,
0.804737854124,0.804737854124,1.)) REPRESENTATION_ITEM('') );
#4272 = CARTESIAN_POINT('',(0.625,5.461062613475,0.));
#4273 = CARTESIAN_POINT('',(0.625,5.461062613475,0.87867965644));
#4274 = CARTESIAN_POINT('',(3.67965644036E-03,5.082706909632,1.5));
#4275 = CARTESIAN_POINT('',(-0.875,4.547631141855,1.5));
#4276 = ORIENTED_EDGE('',*,*,#4223,.T.);
#4277 = ORIENTED_EDGE('',*,*,#4181,.T.);
#4278 = ORIENTED_EDGE('',*,*,#4279,.T.);
#4279 = EDGE_CURVE('',#4173,#4269,#4280,.T.);
#4280 = LINE('',#4281,#4282);
#4281 = CARTESIAN_POINT('',(0.625,4.4,0.));
#4282 = VECTOR('',#4283,1.);
#4283 = DIRECTION('',(-0.,1.,-0.));
#4284 = CYLINDRICAL_SURFACE('',#4285,1.5);
#4285 = AXIS2_PLACEMENT_3D('',#4286,#4287,#4288);
#4286 = CARTESIAN_POINT('',(-0.875,5.461062613475,0.));
#4287 = DIRECTION('',(0.,-1.,0.));
#4288 = DIRECTION('',(0.,0.,-1.));
#4289 = ADVANCED_FACE('',(#4290),#4309,.T.);
#4290 = FACE_BOUND('',#4291,.T.);
#4291 = EDGE_LOOP('',(#4292,#4301,#4308));
#4292 = ORIENTED_EDGE('',*,*,#4293,.T.);
#4293 = EDGE_CURVE('',#4269,#4294,#4296,.T.);
#4294 = VERTEX_POINT('',#4295);
#4295 = CARTESIAN_POINT('',(-1.972126968337,5.919006170318,0.));
#4296 = CIRCLE('',#4297,1.338937386525);
#4297 = AXIS2_PLACEMENT_3D('',#4298,#4299,#4300);
#4298 = CARTESIAN_POINT('',(-0.713937386525,5.461062613475,0.));
#4299 = DIRECTION('',(0.,-0.,1.));
#4300 = DIRECTION('',(1.,0.,0.));
#4301 = ORIENTED_EDGE('',*,*,#4302,.T.);
#4302 = EDGE_CURVE('',#4294,#4224,#4303,.T.);
#4303 = ( BOUNDED_CURVE() B_SPLINE_CURVE(3,(#4304,#4305,#4306,#4307),
.UNSPECIFIED.,.F.,.F.) B_SPLINE_CURVE_WITH_KNOTS((4,4),(3.14159265359,
4.712388980385),.PIECEWISE_BEZIER_KNOTS.) CURVE() 
GEOMETRIC_REPRESENTATION_ITEM() RATIONAL_B_SPLINE_CURVE((1.,
0.804737854124,0.804737854124,1.)) REPRESENTATION_ITEM('') );
#4304 = CARTESIAN_POINT('',(-1.972126968337,5.919006170318,0.));
#4305 = CARTESIAN_POINT('',(-1.972126968337,5.919006170318,0.87867965644
    ));
#4306 = CARTESIAN_POINT('',(-1.517682098407,5.350964034429,1.5));
#4307 = CARTESIAN_POINT('',(-0.875,4.547631141855,1.5));
#4308 = ORIENTED_EDGE('',*,*,#4268,.F.);
#4309 = ( BOUNDED_SURFACE() B_SPLINE_SURFACE(3,2,(
    (#4310,#4311,#4312)
    ,(#4313,#4314,#4315)
    ,(#4316,#4317,#4318)
    ,(#4319,#4320,#4321)
    ,(#4322,#4323,#4324)
    ,(#4325,#4326,#4327)
    ,(#4328,#4329,#4330)
    ,(#4331,#4332,#4333)
    ,(#4334,#4335,#4336)
    ,(#4337,#4338,#4339)
    ,(#4340,#4341,#4342)
    ,(#4343,#4344,#4345)
    ,(#4346,#4347,#4348)
    ,(#4349,#4350,#4351)
    ,(#4352,#4353,#4354)
    ,(#4355,#4356,#4357)
    ,(#4358,#4359,#4360)
    ,(#4361,#4362,#4363)
    ,(#4364,#4365,#4366)
    ,(#4367,#4368,#4369)
    ,(#4370,#4371,#4372)
    ,(#4373,#4374,#4375)
    ,(#4376,#4377,#4378)
    ,(#4379,#4380,#4381)
    ,(#4382,#4383,#4384)
    ,(#4385,#4386,#4387)
    ,(#4388,#4389,#4390)
    ,(#4391,#4392,#4393)
    ,(#4394,#4395,#4396)
    ,(#4397,#4398,#4399)
    ,(#4400,#4401,#4402)
    ,(#4403,#4404,#4405)
    ,(#4406,#4407,#4408)
    ,(#4409,#4410,#4411
)),.UNSPECIFIED.,.F.,.F.,.F.) B_SPLINE_SURFACE_WITH_KNOTS((4,2,2,2,2,2,2
    ,2,2,2,2,2,2,2,2,2,4),(3,3),(1.570796326795,1.963495408494,
    2.159844949343,2.356194490192,2.552544031042,2.650718801466,
    2.748893571891,2.847068342316,2.896155727528,2.94524311274,
    2.994330497953,3.018874190559,3.043417883165,3.067961575771,
    3.092505268377,3.117048960984,3.14159265359),(0.,1.),.UNSPECIFIED.) 
GEOMETRIC_REPRESENTATION_ITEM() RATIONAL_B_SPLINE_SURFACE((
    (1.,1.,1.)
    ,(1.,1.000131127444,1.)
    ,(1.,0.974723772114,1.)
    ,(1.,0.902037594454,1.)
    ,(1.,0.872078246289,1.)
    ,(1.,0.802017213674,1.)
    ,(1.,0.761911250211,1.)
    ,(1.,0.673465835859,1.)
    ,(1.,0.625106802452,1.)
    ,(1.,0.548484212072,1.)
    ,(1.,0.522269948632,1.)
    ,(1.,0.469028138674,1.)
    ,(1.,0.441993003994,1.)
    ,(1.,0.387909143032,1.)
    ,(1.,0.360839629077,1.)
    ,(1.,0.321302666671,1.)
    ,(1.,0.308307078504,1.)
    ,(1.,0.283006045521,1.)
    ,(1.,0.270695741388,1.)
    ,(1.,0.247247370842,1.)
    ,(1.,0.236102021778,1.)
    ,(1.,0.220810635211,1.)
    ,(1.,0.215950372317,1.)
    ,(1.,0.206831977671,1.)
    ,(1.,0.202568562385,1.)
    ,(1.,0.194779406328,1.)
    ,(1.,0.191247449586,1.)
    ,(1.,0.185062266181,1.)
    ,(1.,0.182402564114,1.)
    ,(1.,0.178090027445,1.)
    ,(1.,0.176431641638,1.)
    ,(1.,0.174212341824,1.)
    ,(1.,0.173646648733,1.)
,(1.,0.173648177667,1.))) REPRESENTATION_ITEM('') SURFACE() );
#4310 = CARTESIAN_POINT('',(-0.875,4.547631141855,1.5));
#4311 = CARTESIAN_POINT('',(-0.875,4.547631141855,1.5));
#4312 = CARTESIAN_POINT('',(-0.875,4.547631141855,1.5));
#4313 = CARTESIAN_POINT('',(-0.678615088627,4.667220580922,1.5));
#4314 = CARTESIAN_POINT('',(-0.84856684957,4.697540987323,1.499999997828
    ));
#4315 = CARTESIAN_POINT('',(-1.018639454961,4.727176050805,1.5));
#4316 = CARTESIAN_POINT('',(-0.4823781325,4.786719922003,1.460958998036)
  );
#4317 = CARTESIAN_POINT('',(-0.821064260191,4.853515922461,
    1.529198949353));
#4318 = CARTESIAN_POINT('',(-1.162170692796,4.906585691668,
    1.460958998036));
#4319 = CARTESIAN_POINT('',(-0.210273210929,4.952419387966,
    1.348249449133));
#4320 = CARTESIAN_POINT('',(-0.781465892023,5.078089427937,
    1.623772253476));
#4321 = CARTESIAN_POINT('',(-1.361193124578,5.155357621377,
    1.348249449133));
#4322 = CARTESIAN_POINT('',(-0.123273966203,5.005397953393,
    1.301747383454));
#4323 = CARTESIAN_POINT('',(-0.767499172128,5.15729863256,1.667519562439
    ));
#4324 = CARTESIAN_POINT('',(-1.42482593632,5.234896682519,1.301747383454
    ));
#4325 = CARTESIAN_POINT('',(3.998466526158E-02,5.104815001388,
    1.192661453454));
#4326 = CARTESIAN_POINT('',(-0.738287219525,5.322967848271,
    1.783022097051));
#4327 = CARTESIAN_POINT('',(-1.544236234582,5.384155889433,
    1.192661453454));
#4328 = CARTESIAN_POINT('',(0.116240151981,5.151251109024,1.130080191578
    ));
#4329 = CARTESIAN_POINT('',(-0.722558037596,5.412172471783,
    1.858973298972));
#4330 = CARTESIAN_POINT('',(-1.600010868559,5.453872469613,
    1.130080191578));
#4331 = CARTESIAN_POINT('',(0.255080191578,5.235798350149,0.991240151981
    ));
#4332 = CARTESIAN_POINT('',(-0.686597140242,5.616116855164,
    2.057256261084));
#4333 = CARTESIAN_POINT('',(-1.70156096971,5.580806978449,0.991240151981
    ));
#4334 = CARTESIAN_POINT('',(0.317661470441,5.273907489914,0.914984639839
    ));
#4335 = CARTESIAN_POINT('',(-0.665322275798,5.736772607101,
    2.189182866314));
#4336 = CARTESIAN_POINT('',(-1.747334042212,5.638021913837,
    0.914984639839));
#4337 = CARTESIAN_POINT('',(0.39947589246,5.323728735184,0.792540704375)
  );
#4338 = CARTESIAN_POINT('',(-0.624317635718,5.969321476905,
    2.436982660136));
#4339 = CARTESIAN_POINT('',(-1.80717458141,5.712820750721,0.792540704375
    ));
#4340 = CARTESIAN_POINT('',(0.424742281562,5.339114811837,0.75038627993)
  );
#4341 = CARTESIAN_POINT('',(-0.60755743177,6.064373316847,2.536903896689
    ));
#4342 = CARTESIAN_POINT('',(-1.82565487266,5.735920547436,0.75038627993)
  );
#4343 = CARTESIAN_POINT('',(0.471021511483,5.367296748566,0.663803930548
    ));
#4344 = CARTESIAN_POINT('',(-0.566259585279,6.298585042843,
    2.765634325176));
#4345 = CARTESIAN_POINT('',(-1.859504333474,5.77823133427,0.663803930548
    ));
#4346 = CARTESIAN_POINT('',(0.492034390844,5.38009263211,0.619375928024)
  );
#4347 = CARTESIAN_POINT('',(-0.540725540309,6.443395807865,
    2.898611819761));
#4348 = CARTESIAN_POINT('',(-1.874873531226,5.797442359624,
    0.619375928024));
#4349 = CARTESIAN_POINT('',(0.52960420669,5.402970933562,0.528674369071)
  );
#4350 = CARTESIAN_POINT('',(-0.474061444923,6.821466680047,
    3.195650844202));
#4351 = CARTESIAN_POINT('',(-1.90235277,5.831790564475,0.528674369071));
#4352 = CARTESIAN_POINT('',(0.546161212499,5.413053393683,0.482400633426
    ));
#4353 = CARTESIAN_POINT('',(-0.430589483464,7.068008424731,
    3.365387876262));
#4354 = CARTESIAN_POINT('',(-1.914462861725,5.84692780735,0.482400633426
    ));
#4355 = CARTESIAN_POINT('',(0.567535149148,5.426069144621,0.41194020711)
  );
#4356 = CARTESIAN_POINT('',(-0.344624190549,7.555541827562,
    3.608120570722));
#4357 = CARTESIAN_POINT('',(-1.93009614327,5.866468929336,0.41194020711)
  );
#4358 = CARTESIAN_POINT('',(0.574083262164,5.430056646294,0.388278365986
    ));
#4359 = CARTESIAN_POINT('',(-0.3098771717,7.752601963842,3.691145245066)
  );
#4360 = CARTESIAN_POINT('',(-1.934885550858,5.872455541785,
    0.388278365986));
#4361 = CARTESIAN_POINT('',(0.58601049742,5.437319787662,0.340662173724)
  );
#4362 = CARTESIAN_POINT('',(-0.228082570289,8.216482199769,
    3.837018531842));
#4363 = CARTESIAN_POINT('',(-1.943609345162,5.883360016844,
    0.340662173724));
#4364 = CARTESIAN_POINT('',(0.591389697542,5.440595474784,0.316707505923
    ));
#4365 = CARTESIAN_POINT('',(-0.180080518889,8.488715361179,
    3.897939276461));
#4366 = CARTESIAN_POINT('',(-1.947543788844,5.888277950659,
    0.316707505923));
#4367 = CARTESIAN_POINT('',(0.600966143667,5.446427092969,0.268563460125
    ));
#4368 = CARTESIAN_POINT('',(-6.804600136742E-02,9.124094683568,
    3.957312351014));
#4369 = CARTESIAN_POINT('',(-1.954548173714,5.89703321671,0.268563460125
    ));
#4370 = CARTESIAN_POINT('',(0.605163470957,5.448983073531,0.244373663715
    ));
#4371 = CARTESIAN_POINT('',(-2.893379708564E-03,9.493593562283,
    3.949742878628));
#4372 = CARTESIAN_POINT('',(-1.957618174357,5.900870623264,
    0.244373663715));
#4373 = CARTESIAN_POINT('',(0.610565411942,5.4522726088,0.207956735667)
  );
#4374 = CARTESIAN_POINT('',(0.104166606998,10.100760918498,3.8323648694)
  );
#4375 = CARTESIAN_POINT('',(-1.961569251114,5.905809347912,
    0.207956735667));
#4376 = CARTESIAN_POINT('',(0.612217103419,5.453278413451,0.195795516304
    ));
#4377 = CARTESIAN_POINT('',(0.142655310797,10.319041204614,
    3.772153611667));
#4378 = CARTESIAN_POINT('',(-1.962777327956,5.907319406876,
    0.195795516304));
#4379 = CARTESIAN_POINT('',(0.615221500377,5.455107953941,0.171436509294
    ));
#4380 = CARTESIAN_POINT('',(0.22216812,10.769980753876,3.599150239052));
#4381 = CARTESIAN_POINT('',(-1.964974797907,5.910066176853,
    0.171436509294));
#4382 = CARTESIAN_POINT('',(0.616574244631,5.45593171339,0.159238404561)
  );
#4383 = CARTESIAN_POINT('',(0.263173797999,11.00253551001,3.485063990556
    ));
#4384 = CARTESIAN_POINT('',(-1.965964219375,5.911302923312,
    0.159238404561));
#4385 = CARTESIAN_POINT('',(0.618979935386,5.457396669155,0.134813016427
    ));
#4386 = CARTESIAN_POINT('',(0.344883204458,11.465932581357,
    3.190562845892));
#4387 = CARTESIAN_POINT('',(-1.967723784845,5.91350232613,0.134813016427
    ));
#4388 = CARTESIAN_POINT('',(0.62003291694,5.458037886816,0.12258537363)
  );
#4389 = CARTESIAN_POINT('',(0.38544847722,11.69598967528,3.008982094582)
  );
#4390 = CARTESIAN_POINT('',(-1.968493954485,5.914465014537,0.12258537363
    ));
#4391 = CARTESIAN_POINT('',(0.621838453096,5.459137375847,
    9.81083171686E-02));
#4392 = CARTESIAN_POINT('',(0.461744287961,12.128684719649,2.57205789764
    ));
#4393 = CARTESIAN_POINT('',(-1.969814556091,5.916115726001,
    9.81083171686E-02));
#4394 = CARTESIAN_POINT('',(0.622591036941,5.459595665026,
    8.585850272878E-02));
#4395 = CARTESIAN_POINT('',(0.497213768977,12.329842142485,
    2.316179162301));
#4396 = CARTESIAN_POINT('',(-1.970365009445,5.916803775795,
    8.585850272878E-02));
#4397 = CARTESIAN_POINT('',(0.623795331675,5.460329025501,
    6.134452025347E-02));
#4398 = CARTESIAN_POINT('',(0.557662723255,12.672665197894,
    1.737089305412));
#4399 = CARTESIAN_POINT('',(-1.971245852266,5.917904802279,
    6.134452025347E-02));
#4400 = CARTESIAN_POINT('',(0.624247063758,5.460604109702,
    4.907991571441E-02));
#4401 = CARTESIAN_POINT('',(0.582329408184,12.812556919684,
    1.414487277221));
#4402 = CARTESIAN_POINT('',(-1.971576257233,5.918317798345,
    4.907991571441E-02));
#4403 = CARTESIAN_POINT('',(0.624849392331,5.460970900285,
    2.454376985433E-02));
#4404 = CARTESIAN_POINT('',(0.616108449432,13.004127382199,
    0.727097323166));
#4405 = CARTESIAN_POINT('',(-1.97201681118,5.918868477254,
    2.454376985433E-02));
#4406 = CARTESIAN_POINT('',(0.625,5.461062613028,1.2271788264E-02));
#4407 = CARTESIAN_POINT('',(0.624983456,13.054460045598,0.3644472094));
#4408 = CARTESIAN_POINT('',(-1.97212696849,5.919006169898,
    1.2271788264E-02));
#4409 = CARTESIAN_POINT('',(0.625,5.461062613475,-1.148570609678E-15));
#4410 = CARTESIAN_POINT('',(0.625,13.054553871282,-3.412390181357E-14));
#4411 = CARTESIAN_POINT('',(-1.972126968337,5.919006170318,
    -1.148570609678E-15));
#4412 = ADVANCED_FACE('',(#4413),#4425,.T.);
#4413 = FACE_BOUND('',#4414,.T.);
#4414 = EDGE_LOOP('',(#4415,#4416,#4417,#4424));
#4415 = ORIENTED_EDGE('',*,*,#4172,.T.);
#4416 = ORIENTED_EDGE('',*,*,#4245,.T.);
#4417 = ORIENTED_EDGE('',*,*,#4418,.T.);
#4418 = EDGE_CURVE('',#4246,#4269,#4419,.T.);
#4419 = ( BOUNDED_CURVE() B_SPLINE_CURVE(3,(#4420,#4421,#4422,#4423),
.UNSPECIFIED.,.F.,.F.) B_SPLINE_CURVE_WITH_KNOTS((4,4),(1.570796326795,
3.14159265359),.PIECEWISE_BEZIER_KNOTS.) CURVE() 
GEOMETRIC_REPRESENTATION_ITEM() RATIONAL_B_SPLINE_CURVE((1.,
0.804737854124,0.804737854124,1.)) REPRESENTATION_ITEM('') );
#4420 = CARTESIAN_POINT('',(-0.875,4.547631141855,-1.5));
#4421 = CARTESIAN_POINT('',(3.67965644036E-03,5.082706909632,-1.5));
#4422 = CARTESIAN_POINT('',(0.625,5.461062613475,-0.87867965644));
#4423 = CARTESIAN_POINT('',(0.625,5.461062613475,0.));
#4424 = ORIENTED_EDGE('',*,*,#4279,.F.);
#4425 = CYLINDRICAL_SURFACE('',#4426,1.5);
#4426 = AXIS2_PLACEMENT_3D('',#4427,#4428,#4429);
#4427 = CARTESIAN_POINT('',(-0.875,4.4,0.));
#4428 = DIRECTION('',(0.,1.,0.));
#4429 = DIRECTION('',(0.,-0.,1.));
#4430 = ADVANCED_FACE('',(#4431),#4442,.T.);
#4431 = FACE_BOUND('',#4432,.T.);
#4432 = EDGE_LOOP('',(#4433,#4434,#4435,#4441));
#4433 = ORIENTED_EDGE('',*,*,#4231,.T.);
#4434 = ORIENTED_EDGE('',*,*,#4302,.F.);
#4435 = ORIENTED_EDGE('',*,*,#4436,.T.);
#4436 = EDGE_CURVE('',#4294,#4199,#4437,.T.);
#4437 = LINE('',#4438,#4439);
#4438 = CARTESIAN_POINT('',(-2.525,4.4,0.));
#4439 = VECTOR('',#4440,1.);
#4440 = DIRECTION('',(-0.342020143326,-0.939692620786,-0.));
#4441 = ORIENTED_EDGE('',*,*,#4198,.T.);
#4442 = CYLINDRICAL_SURFACE('',#4443,1.5);
#4443 = AXIS2_PLACEMENT_3D('',#4444,#4445,#4446);
#4444 = CARTESIAN_POINT('',(-0.562588037159,5.40597595533,0.));
#4445 = DIRECTION('',(0.342020143326,0.939692620786,0.));
#4446 = DIRECTION('',(0.939692620786,-0.342020143326,0.));
#4447 = ADVANCED_FACE('',(#4448),#4459,.T.);
#4448 = FACE_BOUND('',#4449,.T.);
#4449 = EDGE_LOOP('',(#4450,#4451,#4458));
#4450 = ORIENTED_EDGE('',*,*,#4418,.F.);
#4451 = ORIENTED_EDGE('',*,*,#4452,.T.);
#4452 = EDGE_CURVE('',#4246,#4294,#4453,.T.);
#4453 = ( BOUNDED_CURVE() B_SPLINE_CURVE(3,(#4454,#4455,#4456,#4457),
.UNSPECIFIED.,.F.,.F.) B_SPLINE_CURVE_WITH_KNOTS((4,4),(1.570796326795,
3.14159265359),.PIECEWISE_BEZIER_KNOTS.) CURVE() 
GEOMETRIC_REPRESENTATION_ITEM() RATIONAL_B_SPLINE_CURVE((1.,
0.804737854124,0.804737854124,1.)) REPRESENTATION_ITEM('') );
#4454 = CARTESIAN_POINT('',(-0.875,4.547631141855,-1.5));
#4455 = CARTESIAN_POINT('',(-1.517682098407,5.350964034429,-1.5));
#4456 = CARTESIAN_POINT('',(-1.972126968337,5.919006170318,
    -0.87867965644));
#4457 = CARTESIAN_POINT('',(-1.972126968337,5.919006170318,0.));
#4458 = ORIENTED_EDGE('',*,*,#4293,.F.);
#4459 = ( BOUNDED_SURFACE() B_SPLINE_SURFACE(3,2,(
    (#4460,#4461,#4462)
    ,(#4463,#4464,#4465)
    ,(#4466,#4467,#4468)
    ,(#4469,#4470,#4471)
    ,(#4472,#4473,#4474)
    ,(#4475,#4476,#4477)
    ,(#4478,#4479,#4480)
    ,(#4481,#4482,#4483)
    ,(#4484,#4485,#4486)
    ,(#4487,#4488,#4489)
    ,(#4490,#4491,#4492)
    ,(#4493,#4494,#4495)
    ,(#4496,#4497,#4498)
    ,(#4499,#4500,#4501)
    ,(#4502,#4503,#4504)
    ,(#4505,#4506,#4507)
    ,(#4508,#4509,#4510)
    ,(#4511,#4512,#4513)
    ,(#4514,#4515,#4516)
    ,(#4517,#4518,#4519)
    ,(#4520,#4521,#4522)
    ,(#4523,#4524,#4525)
    ,(#4526,#4527,#4528)
    ,(#4529,#4530,#4531)
    ,(#4532,#4533,#4534)
    ,(#4535,#4536,#4537)
    ,(#4538,#4539,#4540)
    ,(#4541,#4542,#4543)
    ,(#4544,#4545,#4546)
    ,(#4547,#4548,#4549)
    ,(#4550,#4551,#4552)
    ,(#4553,#4554,#4555)
    ,(#4556,#4557,#4558)
    ,(#4559,#4560,#4561
)),.UNSPECIFIED.,.F.,.F.,.F.) B_SPLINE_SURFACE_WITH_KNOTS((4,2,2,2,2,2,2
    ,2,2,2,2,2,2,2,2,2,4),(3,3),(1.570796326795,1.963495408494,
    2.159844949343,2.356194490192,2.552544031042,2.650718801466,
    2.748893571891,2.847068342316,2.896155727528,2.94524311274,
    2.994330497953,3.018874190559,3.043417883165,3.067961575771,
    3.092505268377,3.117048960984,3.14159265359),(0.,1.),.UNSPECIFIED.) 
GEOMETRIC_REPRESENTATION_ITEM() RATIONAL_B_SPLINE_SURFACE((
    (1.,1.,1.)
    ,(1.,1.000131127444,1.)
    ,(1.,0.974723772114,1.)
    ,(1.,0.902037594454,1.)
    ,(1.,0.872078246289,1.)
    ,(1.,0.802017213674,1.)
    ,(1.,0.761911250211,1.)
    ,(1.,0.673465835859,1.)
    ,(1.,0.625106802452,1.)
    ,(1.,0.548484212072,1.)
    ,(1.,0.522269948632,1.)
    ,(1.,0.469028138674,1.)
    ,(1.,0.441993003994,1.)
    ,(1.,0.387909143032,1.)
    ,(1.,0.360839629077,1.)
    ,(1.,0.321302666671,1.)
    ,(1.,0.308307078504,1.)
    ,(1.,0.283006045521,1.)
    ,(1.,0.270695741388,1.)
    ,(1.,0.247247370842,1.)
    ,(1.,0.236102021778,1.)
    ,(1.,0.220810635211,1.)
    ,(1.,0.215950372317,1.)
    ,(1.,0.206831977671,1.)
    ,(1.,0.202568562385,1.)
    ,(1.,0.194779406328,1.)
    ,(1.,0.191247449586,1.)
    ,(1.,0.185062266181,1.)
    ,(1.,0.182402564114,1.)
    ,(1.,0.178090027445,1.)
    ,(1.,0.176431641638,1.)
    ,(1.,0.174212341824,1.)
    ,(1.,0.173646648733,1.)
,(1.,0.173648177667,1.))) REPRESENTATION_ITEM('') SURFACE() );
#4460 = CARTESIAN_POINT('',(-0.875,4.547631141855,-1.5));
#4461 = CARTESIAN_POINT('',(-0.875,4.547631141855,-1.5));
#4462 = CARTESIAN_POINT('',(-0.875,4.547631141855,-1.5));
#4463 = CARTESIAN_POINT('',(-1.018639454961,4.727176050804,-1.5));
#4464 = CARTESIAN_POINT('',(-0.84856684957,4.697540987323,
    -1.499999997828));
#4465 = CARTESIAN_POINT('',(-0.678615088627,4.667220580922,-1.5));
#4466 = CARTESIAN_POINT('',(-1.162170692796,4.906585691668,
    -1.460958998036));
#4467 = CARTESIAN_POINT('',(-0.821064260191,4.853515922461,
    -1.529198949353));
#4468 = CARTESIAN_POINT('',(-0.4823781325,4.786719922003,-1.460958998036
    ));
#4469 = CARTESIAN_POINT('',(-1.361193124578,5.155357621377,
    -1.348249449133));
#4470 = CARTESIAN_POINT('',(-0.781465892023,5.078089427937,
    -1.623772253476));
#4471 = CARTESIAN_POINT('',(-0.210273210929,4.952419387966,
    -1.348249449133));
#4472 = CARTESIAN_POINT('',(-1.42482593632,5.234896682519,
    -1.301747383454));
#4473 = CARTESIAN_POINT('',(-0.767499172128,5.15729863256,
    -1.667519562439));
#4474 = CARTESIAN_POINT('',(-0.123273966203,5.005397953393,
    -1.301747383454));
#4475 = CARTESIAN_POINT('',(-1.544236234582,5.384155889433,
    -1.192661453454));
#4476 = CARTESIAN_POINT('',(-0.738287219525,5.322967848271,
    -1.783022097051));
#4477 = CARTESIAN_POINT('',(3.998466526158E-02,5.104815001388,
    -1.192661453454));
#4478 = CARTESIAN_POINT('',(-1.600010868559,5.453872469613,
    -1.130080191578));
#4479 = CARTESIAN_POINT('',(-0.722558037596,5.412172471783,
    -1.858973298972));
#4480 = CARTESIAN_POINT('',(0.116240151981,5.151251109024,
    -1.130080191578));
#4481 = CARTESIAN_POINT('',(-1.70156096971,5.580806978449,
    -0.991240151981));
#4482 = CARTESIAN_POINT('',(-0.686597140242,5.616116855164,
    -2.057256261084));
#4483 = CARTESIAN_POINT('',(0.255080191578,5.235798350149,
    -0.991240151981));
#4484 = CARTESIAN_POINT('',(-1.747334042212,5.638021913837,
    -0.914984639839));
#4485 = CARTESIAN_POINT('',(-0.665322275798,5.736772607101,
    -2.189182866314));
#4486 = CARTESIAN_POINT('',(0.317661470441,5.273907489914,
    -0.914984639839));
#4487 = CARTESIAN_POINT('',(-1.80717458141,5.712820750721,
    -0.792540704375));
#4488 = CARTESIAN_POINT('',(-0.624317635718,5.969321476905,
    -2.436982660136));
#4489 = CARTESIAN_POINT('',(0.39947589246,5.323728735184,-0.792540704375
    ));
#4490 = CARTESIAN_POINT('',(-1.82565487266,5.735920547436,-0.75038627993
    ));
#4491 = CARTESIAN_POINT('',(-0.60755743177,6.064373316847,
    -2.536903896689));
#4492 = CARTESIAN_POINT('',(0.424742281562,5.339114811837,-0.75038627993
    ));
#4493 = CARTESIAN_POINT('',(-1.859504333474,5.77823133427,
    -0.663803930548));
#4494 = CARTESIAN_POINT('',(-0.566259585279,6.298585042843,
    -2.765634325176));
#4495 = CARTESIAN_POINT('',(0.471021511483,5.367296748566,
    -0.663803930548));
#4496 = CARTESIAN_POINT('',(-1.874873531226,5.797442359624,
    -0.619375928024));
#4497 = CARTESIAN_POINT('',(-0.540725540309,6.443395807865,
    -2.898611819761));
#4498 = CARTESIAN_POINT('',(0.492034390844,5.38009263211,-0.619375928024
    ));
#4499 = CARTESIAN_POINT('',(-1.90235277,5.831790564475,-0.528674369071)
  );
#4500 = CARTESIAN_POINT('',(-0.474061444923,6.821466680047,
    -3.195650844202));
#4501 = CARTESIAN_POINT('',(0.52960420669,5.402970933562,-0.528674369071
    ));
#4502 = CARTESIAN_POINT('',(-1.914462861725,5.84692780735,
    -0.482400633426));
#4503 = CARTESIAN_POINT('',(-0.430589483464,7.068008424731,
    -3.365387876262));
#4504 = CARTESIAN_POINT('',(0.546161212499,5.413053393683,
    -0.482400633426));
#4505 = CARTESIAN_POINT('',(-1.93009614327,5.866468929336,-0.41194020711
    ));
#4506 = CARTESIAN_POINT('',(-0.344624190549,7.555541827562,
    -3.608120570722));
#4507 = CARTESIAN_POINT('',(0.567535149148,5.426069144621,-0.41194020711
    ));
#4508 = CARTESIAN_POINT('',(-1.934885550858,5.872455541785,
    -0.388278365986));
#4509 = CARTESIAN_POINT('',(-0.3098771717,7.752601963842,-3.691145245066
    ));
#4510 = CARTESIAN_POINT('',(0.574083262164,5.430056646294,
    -0.388278365986));
#4511 = CARTESIAN_POINT('',(-1.943609345162,5.883360016844,
    -0.340662173724));
#4512 = CARTESIAN_POINT('',(-0.228082570289,8.216482199769,
    -3.837018531842));
#4513 = CARTESIAN_POINT('',(0.58601049742,5.437319787662,-0.340662173724
    ));
#4514 = CARTESIAN_POINT('',(-1.947543788844,5.888277950659,
    -0.316707505923));
#4515 = CARTESIAN_POINT('',(-0.180080518889,8.488715361179,
    -3.897939276461));
#4516 = CARTESIAN_POINT('',(0.591389697542,5.440595474784,
    -0.316707505923));
#4517 = CARTESIAN_POINT('',(-1.954548173714,5.89703321671,
    -0.268563460125));
#4518 = CARTESIAN_POINT('',(-6.804600136742E-02,9.124094683568,
    -3.957312351014));
#4519 = CARTESIAN_POINT('',(0.600966143667,5.446427092969,
    -0.268563460125));
#4520 = CARTESIAN_POINT('',(-1.957618174357,5.900870623264,
    -0.244373663715));
#4521 = CARTESIAN_POINT('',(-2.893379708556E-03,9.493593562283,
    -3.949742878628));
#4522 = CARTESIAN_POINT('',(0.605163470957,5.448983073531,
    -0.244373663715));
#4523 = CARTESIAN_POINT('',(-1.961569251114,5.905809347912,
    -0.207956735667));
#4524 = CARTESIAN_POINT('',(0.104166606998,10.100760918498,-3.8323648694
    ));
#4525 = CARTESIAN_POINT('',(0.610565411942,5.4522726088,-0.207956735667)
  );
#4526 = CARTESIAN_POINT('',(-1.962777327956,5.907319406876,
    -0.195795516304));
#4527 = CARTESIAN_POINT('',(0.142655310797,10.319041204614,
    -3.772153611667));
#4528 = CARTESIAN_POINT('',(0.612217103419,5.453278413451,
    -0.195795516304));
#4529 = CARTESIAN_POINT('',(-1.964974797907,5.910066176853,
    -0.171436509294));
#4530 = CARTESIAN_POINT('',(0.22216812,10.769980753876,-3.599150239052)
  );
#4531 = CARTESIAN_POINT('',(0.615221500377,5.455107953941,
    -0.171436509294));
#4532 = CARTESIAN_POINT('',(-1.965964219375,5.911302923312,
    -0.159238404561));
#4533 = CARTESIAN_POINT('',(0.263173797999,11.00253551001,
    -3.485063990556));
#4534 = CARTESIAN_POINT('',(0.616574244631,5.45593171339,-0.159238404561
    ));
#4535 = CARTESIAN_POINT('',(-1.967723784845,5.91350232613,
    -0.134813016427));
#4536 = CARTESIAN_POINT('',(0.344883204458,11.465932581357,
    -3.190562845892));
#4537 = CARTESIAN_POINT('',(0.618979935386,5.457396669155,
    -0.134813016427));
#4538 = CARTESIAN_POINT('',(-1.968493954485,5.914465014537,
    -0.12258537363));
#4539 = CARTESIAN_POINT('',(0.38544847722,11.69598967528,-3.008982094582
    ));
#4540 = CARTESIAN_POINT('',(0.62003291694,5.458037886816,-0.12258537363)
  );
#4541 = CARTESIAN_POINT('',(-1.969814556091,5.916115726001,
    -9.81083171686E-02));
#4542 = CARTESIAN_POINT('',(0.461744287961,12.128684719649,
    -2.57205789764));
#4543 = CARTESIAN_POINT('',(0.621838453096,5.459137375847,
    -9.81083171686E-02));
#4544 = CARTESIAN_POINT('',(-1.970365009445,5.916803775795,
    -8.585850272878E-02));
#4545 = CARTESIAN_POINT('',(0.497213768977,12.329842142485,
    -2.316179162301));
#4546 = CARTESIAN_POINT('',(0.622591036941,5.459595665026,
    -8.585850272878E-02));
#4547 = CARTESIAN_POINT('',(-1.971245852266,5.917904802279,
    -6.134452025347E-02));
#4548 = CARTESIAN_POINT('',(0.557662723255,12.672665197894,
    -1.737089305412));
#4549 = CARTESIAN_POINT('',(0.623795331675,5.460329025501,
    -6.134452025347E-02));
#4550 = CARTESIAN_POINT('',(-1.971576257233,5.918317798345,
    -4.907991571441E-02));
#4551 = CARTESIAN_POINT('',(0.582329408184,12.812556919684,
    -1.414487277221));
#4552 = CARTESIAN_POINT('',(0.624247063758,5.460604109702,
    -4.907991571441E-02));
#4553 = CARTESIAN_POINT('',(-1.97201681118,5.918868477254,
    -2.454376985433E-02));
#4554 = CARTESIAN_POINT('',(0.616108449432,13.004127382199,
    -0.727097323166));
#4555 = CARTESIAN_POINT('',(0.624849392331,5.460970900285,
    -2.454376985433E-02));
#4556 = CARTESIAN_POINT('',(-1.97212696849,5.919006169898,
    -1.2271788264E-02));
#4557 = CARTESIAN_POINT('',(0.624983456,13.054460045598,-0.3644472094));
#4558 = CARTESIAN_POINT('',(0.625,5.461062613028,-1.2271788264E-02));
#4559 = CARTESIAN_POINT('',(-1.972126968337,5.919006170318,
    1.148570609678E-15));
#4560 = CARTESIAN_POINT('',(0.625,13.054553871282,3.412390181357E-14));
#4561 = CARTESIAN_POINT('',(0.625,5.461062613475,1.148570609678E-15));
#4562 = ADVANCED_FACE('',(#4563),#4569,.T.);
#4563 = FACE_BOUND('',#4564,.T.);
#4564 = EDGE_LOOP('',(#4565,#4566,#4567,#4568));
#4565 = ORIENTED_EDGE('',*,*,#4207,.T.);
#4566 = ORIENTED_EDGE('',*,*,#4436,.F.);
#4567 = ORIENTED_EDGE('',*,*,#4452,.F.);
#4568 = ORIENTED_EDGE('',*,*,#4254,.T.);
#4569 = CYLINDRICAL_SURFACE('',#4570,1.5);
#4570 = AXIS2_PLACEMENT_3D('',#4571,#4572,#4573);
#4571 = CARTESIAN_POINT('',(-1.115461068821,3.886969785011,0.));
#4572 = DIRECTION('',(-0.342020143326,-0.939692620786,0.));
#4573 = DIRECTION('',(-0.939692620786,0.342020143326,0.));
#4574 = MANIFOLD_SOLID_BREP('',#4575);
#4575 = CLOSED_SHELL('',(#4576,#4616,#4647,#4678,#4709,#4740,#4771,#4802
    ,#4833,#4864,#4895,#4926,#4948,#4968));
#4576 = ADVANCED_FACE('',(#4577),#4611,.F.);
#4577 = FACE_BOUND('',#4578,.T.);
#4578 = EDGE_LOOP('',(#4579,#4589,#4597,#4605));
#4579 = ORIENTED_EDGE('',*,*,#4580,.T.);
#4580 = EDGE_CURVE('',#4581,#4583,#4585,.T.);
#4581 = VERTEX_POINT('',#4582);
#4582 = CARTESIAN_POINT('',(-1.725,2.23345647532E-14,1.595));
#4583 = VERTEX_POINT('',#4584);
#4584 = CARTESIAN_POINT('',(-1.725,0.5,1.595));
#4585 = LINE('',#4586,#4587);
#4586 = CARTESIAN_POINT('',(-1.725,0.5,1.595));
#4587 = VECTOR('',#4588,1.);
#4588 = DIRECTION('',(-0.,1.,-8.673617379884E-16));
#4589 = ORIENTED_EDGE('',*,*,#4590,.F.);
#4590 = EDGE_CURVE('',#4591,#4583,#4593,.T.);
#4591 = VERTEX_POINT('',#4592);
#4592 = CARTESIAN_POINT('',(-2.125,0.5,1.595));
#4593 = LINE('',#4594,#4595);
#4594 = CARTESIAN_POINT('',(-2.125,0.5,1.595));
#4595 = VECTOR('',#4596,1.);
#4596 = DIRECTION('',(1.,-0.,-0.));
#4597 = ORIENTED_EDGE('',*,*,#4598,.F.);
#4598 = EDGE_CURVE('',#4599,#4591,#4601,.T.);
#4599 = VERTEX_POINT('',#4600);
#4600 = CARTESIAN_POINT('',(-2.125,2.23345647532E-14,1.595));
#4601 = LINE('',#4602,#4603);
#4602 = CARTESIAN_POINT('',(-2.125,0.5,1.595));
#4603 = VECTOR('',#4604,1.);
#4604 = DIRECTION('',(-0.,1.,-8.673617379884E-16));
#4605 = ORIENTED_EDGE('',*,*,#4606,.T.);
#4606 = EDGE_CURVE('',#4599,#4581,#4607,.T.);
#4607 = LINE('',#4608,#4609);
#4608 = CARTESIAN_POINT('',(-2.125,2.23345647532E-14,1.595));
#4609 = VECTOR('',#4610,1.);
#4610 = DIRECTION('',(1.,-0.,-0.));
#4611 = PLANE('',#4612);
#4612 = AXIS2_PLACEMENT_3D('',#4613,#4614,#4615);
#4613 = CARTESIAN_POINT('',(-2.125,0.5,1.595));
#4614 = DIRECTION('',(0.,-8.673617379884E-16,-1.));
#4615 = DIRECTION('',(0.,1.,-8.673617379884E-16));
#4616 = ADVANCED_FACE('',(#4617),#4642,.F.);
#4617 = FACE_BOUND('',#4618,.T.);
#4618 = EDGE_LOOP('',(#4619,#4627,#4635,#4641));
#4619 = ORIENTED_EDGE('',*,*,#4620,.T.);
#4620 = EDGE_CURVE('',#4583,#4621,#4623,.T.);
#4621 = VERTEX_POINT('',#4622);
#4622 = CARTESIAN_POINT('',(-1.725,0.5,0.945));
#4623 = LINE('',#4624,#4625);
#4624 = CARTESIAN_POINT('',(-1.725,0.5,1.595));
#4625 = VECTOR('',#4626,1.);
#4626 = DIRECTION('',(0.,-3.336006684571E-16,-1.));
#4627 = ORIENTED_EDGE('',*,*,#4628,.F.);
#4628 = EDGE_CURVE('',#4629,#4621,#4631,.T.);
#4629 = VERTEX_POINT('',#4630);
#4630 = CARTESIAN_POINT('',(-2.125,0.5,0.945));
#4631 = LINE('',#4632,#4633);
#4632 = CARTESIAN_POINT('',(-2.125,0.5,0.945));
#4633 = VECTOR('',#4634,1.);
#4634 = DIRECTION('',(1.,-0.,-0.));
#4635 = ORIENTED_EDGE('',*,*,#4636,.F.);
#4636 = EDGE_CURVE('',#4591,#4629,#4637,.T.);
#4637 = LINE('',#4638,#4639);
#4638 = CARTESIAN_POINT('',(-2.125,0.5,1.595));
#4639 = VECTOR('',#4640,1.);
#4640 = DIRECTION('',(0.,-3.336006684571E-16,-1.));
#4641 = ORIENTED_EDGE('',*,*,#4590,.T.);
#4642 = PLANE('',#4643);
#4643 = AXIS2_PLACEMENT_3D('',#4644,#4645,#4646);
#4644 = CARTESIAN_POINT('',(-2.125,0.5,1.595));
#4645 = DIRECTION('',(0.,-1.,3.336006684571E-16));
#4646 = DIRECTION('',(0.,-3.336006684571E-16,-1.));
#4647 = ADVANCED_FACE('',(#4648),#4673,.F.);
#4648 = FACE_BOUND('',#4649,.T.);
#4649 = EDGE_LOOP('',(#4650,#4658,#4666,#4672));
#4650 = ORIENTED_EDGE('',*,*,#4651,.T.);
#4651 = EDGE_CURVE('',#4621,#4652,#4654,.T.);
#4652 = VERTEX_POINT('',#4653);
#4653 = CARTESIAN_POINT('',(-1.725,2.21177243187E-14,0.945));
#4654 = LINE('',#4655,#4656);
#4655 = CARTESIAN_POINT('',(-1.725,0.5,0.945));
#4656 = VECTOR('',#4657,1.);
#4657 = DIRECTION('',(0.,-1.,0.));
#4658 = ORIENTED_EDGE('',*,*,#4659,.F.);
#4659 = EDGE_CURVE('',#4660,#4652,#4662,.T.);
#4660 = VERTEX_POINT('',#4661);
#4661 = CARTESIAN_POINT('',(-2.125,2.21177243187E-14,0.945));
#4662 = LINE('',#4663,#4664);
#4663 = CARTESIAN_POINT('',(-2.125,2.21177243187E-14,0.945));
#4664 = VECTOR('',#4665,1.);
#4665 = DIRECTION('',(1.,-0.,-0.));
#4666 = ORIENTED_EDGE('',*,*,#4667,.F.);
#4667 = EDGE_CURVE('',#4629,#4660,#4668,.T.);
#4668 = LINE('',#4669,#4670);
#4669 = CARTESIAN_POINT('',(-2.125,0.5,0.945));
#4670 = VECTOR('',#4671,1.);
#4671 = DIRECTION('',(0.,-1.,0.));
#4672 = ORIENTED_EDGE('',*,*,#4628,.T.);
#4673 = PLANE('',#4674);
#4674 = AXIS2_PLACEMENT_3D('',#4675,#4676,#4677);
#4675 = CARTESIAN_POINT('',(-2.125,0.5,0.945));
#4676 = DIRECTION('',(0.,0.,1.));
#4677 = DIRECTION('',(1.,0.,-0.));
#4678 = ADVANCED_FACE('',(#4679),#4704,.F.);
#4679 = FACE_BOUND('',#4680,.T.);
#4680 = EDGE_LOOP('',(#4681,#4689,#4697,#4703));
#4681 = ORIENTED_EDGE('',*,*,#4682,.T.);
#4682 = EDGE_CURVE('',#4652,#4683,#4685,.T.);
#4683 = VERTEX_POINT('',#4684);
#4684 = CARTESIAN_POINT('',(-1.725,2.21177243187E-14,0.845));
#4685 = LINE('',#4686,#4687);
#4686 = CARTESIAN_POINT('',(-1.725,2.21177243187E-14,0.945));
#4687 = VECTOR('',#4688,1.);
#4688 = DIRECTION('',(0.,0.,-1.));
#4689 = ORIENTED_EDGE('',*,*,#4690,.F.);
#4690 = EDGE_CURVE('',#4691,#4683,#4693,.T.);
#4691 = VERTEX_POINT('',#4692);
#4692 = CARTESIAN_POINT('',(-2.125,2.21177243187E-14,0.845));
#4693 = LINE('',#4694,#4695);
#4694 = CARTESIAN_POINT('',(-2.125,2.21177243187E-14,0.845));
#4695 = VECTOR('',#4696,1.);
#4696 = DIRECTION('',(1.,-0.,-0.));
#4697 = ORIENTED_EDGE('',*,*,#4698,.F.);
#4698 = EDGE_CURVE('',#4660,#4691,#4699,.T.);
#4699 = LINE('',#4700,#4701);
#4700 = CARTESIAN_POINT('',(-2.125,2.21177243187E-14,0.945));
#4701 = VECTOR('',#4702,1.);
#4702 = DIRECTION('',(0.,0.,-1.));
#4703 = ORIENTED_EDGE('',*,*,#4659,.T.);
#4704 = PLANE('',#4705);
#4705 = AXIS2_PLACEMENT_3D('',#4706,#4707,#4708);
#4706 = CARTESIAN_POINT('',(-2.125,2.21177243187E-14,0.945));
#4707 = DIRECTION('',(0.,-1.,-0.));
#4708 = DIRECTION('',(0.,0.,-1.));
#4709 = ADVANCED_FACE('',(#4710),#4735,.F.);
#4710 = FACE_BOUND('',#4711,.T.);
#4711 = EDGE_LOOP('',(#4712,#4720,#4728,#4734));
#4712 = ORIENTED_EDGE('',*,*,#4713,.T.);
#4713 = EDGE_CURVE('',#4683,#4714,#4716,.T.);
#4714 = VERTEX_POINT('',#4715);
#4715 = CARTESIAN_POINT('',(-1.725,-0.7,0.845));
#4716 = LINE('',#4717,#4718);
#4717 = CARTESIAN_POINT('',(-1.725,2.21177243187E-14,0.845));
#4718 = VECTOR('',#4719,1.);
#4719 = DIRECTION('',(0.,-1.,1.239088197126E-15));
#4720 = ORIENTED_EDGE('',*,*,#4721,.F.);
#4721 = EDGE_CURVE('',#4722,#4714,#4724,.T.);
#4722 = VERTEX_POINT('',#4723);
#4723 = CARTESIAN_POINT('',(-2.125,-0.7,0.845));
#4724 = LINE('',#4725,#4726);
#4725 = CARTESIAN_POINT('',(-2.125,-0.7,0.845));
#4726 = VECTOR('',#4727,1.);
#4727 = DIRECTION('',(1.,-0.,-0.));
#4728 = ORIENTED_EDGE('',*,*,#4729,.F.);
#4729 = EDGE_CURVE('',#4691,#4722,#4730,.T.);
#4730 = LINE('',#4731,#4732);
#4731 = CARTESIAN_POINT('',(-2.125,2.21177243187E-14,0.845));
#4732 = VECTOR('',#4733,1.);
#4733 = DIRECTION('',(0.,-1.,1.239088197126E-15));
#4734 = ORIENTED_EDGE('',*,*,#4690,.T.);
#4735 = PLANE('',#4736);
#4736 = AXIS2_PLACEMENT_3D('',#4737,#4738,#4739);
#4737 = CARTESIAN_POINT('',(-2.125,2.21177243187E-14,0.845));
#4738 = DIRECTION('',(0.,1.239088197126E-15,1.));
#4739 = DIRECTION('',(0.,-1.,1.239088197126E-15));
#4740 = ADVANCED_FACE('',(#4741),#4766,.F.);
#4741 = FACE_BOUND('',#4742,.T.);
#4742 = EDGE_LOOP('',(#4743,#4751,#4759,#4765));
#4743 = ORIENTED_EDGE('',*,*,#4744,.T.);
#4744 = EDGE_CURVE('',#4714,#4745,#4747,.T.);
#4745 = VERTEX_POINT('',#4746);
#4746 = CARTESIAN_POINT('',(-1.725,-0.7,0.945));
#4747 = LINE('',#4748,#4749);
#4748 = CARTESIAN_POINT('',(-1.725,-0.7,0.945));
#4749 = VECTOR('',#4750,1.);
#4750 = DIRECTION('',(-0.,4.336808689942E-15,1.));
#4751 = ORIENTED_EDGE('',*,*,#4752,.F.);
#4752 = EDGE_CURVE('',#4753,#4745,#4755,.T.);
#4753 = VERTEX_POINT('',#4754);
#4754 = CARTESIAN_POINT('',(-2.125,-0.7,0.945));
#4755 = LINE('',#4756,#4757);
#4756 = CARTESIAN_POINT('',(-2.125,-0.7,0.945));
#4757 = VECTOR('',#4758,1.);
#4758 = DIRECTION('',(1.,-0.,-0.));
#4759 = ORIENTED_EDGE('',*,*,#4760,.F.);
#4760 = EDGE_CURVE('',#4722,#4753,#4761,.T.);
#4761 = LINE('',#4762,#4763);
#4762 = CARTESIAN_POINT('',(-2.125,-0.7,0.945));
#4763 = VECTOR('',#4764,1.);
#4764 = DIRECTION('',(-0.,4.336808689942E-15,1.));
#4765 = ORIENTED_EDGE('',*,*,#4721,.T.);
#4766 = PLANE('',#4767);
#4767 = AXIS2_PLACEMENT_3D('',#4768,#4769,#4770);
#4768 = CARTESIAN_POINT('',(-2.125,-0.7,0.945));
#4769 = DIRECTION('',(0.,1.,-4.336808689942E-15));
#4770 = DIRECTION('',(0.,4.336808689942E-15,1.));
#4771 = ADVANCED_FACE('',(#4772),#4797,.F.);
#4772 = FACE_BOUND('',#4773,.T.);
#4773 = EDGE_LOOP('',(#4774,#4782,#4790,#4796));
#4774 = ORIENTED_EDGE('',*,*,#4775,.T.);
#4775 = EDGE_CURVE('',#4745,#4776,#4778,.T.);
#4776 = VERTEX_POINT('',#4777);
#4777 = CARTESIAN_POINT('',(-1.725,-3.8,0.945));
#4778 = LINE('',#4779,#4780);
#4779 = CARTESIAN_POINT('',(-1.725,-0.7,0.945));
#4780 = VECTOR('',#4781,1.);
#4781 = DIRECTION('',(0.,-1.,5.59588218057E-16));
#4782 = ORIENTED_EDGE('',*,*,#4783,.F.);
#4783 = EDGE_CURVE('',#4784,#4776,#4786,.T.);
#4784 = VERTEX_POINT('',#4785);
#4785 = CARTESIAN_POINT('',(-2.125,-3.8,0.945));
#4786 = LINE('',#4787,#4788);
#4787 = CARTESIAN_POINT('',(-2.125,-3.8,0.945));
#4788 = VECTOR('',#4789,1.);
#4789 = DIRECTION('',(1.,-0.,-0.));
#4790 = ORIENTED_EDGE('',*,*,#4791,.F.);
#4791 = EDGE_CURVE('',#4753,#4784,#4792,.T.);
#4792 = LINE('',#4793,#4794);
#4793 = CARTESIAN_POINT('',(-2.125,-0.7,0.945));
#4794 = VECTOR('',#4795,1.);
#4795 = DIRECTION('',(0.,-1.,5.59588218057E-16));
#4796 = ORIENTED_EDGE('',*,*,#4752,.T.);
#4797 = PLANE('',#4798);
#4798 = AXIS2_PLACEMENT_3D('',#4799,#4800,#4801);
#4799 = CARTESIAN_POINT('',(-2.125,-0.7,0.945));
#4800 = DIRECTION('',(0.,5.59588218057E-16,1.));
#4801 = DIRECTION('',(0.,-1.,5.59588218057E-16));
#4802 = ADVANCED_FACE('',(#4803),#4828,.F.);
#4803 = FACE_BOUND('',#4804,.T.);
#4804 = EDGE_LOOP('',(#4805,#4813,#4821,#4827));
#4805 = ORIENTED_EDGE('',*,*,#4806,.T.);
#4806 = EDGE_CURVE('',#4776,#4807,#4809,.T.);
#4807 = VERTEX_POINT('',#4808);
#4808 = CARTESIAN_POINT('',(-1.725,-3.8,1.595));
#4809 = LINE('',#4810,#4811);
#4810 = CARTESIAN_POINT('',(-1.725,-3.8,1.595));
#4811 = VECTOR('',#4812,1.);
#4812 = DIRECTION('',(-0.,-0.,1.));
#4813 = ORIENTED_EDGE('',*,*,#4814,.F.);
#4814 = EDGE_CURVE('',#4815,#4807,#4817,.T.);
#4815 = VERTEX_POINT('',#4816);
#4816 = CARTESIAN_POINT('',(-2.125,-3.8,1.595));
#4817 = LINE('',#4818,#4819);
#4818 = CARTESIAN_POINT('',(-2.125,-3.8,1.595));
#4819 = VECTOR('',#4820,1.);
#4820 = DIRECTION('',(1.,-0.,-0.));
#4821 = ORIENTED_EDGE('',*,*,#4822,.F.);
#4822 = EDGE_CURVE('',#4784,#4815,#4823,.T.);
#4823 = LINE('',#4824,#4825);
#4824 = CARTESIAN_POINT('',(-2.125,-3.8,1.595));
#4825 = VECTOR('',#4826,1.);
#4826 = DIRECTION('',(-0.,-0.,1.));
#4827 = ORIENTED_EDGE('',*,*,#4783,.T.);
#4828 = PLANE('',#4829);
#4829 = AXIS2_PLACEMENT_3D('',#4830,#4831,#4832);
#4830 = CARTESIAN_POINT('',(-2.125,-3.8,1.595));
#4831 = DIRECTION('',(0.,1.,0.));
#4832 = DIRECTION('',(0.,-0.,1.));
#4833 = ADVANCED_FACE('',(#4834),#4859,.F.);
#4834 = FACE_BOUND('',#4835,.T.);
#4835 = EDGE_LOOP('',(#4836,#4844,#4852,#4858));
#4836 = ORIENTED_EDGE('',*,*,#4837,.T.);
#4837 = EDGE_CURVE('',#4807,#4838,#4840,.T.);
#4838 = VERTEX_POINT('',#4839);
#4839 = CARTESIAN_POINT('',(-1.725,-0.7,1.595));
#4840 = LINE('',#4841,#4842);
#4841 = CARTESIAN_POINT('',(-1.725,-0.7,1.595));
#4842 = VECTOR('',#4843,1.);
#4843 = DIRECTION('',(-0.,1.,-0.));
#4844 = ORIENTED_EDGE('',*,*,#4845,.F.);
#4845 = EDGE_CURVE('',#4846,#4838,#4848,.T.);
#4846 = VERTEX_POINT('',#4847);
#4847 = CARTESIAN_POINT('',(-2.125,-0.7,1.595));
#4848 = LINE('',#4849,#4850);
#4849 = CARTESIAN_POINT('',(-2.125,-0.7,1.595));
#4850 = VECTOR('',#4851,1.);
#4851 = DIRECTION('',(1.,-0.,-0.));
#4852 = ORIENTED_EDGE('',*,*,#4853,.F.);
#4853 = EDGE_CURVE('',#4815,#4846,#4854,.T.);
#4854 = LINE('',#4855,#4856);
#4855 = CARTESIAN_POINT('',(-2.125,-0.7,1.595));
#4856 = VECTOR('',#4857,1.);
#4857 = DIRECTION('',(-0.,1.,-0.));
#4858 = ORIENTED_EDGE('',*,*,#4814,.T.);
#4859 = PLANE('',#4860);
#4860 = AXIS2_PLACEMENT_3D('',#4861,#4862,#4863);
#4861 = CARTESIAN_POINT('',(-2.125,-0.7,1.595));
#4862 = DIRECTION('',(-0.,0.,-1.));
#4863 = DIRECTION('',(-1.,0.,0.));
#4864 = ADVANCED_FACE('',(#4865),#4890,.F.);
#4865 = FACE_BOUND('',#4866,.T.);
#4866 = EDGE_LOOP('',(#4867,#4875,#4883,#4889));
#4867 = ORIENTED_EDGE('',*,*,#4868,.T.);
#4868 = EDGE_CURVE('',#4838,#4869,#4871,.T.);
#4869 = VERTEX_POINT('',#4870);
#4870 = CARTESIAN_POINT('',(-1.725,-0.7,1.695));
#4871 = LINE('',#4872,#4873);
#4872 = CARTESIAN_POINT('',(-1.725,-0.7,1.595));
#4873 = VECTOR('',#4874,1.);
#4874 = DIRECTION('',(0.,0.,1.));
#4875 = ORIENTED_EDGE('',*,*,#4876,.F.);
#4876 = EDGE_CURVE('',#4877,#4869,#4879,.T.);
#4877 = VERTEX_POINT('',#4878);
#4878 = CARTESIAN_POINT('',(-2.125,-0.7,1.695));
#4879 = LINE('',#4880,#4881);
#4880 = CARTESIAN_POINT('',(-2.125,-0.7,1.695));
#4881 = VECTOR('',#4882,1.);
#4882 = DIRECTION('',(1.,-0.,-0.));
#4883 = ORIENTED_EDGE('',*,*,#4884,.F.);
#4884 = EDGE_CURVE('',#4846,#4877,#4885,.T.);
#4885 = LINE('',#4886,#4887);
#4886 = CARTESIAN_POINT('',(-2.125,-0.7,1.595));
#4887 = VECTOR('',#4888,1.);
#4888 = DIRECTION('',(0.,0.,1.));
#4889 = ORIENTED_EDGE('',*,*,#4845,.T.);
#4890 = PLANE('',#4891);
#4891 = AXIS2_PLACEMENT_3D('',#4892,#4893,#4894);
#4892 = CARTESIAN_POINT('',(-2.125,-0.7,1.595));
#4893 = DIRECTION('',(0.,1.,-0.));
#4894 = DIRECTION('',(0.,0.,1.));
#4895 = ADVANCED_FACE('',(#4896),#4921,.F.);
#4896 = FACE_BOUND('',#4897,.T.);
#4897 = EDGE_LOOP('',(#4898,#4906,#4914,#4920));
#4898 = ORIENTED_EDGE('',*,*,#4899,.T.);
#4899 = EDGE_CURVE('',#4869,#4900,#4902,.T.);
#4900 = VERTEX_POINT('',#4901);
#4901 = CARTESIAN_POINT('',(-1.725,2.23345647532E-14,1.695));
#4902 = LINE('',#4903,#4904);
#4903 = CARTESIAN_POINT('',(-1.725,2.23345647532E-14,1.695));
#4904 = VECTOR('',#4905,1.);
#4905 = DIRECTION('',(-0.,1.,3.097720492816E-16));
#4906 = ORIENTED_EDGE('',*,*,#4907,.F.);
#4907 = EDGE_CURVE('',#4908,#4900,#4910,.T.);
#4908 = VERTEX_POINT('',#4909);
#4909 = CARTESIAN_POINT('',(-2.125,2.23345647532E-14,1.695));
#4910 = LINE('',#4911,#4912);
#4911 = CARTESIAN_POINT('',(-2.125,2.23345647532E-14,1.695));
#4912 = VECTOR('',#4913,1.);
#4913 = DIRECTION('',(1.,-0.,-0.));
#4914 = ORIENTED_EDGE('',*,*,#4915,.F.);
#4915 = EDGE_CURVE('',#4877,#4908,#4916,.T.);
#4916 = LINE('',#4917,#4918);
#4917 = CARTESIAN_POINT('',(-2.125,2.23345647532E-14,1.695));
#4918 = VECTOR('',#4919,1.);
#4919 = DIRECTION('',(-0.,1.,3.097720492816E-16));
#4920 = ORIENTED_EDGE('',*,*,#4876,.T.);
#4921 = PLANE('',#4922);
#4922 = AXIS2_PLACEMENT_3D('',#4923,#4924,#4925);
#4923 = CARTESIAN_POINT('',(-2.125,2.23345647532E-14,1.695));
#4924 = DIRECTION('',(0.,3.097720492816E-16,-1.));
#4925 = DIRECTION('',(0.,1.,3.097720492816E-16));
#4926 = ADVANCED_FACE('',(#4927),#4943,.F.);
#4927 = FACE_BOUND('',#4928,.T.);
#4928 = EDGE_LOOP('',(#4929,#4935,#4936,#4942));
#4929 = ORIENTED_EDGE('',*,*,#4930,.T.);
#4930 = EDGE_CURVE('',#4900,#4581,#4931,.T.);
#4931 = LINE('',#4932,#4933);
#4932 = CARTESIAN_POINT('',(-1.725,2.23345647532E-14,1.595));
#4933 = VECTOR('',#4934,1.);
#4934 = DIRECTION('',(-0.,-0.,-1.));
#4935 = ORIENTED_EDGE('',*,*,#4606,.F.);
#4936 = ORIENTED_EDGE('',*,*,#4937,.F.);
#4937 = EDGE_CURVE('',#4908,#4599,#4938,.T.);
#4938 = LINE('',#4939,#4940);
#4939 = CARTESIAN_POINT('',(-2.125,2.23345647532E-14,1.595));
#4940 = VECTOR('',#4941,1.);
#4941 = DIRECTION('',(-0.,-0.,-1.));
#4942 = ORIENTED_EDGE('',*,*,#4907,.T.);
#4943 = PLANE('',#4944);
#4944 = AXIS2_PLACEMENT_3D('',#4945,#4946,#4947);
#4945 = CARTESIAN_POINT('',(-2.125,2.23345647532E-14,1.595));
#4946 = DIRECTION('',(0.,-1.,0.));
#4947 = DIRECTION('',(0.,-0.,-1.));
#4948 = ADVANCED_FACE('',(#4949),#4963,.T.);
#4949 = FACE_BOUND('',#4950,.T.);
#4950 = EDGE_LOOP('',(#4951,#4952,#4953,#4954,#4955,#4956,#4957,#4958,
    #4959,#4960,#4961,#4962));
#4951 = ORIENTED_EDGE('',*,*,#4598,.T.);
#4952 = ORIENTED_EDGE('',*,*,#4636,.T.);
#4953 = ORIENTED_EDGE('',*,*,#4667,.T.);
#4954 = ORIENTED_EDGE('',*,*,#4698,.T.);
#4955 = ORIENTED_EDGE('',*,*,#4729,.T.);
#4956 = ORIENTED_EDGE('',*,*,#4760,.T.);
#4957 = ORIENTED_EDGE('',*,*,#4791,.T.);
#4958 = ORIENTED_EDGE('',*,*,#4822,.T.);
#4959 = ORIENTED_EDGE('',*,*,#4853,.T.);
#4960 = ORIENTED_EDGE('',*,*,#4884,.T.);
#4961 = ORIENTED_EDGE('',*,*,#4915,.T.);
#4962 = ORIENTED_EDGE('',*,*,#4937,.T.);
#4963 = PLANE('',#4964);
#4964 = AXIS2_PLACEMENT_3D('',#4965,#4966,#4967);
#4965 = CARTESIAN_POINT('',(-2.125,0.,0.));
#4966 = DIRECTION('',(-1.,0.,0.));
#4967 = DIRECTION('',(0.,0.,1.));
#4968 = ADVANCED_FACE('',(#4969),#4983,.F.);
#4969 = FACE_BOUND('',#4970,.T.);
#4970 = EDGE_LOOP('',(#4971,#4972,#4973,#4974,#4975,#4976,#4977,#4978,
    #4979,#4980,#4981,#4982));
#4971 = ORIENTED_EDGE('',*,*,#4580,.F.);
#4972 = ORIENTED_EDGE('',*,*,#4930,.F.);
#4973 = ORIENTED_EDGE('',*,*,#4899,.F.);
#4974 = ORIENTED_EDGE('',*,*,#4868,.F.);
#4975 = ORIENTED_EDGE('',*,*,#4837,.F.);
#4976 = ORIENTED_EDGE('',*,*,#4806,.F.);
#4977 = ORIENTED_EDGE('',*,*,#4775,.F.);
#4978 = ORIENTED_EDGE('',*,*,#4744,.F.);
#4979 = ORIENTED_EDGE('',*,*,#4713,.F.);
#4980 = ORIENTED_EDGE('',*,*,#4682,.F.);
#4981 = ORIENTED_EDGE('',*,*,#4651,.F.);
#4982 = ORIENTED_EDGE('',*,*,#4620,.F.);
#4983 = PLANE('',#4984);
#4984 = AXIS2_PLACEMENT_3D('',#4985,#4986,#4987);
#4985 = CARTESIAN_POINT('',(-1.725,0.,0.));
#4986 = DIRECTION('',(-1.,0.,0.));
#4987 = DIRECTION('',(0.,0.,1.));
#4988 = MANIFOLD_SOLID_BREP('',#4989);
#4989 = CLOSED_SHELL('',(#4990,#5030,#5061,#5092,#5123,#5154,#5185,#5216
    ,#5247,#5278,#5309,#5340,#5362,#5382));
#4990 = ADVANCED_FACE('',(#4991),#5025,.F.);
#4991 = FACE_BOUND('',#4992,.T.);
#4992 = EDGE_LOOP('',(#4993,#5003,#5011,#5019));
#4993 = ORIENTED_EDGE('',*,*,#4994,.T.);
#4994 = EDGE_CURVE('',#4995,#4997,#4999,.T.);
#4995 = VERTEX_POINT('',#4996);
#4996 = CARTESIAN_POINT('',(-1.725,-0.7,-1.695));
#4997 = VERTEX_POINT('',#4998);
#4998 = CARTESIAN_POINT('',(-1.725,-0.7,-1.595));
#4999 = LINE('',#5000,#5001);
#5000 = CARTESIAN_POINT('',(-1.725,-0.7,-1.595));
#5001 = VECTOR('',#5002,1.);
#5002 = DIRECTION('',(-0.,-0.,1.));
#5003 = ORIENTED_EDGE('',*,*,#5004,.F.);
#5004 = EDGE_CURVE('',#5005,#4997,#5007,.T.);
#5005 = VERTEX_POINT('',#5006);
#5006 = CARTESIAN_POINT('',(-2.125,-0.7,-1.595));
#5007 = LINE('',#5008,#5009);
#5008 = CARTESIAN_POINT('',(-2.125,-0.7,-1.595));
#5009 = VECTOR('',#5010,1.);
#5010 = DIRECTION('',(1.,-0.,-0.));
#5011 = ORIENTED_EDGE('',*,*,#5012,.F.);
#5012 = EDGE_CURVE('',#5013,#5005,#5015,.T.);
#5013 = VERTEX_POINT('',#5014);
#5014 = CARTESIAN_POINT('',(-2.125,-0.7,-1.695));
#5015 = LINE('',#5016,#5017);
#5016 = CARTESIAN_POINT('',(-2.125,-0.7,-1.595));
#5017 = VECTOR('',#5018,1.);
#5018 = DIRECTION('',(-0.,-0.,1.));
#5019 = ORIENTED_EDGE('',*,*,#5020,.T.);
#5020 = EDGE_CURVE('',#5013,#4995,#5021,.T.);
#5021 = LINE('',#5022,#5023);
#5022 = CARTESIAN_POINT('',(-2.125,-0.7,-1.695));
#5023 = VECTOR('',#5024,1.);
#5024 = DIRECTION('',(1.,-0.,-0.));
#5025 = PLANE('',#5026);
#5026 = AXIS2_PLACEMENT_3D('',#5027,#5028,#5029);
#5027 = CARTESIAN_POINT('',(-2.125,-0.7,-1.595));
#5028 = DIRECTION('',(0.,1.,0.));
#5029 = DIRECTION('',(0.,-0.,1.));
#5030 = ADVANCED_FACE('',(#5031),#5056,.F.);
#5031 = FACE_BOUND('',#5032,.T.);
#5032 = EDGE_LOOP('',(#5033,#5041,#5049,#5055));
#5033 = ORIENTED_EDGE('',*,*,#5034,.T.);
#5034 = EDGE_CURVE('',#4997,#5035,#5037,.T.);
#5035 = VERTEX_POINT('',#5036);
#5036 = CARTESIAN_POINT('',(-1.725,-3.8,-1.595));
#5037 = LINE('',#5038,#5039);
#5038 = CARTESIAN_POINT('',(-1.725,-0.7,-1.595));
#5039 = VECTOR('',#5040,1.);
#5040 = DIRECTION('',(0.,-1.,0.));
#5041 = ORIENTED_EDGE('',*,*,#5042,.F.);
#5042 = EDGE_CURVE('',#5043,#5035,#5045,.T.);
#5043 = VERTEX_POINT('',#5044);
#5044 = CARTESIAN_POINT('',(-2.125,-3.8,-1.595));
#5045 = LINE('',#5046,#5047);
#5046 = CARTESIAN_POINT('',(-2.125,-3.8,-1.595));
#5047 = VECTOR('',#5048,1.);
#5048 = DIRECTION('',(1.,-0.,-0.));
#5049 = ORIENTED_EDGE('',*,*,#5050,.F.);
#5050 = EDGE_CURVE('',#5005,#5043,#5051,.T.);
#5051 = LINE('',#5052,#5053);
#5052 = CARTESIAN_POINT('',(-2.125,-0.7,-1.595));
#5053 = VECTOR('',#5054,1.);
#5054 = DIRECTION('',(0.,-1.,0.));
#5055 = ORIENTED_EDGE('',*,*,#5004,.T.);
#5056 = PLANE('',#5057);
#5057 = AXIS2_PLACEMENT_3D('',#5058,#5059,#5060);
#5058 = CARTESIAN_POINT('',(-2.125,-0.7,-1.595));
#5059 = DIRECTION('',(0.,0.,1.));
#5060 = DIRECTION('',(1.,0.,-0.));
#5061 = ADVANCED_FACE('',(#5062),#5087,.F.);
#5062 = FACE_BOUND('',#5063,.T.);
#5063 = EDGE_LOOP('',(#5064,#5072,#5080,#5086));
#5064 = ORIENTED_EDGE('',*,*,#5065,.T.);
#5065 = EDGE_CURVE('',#5035,#5066,#5068,.T.);
#5066 = VERTEX_POINT('',#5067);
#5067 = CARTESIAN_POINT('',(-1.725,-3.8,-0.945));
#5068 = LINE('',#5069,#5070);
#5069 = CARTESIAN_POINT('',(-1.725,-3.8,-1.595));
#5070 = VECTOR('',#5071,1.);
#5071 = DIRECTION('',(0.,0.,1.));
#5072 = ORIENTED_EDGE('',*,*,#5073,.F.);
#5073 = EDGE_CURVE('',#5074,#5066,#5076,.T.);
#5074 = VERTEX_POINT('',#5075);
#5075 = CARTESIAN_POINT('',(-2.125,-3.8,-0.945));
#5076 = LINE('',#5077,#5078);
#5077 = CARTESIAN_POINT('',(-2.125,-3.8,-0.945));
#5078 = VECTOR('',#5079,1.);
#5079 = DIRECTION('',(1.,-0.,-0.));
#5080 = ORIENTED_EDGE('',*,*,#5081,.F.);
#5081 = EDGE_CURVE('',#5043,#5074,#5082,.T.);
#5082 = LINE('',#5083,#5084);
#5083 = CARTESIAN_POINT('',(-2.125,-3.8,-1.595));
#5084 = VECTOR('',#5085,1.);
#5085 = DIRECTION('',(0.,0.,1.));
#5086 = ORIENTED_EDGE('',*,*,#5042,.T.);
#5087 = PLANE('',#5088);
#5088 = AXIS2_PLACEMENT_3D('',#5089,#5090,#5091);
#5089 = CARTESIAN_POINT('',(-2.125,-3.8,-1.595));
#5090 = DIRECTION('',(0.,1.,-0.));
#5091 = DIRECTION('',(0.,0.,1.));
#5092 = ADVANCED_FACE('',(#5093),#5118,.F.);
#5093 = FACE_BOUND('',#5094,.T.);
#5094 = EDGE_LOOP('',(#5095,#5103,#5111,#5117));
#5095 = ORIENTED_EDGE('',*,*,#5096,.T.);
#5096 = EDGE_CURVE('',#5066,#5097,#5099,.T.);
#5097 = VERTEX_POINT('',#5098);
#5098 = CARTESIAN_POINT('',(-1.725,-0.7,-0.945));
#5099 = LINE('',#5100,#5101);
#5100 = CARTESIAN_POINT('',(-1.725,-0.7,-0.945));
#5101 = VECTOR('',#5102,1.);
#5102 = DIRECTION('',(-0.,1.,2.797941090285E-16));
#5103 = ORIENTED_EDGE('',*,*,#5104,.F.);
#5104 = EDGE_CURVE('',#5105,#5097,#5107,.T.);
#5105 = VERTEX_POINT('',#5106);
#5106 = CARTESIAN_POINT('',(-2.125,-0.7,-0.945));
#5107 = LINE('',#5108,#5109);
#5108 = CARTESIAN_POINT('',(-2.125,-0.7,-0.945));
#5109 = VECTOR('',#5110,1.);
#5110 = DIRECTION('',(1.,-0.,-0.));
#5111 = ORIENTED_EDGE('',*,*,#5112,.F.);
#5112 = EDGE_CURVE('',#5074,#5105,#5113,.T.);
#5113 = LINE('',#5114,#5115);
#5114 = CARTESIAN_POINT('',(-2.125,-0.7,-0.945));
#5115 = VECTOR('',#5116,1.);
#5116 = DIRECTION('',(-0.,1.,2.797941090285E-16));
#5117 = ORIENTED_EDGE('',*,*,#5073,.T.);
#5118 = PLANE('',#5119);
#5119 = AXIS2_PLACEMENT_3D('',#5120,#5121,#5122);
#5120 = CARTESIAN_POINT('',(-2.125,-0.7,-0.945));
#5121 = DIRECTION('',(0.,2.797941090285E-16,-1.));
#5122 = DIRECTION('',(0.,1.,2.797941090285E-16));
#5123 = ADVANCED_FACE('',(#5124),#5149,.F.);
#5124 = FACE_BOUND('',#5125,.T.);
#5125 = EDGE_LOOP('',(#5126,#5134,#5142,#5148));
#5126 = ORIENTED_EDGE('',*,*,#5127,.T.);
#5127 = EDGE_CURVE('',#5097,#5128,#5130,.T.);
#5128 = VERTEX_POINT('',#5129);
#5129 = CARTESIAN_POINT('',(-1.725,-0.7,-0.845));
#5130 = LINE('',#5131,#5132);
#5131 = CARTESIAN_POINT('',(-1.725,-0.7,-0.945));
#5132 = VECTOR('',#5133,1.);
#5133 = DIRECTION('',(0.,-4.336808689942E-15,1.));
#5134 = ORIENTED_EDGE('',*,*,#5135,.F.);
#5135 = EDGE_CURVE('',#5136,#5128,#5138,.T.);
#5136 = VERTEX_POINT('',#5137);
#5137 = CARTESIAN_POINT('',(-2.125,-0.7,-0.845));
#5138 = LINE('',#5139,#5140);
#5139 = CARTESIAN_POINT('',(-2.125,-0.7,-0.845));
#5140 = VECTOR('',#5141,1.);
#5141 = DIRECTION('',(1.,-0.,-0.));
#5142 = ORIENTED_EDGE('',*,*,#5143,.F.);
#5143 = EDGE_CURVE('',#5105,#5136,#5144,.T.);
#5144 = LINE('',#5145,#5146);
#5145 = CARTESIAN_POINT('',(-2.125,-0.7,-0.945));
#5146 = VECTOR('',#5147,1.);
#5147 = DIRECTION('',(0.,-4.336808689942E-15,1.));
#5148 = ORIENTED_EDGE('',*,*,#5104,.T.);
#5149 = PLANE('',#5150);
#5150 = AXIS2_PLACEMENT_3D('',#5151,#5152,#5153);
#5151 = CARTESIAN_POINT('',(-2.125,-0.7,-0.945));
#5152 = DIRECTION('',(0.,1.,4.336808689942E-15));
#5153 = DIRECTION('',(0.,-4.336808689942E-15,1.));
#5154 = ADVANCED_FACE('',(#5155),#5180,.F.);
#5155 = FACE_BOUND('',#5156,.T.);
#5156 = EDGE_LOOP('',(#5157,#5165,#5173,#5179));
#5157 = ORIENTED_EDGE('',*,*,#5158,.T.);
#5158 = EDGE_CURVE('',#5128,#5159,#5161,.T.);
#5159 = VERTEX_POINT('',#5160);
#5160 = CARTESIAN_POINT('',(-1.725,2.190088388421E-14,-0.845));
#5161 = LINE('',#5162,#5163);
#5162 = CARTESIAN_POINT('',(-1.725,2.190088388421E-14,-0.845));
#5163 = VECTOR('',#5164,1.);
#5164 = DIRECTION('',(-0.,1.,6.195440985631E-16));
#5165 = ORIENTED_EDGE('',*,*,#5166,.F.);
#5166 = EDGE_CURVE('',#5167,#5159,#5169,.T.);
#5167 = VERTEX_POINT('',#5168);
#5168 = CARTESIAN_POINT('',(-2.125,2.190088388421E-14,-0.845));
#5169 = LINE('',#5170,#5171);
#5170 = CARTESIAN_POINT('',(-2.125,2.190088388421E-14,-0.845));
#5171 = VECTOR('',#5172,1.);
#5172 = DIRECTION('',(1.,-0.,-0.));
#5173 = ORIENTED_EDGE('',*,*,#5174,.F.);
#5174 = EDGE_CURVE('',#5136,#5167,#5175,.T.);
#5175 = LINE('',#5176,#5177);
#5176 = CARTESIAN_POINT('',(-2.125,2.190088388421E-14,-0.845));
#5177 = VECTOR('',#5178,1.);
#5178 = DIRECTION('',(-0.,1.,6.195440985631E-16));
#5179 = ORIENTED_EDGE('',*,*,#5135,.T.);
#5180 = PLANE('',#5181);
#5181 = AXIS2_PLACEMENT_3D('',#5182,#5183,#5184);
#5182 = CARTESIAN_POINT('',(-2.125,2.190088388421E-14,-0.845));
#5183 = DIRECTION('',(0.,6.195440985631E-16,-1.));
#5184 = DIRECTION('',(0.,1.,6.195440985631E-16));
#5185 = ADVANCED_FACE('',(#5186),#5211,.F.);
#5186 = FACE_BOUND('',#5187,.T.);
#5187 = EDGE_LOOP('',(#5188,#5196,#5204,#5210));
#5188 = ORIENTED_EDGE('',*,*,#5189,.T.);
#5189 = EDGE_CURVE('',#5159,#5190,#5192,.T.);
#5190 = VERTEX_POINT('',#5191);
#5191 = CARTESIAN_POINT('',(-1.725,2.168404344971E-14,-0.945));
#5192 = LINE('',#5193,#5194);
#5193 = CARTESIAN_POINT('',(-1.725,2.168404344971E-14,-0.945));
#5194 = VECTOR('',#5195,1.);
#5195 = DIRECTION('',(-0.,-2.168404344971E-15,-1.));
#5196 = ORIENTED_EDGE('',*,*,#5197,.F.);
#5197 = EDGE_CURVE('',#5198,#5190,#5200,.T.);
#5198 = VERTEX_POINT('',#5199);
#5199 = CARTESIAN_POINT('',(-2.125,2.168404344971E-14,-0.945));
#5200 = LINE('',#5201,#5202);
#5201 = CARTESIAN_POINT('',(-2.125,2.168404344971E-14,-0.945));
#5202 = VECTOR('',#5203,1.);
#5203 = DIRECTION('',(1.,-0.,-0.));
#5204 = ORIENTED_EDGE('',*,*,#5205,.F.);
#5205 = EDGE_CURVE('',#5167,#5198,#5206,.T.);
#5206 = LINE('',#5207,#5208);
#5207 = CARTESIAN_POINT('',(-2.125,2.168404344971E-14,-0.945));
#5208 = VECTOR('',#5209,1.);
#5209 = DIRECTION('',(-0.,-2.168404344971E-15,-1.));
#5210 = ORIENTED_EDGE('',*,*,#5166,.T.);
#5211 = PLANE('',#5212);
#5212 = AXIS2_PLACEMENT_3D('',#5213,#5214,#5215);
#5213 = CARTESIAN_POINT('',(-2.125,2.168404344971E-14,-0.945));
#5214 = DIRECTION('',(0.,-1.,2.168404344971E-15));
#5215 = DIRECTION('',(0.,-2.168404344971E-15,-1.));
#5216 = ADVANCED_FACE('',(#5217),#5242,.F.);
#5217 = FACE_BOUND('',#5218,.T.);
#5218 = EDGE_LOOP('',(#5219,#5227,#5235,#5241));
#5219 = ORIENTED_EDGE('',*,*,#5220,.T.);
#5220 = EDGE_CURVE('',#5190,#5221,#5223,.T.);
#5221 = VERTEX_POINT('',#5222);
#5222 = CARTESIAN_POINT('',(-1.725,0.5,-0.945));
#5223 = LINE('',#5224,#5225);
#5224 = CARTESIAN_POINT('',(-1.725,0.5,-0.945));
#5225 = VECTOR('',#5226,1.);
#5226 = DIRECTION('',(-0.,1.,-0.));
#5227 = ORIENTED_EDGE('',*,*,#5228,.F.);
#5228 = EDGE_CURVE('',#5229,#5221,#5231,.T.);
#5229 = VERTEX_POINT('',#5230);
#5230 = CARTESIAN_POINT('',(-2.125,0.5,-0.945));
#5231 = LINE('',#5232,#5233);
#5232 = CARTESIAN_POINT('',(-2.125,0.5,-0.945));
#5233 = VECTOR('',#5234,1.);
#5234 = DIRECTION('',(1.,-0.,-0.));
#5235 = ORIENTED_EDGE('',*,*,#5236,.F.);
#5236 = EDGE_CURVE('',#5198,#5229,#5237,.T.);
#5237 = LINE('',#5238,#5239);
#5238 = CARTESIAN_POINT('',(-2.125,0.5,-0.945));
#5239 = VECTOR('',#5240,1.);
#5240 = DIRECTION('',(-0.,1.,-0.));
#5241 = ORIENTED_EDGE('',*,*,#5197,.T.);
#5242 = PLANE('',#5243);
#5243 = AXIS2_PLACEMENT_3D('',#5244,#5245,#5246);
#5244 = CARTESIAN_POINT('',(-2.125,0.5,-0.945));
#5245 = DIRECTION('',(-0.,0.,-1.));
#5246 = DIRECTION('',(-1.,0.,0.));
#5247 = ADVANCED_FACE('',(#5248),#5273,.F.);
#5248 = FACE_BOUND('',#5249,.T.);
#5249 = EDGE_LOOP('',(#5250,#5258,#5266,#5272));
#5250 = ORIENTED_EDGE('',*,*,#5251,.T.);
#5251 = EDGE_CURVE('',#5221,#5252,#5254,.T.);
#5252 = VERTEX_POINT('',#5253);
#5253 = CARTESIAN_POINT('',(-1.725,0.5,-1.595));
#5254 = LINE('',#5255,#5256);
#5255 = CARTESIAN_POINT('',(-1.725,0.5,-1.595));
#5256 = VECTOR('',#5257,1.);
#5257 = DIRECTION('',(-0.,-0.,-1.));
#5258 = ORIENTED_EDGE('',*,*,#5259,.F.);
#5259 = EDGE_CURVE('',#5260,#5252,#5262,.T.);
#5260 = VERTEX_POINT('',#5261);
#5261 = CARTESIAN_POINT('',(-2.125,0.5,-1.595));
#5262 = LINE('',#5263,#5264);
#5263 = CARTESIAN_POINT('',(-2.125,0.5,-1.595));
#5264 = VECTOR('',#5265,1.);
#5265 = DIRECTION('',(1.,-0.,-0.));
#5266 = ORIENTED_EDGE('',*,*,#5267,.F.);
#5267 = EDGE_CURVE('',#5229,#5260,#5268,.T.);
#5268 = LINE('',#5269,#5270);
#5269 = CARTESIAN_POINT('',(-2.125,0.5,-1.595));
#5270 = VECTOR('',#5271,1.);
#5271 = DIRECTION('',(-0.,-0.,-1.));
#5272 = ORIENTED_EDGE('',*,*,#5228,.T.);
#5273 = PLANE('',#5274);
#5274 = AXIS2_PLACEMENT_3D('',#5275,#5276,#5277);
#5275 = CARTESIAN_POINT('',(-2.125,0.5,-1.595));
#5276 = DIRECTION('',(0.,-1.,0.));
#5277 = DIRECTION('',(0.,-0.,-1.));
#5278 = ADVANCED_FACE('',(#5279),#5304,.F.);
#5279 = FACE_BOUND('',#5280,.T.);
#5280 = EDGE_LOOP('',(#5281,#5289,#5297,#5303));
#5281 = ORIENTED_EDGE('',*,*,#5282,.T.);
#5282 = EDGE_CURVE('',#5252,#5283,#5285,.T.);
#5283 = VERTEX_POINT('',#5284);
#5284 = CARTESIAN_POINT('',(-1.725,2.168404344971E-14,-1.595));
#5285 = LINE('',#5286,#5287);
#5286 = CARTESIAN_POINT('',(-1.725,0.5,-1.595));
#5287 = VECTOR('',#5288,1.);
#5288 = DIRECTION('',(0.,-1.,-1.734723475977E-15));
#5289 = ORIENTED_EDGE('',*,*,#5290,.F.);
#5290 = EDGE_CURVE('',#5291,#5283,#5293,.T.);
#5291 = VERTEX_POINT('',#5292);
#5292 = CARTESIAN_POINT('',(-2.125,2.168404344971E-14,-1.595));
#5293 = LINE('',#5294,#5295);
#5294 = CARTESIAN_POINT('',(-2.125,2.168404344971E-14,-1.595));
#5295 = VECTOR('',#5296,1.);
#5296 = DIRECTION('',(1.,-0.,-0.));
#5297 = ORIENTED_EDGE('',*,*,#5298,.F.);
#5298 = EDGE_CURVE('',#5260,#5291,#5299,.T.);
#5299 = LINE('',#5300,#5301);
#5300 = CARTESIAN_POINT('',(-2.125,0.5,-1.595));
#5301 = VECTOR('',#5302,1.);
#5302 = DIRECTION('',(0.,-1.,-1.734723475977E-15));
#5303 = ORIENTED_EDGE('',*,*,#5259,.T.);
#5304 = PLANE('',#5305);
#5305 = AXIS2_PLACEMENT_3D('',#5306,#5307,#5308);
#5306 = CARTESIAN_POINT('',(-2.125,0.5,-1.595));
#5307 = DIRECTION('',(0.,-1.734723475977E-15,1.));
#5308 = DIRECTION('',(0.,-1.,-1.734723475977E-15));
#5309 = ADVANCED_FACE('',(#5310),#5335,.F.);
#5310 = FACE_BOUND('',#5311,.T.);
#5311 = EDGE_LOOP('',(#5312,#5320,#5328,#5334));
#5312 = ORIENTED_EDGE('',*,*,#5313,.T.);
#5313 = EDGE_CURVE('',#5283,#5314,#5316,.T.);
#5314 = VERTEX_POINT('',#5315);
#5315 = CARTESIAN_POINT('',(-1.725,2.168404344971E-14,-1.695));
#5316 = LINE('',#5317,#5318);
#5317 = CARTESIAN_POINT('',(-1.725,2.168404344971E-14,-1.595));
#5318 = VECTOR('',#5319,1.);
#5319 = DIRECTION('',(0.,0.,-1.));
#5320 = ORIENTED_EDGE('',*,*,#5321,.F.);
#5321 = EDGE_CURVE('',#5322,#5314,#5324,.T.);
#5322 = VERTEX_POINT('',#5323);
#5323 = CARTESIAN_POINT('',(-2.125,2.168404344971E-14,-1.695));
#5324 = LINE('',#5325,#5326);
#5325 = CARTESIAN_POINT('',(-2.125,2.168404344971E-14,-1.695));
#5326 = VECTOR('',#5327,1.);
#5327 = DIRECTION('',(1.,-0.,-0.));
#5328 = ORIENTED_EDGE('',*,*,#5329,.F.);
#5329 = EDGE_CURVE('',#5291,#5322,#5330,.T.);
#5330 = LINE('',#5331,#5332);
#5331 = CARTESIAN_POINT('',(-2.125,2.168404344971E-14,-1.595));
#5332 = VECTOR('',#5333,1.);
#5333 = DIRECTION('',(0.,0.,-1.));
#5334 = ORIENTED_EDGE('',*,*,#5290,.T.);
#5335 = PLANE('',#5336);
#5336 = AXIS2_PLACEMENT_3D('',#5337,#5338,#5339);
#5337 = CARTESIAN_POINT('',(-2.125,2.168404344971E-14,-1.595));
#5338 = DIRECTION('',(0.,-1.,-0.));
#5339 = DIRECTION('',(0.,0.,-1.));
#5340 = ADVANCED_FACE('',(#5341),#5357,.F.);
#5341 = FACE_BOUND('',#5342,.T.);
#5342 = EDGE_LOOP('',(#5343,#5349,#5350,#5356));
#5343 = ORIENTED_EDGE('',*,*,#5344,.T.);
#5344 = EDGE_CURVE('',#5314,#4995,#5345,.T.);
#5345 = LINE('',#5346,#5347);
#5346 = CARTESIAN_POINT('',(-1.725,2.168404344971E-14,-1.695));
#5347 = VECTOR('',#5348,1.);
#5348 = DIRECTION('',(0.,-1.,1.239088197126E-15));
#5349 = ORIENTED_EDGE('',*,*,#5020,.F.);
#5350 = ORIENTED_EDGE('',*,*,#5351,.F.);
#5351 = EDGE_CURVE('',#5322,#5013,#5352,.T.);
#5352 = LINE('',#5353,#5354);
#5353 = CARTESIAN_POINT('',(-2.125,2.168404344971E-14,-1.695));
#5354 = VECTOR('',#5355,1.);
#5355 = DIRECTION('',(0.,-1.,1.239088197126E-15));
#5356 = ORIENTED_EDGE('',*,*,#5321,.T.);
#5357 = PLANE('',#5358);
#5358 = AXIS2_PLACEMENT_3D('',#5359,#5360,#5361);
#5359 = CARTESIAN_POINT('',(-2.125,2.168404344971E-14,-1.695));
#5360 = DIRECTION('',(0.,1.239088197126E-15,1.));
#5361 = DIRECTION('',(0.,-1.,1.239088197126E-15));
#5362 = ADVANCED_FACE('',(#5363),#5377,.T.);
#5363 = FACE_BOUND('',#5364,.T.);
#5364 = EDGE_LOOP('',(#5365,#5366,#5367,#5368,#5369,#5370,#5371,#5372,
    #5373,#5374,#5375,#5376));
#5365 = ORIENTED_EDGE('',*,*,#5012,.T.);
#5366 = ORIENTED_EDGE('',*,*,#5050,.T.);
#5367 = ORIENTED_EDGE('',*,*,#5081,.T.);
#5368 = ORIENTED_EDGE('',*,*,#5112,.T.);
#5369 = ORIENTED_EDGE('',*,*,#5143,.T.);
#5370 = ORIENTED_EDGE('',*,*,#5174,.T.);
#5371 = ORIENTED_EDGE('',*,*,#5205,.T.);
#5372 = ORIENTED_EDGE('',*,*,#5236,.T.);
#5373 = ORIENTED_EDGE('',*,*,#5267,.T.);
#5374 = ORIENTED_EDGE('',*,*,#5298,.T.);
#5375 = ORIENTED_EDGE('',*,*,#5329,.T.);
#5376 = ORIENTED_EDGE('',*,*,#5351,.T.);
#5377 = PLANE('',#5378);
#5378 = AXIS2_PLACEMENT_3D('',#5379,#5380,#5381);
#5379 = CARTESIAN_POINT('',(-2.125,0.,0.));
#5380 = DIRECTION('',(-1.,0.,-0.));
#5381 = DIRECTION('',(0.,0.,1.));
#5382 = ADVANCED_FACE('',(#5383),#5397,.F.);
#5383 = FACE_BOUND('',#5384,.T.);
#5384 = EDGE_LOOP('',(#5385,#5386,#5387,#5388,#5389,#5390,#5391,#5392,
    #5393,#5394,#5395,#5396));
#5385 = ORIENTED_EDGE('',*,*,#4994,.F.);
#5386 = ORIENTED_EDGE('',*,*,#5344,.F.);
#5387 = ORIENTED_EDGE('',*,*,#5313,.F.);
#5388 = ORIENTED_EDGE('',*,*,#5282,.F.);
#5389 = ORIENTED_EDGE('',*,*,#5251,.F.);
#5390 = ORIENTED_EDGE('',*,*,#5220,.F.);
#5391 = ORIENTED_EDGE('',*,*,#5189,.F.);
#5392 = ORIENTED_EDGE('',*,*,#5158,.F.);
#5393 = ORIENTED_EDGE('',*,*,#5127,.F.);
#5394 = ORIENTED_EDGE('',*,*,#5096,.F.);
#5395 = ORIENTED_EDGE('',*,*,#5065,.F.);
#5396 = ORIENTED_EDGE('',*,*,#5034,.F.);
#5397 = PLANE('',#5398);
#5398 = AXIS2_PLACEMENT_3D('',#5399,#5400,#5401);
#5399 = CARTESIAN_POINT('',(-1.725,0.,0.));
#5400 = DIRECTION('',(-1.,0.,-0.));
#5401 = DIRECTION('',(0.,0.,1.));
#5402 = MANIFOLD_SOLID_BREP('',#5403);
#5403 = CLOSED_SHELL('',(#5404,#5444,#5475,#5506,#5537,#5568,#5599,#5630
    ,#5661,#5692,#5723,#5754,#5776,#5796));
#5404 = ADVANCED_FACE('',(#5405),#5439,.F.);
#5405 = FACE_BOUND('',#5406,.T.);
#5406 = EDGE_LOOP('',(#5407,#5417,#5425,#5433));
#5407 = ORIENTED_EDGE('',*,*,#5408,.F.);
#5408 = EDGE_CURVE('',#5409,#5411,#5413,.T.);
#5409 = VERTEX_POINT('',#5410);
#5410 = CARTESIAN_POINT('',(3.375,2.23345647532E-14,1.595));
#5411 = VERTEX_POINT('',#5412);
#5412 = CARTESIAN_POINT('',(3.375,0.5,1.595));
#5413 = LINE('',#5414,#5415);
#5414 = CARTESIAN_POINT('',(3.375,0.5,1.595));
#5415 = VECTOR('',#5416,1.);
#5416 = DIRECTION('',(0.,1.,-8.673617379884E-16));
#5417 = ORIENTED_EDGE('',*,*,#5418,.F.);
#5418 = EDGE_CURVE('',#5419,#5409,#5421,.T.);
#5419 = VERTEX_POINT('',#5420);
#5420 = CARTESIAN_POINT('',(3.775,2.23345647532E-14,1.595));
#5421 = LINE('',#5422,#5423);
#5422 = CARTESIAN_POINT('',(3.775,2.23345647532E-14,1.595));
#5423 = VECTOR('',#5424,1.);
#5424 = DIRECTION('',(-1.,0.,0.));
#5425 = ORIENTED_EDGE('',*,*,#5426,.T.);
#5426 = EDGE_CURVE('',#5419,#5427,#5429,.T.);
#5427 = VERTEX_POINT('',#5428);
#5428 = CARTESIAN_POINT('',(3.775,0.5,1.595));
#5429 = LINE('',#5430,#5431);
#5430 = CARTESIAN_POINT('',(3.775,0.5,1.595));
#5431 = VECTOR('',#5432,1.);
#5432 = DIRECTION('',(0.,1.,-8.673617379884E-16));
#5433 = ORIENTED_EDGE('',*,*,#5434,.T.);
#5434 = EDGE_CURVE('',#5427,#5411,#5435,.T.);
#5435 = LINE('',#5436,#5437);
#5436 = CARTESIAN_POINT('',(3.775,0.5,1.595));
#5437 = VECTOR('',#5438,1.);
#5438 = DIRECTION('',(-1.,0.,0.));
#5439 = PLANE('',#5440);
#5440 = AXIS2_PLACEMENT_3D('',#5441,#5442,#5443);
#5441 = CARTESIAN_POINT('',(3.775,0.5,1.595));
#5442 = DIRECTION('',(0.,-8.673617379884E-16,-1.));
#5443 = DIRECTION('',(0.,1.,-8.673617379884E-16));
#5444 = ADVANCED_FACE('',(#5445),#5470,.F.);
#5445 = FACE_BOUND('',#5446,.T.);
#5446 = EDGE_LOOP('',(#5447,#5455,#5456,#5464));
#5447 = ORIENTED_EDGE('',*,*,#5448,.F.);
#5448 = EDGE_CURVE('',#5411,#5449,#5451,.T.);
#5449 = VERTEX_POINT('',#5450);
#5450 = CARTESIAN_POINT('',(3.375,0.5,0.945));
#5451 = LINE('',#5452,#5453);
#5452 = CARTESIAN_POINT('',(3.375,0.5,1.595));
#5453 = VECTOR('',#5454,1.);
#5454 = DIRECTION('',(-0.,-3.336006684571E-16,-1.));
#5455 = ORIENTED_EDGE('',*,*,#5434,.F.);
#5456 = ORIENTED_EDGE('',*,*,#5457,.T.);
#5457 = EDGE_CURVE('',#5427,#5458,#5460,.T.);
#5458 = VERTEX_POINT('',#5459);
#5459 = CARTESIAN_POINT('',(3.775,0.5,0.945));
#5460 = LINE('',#5461,#5462);
#5461 = CARTESIAN_POINT('',(3.775,0.5,1.595));
#5462 = VECTOR('',#5463,1.);
#5463 = DIRECTION('',(-0.,-3.336006684571E-16,-1.));
#5464 = ORIENTED_EDGE('',*,*,#5465,.T.);
#5465 = EDGE_CURVE('',#5458,#5449,#5466,.T.);
#5466 = LINE('',#5467,#5468);
#5467 = CARTESIAN_POINT('',(3.775,0.5,0.945));
#5468 = VECTOR('',#5469,1.);
#5469 = DIRECTION('',(-1.,0.,0.));
#5470 = PLANE('',#5471);
#5471 = AXIS2_PLACEMENT_3D('',#5472,#5473,#5474);
#5472 = CARTESIAN_POINT('',(3.775,0.5,1.595));
#5473 = DIRECTION('',(0.,-1.,3.336006684571E-16));
#5474 = DIRECTION('',(-0.,-3.336006684571E-16,-1.));
#5475 = ADVANCED_FACE('',(#5476),#5501,.F.);
#5476 = FACE_BOUND('',#5477,.T.);
#5477 = EDGE_LOOP('',(#5478,#5486,#5487,#5495));
#5478 = ORIENTED_EDGE('',*,*,#5479,.F.);
#5479 = EDGE_CURVE('',#5449,#5480,#5482,.T.);
#5480 = VERTEX_POINT('',#5481);
#5481 = CARTESIAN_POINT('',(3.375,2.21177243187E-14,0.945));
#5482 = LINE('',#5483,#5484);
#5483 = CARTESIAN_POINT('',(3.375,0.5,0.945));
#5484 = VECTOR('',#5485,1.);
#5485 = DIRECTION('',(0.,-1.,0.));
#5486 = ORIENTED_EDGE('',*,*,#5465,.F.);
#5487 = ORIENTED_EDGE('',*,*,#5488,.T.);
#5488 = EDGE_CURVE('',#5458,#5489,#5491,.T.);
#5489 = VERTEX_POINT('',#5490);
#5490 = CARTESIAN_POINT('',(3.775,2.21177243187E-14,0.945));
#5491 = LINE('',#5492,#5493);
#5492 = CARTESIAN_POINT('',(3.775,0.5,0.945));
#5493 = VECTOR('',#5494,1.);
#5494 = DIRECTION('',(0.,-1.,0.));
#5495 = ORIENTED_EDGE('',*,*,#5496,.T.);
#5496 = EDGE_CURVE('',#5489,#5480,#5497,.T.);
#5497 = LINE('',#5498,#5499);
#5498 = CARTESIAN_POINT('',(3.775,2.21177243187E-14,0.945));
#5499 = VECTOR('',#5500,1.);
#5500 = DIRECTION('',(-1.,0.,0.));
#5501 = PLANE('',#5502);
#5502 = AXIS2_PLACEMENT_3D('',#5503,#5504,#5505);
#5503 = CARTESIAN_POINT('',(3.775,0.5,0.945));
#5504 = DIRECTION('',(0.,0.,1.));
#5505 = DIRECTION('',(-1.,0.,0.));
#5506 = ADVANCED_FACE('',(#5507),#5532,.F.);
#5507 = FACE_BOUND('',#5508,.T.);
#5508 = EDGE_LOOP('',(#5509,#5517,#5518,#5526));
#5509 = ORIENTED_EDGE('',*,*,#5510,.F.);
#5510 = EDGE_CURVE('',#5480,#5511,#5513,.T.);
#5511 = VERTEX_POINT('',#5512);
#5512 = CARTESIAN_POINT('',(3.375,2.21177243187E-14,0.845));
#5513 = LINE('',#5514,#5515);
#5514 = CARTESIAN_POINT('',(3.375,2.21177243187E-14,0.945));
#5515 = VECTOR('',#5516,1.);
#5516 = DIRECTION('',(0.,0.,-1.));
#5517 = ORIENTED_EDGE('',*,*,#5496,.F.);
#5518 = ORIENTED_EDGE('',*,*,#5519,.T.);
#5519 = EDGE_CURVE('',#5489,#5520,#5522,.T.);
#5520 = VERTEX_POINT('',#5521);
#5521 = CARTESIAN_POINT('',(3.775,2.21177243187E-14,0.845));
#5522 = LINE('',#5523,#5524);
#5523 = CARTESIAN_POINT('',(3.775,2.21177243187E-14,0.945));
#5524 = VECTOR('',#5525,1.);
#5525 = DIRECTION('',(0.,0.,-1.));
#5526 = ORIENTED_EDGE('',*,*,#5527,.T.);
#5527 = EDGE_CURVE('',#5520,#5511,#5528,.T.);
#5528 = LINE('',#5529,#5530);
#5529 = CARTESIAN_POINT('',(3.775,2.21177243187E-14,0.845));
#5530 = VECTOR('',#5531,1.);
#5531 = DIRECTION('',(-1.,0.,0.));
#5532 = PLANE('',#5533);
#5533 = AXIS2_PLACEMENT_3D('',#5534,#5535,#5536);
#5534 = CARTESIAN_POINT('',(3.775,2.21177243187E-14,0.945));
#5535 = DIRECTION('',(0.,-1.,0.));
#5536 = DIRECTION('',(0.,0.,-1.));
#5537 = ADVANCED_FACE('',(#5538),#5563,.F.);
#5538 = FACE_BOUND('',#5539,.T.);
#5539 = EDGE_LOOP('',(#5540,#5548,#5549,#5557));
#5540 = ORIENTED_EDGE('',*,*,#5541,.F.);
#5541 = EDGE_CURVE('',#5511,#5542,#5544,.T.);
#5542 = VERTEX_POINT('',#5543);
#5543 = CARTESIAN_POINT('',(3.375,-0.7,0.845));
#5544 = LINE('',#5545,#5546);
#5545 = CARTESIAN_POINT('',(3.375,2.21177243187E-14,0.845));
#5546 = VECTOR('',#5547,1.);
#5547 = DIRECTION('',(0.,-1.,1.239088197126E-15));
#5548 = ORIENTED_EDGE('',*,*,#5527,.F.);
#5549 = ORIENTED_EDGE('',*,*,#5550,.T.);
#5550 = EDGE_CURVE('',#5520,#5551,#5553,.T.);
#5551 = VERTEX_POINT('',#5552);
#5552 = CARTESIAN_POINT('',(3.775,-0.7,0.845));
#5553 = LINE('',#5554,#5555);
#5554 = CARTESIAN_POINT('',(3.775,2.21177243187E-14,0.845));
#5555 = VECTOR('',#5556,1.);
#5556 = DIRECTION('',(0.,-1.,1.239088197126E-15));
#5557 = ORIENTED_EDGE('',*,*,#5558,.T.);
#5558 = EDGE_CURVE('',#5551,#5542,#5559,.T.);
#5559 = LINE('',#5560,#5561);
#5560 = CARTESIAN_POINT('',(3.775,-0.7,0.845));
#5561 = VECTOR('',#5562,1.);
#5562 = DIRECTION('',(-1.,0.,0.));
#5563 = PLANE('',#5564);
#5564 = AXIS2_PLACEMENT_3D('',#5565,#5566,#5567);
#5565 = CARTESIAN_POINT('',(3.775,2.21177243187E-14,0.845));
#5566 = DIRECTION('',(0.,1.239088197126E-15,1.));
#5567 = DIRECTION('',(0.,-1.,1.239088197126E-15));
#5568 = ADVANCED_FACE('',(#5569),#5594,.F.);
#5569 = FACE_BOUND('',#5570,.T.);
#5570 = EDGE_LOOP('',(#5571,#5579,#5580,#5588));
#5571 = ORIENTED_EDGE('',*,*,#5572,.F.);
#5572 = EDGE_CURVE('',#5542,#5573,#5575,.T.);
#5573 = VERTEX_POINT('',#5574);
#5574 = CARTESIAN_POINT('',(3.375,-0.7,0.945));
#5575 = LINE('',#5576,#5577);
#5576 = CARTESIAN_POINT('',(3.375,-0.7,0.945));
#5577 = VECTOR('',#5578,1.);
#5578 = DIRECTION('',(0.,4.336808689942E-15,1.));
#5579 = ORIENTED_EDGE('',*,*,#5558,.F.);
#5580 = ORIENTED_EDGE('',*,*,#5581,.T.);
#5581 = EDGE_CURVE('',#5551,#5582,#5584,.T.);
#5582 = VERTEX_POINT('',#5583);
#5583 = CARTESIAN_POINT('',(3.775,-0.7,0.945));
#5584 = LINE('',#5585,#5586);
#5585 = CARTESIAN_POINT('',(3.775,-0.7,0.945));
#5586 = VECTOR('',#5587,1.);
#5587 = DIRECTION('',(0.,4.336808689942E-15,1.));
#5588 = ORIENTED_EDGE('',*,*,#5589,.T.);
#5589 = EDGE_CURVE('',#5582,#5573,#5590,.T.);
#5590 = LINE('',#5591,#5592);
#5591 = CARTESIAN_POINT('',(3.775,-0.7,0.945));
#5592 = VECTOR('',#5593,1.);
#5593 = DIRECTION('',(-1.,0.,0.));
#5594 = PLANE('',#5595);
#5595 = AXIS2_PLACEMENT_3D('',#5596,#5597,#5598);
#5596 = CARTESIAN_POINT('',(3.775,-0.7,0.945));
#5597 = DIRECTION('',(0.,1.,-4.336808689942E-15));
#5598 = DIRECTION('',(0.,4.336808689942E-15,1.));
#5599 = ADVANCED_FACE('',(#5600),#5625,.F.);
#5600 = FACE_BOUND('',#5601,.T.);
#5601 = EDGE_LOOP('',(#5602,#5610,#5611,#5619));
#5602 = ORIENTED_EDGE('',*,*,#5603,.F.);
#5603 = EDGE_CURVE('',#5573,#5604,#5606,.T.);
#5604 = VERTEX_POINT('',#5605);
#5605 = CARTESIAN_POINT('',(3.375,-3.8,0.945));
#5606 = LINE('',#5607,#5608);
#5607 = CARTESIAN_POINT('',(3.375,-0.7,0.945));
#5608 = VECTOR('',#5609,1.);
#5609 = DIRECTION('',(0.,-1.,5.59588218057E-16));
#5610 = ORIENTED_EDGE('',*,*,#5589,.F.);
#5611 = ORIENTED_EDGE('',*,*,#5612,.T.);
#5612 = EDGE_CURVE('',#5582,#5613,#5615,.T.);
#5613 = VERTEX_POINT('',#5614);
#5614 = CARTESIAN_POINT('',(3.775,-3.8,0.945));
#5615 = LINE('',#5616,#5617);
#5616 = CARTESIAN_POINT('',(3.775,-0.7,0.945));
#5617 = VECTOR('',#5618,1.);
#5618 = DIRECTION('',(0.,-1.,5.59588218057E-16));
#5619 = ORIENTED_EDGE('',*,*,#5620,.T.);
#5620 = EDGE_CURVE('',#5613,#5604,#5621,.T.);
#5621 = LINE('',#5622,#5623);
#5622 = CARTESIAN_POINT('',(3.775,-3.8,0.945));
#5623 = VECTOR('',#5624,1.);
#5624 = DIRECTION('',(-1.,0.,0.));
#5625 = PLANE('',#5626);
#5626 = AXIS2_PLACEMENT_3D('',#5627,#5628,#5629);
#5627 = CARTESIAN_POINT('',(3.775,-0.7,0.945));
#5628 = DIRECTION('',(0.,5.59588218057E-16,1.));
#5629 = DIRECTION('',(0.,-1.,5.59588218057E-16));
#5630 = ADVANCED_FACE('',(#5631),#5656,.F.);
#5631 = FACE_BOUND('',#5632,.T.);
#5632 = EDGE_LOOP('',(#5633,#5641,#5642,#5650));
#5633 = ORIENTED_EDGE('',*,*,#5634,.F.);
#5634 = EDGE_CURVE('',#5604,#5635,#5637,.T.);
#5635 = VERTEX_POINT('',#5636);
#5636 = CARTESIAN_POINT('',(3.375,-3.8,1.595));
#5637 = LINE('',#5638,#5639);
#5638 = CARTESIAN_POINT('',(3.375,-3.8,1.595));
#5639 = VECTOR('',#5640,1.);
#5640 = DIRECTION('',(0.,0.,1.));
#5641 = ORIENTED_EDGE('',*,*,#5620,.F.);
#5642 = ORIENTED_EDGE('',*,*,#5643,.T.);
#5643 = EDGE_CURVE('',#5613,#5644,#5646,.T.);
#5644 = VERTEX_POINT('',#5645);
#5645 = CARTESIAN_POINT('',(3.775,-3.8,1.595));
#5646 = LINE('',#5647,#5648);
#5647 = CARTESIAN_POINT('',(3.775,-3.8,1.595));
#5648 = VECTOR('',#5649,1.);
#5649 = DIRECTION('',(0.,0.,1.));
#5650 = ORIENTED_EDGE('',*,*,#5651,.T.);
#5651 = EDGE_CURVE('',#5644,#5635,#5652,.T.);
#5652 = LINE('',#5653,#5654);
#5653 = CARTESIAN_POINT('',(3.775,-3.8,1.595));
#5654 = VECTOR('',#5655,1.);
#5655 = DIRECTION('',(-1.,0.,0.));
#5656 = PLANE('',#5657);
#5657 = AXIS2_PLACEMENT_3D('',#5658,#5659,#5660);
#5658 = CARTESIAN_POINT('',(3.775,-3.8,1.595));
#5659 = DIRECTION('',(0.,1.,0.));
#5660 = DIRECTION('',(0.,-0.,1.));
#5661 = ADVANCED_FACE('',(#5662),#5687,.F.);
#5662 = FACE_BOUND('',#5663,.T.);
#5663 = EDGE_LOOP('',(#5664,#5672,#5673,#5681));
#5664 = ORIENTED_EDGE('',*,*,#5665,.F.);
#5665 = EDGE_CURVE('',#5635,#5666,#5668,.T.);
#5666 = VERTEX_POINT('',#5667);
#5667 = CARTESIAN_POINT('',(3.375,-0.7,1.595));
#5668 = LINE('',#5669,#5670);
#5669 = CARTESIAN_POINT('',(3.375,-0.7,1.595));
#5670 = VECTOR('',#5671,1.);
#5671 = DIRECTION('',(0.,1.,0.));
#5672 = ORIENTED_EDGE('',*,*,#5651,.F.);
#5673 = ORIENTED_EDGE('',*,*,#5674,.T.);
#5674 = EDGE_CURVE('',#5644,#5675,#5677,.T.);
#5675 = VERTEX_POINT('',#5676);
#5676 = CARTESIAN_POINT('',(3.775,-0.7,1.595));
#5677 = LINE('',#5678,#5679);
#5678 = CARTESIAN_POINT('',(3.775,-0.7,1.595));
#5679 = VECTOR('',#5680,1.);
#5680 = DIRECTION('',(0.,1.,0.));
#5681 = ORIENTED_EDGE('',*,*,#5682,.T.);
#5682 = EDGE_CURVE('',#5675,#5666,#5683,.T.);
#5683 = LINE('',#5684,#5685);
#5684 = CARTESIAN_POINT('',(3.775,-0.7,1.595));
#5685 = VECTOR('',#5686,1.);
#5686 = DIRECTION('',(-1.,0.,0.));
#5687 = PLANE('',#5688);
#5688 = AXIS2_PLACEMENT_3D('',#5689,#5690,#5691);
#5689 = CARTESIAN_POINT('',(3.775,-0.7,1.595));
#5690 = DIRECTION('',(0.,0.,-1.));
#5691 = DIRECTION('',(1.,0.,0.));
#5692 = ADVANCED_FACE('',(#5693),#5718,.F.);
#5693 = FACE_BOUND('',#5694,.T.);
#5694 = EDGE_LOOP('',(#5695,#5703,#5704,#5712));
#5695 = ORIENTED_EDGE('',*,*,#5696,.F.);
#5696 = EDGE_CURVE('',#5666,#5697,#5699,.T.);
#5697 = VERTEX_POINT('',#5698);
#5698 = CARTESIAN_POINT('',(3.375,-0.7,1.695));
#5699 = LINE('',#5700,#5701);
#5700 = CARTESIAN_POINT('',(3.375,-0.7,1.595));
#5701 = VECTOR('',#5702,1.);
#5702 = DIRECTION('',(0.,0.,1.));
#5703 = ORIENTED_EDGE('',*,*,#5682,.F.);
#5704 = ORIENTED_EDGE('',*,*,#5705,.T.);
#5705 = EDGE_CURVE('',#5675,#5706,#5708,.T.);
#5706 = VERTEX_POINT('',#5707);
#5707 = CARTESIAN_POINT('',(3.775,-0.7,1.695));
#5708 = LINE('',#5709,#5710);
#5709 = CARTESIAN_POINT('',(3.775,-0.7,1.595));
#5710 = VECTOR('',#5711,1.);
#5711 = DIRECTION('',(0.,0.,1.));
#5712 = ORIENTED_EDGE('',*,*,#5713,.T.);
#5713 = EDGE_CURVE('',#5706,#5697,#5714,.T.);
#5714 = LINE('',#5715,#5716);
#5715 = CARTESIAN_POINT('',(3.775,-0.7,1.695));
#5716 = VECTOR('',#5717,1.);
#5717 = DIRECTION('',(-1.,0.,0.));
#5718 = PLANE('',#5719);
#5719 = AXIS2_PLACEMENT_3D('',#5720,#5721,#5722);
#5720 = CARTESIAN_POINT('',(3.775,-0.7,1.595));
#5721 = DIRECTION('',(0.,1.,0.));
#5722 = DIRECTION('',(0.,-0.,1.));
#5723 = ADVANCED_FACE('',(#5724),#5749,.F.);
#5724 = FACE_BOUND('',#5725,.T.);
#5725 = EDGE_LOOP('',(#5726,#5734,#5735,#5743));
#5726 = ORIENTED_EDGE('',*,*,#5727,.F.);
#5727 = EDGE_CURVE('',#5697,#5728,#5730,.T.);
#5728 = VERTEX_POINT('',#5729);
#5729 = CARTESIAN_POINT('',(3.375,2.23345647532E-14,1.695));
#5730 = LINE('',#5731,#5732);
#5731 = CARTESIAN_POINT('',(3.375,2.23345647532E-14,1.695));
#5732 = VECTOR('',#5733,1.);
#5733 = DIRECTION('',(0.,1.,3.097720492816E-16));
#5734 = ORIENTED_EDGE('',*,*,#5713,.F.);
#5735 = ORIENTED_EDGE('',*,*,#5736,.T.);
#5736 = EDGE_CURVE('',#5706,#5737,#5739,.T.);
#5737 = VERTEX_POINT('',#5738);
#5738 = CARTESIAN_POINT('',(3.775,2.23345647532E-14,1.695));
#5739 = LINE('',#5740,#5741);
#5740 = CARTESIAN_POINT('',(3.775,2.23345647532E-14,1.695));
#5741 = VECTOR('',#5742,1.);
#5742 = DIRECTION('',(0.,1.,3.097720492816E-16));
#5743 = ORIENTED_EDGE('',*,*,#5744,.T.);
#5744 = EDGE_CURVE('',#5737,#5728,#5745,.T.);
#5745 = LINE('',#5746,#5747);
#5746 = CARTESIAN_POINT('',(3.775,2.23345647532E-14,1.695));
#5747 = VECTOR('',#5748,1.);
#5748 = DIRECTION('',(-1.,0.,0.));
#5749 = PLANE('',#5750);
#5750 = AXIS2_PLACEMENT_3D('',#5751,#5752,#5753);
#5751 = CARTESIAN_POINT('',(3.775,2.23345647532E-14,1.695));
#5752 = DIRECTION('',(0.,3.097720492816E-16,-1.));
#5753 = DIRECTION('',(0.,1.,3.097720492816E-16));
#5754 = ADVANCED_FACE('',(#5755),#5771,.F.);
#5755 = FACE_BOUND('',#5756,.T.);
#5756 = EDGE_LOOP('',(#5757,#5763,#5764,#5770));
#5757 = ORIENTED_EDGE('',*,*,#5758,.F.);
#5758 = EDGE_CURVE('',#5728,#5409,#5759,.T.);
#5759 = LINE('',#5760,#5761);
#5760 = CARTESIAN_POINT('',(3.375,2.23345647532E-14,1.595));
#5761 = VECTOR('',#5762,1.);
#5762 = DIRECTION('',(0.,-0.,-1.));
#5763 = ORIENTED_EDGE('',*,*,#5744,.F.);
#5764 = ORIENTED_EDGE('',*,*,#5765,.T.);
#5765 = EDGE_CURVE('',#5737,#5419,#5766,.T.);
#5766 = LINE('',#5767,#5768);
#5767 = CARTESIAN_POINT('',(3.775,2.23345647532E-14,1.595));
#5768 = VECTOR('',#5769,1.);
#5769 = DIRECTION('',(0.,-0.,-1.));
#5770 = ORIENTED_EDGE('',*,*,#5418,.T.);
#5771 = PLANE('',#5772);
#5772 = AXIS2_PLACEMENT_3D('',#5773,#5774,#5775);
#5773 = CARTESIAN_POINT('',(3.775,2.23345647532E-14,1.595));
#5774 = DIRECTION('',(0.,-1.,-0.));
#5775 = DIRECTION('',(-0.,0.,-1.));
#5776 = ADVANCED_FACE('',(#5777),#5791,.T.);
#5777 = FACE_BOUND('',#5778,.T.);
#5778 = EDGE_LOOP('',(#5779,#5780,#5781,#5782,#5783,#5784,#5785,#5786,
    #5787,#5788,#5789,#5790));
#5779 = ORIENTED_EDGE('',*,*,#5426,.F.);
#5780 = ORIENTED_EDGE('',*,*,#5765,.F.);
#5781 = ORIENTED_EDGE('',*,*,#5736,.F.);
#5782 = ORIENTED_EDGE('',*,*,#5705,.F.);
#5783 = ORIENTED_EDGE('',*,*,#5674,.F.);
#5784 = ORIENTED_EDGE('',*,*,#5643,.F.);
#5785 = ORIENTED_EDGE('',*,*,#5612,.F.);
#5786 = ORIENTED_EDGE('',*,*,#5581,.F.);
#5787 = ORIENTED_EDGE('',*,*,#5550,.F.);
#5788 = ORIENTED_EDGE('',*,*,#5519,.F.);
#5789 = ORIENTED_EDGE('',*,*,#5488,.F.);
#5790 = ORIENTED_EDGE('',*,*,#5457,.F.);
#5791 = PLANE('',#5792);
#5792 = AXIS2_PLACEMENT_3D('',#5793,#5794,#5795);
#5793 = CARTESIAN_POINT('',(3.775,0.,0.));
#5794 = DIRECTION('',(1.,0.,-0.));
#5795 = DIRECTION('',(0.,0.,1.));
#5796 = ADVANCED_FACE('',(#5797),#5811,.F.);
#5797 = FACE_BOUND('',#5798,.T.);
#5798 = EDGE_LOOP('',(#5799,#5800,#5801,#5802,#5803,#5804,#5805,#5806,
    #5807,#5808,#5809,#5810));
#5799 = ORIENTED_EDGE('',*,*,#5408,.T.);
#5800 = ORIENTED_EDGE('',*,*,#5448,.T.);
#5801 = ORIENTED_EDGE('',*,*,#5479,.T.);
#5802 = ORIENTED_EDGE('',*,*,#5510,.T.);
#5803 = ORIENTED_EDGE('',*,*,#5541,.T.);
#5804 = ORIENTED_EDGE('',*,*,#5572,.T.);
#5805 = ORIENTED_EDGE('',*,*,#5603,.T.);
#5806 = ORIENTED_EDGE('',*,*,#5634,.T.);
#5807 = ORIENTED_EDGE('',*,*,#5665,.T.);
#5808 = ORIENTED_EDGE('',*,*,#5696,.T.);
#5809 = ORIENTED_EDGE('',*,*,#5727,.T.);
#5810 = ORIENTED_EDGE('',*,*,#5758,.T.);
#5811 = PLANE('',#5812);
#5812 = AXIS2_PLACEMENT_3D('',#5813,#5814,#5815);
#5813 = CARTESIAN_POINT('',(3.375,0.,0.));
#5814 = DIRECTION('',(1.,0.,-0.));
#5815 = DIRECTION('',(0.,0.,1.));
#5816 = MANIFOLD_SOLID_BREP('',#5817);
#5817 = CLOSED_SHELL('',(#5818,#5858,#5889,#5920,#5951,#5982,#6013,#6044
    ,#6075,#6106,#6137,#6168,#6190,#6210));
#5818 = ADVANCED_FACE('',(#5819),#5853,.F.);
#5819 = FACE_BOUND('',#5820,.T.);
#5820 = EDGE_LOOP('',(#5821,#5831,#5839,#5847));
#5821 = ORIENTED_EDGE('',*,*,#5822,.F.);
#5822 = EDGE_CURVE('',#5823,#5825,#5827,.T.);
#5823 = VERTEX_POINT('',#5824);
#5824 = CARTESIAN_POINT('',(3.375,-0.7,-1.695));
#5825 = VERTEX_POINT('',#5826);
#5826 = CARTESIAN_POINT('',(3.375,-0.7,-1.595));
#5827 = LINE('',#5828,#5829);
#5828 = CARTESIAN_POINT('',(3.375,-0.7,-1.595));
#5829 = VECTOR('',#5830,1.);
#5830 = DIRECTION('',(0.,0.,1.));
#5831 = ORIENTED_EDGE('',*,*,#5832,.F.);
#5832 = EDGE_CURVE('',#5833,#5823,#5835,.T.);
#5833 = VERTEX_POINT('',#5834);
#5834 = CARTESIAN_POINT('',(3.775,-0.7,-1.695));
#5835 = LINE('',#5836,#5837);
#5836 = CARTESIAN_POINT('',(3.775,-0.7,-1.695));
#5837 = VECTOR('',#5838,1.);
#5838 = DIRECTION('',(-1.,0.,0.));
#5839 = ORIENTED_EDGE('',*,*,#5840,.T.);
#5840 = EDGE_CURVE('',#5833,#5841,#5843,.T.);
#5841 = VERTEX_POINT('',#5842);
#5842 = CARTESIAN_POINT('',(3.775,-0.7,-1.595));
#5843 = LINE('',#5844,#5845);
#5844 = CARTESIAN_POINT('',(3.775,-0.7,-1.595));
#5845 = VECTOR('',#5846,1.);
#5846 = DIRECTION('',(0.,0.,1.));
#5847 = ORIENTED_EDGE('',*,*,#5848,.T.);
#5848 = EDGE_CURVE('',#5841,#5825,#5849,.T.);
#5849 = LINE('',#5850,#5851);
#5850 = CARTESIAN_POINT('',(3.775,-0.7,-1.595));
#5851 = VECTOR('',#5852,1.);
#5852 = DIRECTION('',(-1.,0.,0.));
#5853 = PLANE('',#5854);
#5854 = AXIS2_PLACEMENT_3D('',#5855,#5856,#5857);
#5855 = CARTESIAN_POINT('',(3.775,-0.7,-1.595));
#5856 = DIRECTION('',(0.,1.,0.));
#5857 = DIRECTION('',(0.,-0.,1.));
#5858 = ADVANCED_FACE('',(#5859),#5884,.F.);
#5859 = FACE_BOUND('',#5860,.T.);
#5860 = EDGE_LOOP('',(#5861,#5869,#5870,#5878));
#5861 = ORIENTED_EDGE('',*,*,#5862,.F.);
#5862 = EDGE_CURVE('',#5825,#5863,#5865,.T.);
#5863 = VERTEX_POINT('',#5864);
#5864 = CARTESIAN_POINT('',(3.375,-3.8,-1.595));
#5865 = LINE('',#5866,#5867);
#5866 = CARTESIAN_POINT('',(3.375,-0.7,-1.595));
#5867 = VECTOR('',#5868,1.);
#5868 = DIRECTION('',(0.,-1.,0.));
#5869 = ORIENTED_EDGE('',*,*,#5848,.F.);
#5870 = ORIENTED_EDGE('',*,*,#5871,.T.);
#5871 = EDGE_CURVE('',#5841,#5872,#5874,.T.);
#5872 = VERTEX_POINT('',#5873);
#5873 = CARTESIAN_POINT('',(3.775,-3.8,-1.595));
#5874 = LINE('',#5875,#5876);
#5875 = CARTESIAN_POINT('',(3.775,-0.7,-1.595));
#5876 = VECTOR('',#5877,1.);
#5877 = DIRECTION('',(0.,-1.,0.));
#5878 = ORIENTED_EDGE('',*,*,#5879,.T.);
#5879 = EDGE_CURVE('',#5872,#5863,#5880,.T.);
#5880 = LINE('',#5881,#5882);
#5881 = CARTESIAN_POINT('',(3.775,-3.8,-1.595));
#5882 = VECTOR('',#5883,1.);
#5883 = DIRECTION('',(-1.,0.,0.));
#5884 = PLANE('',#5885);
#5885 = AXIS2_PLACEMENT_3D('',#5886,#5887,#5888);
#5886 = CARTESIAN_POINT('',(3.775,-0.7,-1.595));
#5887 = DIRECTION('',(0.,0.,1.));
#5888 = DIRECTION('',(-1.,0.,0.));
#5889 = ADVANCED_FACE('',(#5890),#5915,.F.);
#5890 = FACE_BOUND('',#5891,.T.);
#5891 = EDGE_LOOP('',(#5892,#5900,#5901,#5909));
#5892 = ORIENTED_EDGE('',*,*,#5893,.F.);
#5893 = EDGE_CURVE('',#5863,#5894,#5896,.T.);
#5894 = VERTEX_POINT('',#5895);
#5895 = CARTESIAN_POINT('',(3.375,-3.8,-0.945));
#5896 = LINE('',#5897,#5898);
#5897 = CARTESIAN_POINT('',(3.375,-3.8,-1.595));
#5898 = VECTOR('',#5899,1.);
#5899 = DIRECTION('',(0.,0.,1.));
#5900 = ORIENTED_EDGE('',*,*,#5879,.F.);
#5901 = ORIENTED_EDGE('',*,*,#5902,.T.);
#5902 = EDGE_CURVE('',#5872,#5903,#5905,.T.);
#5903 = VERTEX_POINT('',#5904);
#5904 = CARTESIAN_POINT('',(3.775,-3.8,-0.945));
#5905 = LINE('',#5906,#5907);
#5906 = CARTESIAN_POINT('',(3.775,-3.8,-1.595));
#5907 = VECTOR('',#5908,1.);
#5908 = DIRECTION('',(0.,0.,1.));
#5909 = ORIENTED_EDGE('',*,*,#5910,.T.);
#5910 = EDGE_CURVE('',#5903,#5894,#5911,.T.);
#5911 = LINE('',#5912,#5913);
#5912 = CARTESIAN_POINT('',(3.775,-3.8,-0.945));
#5913 = VECTOR('',#5914,1.);
#5914 = DIRECTION('',(-1.,0.,0.));
#5915 = PLANE('',#5916);
#5916 = AXIS2_PLACEMENT_3D('',#5917,#5918,#5919);
#5917 = CARTESIAN_POINT('',(3.775,-3.8,-1.595));
#5918 = DIRECTION('',(0.,1.,0.));
#5919 = DIRECTION('',(0.,-0.,1.));
#5920 = ADVANCED_FACE('',(#5921),#5946,.F.);
#5921 = FACE_BOUND('',#5922,.T.);
#5922 = EDGE_LOOP('',(#5923,#5931,#5932,#5940));
#5923 = ORIENTED_EDGE('',*,*,#5924,.F.);
#5924 = EDGE_CURVE('',#5894,#5925,#5927,.T.);
#5925 = VERTEX_POINT('',#5926);
#5926 = CARTESIAN_POINT('',(3.375,-0.7,-0.945));
#5927 = LINE('',#5928,#5929);
#5928 = CARTESIAN_POINT('',(3.375,-0.7,-0.945));
#5929 = VECTOR('',#5930,1.);
#5930 = DIRECTION('',(0.,1.,2.797941090285E-16));
#5931 = ORIENTED_EDGE('',*,*,#5910,.F.);
#5932 = ORIENTED_EDGE('',*,*,#5933,.T.);
#5933 = EDGE_CURVE('',#5903,#5934,#5936,.T.);
#5934 = VERTEX_POINT('',#5935);
#5935 = CARTESIAN_POINT('',(3.775,-0.7,-0.945));
#5936 = LINE('',#5937,#5938);
#5937 = CARTESIAN_POINT('',(3.775,-0.7,-0.945));
#5938 = VECTOR('',#5939,1.);
#5939 = DIRECTION('',(0.,1.,2.797941090285E-16));
#5940 = ORIENTED_EDGE('',*,*,#5941,.T.);
#5941 = EDGE_CURVE('',#5934,#5925,#5942,.T.);
#5942 = LINE('',#5943,#5944);
#5943 = CARTESIAN_POINT('',(3.775,-0.7,-0.945));
#5944 = VECTOR('',#5945,1.);
#5945 = DIRECTION('',(-1.,0.,0.));
#5946 = PLANE('',#5947);
#5947 = AXIS2_PLACEMENT_3D('',#5948,#5949,#5950);
#5948 = CARTESIAN_POINT('',(3.775,-0.7,-0.945));
#5949 = DIRECTION('',(0.,2.797941090285E-16,-1.));
#5950 = DIRECTION('',(0.,1.,2.797941090285E-16));
#5951 = ADVANCED_FACE('',(#5952),#5977,.F.);
#5952 = FACE_BOUND('',#5953,.T.);
#5953 = EDGE_LOOP('',(#5954,#5962,#5963,#5971));
#5954 = ORIENTED_EDGE('',*,*,#5955,.F.);
#5955 = EDGE_CURVE('',#5925,#5956,#5958,.T.);
#5956 = VERTEX_POINT('',#5957);
#5957 = CARTESIAN_POINT('',(3.375,-0.7,-0.845));
#5958 = LINE('',#5959,#5960);
#5959 = CARTESIAN_POINT('',(3.375,-0.7,-0.945));
#5960 = VECTOR('',#5961,1.);
#5961 = DIRECTION('',(0.,-4.336808689942E-15,1.));
#5962 = ORIENTED_EDGE('',*,*,#5941,.F.);
#5963 = ORIENTED_EDGE('',*,*,#5964,.T.);
#5964 = EDGE_CURVE('',#5934,#5965,#5967,.T.);
#5965 = VERTEX_POINT('',#5966);
#5966 = CARTESIAN_POINT('',(3.775,-0.7,-0.845));
#5967 = LINE('',#5968,#5969);
#5968 = CARTESIAN_POINT('',(3.775,-0.7,-0.945));
#5969 = VECTOR('',#5970,1.);
#5970 = DIRECTION('',(0.,-4.336808689942E-15,1.));
#5971 = ORIENTED_EDGE('',*,*,#5972,.T.);
#5972 = EDGE_CURVE('',#5965,#5956,#5973,.T.);
#5973 = LINE('',#5974,#5975);
#5974 = CARTESIAN_POINT('',(3.775,-0.7,-0.845));
#5975 = VECTOR('',#5976,1.);
#5976 = DIRECTION('',(-1.,0.,0.));
#5977 = PLANE('',#5978);
#5978 = AXIS2_PLACEMENT_3D('',#5979,#5980,#5981);
#5979 = CARTESIAN_POINT('',(3.775,-0.7,-0.945));
#5980 = DIRECTION('',(0.,1.,4.336808689942E-15));
#5981 = DIRECTION('',(0.,-4.336808689942E-15,1.));
#5982 = ADVANCED_FACE('',(#5983),#6008,.F.);
#5983 = FACE_BOUND('',#5984,.T.);
#5984 = EDGE_LOOP('',(#5985,#5993,#5994,#6002));
#5985 = ORIENTED_EDGE('',*,*,#5986,.F.);
#5986 = EDGE_CURVE('',#5956,#5987,#5989,.T.);
#5987 = VERTEX_POINT('',#5988);
#5988 = CARTESIAN_POINT('',(3.375,2.190088388421E-14,-0.845));
#5989 = LINE('',#5990,#5991);
#5990 = CARTESIAN_POINT('',(3.375,2.190088388421E-14,-0.845));
#5991 = VECTOR('',#5992,1.);
#5992 = DIRECTION('',(0.,1.,6.195440985631E-16));
#5993 = ORIENTED_EDGE('',*,*,#5972,.F.);
#5994 = ORIENTED_EDGE('',*,*,#5995,.T.);
#5995 = EDGE_CURVE('',#5965,#5996,#5998,.T.);
#5996 = VERTEX_POINT('',#5997);
#5997 = CARTESIAN_POINT('',(3.775,2.190088388421E-14,-0.845));
#5998 = LINE('',#5999,#6000);
#5999 = CARTESIAN_POINT('',(3.775,2.190088388421E-14,-0.845));
#6000 = VECTOR('',#6001,1.);
#6001 = DIRECTION('',(0.,1.,6.195440985631E-16));
#6002 = ORIENTED_EDGE('',*,*,#6003,.T.);
#6003 = EDGE_CURVE('',#5996,#5987,#6004,.T.);
#6004 = LINE('',#6005,#6006);
#6005 = CARTESIAN_POINT('',(3.775,2.190088388421E-14,-0.845));
#6006 = VECTOR('',#6007,1.);
#6007 = DIRECTION('',(-1.,0.,0.));
#6008 = PLANE('',#6009);
#6009 = AXIS2_PLACEMENT_3D('',#6010,#6011,#6012);
#6010 = CARTESIAN_POINT('',(3.775,2.190088388421E-14,-0.845));
#6011 = DIRECTION('',(0.,6.195440985631E-16,-1.));
#6012 = DIRECTION('',(0.,1.,6.195440985631E-16));
#6013 = ADVANCED_FACE('',(#6014),#6039,.F.);
#6014 = FACE_BOUND('',#6015,.T.);
#6015 = EDGE_LOOP('',(#6016,#6024,#6025,#6033));
#6016 = ORIENTED_EDGE('',*,*,#6017,.F.);
#6017 = EDGE_CURVE('',#5987,#6018,#6020,.T.);
#6018 = VERTEX_POINT('',#6019);
#6019 = CARTESIAN_POINT('',(3.375,2.168404344971E-14,-0.945));
#6020 = LINE('',#6021,#6022);
#6021 = CARTESIAN_POINT('',(3.375,2.168404344971E-14,-0.945));
#6022 = VECTOR('',#6023,1.);
#6023 = DIRECTION('',(0.,-2.168404344971E-15,-1.));
#6024 = ORIENTED_EDGE('',*,*,#6003,.F.);
#6025 = ORIENTED_EDGE('',*,*,#6026,.T.);
#6026 = EDGE_CURVE('',#5996,#6027,#6029,.T.);
#6027 = VERTEX_POINT('',#6028);
#6028 = CARTESIAN_POINT('',(3.775,2.168404344971E-14,-0.945));
#6029 = LINE('',#6030,#6031);
#6030 = CARTESIAN_POINT('',(3.775,2.168404344971E-14,-0.945));
#6031 = VECTOR('',#6032,1.);
#6032 = DIRECTION('',(0.,-2.168404344971E-15,-1.));
#6033 = ORIENTED_EDGE('',*,*,#6034,.T.);
#6034 = EDGE_CURVE('',#6027,#6018,#6035,.T.);
#6035 = LINE('',#6036,#6037);
#6036 = CARTESIAN_POINT('',(3.775,2.168404344971E-14,-0.945));
#6037 = VECTOR('',#6038,1.);
#6038 = DIRECTION('',(-1.,0.,0.));
#6039 = PLANE('',#6040);
#6040 = AXIS2_PLACEMENT_3D('',#6041,#6042,#6043);
#6041 = CARTESIAN_POINT('',(3.775,2.168404344971E-14,-0.945));
#6042 = DIRECTION('',(0.,-1.,2.168404344971E-15));
#6043 = DIRECTION('',(-0.,-2.168404344971E-15,-1.));
#6044 = ADVANCED_FACE('',(#6045),#6070,.F.);
#6045 = FACE_BOUND('',#6046,.T.);
#6046 = EDGE_LOOP('',(#6047,#6055,#6056,#6064));
#6047 = ORIENTED_EDGE('',*,*,#6048,.F.);
#6048 = EDGE_CURVE('',#6018,#6049,#6051,.T.);
#6049 = VERTEX_POINT('',#6050);
#6050 = CARTESIAN_POINT('',(3.375,0.5,-0.945));
#6051 = LINE('',#6052,#6053);
#6052 = CARTESIAN_POINT('',(3.375,0.5,-0.945));
#6053 = VECTOR('',#6054,1.);
#6054 = DIRECTION('',(0.,1.,0.));
#6055 = ORIENTED_EDGE('',*,*,#6034,.F.);
#6056 = ORIENTED_EDGE('',*,*,#6057,.T.);
#6057 = EDGE_CURVE('',#6027,#6058,#6060,.T.);
#6058 = VERTEX_POINT('',#6059);
#6059 = CARTESIAN_POINT('',(3.775,0.5,-0.945));
#6060 = LINE('',#6061,#6062);
#6061 = CARTESIAN_POINT('',(3.775,0.5,-0.945));
#6062 = VECTOR('',#6063,1.);
#6063 = DIRECTION('',(0.,1.,0.));
#6064 = ORIENTED_EDGE('',*,*,#6065,.T.);
#6065 = EDGE_CURVE('',#6058,#6049,#6066,.T.);
#6066 = LINE('',#6067,#6068);
#6067 = CARTESIAN_POINT('',(3.775,0.5,-0.945));
#6068 = VECTOR('',#6069,1.);
#6069 = DIRECTION('',(-1.,0.,0.));
#6070 = PLANE('',#6071);
#6071 = AXIS2_PLACEMENT_3D('',#6072,#6073,#6074);
#6072 = CARTESIAN_POINT('',(3.775,0.5,-0.945));
#6073 = DIRECTION('',(0.,0.,-1.));
#6074 = DIRECTION('',(1.,0.,0.));
#6075 = ADVANCED_FACE('',(#6076),#6101,.F.);
#6076 = FACE_BOUND('',#6077,.T.);
#6077 = EDGE_LOOP('',(#6078,#6086,#6087,#6095));
#6078 = ORIENTED_EDGE('',*,*,#6079,.F.);
#6079 = EDGE_CURVE('',#6049,#6080,#6082,.T.);
#6080 = VERTEX_POINT('',#6081);
#6081 = CARTESIAN_POINT('',(3.375,0.5,-1.595));
#6082 = LINE('',#6083,#6084);
#6083 = CARTESIAN_POINT('',(3.375,0.5,-1.595));
#6084 = VECTOR('',#6085,1.);
#6085 = DIRECTION('',(0.,-0.,-1.));
#6086 = ORIENTED_EDGE('',*,*,#6065,.F.);
#6087 = ORIENTED_EDGE('',*,*,#6088,.T.);
#6088 = EDGE_CURVE('',#6058,#6089,#6091,.T.);
#6089 = VERTEX_POINT('',#6090);
#6090 = CARTESIAN_POINT('',(3.775,0.5,-1.595));
#6091 = LINE('',#6092,#6093);
#6092 = CARTESIAN_POINT('',(3.775,0.5,-1.595));
#6093 = VECTOR('',#6094,1.);
#6094 = DIRECTION('',(0.,-0.,-1.));
#6095 = ORIENTED_EDGE('',*,*,#6096,.T.);
#6096 = EDGE_CURVE('',#6089,#6080,#6097,.T.);
#6097 = LINE('',#6098,#6099);
#6098 = CARTESIAN_POINT('',(3.775,0.5,-1.595));
#6099 = VECTOR('',#6100,1.);
#6100 = DIRECTION('',(-1.,0.,0.));
#6101 = PLANE('',#6102);
#6102 = AXIS2_PLACEMENT_3D('',#6103,#6104,#6105);
#6103 = CARTESIAN_POINT('',(3.775,0.5,-1.595));
#6104 = DIRECTION('',(0.,-1.,-0.));
#6105 = DIRECTION('',(-0.,0.,-1.));
#6106 = ADVANCED_FACE('',(#6107),#6132,.F.);
#6107 = FACE_BOUND('',#6108,.T.);
#6108 = EDGE_LOOP('',(#6109,#6117,#6118,#6126));
#6109 = ORIENTED_EDGE('',*,*,#6110,.F.);
#6110 = EDGE_CURVE('',#6080,#6111,#6113,.T.);
#6111 = VERTEX_POINT('',#6112);
#6112 = CARTESIAN_POINT('',(3.375,2.168404344971E-14,-1.595));
#6113 = LINE('',#6114,#6115);
#6114 = CARTESIAN_POINT('',(3.375,0.5,-1.595));
#6115 = VECTOR('',#6116,1.);
#6116 = DIRECTION('',(-0.,-1.,-1.734723475977E-15));
#6117 = ORIENTED_EDGE('',*,*,#6096,.F.);
#6118 = ORIENTED_EDGE('',*,*,#6119,.T.);
#6119 = EDGE_CURVE('',#6089,#6120,#6122,.T.);
#6120 = VERTEX_POINT('',#6121);
#6121 = CARTESIAN_POINT('',(3.775,2.168404344971E-14,-1.595));
#6122 = LINE('',#6123,#6124);
#6123 = CARTESIAN_POINT('',(3.775,0.5,-1.595));
#6124 = VECTOR('',#6125,1.);
#6125 = DIRECTION('',(-0.,-1.,-1.734723475977E-15));
#6126 = ORIENTED_EDGE('',*,*,#6127,.T.);
#6127 = EDGE_CURVE('',#6120,#6111,#6128,.T.);
#6128 = LINE('',#6129,#6130);
#6129 = CARTESIAN_POINT('',(3.775,2.168404344971E-14,-1.595));
#6130 = VECTOR('',#6131,1.);
#6131 = DIRECTION('',(-1.,0.,0.));
#6132 = PLANE('',#6133);
#6133 = AXIS2_PLACEMENT_3D('',#6134,#6135,#6136);
#6134 = CARTESIAN_POINT('',(3.775,0.5,-1.595));
#6135 = DIRECTION('',(0.,-1.734723475977E-15,1.));
#6136 = DIRECTION('',(-0.,-1.,-1.734723475977E-15));
#6137 = ADVANCED_FACE('',(#6138),#6163,.F.);
#6138 = FACE_BOUND('',#6139,.T.);
#6139 = EDGE_LOOP('',(#6140,#6148,#6149,#6157));
#6140 = ORIENTED_EDGE('',*,*,#6141,.F.);
#6141 = EDGE_CURVE('',#6111,#6142,#6144,.T.);
#6142 = VERTEX_POINT('',#6143);
#6143 = CARTESIAN_POINT('',(3.375,2.168404344971E-14,-1.695));
#6144 = LINE('',#6145,#6146);
#6145 = CARTESIAN_POINT('',(3.375,2.168404344971E-14,-1.595));
#6146 = VECTOR('',#6147,1.);
#6147 = DIRECTION('',(0.,0.,-1.));
#6148 = ORIENTED_EDGE('',*,*,#6127,.F.);
#6149 = ORIENTED_EDGE('',*,*,#6150,.T.);
#6150 = EDGE_CURVE('',#6120,#6151,#6153,.T.);
#6151 = VERTEX_POINT('',#6152);
#6152 = CARTESIAN_POINT('',(3.775,2.168404344971E-14,-1.695));
#6153 = LINE('',#6154,#6155);
#6154 = CARTESIAN_POINT('',(3.775,2.168404344971E-14,-1.595));
#6155 = VECTOR('',#6156,1.);
#6156 = DIRECTION('',(0.,0.,-1.));
#6157 = ORIENTED_EDGE('',*,*,#6158,.T.);
#6158 = EDGE_CURVE('',#6151,#6142,#6159,.T.);
#6159 = LINE('',#6160,#6161);
#6160 = CARTESIAN_POINT('',(3.775,2.168404344971E-14,-1.695));
#6161 = VECTOR('',#6162,1.);
#6162 = DIRECTION('',(-1.,0.,0.));
#6163 = PLANE('',#6164);
#6164 = AXIS2_PLACEMENT_3D('',#6165,#6166,#6167);
#6165 = CARTESIAN_POINT('',(3.775,2.168404344971E-14,-1.595));
#6166 = DIRECTION('',(0.,-1.,0.));
#6167 = DIRECTION('',(0.,0.,-1.));
#6168 = ADVANCED_FACE('',(#6169),#6185,.F.);
#6169 = FACE_BOUND('',#6170,.T.);
#6170 = EDGE_LOOP('',(#6171,#6177,#6178,#6184));
#6171 = ORIENTED_EDGE('',*,*,#6172,.F.);
#6172 = EDGE_CURVE('',#6142,#5823,#6173,.T.);
#6173 = LINE('',#6174,#6175);
#6174 = CARTESIAN_POINT('',(3.375,2.168404344971E-14,-1.695));
#6175 = VECTOR('',#6176,1.);
#6176 = DIRECTION('',(0.,-1.,1.239088197126E-15));
#6177 = ORIENTED_EDGE('',*,*,#6158,.F.);
#6178 = ORIENTED_EDGE('',*,*,#6179,.T.);
#6179 = EDGE_CURVE('',#6151,#5833,#6180,.T.);
#6180 = LINE('',#6181,#6182);
#6181 = CARTESIAN_POINT('',(3.775,2.168404344971E-14,-1.695));
#6182 = VECTOR('',#6183,1.);
#6183 = DIRECTION('',(0.,-1.,1.239088197126E-15));
#6184 = ORIENTED_EDGE('',*,*,#5832,.T.);
#6185 = PLANE('',#6186);
#6186 = AXIS2_PLACEMENT_3D('',#6187,#6188,#6189);
#6187 = CARTESIAN_POINT('',(3.775,2.168404344971E-14,-1.695));
#6188 = DIRECTION('',(0.,1.239088197126E-15,1.));
#6189 = DIRECTION('',(0.,-1.,1.239088197126E-15));
#6190 = ADVANCED_FACE('',(#6191),#6205,.T.);
#6191 = FACE_BOUND('',#6192,.T.);
#6192 = EDGE_LOOP('',(#6193,#6194,#6195,#6196,#6197,#6198,#6199,#6200,
    #6201,#6202,#6203,#6204));
#6193 = ORIENTED_EDGE('',*,*,#5840,.F.);
#6194 = ORIENTED_EDGE('',*,*,#6179,.F.);
#6195 = ORIENTED_EDGE('',*,*,#6150,.F.);
#6196 = ORIENTED_EDGE('',*,*,#6119,.F.);
#6197 = ORIENTED_EDGE('',*,*,#6088,.F.);
#6198 = ORIENTED_EDGE('',*,*,#6057,.F.);
#6199 = ORIENTED_EDGE('',*,*,#6026,.F.);
#6200 = ORIENTED_EDGE('',*,*,#5995,.F.);
#6201 = ORIENTED_EDGE('',*,*,#5964,.F.);
#6202 = ORIENTED_EDGE('',*,*,#5933,.F.);
#6203 = ORIENTED_EDGE('',*,*,#5902,.F.);
#6204 = ORIENTED_EDGE('',*,*,#5871,.F.);
#6205 = PLANE('',#6206);
#6206 = AXIS2_PLACEMENT_3D('',#6207,#6208,#6209);
#6207 = CARTESIAN_POINT('',(3.775,0.,0.));
#6208 = DIRECTION('',(1.,0.,-0.));
#6209 = DIRECTION('',(0.,0.,1.));
#6210 = ADVANCED_FACE('',(#6211),#6225,.F.);
#6211 = FACE_BOUND('',#6212,.T.);
#6212 = EDGE_LOOP('',(#6213,#6214,#6215,#6216,#6217,#6218,#6219,#6220,
    #6221,#6222,#6223,#6224));
#6213 = ORIENTED_EDGE('',*,*,#5822,.T.);
#6214 = ORIENTED_EDGE('',*,*,#5862,.T.);
#6215 = ORIENTED_EDGE('',*,*,#5893,.T.);
#6216 = ORIENTED_EDGE('',*,*,#5924,.T.);
#6217 = ORIENTED_EDGE('',*,*,#5955,.T.);
#6218 = ORIENTED_EDGE('',*,*,#5986,.T.);
#6219 = ORIENTED_EDGE('',*,*,#6017,.T.);
#6220 = ORIENTED_EDGE('',*,*,#6048,.T.);
#6221 = ORIENTED_EDGE('',*,*,#6079,.T.);
#6222 = ORIENTED_EDGE('',*,*,#6110,.T.);
#6223 = ORIENTED_EDGE('',*,*,#6141,.T.);
#6224 = ORIENTED_EDGE('',*,*,#6172,.T.);
#6225 = PLANE('',#6226);
#6226 = AXIS2_PLACEMENT_3D('',#6227,#6228,#6229);
#6227 = CARTESIAN_POINT('',(3.375,0.,0.));
#6228 = DIRECTION('',(1.,0.,-0.));
#6229 = DIRECTION('',(0.,0.,1.));
#6230 = MANIFOLD_SOLID_BREP('',#6231);
#6231 = CLOSED_SHELL('',(#6232,#6274,#6323,#6572,#6822,#6862,#6884,#6924
    ,#6946,#7061,#7095,#7133,#7157,#7181,#7221,#7243,#7260,#7282,#7322,
    #7368,#7451,#7492,#7516,#7550,#7800,#7817,#7829,#7841,#7867,#7883,
    #7895,#7919,#7943,#7955,#7972,#7996,#8008,#8032,#8049,#8080,#8111,
    #8142,#8175,#8206,#8239,#8286,#8319,#8341,#8363,#8385,#8425,#8447,
    #8478,#8511,#8558,#8591,#8622,#8655,#8677,#8699,#8721,#8735,#8749,
    #8763,#8777,#8817,#8872,#8927,#8951,#8963,#8975,#8995,#9007,#9027,
    #9039,#9051,#9082,#9115,#9146,#9179,#9201,#9240,#9279,#9303,#9327,
    #9351,#9375,#9399,#9423,#9447,#9471,#9495,#9519,#9543,#9567,#9591,
    #9615,#9639,#9663,#9687,#9711,#9735,#9759,#9783,#9807,#9824,#9856,
    #9887,#9904,#9928,#9952,#9976,#10000,#10024,#10048,#10072,#10096,
    #10120,#10144,#10168,#10192,#10216,#10240,#10264,#10288,#10312,
    #10336,#10360,#10384,#10401,#10433,#10457,#10481,#10498));
#6232 = ADVANCED_FACE('',(#6233),#6269,.T.);
#6233 = FACE_BOUND('',#6234,.T.);
#6234 = EDGE_LOOP('',(#6235,#6246,#6254,#6263));
#6235 = ORIENTED_EDGE('',*,*,#6236,.F.);
#6236 = EDGE_CURVE('',#6237,#6239,#6241,.T.);
#6237 = VERTEX_POINT('',#6238);
#6238 = CARTESIAN_POINT('',(-3.825,-1.7,2.15));
#6239 = VERTEX_POINT('',#6240);
#6240 = CARTESIAN_POINT('',(-3.825,-1.7,2.75));
#6241 = CIRCLE('',#6242,0.3);
#6242 = AXIS2_PLACEMENT_3D('',#6243,#6244,#6245);
#6243 = CARTESIAN_POINT('',(-3.825,-1.7,2.45));
#6244 = DIRECTION('',(0.,-1.,0.));
#6245 = DIRECTION('',(0.,0.,-1.));
#6246 = ORIENTED_EDGE('',*,*,#6247,.T.);
#6247 = EDGE_CURVE('',#6237,#6248,#6250,.T.);
#6248 = VERTEX_POINT('',#6249);
#6249 = CARTESIAN_POINT('',(-3.825,-1.55,2.));
#6250 = LINE('',#6251,#6252);
#6251 = CARTESIAN_POINT('',(-3.825,-1.7,2.15));
#6252 = VECTOR('',#6253,1.);
#6253 = DIRECTION('',(8.659560562355E-17,0.707106781187,-0.707106781187)
  );
#6254 = ORIENTED_EDGE('',*,*,#6255,.F.);
#6255 = EDGE_CURVE('',#6256,#6248,#6258,.T.);
#6256 = VERTEX_POINT('',#6257);
#6257 = CARTESIAN_POINT('',(-3.825,-1.55,2.9));
#6258 = CIRCLE('',#6259,0.45);
#6259 = AXIS2_PLACEMENT_3D('',#6260,#6261,#6262);
#6260 = CARTESIAN_POINT('',(-3.825,-1.55,2.45));
#6261 = DIRECTION('',(0.,1.,0.));
#6262 = DIRECTION('',(0.,0.,-1.));
#6263 = ORIENTED_EDGE('',*,*,#6264,.F.);
#6264 = EDGE_CURVE('',#6239,#6256,#6265,.T.);
#6265 = LINE('',#6266,#6267);
#6266 = CARTESIAN_POINT('',(-3.825,-1.7,2.75));
#6267 = VECTOR('',#6268,1.);
#6268 = DIRECTION('',(0.,0.707106781187,0.707106781187));
#6269 = CONICAL_SURFACE('',#6270,0.3,0.785398163397);
#6270 = AXIS2_PLACEMENT_3D('',#6271,#6272,#6273);
#6271 = CARTESIAN_POINT('',(-3.825,-1.7,2.45));
#6272 = DIRECTION('',(0.,1.,0.));
#6273 = DIRECTION('',(0.,-0.,1.));
#6274 = ADVANCED_FACE('',(#6275),#6318,.T.);
#6275 = FACE_BOUND('',#6276,.T.);
#6276 = EDGE_LOOP('',(#6277,#6278,#6286,#6295,#6303,#6312));
#6277 = ORIENTED_EDGE('',*,*,#6255,.T.);
#6278 = ORIENTED_EDGE('',*,*,#6279,.T.);
#6279 = EDGE_CURVE('',#6248,#6280,#6282,.T.);
#6280 = VERTEX_POINT('',#6281);
#6281 = CARTESIAN_POINT('',(-3.825,0.5,2.));
#6282 = LINE('',#6283,#6284);
#6283 = CARTESIAN_POINT('',(-3.825,-1.7,2.));
#6284 = VECTOR('',#6285,1.);
#6285 = DIRECTION('',(-0.,1.,-0.));
#6286 = ORIENTED_EDGE('',*,*,#6287,.T.);
#6287 = EDGE_CURVE('',#6280,#6288,#6290,.T.);
#6288 = VERTEX_POINT('',#6289);
#6289 = CARTESIAN_POINT('',(-3.400735931288,0.5,2.3));
#6290 = CIRCLE('',#6291,0.45);
#6291 = AXIS2_PLACEMENT_3D('',#6292,#6293,#6294);
#6292 = CARTESIAN_POINT('',(-3.825,0.5,2.45));
#6293 = DIRECTION('',(0.,-1.,0.));
#6294 = DIRECTION('',(0.,0.,-1.));
#6295 = ORIENTED_EDGE('',*,*,#6296,.T.);
#6296 = EDGE_CURVE('',#6288,#6297,#6299,.T.);
#6297 = VERTEX_POINT('',#6298);
#6298 = CARTESIAN_POINT('',(-3.400735931288,-1.769800936681E-14,2.3));
#6299 = LINE('',#6300,#6301);
#6300 = CARTESIAN_POINT('',(-3.400735931288,-1.7,2.3));
#6301 = VECTOR('',#6302,1.);
#6302 = DIRECTION('',(0.,-1.,0.));
#6303 = ORIENTED_EDGE('',*,*,#6304,.F.);
#6304 = EDGE_CURVE('',#6305,#6297,#6307,.T.);
#6305 = VERTEX_POINT('',#6306);
#6306 = CARTESIAN_POINT('',(-3.825,0.,2.9));
#6307 = CIRCLE('',#6308,0.45);
#6308 = AXIS2_PLACEMENT_3D('',#6309,#6310,#6311);
#6309 = CARTESIAN_POINT('',(-3.825,0.,2.45));
#6310 = DIRECTION('',(-0.,1.,0.));
#6311 = DIRECTION('',(9.637352644316E-16,0.,-1.));
#6312 = ORIENTED_EDGE('',*,*,#6313,.F.);
#6313 = EDGE_CURVE('',#6256,#6305,#6314,.T.);
#6314 = LINE('',#6315,#6316);
#6315 = CARTESIAN_POINT('',(-3.825,-1.7,2.9));
#6316 = VECTOR('',#6317,1.);
#6317 = DIRECTION('',(-0.,1.,-0.));
#6318 = CYLINDRICAL_SURFACE('',#6319,0.45);
#6319 = AXIS2_PLACEMENT_3D('',#6320,#6321,#6322);
#6320 = CARTESIAN_POINT('',(-3.825,-1.7,2.45));
#6321 = DIRECTION('',(-0.,1.,-0.));
#6322 = DIRECTION('',(0.,0.,1.));
#6323 = ADVANCED_FACE('',(#6324),#6567,.F.);
#6324 = FACE_BOUND('',#6325,.T.);
#6325 = EDGE_LOOP('',(#6326,#6336,#6344,#6352,#6360,#6368,#6376,#6384,
    #6392,#6400,#6408,#6416,#6424,#6432,#6440,#6448,#6454,#6455,#6464,
    #6473,#6481,#6489,#6497,#6505,#6513,#6521,#6529,#6537,#6545,#6553,
    #6561));
#6326 = ORIENTED_EDGE('',*,*,#6327,.F.);
#6327 = EDGE_CURVE('',#6328,#6330,#6332,.T.);
#6328 = VERTEX_POINT('',#6329);
#6329 = CARTESIAN_POINT('',(4.275,0.5,-2.9));
#6330 = VERTEX_POINT('',#6331);
#6331 = CARTESIAN_POINT('',(4.275,0.5,-2.3));
#6332 = LINE('',#6333,#6334);
#6333 = CARTESIAN_POINT('',(4.275,0.5,-2.3));
#6334 = VECTOR('',#6335,1.);
#6335 = DIRECTION('',(4.336808689942E-15,-0.,1.));
#6336 = ORIENTED_EDGE('',*,*,#6337,.F.);
#6337 = EDGE_CURVE('',#6338,#6328,#6340,.T.);
#6338 = VERTEX_POINT('',#6339);
#6339 = CARTESIAN_POINT('',(5.925,0.5,-1.25));
#6340 = LINE('',#6341,#6342);
#6341 = CARTESIAN_POINT('',(4.275,0.5,-2.9));
#6342 = VECTOR('',#6343,1.);
#6343 = DIRECTION('',(-0.707106781187,-9.292687373839E-17,
    -0.707106781187));
#6344 = ORIENTED_EDGE('',*,*,#6345,.T.);
#6345 = EDGE_CURVE('',#6338,#6346,#6348,.T.);
#6346 = VERTEX_POINT('',#6347);
#6347 = CARTESIAN_POINT('',(5.925,0.5,1.25));
#6348 = LINE('',#6349,#6350);
#6349 = CARTESIAN_POINT('',(5.925,0.5,-2.9));
#6350 = VECTOR('',#6351,1.);
#6351 = DIRECTION('',(-0.,-0.,1.));
#6352 = ORIENTED_EDGE('',*,*,#6353,.F.);
#6353 = EDGE_CURVE('',#6354,#6346,#6356,.T.);
#6354 = VERTEX_POINT('',#6355);
#6355 = CARTESIAN_POINT('',(4.275,0.5,2.9));
#6356 = LINE('',#6357,#6358);
#6357 = CARTESIAN_POINT('',(5.925,0.5,1.25));
#6358 = VECTOR('',#6359,1.);
#6359 = DIRECTION('',(0.707106781187,9.292687373839E-17,-0.707106781187)
  );
#6360 = ORIENTED_EDGE('',*,*,#6361,.F.);
#6361 = EDGE_CURVE('',#6362,#6354,#6364,.T.);
#6362 = VERTEX_POINT('',#6363);
#6363 = CARTESIAN_POINT('',(4.275,0.5,2.3));
#6364 = LINE('',#6365,#6366);
#6365 = CARTESIAN_POINT('',(4.275,0.5,-2.9));
#6366 = VECTOR('',#6367,1.);
#6367 = DIRECTION('',(-0.,-0.,1.));
#6368 = ORIENTED_EDGE('',*,*,#6369,.F.);
#6369 = EDGE_CURVE('',#6370,#6362,#6372,.T.);
#6370 = VERTEX_POINT('',#6371);
#6371 = CARTESIAN_POINT('',(3.175,0.5,2.3));
#6372 = LINE('',#6373,#6374);
#6373 = CARTESIAN_POINT('',(-4.275,0.5,2.3));
#6374 = VECTOR('',#6375,1.);
#6375 = DIRECTION('',(1.,5.20417042793E-15,-0.));
#6376 = ORIENTED_EDGE('',*,*,#6377,.T.);
#6377 = EDGE_CURVE('',#6370,#6378,#6380,.T.);
#6378 = VERTEX_POINT('',#6379);
#6379 = CARTESIAN_POINT('',(3.175,0.5,2.9));
#6380 = LINE('',#6381,#6382);
#6381 = CARTESIAN_POINT('',(3.175,0.5,-2.9));
#6382 = VECTOR('',#6383,1.);
#6383 = DIRECTION('',(-0.,-0.,1.));
#6384 = ORIENTED_EDGE('',*,*,#6385,.F.);
#6385 = EDGE_CURVE('',#6386,#6378,#6388,.T.);
#6386 = VERTEX_POINT('',#6387);
#6387 = CARTESIAN_POINT('',(1.5,0.5,2.9));
#6388 = LINE('',#6389,#6390);
#6389 = CARTESIAN_POINT('',(-4.275,0.5,2.9));
#6390 = VECTOR('',#6391,1.);
#6391 = DIRECTION('',(1.,0.,1.014458173086E-16));
#6392 = ORIENTED_EDGE('',*,*,#6393,.F.);
#6393 = EDGE_CURVE('',#6394,#6386,#6396,.T.);
#6394 = VERTEX_POINT('',#6395);
#6395 = CARTESIAN_POINT('',(1.5,0.5,1.8));
#6396 = LINE('',#6397,#6398);
#6397 = CARTESIAN_POINT('',(1.5,0.5,1.8));
#6398 = VECTOR('',#6399,1.);
#6399 = DIRECTION('',(-0.,-0.,1.));
#6400 = ORIENTED_EDGE('',*,*,#6401,.F.);
#6401 = EDGE_CURVE('',#6402,#6394,#6404,.T.);
#6402 = VERTEX_POINT('',#6403);
#6403 = CARTESIAN_POINT('',(1.3,0.5,1.8));
#6404 = LINE('',#6405,#6406);
#6405 = CARTESIAN_POINT('',(0.15,0.5,1.8));
#6406 = VECTOR('',#6407,1.);
#6407 = DIRECTION('',(1.,0.,0.));
#6408 = ORIENTED_EDGE('',*,*,#6409,.T.);
#6409 = EDGE_CURVE('',#6402,#6410,#6412,.T.);
#6410 = VERTEX_POINT('',#6411);
#6411 = CARTESIAN_POINT('',(0.35,0.5,1.8));
#6412 = LINE('',#6413,#6414);
#6413 = CARTESIAN_POINT('',(1.3,0.5,1.8));
#6414 = VECTOR('',#6415,1.);
#6415 = DIRECTION('',(-1.,-0.,-0.));
#6416 = ORIENTED_EDGE('',*,*,#6417,.F.);
#6417 = EDGE_CURVE('',#6418,#6410,#6420,.T.);
#6418 = VERTEX_POINT('',#6419);
#6419 = CARTESIAN_POINT('',(0.15,0.5,1.8));
#6420 = LINE('',#6421,#6422);
#6421 = CARTESIAN_POINT('',(0.15,0.5,1.8));
#6422 = VECTOR('',#6423,1.);
#6423 = DIRECTION('',(1.,0.,0.));
#6424 = ORIENTED_EDGE('',*,*,#6425,.T.);
#6425 = EDGE_CURVE('',#6418,#6426,#6428,.T.);
#6426 = VERTEX_POINT('',#6427);
#6427 = CARTESIAN_POINT('',(0.15,0.5,2.9));
#6428 = LINE('',#6429,#6430);
#6429 = CARTESIAN_POINT('',(0.15,0.5,1.8));
#6430 = VECTOR('',#6431,1.);
#6431 = DIRECTION('',(-0.,-0.,1.));
#6432 = ORIENTED_EDGE('',*,*,#6433,.F.);
#6433 = EDGE_CURVE('',#6434,#6426,#6436,.T.);
#6434 = VERTEX_POINT('',#6435);
#6435 = CARTESIAN_POINT('',(-2.875,0.5,2.9));
#6436 = LINE('',#6437,#6438);
#6437 = CARTESIAN_POINT('',(-4.275,0.5,2.9));
#6438 = VECTOR('',#6439,1.);
#6439 = DIRECTION('',(1.,0.,1.014458173086E-16));
#6440 = ORIENTED_EDGE('',*,*,#6441,.F.);
#6441 = EDGE_CURVE('',#6442,#6434,#6444,.T.);
#6442 = VERTEX_POINT('',#6443);
#6443 = CARTESIAN_POINT('',(-2.875,0.5,2.3));
#6444 = LINE('',#6445,#6446);
#6445 = CARTESIAN_POINT('',(-2.875,0.5,-2.9));
#6446 = VECTOR('',#6447,1.);
#6447 = DIRECTION('',(-0.,-0.,1.));
#6448 = ORIENTED_EDGE('',*,*,#6449,.F.);
#6449 = EDGE_CURVE('',#6288,#6442,#6450,.T.);
#6450 = LINE('',#6451,#6452);
#6451 = CARTESIAN_POINT('',(-4.275,0.5,2.3));
#6452 = VECTOR('',#6453,1.);
#6453 = DIRECTION('',(1.,5.20417042793E-15,-0.));
#6454 = ORIENTED_EDGE('',*,*,#6287,.F.);
#6455 = ORIENTED_EDGE('',*,*,#6456,.F.);
#6456 = EDGE_CURVE('',#6457,#6280,#6459,.T.);
#6457 = VERTEX_POINT('',#6458);
#6458 = CARTESIAN_POINT('',(-4.249264068712,0.5,2.3));
#6459 = CIRCLE('',#6460,0.45);
#6460 = AXIS2_PLACEMENT_3D('',#6461,#6462,#6463);
#6461 = CARTESIAN_POINT('',(-3.825,0.5,2.45));
#6462 = DIRECTION('',(0.,-1.,0.));
#6463 = DIRECTION('',(0.,0.,-1.));
#6464 = ORIENTED_EDGE('',*,*,#6465,.T.);
#6465 = EDGE_CURVE('',#6457,#6466,#6468,.T.);
#6466 = VERTEX_POINT('',#6467);
#6467 = CARTESIAN_POINT('',(-4.275,0.5,2.410479081662));
#6468 = CIRCLE('',#6469,0.25);
#6469 = AXIS2_PLACEMENT_3D('',#6470,#6471,#6472);
#6470 = CARTESIAN_POINT('',(-4.025,0.5,2.410479081662));
#6471 = DIRECTION('',(-0.,1.,0.));
#6472 = DIRECTION('',(0.,0.,1.));
#6473 = ORIENTED_EDGE('',*,*,#6474,.F.);
#6474 = EDGE_CURVE('',#6475,#6466,#6477,.T.);
#6475 = VERTEX_POINT('',#6476);
#6476 = CARTESIAN_POINT('',(-4.275,0.5,-2.3));
#6477 = LINE('',#6478,#6479);
#6478 = CARTESIAN_POINT('',(-4.275,0.5,2.3));
#6479 = VECTOR('',#6480,1.);
#6480 = DIRECTION('',(-0.,-0.,1.));
#6481 = ORIENTED_EDGE('',*,*,#6482,.T.);
#6482 = EDGE_CURVE('',#6475,#6483,#6485,.T.);
#6483 = VERTEX_POINT('',#6484);
#6484 = CARTESIAN_POINT('',(-2.875,0.5,-2.3));
#6485 = LINE('',#6486,#6487);
#6486 = CARTESIAN_POINT('',(-4.275,0.5,-2.3));
#6487 = VECTOR('',#6488,1.);
#6488 = DIRECTION('',(1.,5.20417042793E-15,-0.));
#6489 = ORIENTED_EDGE('',*,*,#6490,.F.);
#6490 = EDGE_CURVE('',#6491,#6483,#6493,.T.);
#6491 = VERTEX_POINT('',#6492);
#6492 = CARTESIAN_POINT('',(-2.875,0.5,-2.9));
#6493 = LINE('',#6494,#6495);
#6494 = CARTESIAN_POINT('',(-2.875,0.5,-2.9));
#6495 = VECTOR('',#6496,1.);
#6496 = DIRECTION('',(-0.,-0.,1.));
#6497 = ORIENTED_EDGE('',*,*,#6498,.F.);
#6498 = EDGE_CURVE('',#6499,#6491,#6501,.T.);
#6499 = VERTEX_POINT('',#6500);
#6500 = CARTESIAN_POINT('',(0.15,0.5,-2.9));
#6501 = LINE('',#6502,#6503);
#6502 = CARTESIAN_POINT('',(-2.875,0.5,-2.9));
#6503 = VECTOR('',#6504,1.);
#6504 = DIRECTION('',(-1.,-0.,-0.));
#6505 = ORIENTED_EDGE('',*,*,#6506,.F.);
#6506 = EDGE_CURVE('',#6507,#6499,#6509,.T.);
#6507 = VERTEX_POINT('',#6508);
#6508 = CARTESIAN_POINT('',(0.15,0.5,-1.8));
#6509 = LINE('',#6510,#6511);
#6510 = CARTESIAN_POINT('',(0.15,0.5,-1.8));
#6511 = VECTOR('',#6512,1.);
#6512 = DIRECTION('',(-0.,-0.,-1.));
#6513 = ORIENTED_EDGE('',*,*,#6514,.T.);
#6514 = EDGE_CURVE('',#6507,#6515,#6517,.T.);
#6515 = VERTEX_POINT('',#6516);
#6516 = CARTESIAN_POINT('',(0.35,0.5,-1.8));
#6517 = LINE('',#6518,#6519);
#6518 = CARTESIAN_POINT('',(0.15,0.5,-1.8));
#6519 = VECTOR('',#6520,1.);
#6520 = DIRECTION('',(1.,0.,0.));
#6521 = ORIENTED_EDGE('',*,*,#6522,.F.);
#6522 = EDGE_CURVE('',#6523,#6515,#6525,.T.);
#6523 = VERTEX_POINT('',#6524);
#6524 = CARTESIAN_POINT('',(1.3,0.5,-1.8));
#6525 = LINE('',#6526,#6527);
#6526 = CARTESIAN_POINT('',(1.3,0.5,-1.8));
#6527 = VECTOR('',#6528,1.);
#6528 = DIRECTION('',(-1.,-0.,-0.));
#6529 = ORIENTED_EDGE('',*,*,#6530,.T.);
#6530 = EDGE_CURVE('',#6523,#6531,#6533,.T.);
#6531 = VERTEX_POINT('',#6532);
#6532 = CARTESIAN_POINT('',(1.5,0.5,-1.8));
#6533 = LINE('',#6534,#6535);
#6534 = CARTESIAN_POINT('',(0.15,0.5,-1.8));
#6535 = VECTOR('',#6536,1.);
#6536 = DIRECTION('',(1.,0.,0.));
#6537 = ORIENTED_EDGE('',*,*,#6538,.T.);
#6538 = EDGE_CURVE('',#6531,#6539,#6541,.T.);
#6539 = VERTEX_POINT('',#6540);
#6540 = CARTESIAN_POINT('',(1.5,0.5,-2.9));
#6541 = LINE('',#6542,#6543);
#6542 = CARTESIAN_POINT('',(1.5,0.5,-1.8));
#6543 = VECTOR('',#6544,1.);
#6544 = DIRECTION('',(-0.,-0.,-1.));
#6545 = ORIENTED_EDGE('',*,*,#6546,.F.);
#6546 = EDGE_CURVE('',#6547,#6539,#6549,.T.);
#6547 = VERTEX_POINT('',#6548);
#6548 = CARTESIAN_POINT('',(3.175,0.5,-2.9));
#6549 = LINE('',#6550,#6551);
#6550 = CARTESIAN_POINT('',(-2.875,0.5,-2.9));
#6551 = VECTOR('',#6552,1.);
#6552 = DIRECTION('',(-1.,-0.,-0.));
#6553 = ORIENTED_EDGE('',*,*,#6554,.F.);
#6554 = EDGE_CURVE('',#6555,#6547,#6557,.T.);
#6555 = VERTEX_POINT('',#6556);
#6556 = CARTESIAN_POINT('',(3.175,0.5,-2.3));
#6557 = LINE('',#6558,#6559);
#6558 = CARTESIAN_POINT('',(3.175,0.5,-2.9));
#6559 = VECTOR('',#6560,1.);
#6560 = DIRECTION('',(-7.228014483237E-16,-0.,-1.));
#6561 = ORIENTED_EDGE('',*,*,#6562,.F.);
#6562 = EDGE_CURVE('',#6330,#6555,#6563,.T.);
#6563 = LINE('',#6564,#6565);
#6564 = CARTESIAN_POINT('',(3.175,0.5,-2.3));
#6565 = VECTOR('',#6566,1.);
#6566 = DIRECTION('',(-1.,-0.,-0.));
#6567 = PLANE('',#6568);
#6568 = AXIS2_PLACEMENT_3D('',#6569,#6570,#6571);
#6569 = CARTESIAN_POINT('',(-2.875,0.5,-2.9));
#6570 = DIRECTION('',(-0.,1.,0.));
#6571 = DIRECTION('',(0.,0.,1.));
#6572 = ADVANCED_FACE('',(#6573),#6817,.F.);
#6573 = FACE_BOUND('',#6574,.T.);
#6574 = EDGE_LOOP('',(#6575,#6585,#6593,#6601,#6609,#6618,#6626,#6635,
    #6643,#6651,#6659,#6667,#6675,#6683,#6691,#6699,#6707,#6715,#6723,
    #6731,#6739,#6747,#6755,#6763,#6771,#6779,#6787,#6795,#6803,#6811));
#6575 = ORIENTED_EDGE('',*,*,#6576,.F.);
#6576 = EDGE_CURVE('',#6577,#6579,#6581,.T.);
#6577 = VERTEX_POINT('',#6578);
#6578 = CARTESIAN_POINT('',(0.472927405784,4.5,-0.9));
#6579 = VERTEX_POINT('',#6580);
#6580 = CARTESIAN_POINT('',(0.360773803325,4.5,-0.9));
#6581 = LINE('',#6582,#6583);
#6582 = CARTESIAN_POINT('',(0.360773803325,4.5,-0.9));
#6583 = VECTOR('',#6584,1.);
#6584 = DIRECTION('',(-1.,-0.,9.667118565207E-16));
#6585 = ORIENTED_EDGE('',*,*,#6586,.F.);
#6586 = EDGE_CURVE('',#6587,#6577,#6589,.T.);
#6587 = VERTEX_POINT('',#6588);
#6588 = CARTESIAN_POINT('',(0.675,4.5,-0.55));
#6589 = LINE('',#6590,#6591);
#6590 = CARTESIAN_POINT('',(0.472927405784,4.5,-0.9));
#6591 = VECTOR('',#6592,1.);
#6592 = DIRECTION('',(-0.5,-0.,-0.866025403784));
#6593 = ORIENTED_EDGE('',*,*,#6594,.F.);
#6594 = EDGE_CURVE('',#6595,#6587,#6597,.T.);
#6595 = VERTEX_POINT('',#6596);
#6596 = CARTESIAN_POINT('',(0.675,4.5,-1.849688692685));
#6597 = LINE('',#6598,#6599);
#6598 = CARTESIAN_POINT('',(0.675,4.5,1.849688692685));
#6599 = VECTOR('',#6600,1.);
#6600 = DIRECTION('',(-0.,-0.,1.));
#6601 = ORIENTED_EDGE('',*,*,#6602,.T.);
#6602 = EDGE_CURVE('',#6595,#6603,#6605,.T.);
#6603 = VERTEX_POINT('',#6604);
#6604 = CARTESIAN_POINT('',(-3.019900681613,4.5,-1.849688692685));
#6605 = LINE('',#6606,#6607);
#6606 = CARTESIAN_POINT('',(-1.876431811959E-16,4.5,-1.849688692685));
#6607 = VECTOR('',#6608,1.);
#6608 = DIRECTION('',(-1.,0.,1.014458173086E-16));
#6609 = ORIENTED_EDGE('',*,*,#6610,.T.);
#6610 = EDGE_CURVE('',#6603,#6611,#6613,.T.);
#6611 = VERTEX_POINT('',#6612);
#6612 = CARTESIAN_POINT('',(-3.224688692685,4.5,-1.644900681613));
#6613 = ( BOUNDED_CURVE() B_SPLINE_CURVE(3,(#6614,#6615,#6616,#6617),
.UNSPECIFIED.,.F.,.F.) B_SPLINE_CURVE_WITH_KNOTS((4,4),(2.523811371301,
3.759373935879),.PIECEWISE_BEZIER_KNOTS.) CURVE() 
GEOMETRIC_REPRESENTATION_ITEM() RATIONAL_B_SPLINE_CURVE((1.,
0.876777070243,0.876777070243,1.)) REPRESENTATION_ITEM('') );
#6614 = CARTESIAN_POINT('',(-3.019900681613,4.5,-1.849688692685));
#6615 = CARTESIAN_POINT('',(-3.14683233367,4.5,-1.849688692685));
#6616 = CARTESIAN_POINT('',(-3.224688692685,4.5,-1.77183233367));
#6617 = CARTESIAN_POINT('',(-3.224688692685,4.5,-1.644900681613));
#6618 = ORIENTED_EDGE('',*,*,#6619,.T.);
#6619 = EDGE_CURVE('',#6611,#6620,#6622,.T.);
#6620 = VERTEX_POINT('',#6621);
#6621 = CARTESIAN_POINT('',(-3.224688692685,4.5,1.644900681613));
#6622 = LINE('',#6623,#6624);
#6623 = CARTESIAN_POINT('',(-3.224688692685,4.5,0.));
#6624 = VECTOR('',#6625,1.);
#6625 = DIRECTION('',(0.,0.,1.));
#6626 = ORIENTED_EDGE('',*,*,#6627,.T.);
#6627 = EDGE_CURVE('',#6620,#6628,#6630,.T.);
#6628 = VERTEX_POINT('',#6629);
#6629 = CARTESIAN_POINT('',(-3.019900681613,4.5,1.849688692685));
#6630 = ( BOUNDED_CURVE() B_SPLINE_CURVE(3,(#6631,#6632,#6633,#6634),
.UNSPECIFIED.,.F.,.F.) B_SPLINE_CURVE_WITH_KNOTS((4,4),(5.665404024891,
6.900966589468),.PIECEWISE_BEZIER_KNOTS.) CURVE() 
GEOMETRIC_REPRESENTATION_ITEM() RATIONAL_B_SPLINE_CURVE((1.,
0.876777070243,0.876777070243,1.)) REPRESENTATION_ITEM('') );
#6631 = CARTESIAN_POINT('',(-3.224688692685,4.5,1.644900681613));
#6632 = CARTESIAN_POINT('',(-3.224688692685,4.5,1.77183233367));
#6633 = CARTESIAN_POINT('',(-3.14683233367,4.5,1.849688692685));
#6634 = CARTESIAN_POINT('',(-3.019900681613,4.5,1.849688692685));
#6635 = ORIENTED_EDGE('',*,*,#6636,.T.);
#6636 = EDGE_CURVE('',#6628,#6637,#6639,.T.);
#6637 = VERTEX_POINT('',#6638);
#6638 = CARTESIAN_POINT('',(0.675,4.5,1.849688692685));
#6639 = LINE('',#6640,#6641);
#6640 = CARTESIAN_POINT('',(-1.876431811959E-16,4.5,1.849688692685));
#6641 = VECTOR('',#6642,1.);
#6642 = DIRECTION('',(1.,0.,1.014458173086E-16));
#6643 = ORIENTED_EDGE('',*,*,#6644,.F.);
#6644 = EDGE_CURVE('',#6645,#6637,#6647,.T.);
#6645 = VERTEX_POINT('',#6646);
#6646 = CARTESIAN_POINT('',(0.675,4.5,0.55));
#6647 = LINE('',#6648,#6649);
#6648 = CARTESIAN_POINT('',(0.675,4.5,1.849688692685));
#6649 = VECTOR('',#6650,1.);
#6650 = DIRECTION('',(-0.,-0.,1.));
#6651 = ORIENTED_EDGE('',*,*,#6652,.F.);
#6652 = EDGE_CURVE('',#6653,#6645,#6655,.T.);
#6653 = VERTEX_POINT('',#6654);
#6654 = CARTESIAN_POINT('',(0.472927405784,4.5,0.9));
#6655 = LINE('',#6656,#6657);
#6656 = CARTESIAN_POINT('',(0.675,4.5,0.55));
#6657 = VECTOR('',#6658,1.);
#6658 = DIRECTION('',(0.5,-0.,-0.866025403784));
#6659 = ORIENTED_EDGE('',*,*,#6660,.F.);
#6660 = EDGE_CURVE('',#6661,#6653,#6663,.T.);
#6661 = VERTEX_POINT('',#6662);
#6662 = CARTESIAN_POINT('',(0.360773803325,4.5,0.9));
#6663 = LINE('',#6664,#6665);
#6664 = CARTESIAN_POINT('',(0.472927405784,4.5,0.9));
#6665 = VECTOR('',#6666,1.);
#6666 = DIRECTION('',(1.,-0.,-1.933423713041E-15));
#6667 = ORIENTED_EDGE('',*,*,#6668,.F.);
#6668 = EDGE_CURVE('',#6669,#6661,#6671,.T.);
#6669 = VERTEX_POINT('',#6670);
#6670 = CARTESIAN_POINT('',(7.5E-02,4.5,1.185773803325));
#6671 = LINE('',#6672,#6673);
#6672 = CARTESIAN_POINT('',(0.360773803325,4.5,0.9));
#6673 = VECTOR('',#6674,1.);
#6674 = DIRECTION('',(0.707106781187,-0.,-0.707106781187));
#6675 = ORIENTED_EDGE('',*,*,#6676,.F.);
#6676 = EDGE_CURVE('',#6677,#6669,#6679,.T.);
#6677 = VERTEX_POINT('',#6678);
#6678 = CARTESIAN_POINT('',(7.5E-02,4.5,1.297927405784));
#6679 = LINE('',#6680,#6681);
#6680 = CARTESIAN_POINT('',(7.5E-02,4.5,1.185773803325));
#6681 = VECTOR('',#6682,1.);
#6682 = DIRECTION('',(-3.866847426083E-15,-0.,-1.));
#6683 = ORIENTED_EDGE('',*,*,#6684,.F.);
#6684 = EDGE_CURVE('',#6685,#6677,#6687,.T.);
#6685 = VERTEX_POINT('',#6686);
#6686 = CARTESIAN_POINT('',(-0.275,4.5,1.5));
#6687 = LINE('',#6688,#6689);
#6688 = CARTESIAN_POINT('',(7.5E-02,4.5,1.297927405784));
#6689 = VECTOR('',#6690,1.);
#6690 = DIRECTION('',(0.866025403784,-0.,-0.5));
#6691 = ORIENTED_EDGE('',*,*,#6692,.F.);
#6692 = EDGE_CURVE('',#6693,#6685,#6695,.T.);
#6693 = VERTEX_POINT('',#6694);
#6694 = CARTESIAN_POINT('',(-1.975,4.5,1.5));
#6695 = LINE('',#6696,#6697);
#6696 = CARTESIAN_POINT('',(-0.275,4.5,1.5));
#6697 = VECTOR('',#6698,1.);
#6698 = DIRECTION('',(1.,-0.,1.27553196763E-16));
#6699 = ORIENTED_EDGE('',*,*,#6700,.F.);
#6700 = EDGE_CURVE('',#6701,#6693,#6703,.T.);
#6701 = VERTEX_POINT('',#6702);
#6702 = CARTESIAN_POINT('',(-2.325,4.5,1.297927405784));
#6703 = LINE('',#6704,#6705);
#6704 = CARTESIAN_POINT('',(-1.975,4.5,1.5));
#6705 = VECTOR('',#6706,1.);
#6706 = DIRECTION('',(0.866025403784,-0.,0.5));
#6707 = ORIENTED_EDGE('',*,*,#6708,.F.);
#6708 = EDGE_CURVE('',#6709,#6701,#6711,.T.);
#6709 = VERTEX_POINT('',#6710);
#6710 = CARTESIAN_POINT('',(-2.325,4.5,1.185773803325));
#6711 = LINE('',#6712,#6713);
#6712 = CARTESIAN_POINT('',(-2.325,4.5,1.297927405784));
#6713 = VECTOR('',#6714,1.);
#6714 = DIRECTION('',(-0.,-0.,1.));
#6715 = ORIENTED_EDGE('',*,*,#6716,.F.);
#6716 = EDGE_CURVE('',#6717,#6709,#6719,.T.);
#6717 = VERTEX_POINT('',#6718);
#6718 = CARTESIAN_POINT('',(-2.610773803325,4.5,0.9));
#6719 = LINE('',#6720,#6721);
#6720 = CARTESIAN_POINT('',(-2.325,4.5,1.185773803325));
#6721 = VECTOR('',#6722,1.);
#6722 = DIRECTION('',(0.707106781187,-0.,0.707106781187));
#6723 = ORIENTED_EDGE('',*,*,#6724,.F.);
#6724 = EDGE_CURVE('',#6725,#6717,#6727,.T.);
#6725 = VERTEX_POINT('',#6726);
#6726 = CARTESIAN_POINT('',(-2.722927405784,4.5,0.9));
#6727 = LINE('',#6728,#6729);
#6728 = CARTESIAN_POINT('',(-2.610773803325,4.5,0.9));
#6729 = VECTOR('',#6730,1.);
#6730 = DIRECTION('',(1.,-0.,1.933423713041E-15));
#6731 = ORIENTED_EDGE('',*,*,#6732,.F.);
#6732 = EDGE_CURVE('',#6733,#6725,#6735,.T.);
#6733 = VERTEX_POINT('',#6734);
#6734 = CARTESIAN_POINT('',(-2.925,4.5,0.55));
#6735 = LINE('',#6736,#6737);
#6736 = CARTESIAN_POINT('',(-2.722927405784,4.5,0.9));
#6737 = VECTOR('',#6738,1.);
#6738 = DIRECTION('',(0.5,-0.,0.866025403784));
#6739 = ORIENTED_EDGE('',*,*,#6740,.F.);
#6740 = EDGE_CURVE('',#6741,#6733,#6743,.T.);
#6741 = VERTEX_POINT('',#6742);
#6742 = CARTESIAN_POINT('',(-2.925,4.5,-0.55));
#6743 = LINE('',#6744,#6745);
#6744 = CARTESIAN_POINT('',(-2.925,4.5,0.55));
#6745 = VECTOR('',#6746,1.);
#6746 = DIRECTION('',(-0.,-0.,1.));
#6747 = ORIENTED_EDGE('',*,*,#6748,.F.);
#6748 = EDGE_CURVE('',#6749,#6741,#6751,.T.);
#6749 = VERTEX_POINT('',#6750);
#6750 = CARTESIAN_POINT('',(-2.722927405784,4.5,-0.9));
#6751 = LINE('',#6752,#6753);
#6752 = CARTESIAN_POINT('',(-2.925,4.5,-0.55));
#6753 = VECTOR('',#6754,1.);
#6754 = DIRECTION('',(-0.5,-0.,0.866025403784));
#6755 = ORIENTED_EDGE('',*,*,#6756,.F.);
#6756 = EDGE_CURVE('',#6757,#6749,#6759,.T.);
#6757 = VERTEX_POINT('',#6758);
#6758 = CARTESIAN_POINT('',(-2.610773803325,4.5,-0.9));
#6759 = LINE('',#6760,#6761);
#6760 = CARTESIAN_POINT('',(-2.722927405784,4.5,-0.9));
#6761 = VECTOR('',#6762,1.);
#6762 = DIRECTION('',(-1.,-0.,-9.667118565207E-16));
#6763 = ORIENTED_EDGE('',*,*,#6764,.F.);
#6764 = EDGE_CURVE('',#6765,#6757,#6767,.T.);
#6765 = VERTEX_POINT('',#6766);
#6766 = CARTESIAN_POINT('',(-2.325,4.5,-1.185773803325));
#6767 = LINE('',#6768,#6769);
#6768 = CARTESIAN_POINT('',(-2.610773803325,4.5,-0.9));
#6769 = VECTOR('',#6770,1.);
#6770 = DIRECTION('',(-0.707106781187,-0.,0.707106781187));
#6771 = ORIENTED_EDGE('',*,*,#6772,.F.);
#6772 = EDGE_CURVE('',#6773,#6765,#6775,.T.);
#6773 = VERTEX_POINT('',#6774);
#6774 = CARTESIAN_POINT('',(-2.325,4.5,-1.297927405784));
#6775 = LINE('',#6776,#6777);
#6776 = CARTESIAN_POINT('',(-2.325,4.5,-1.185773803325));
#6777 = VECTOR('',#6778,1.);
#6778 = DIRECTION('',(-0.,-0.,1.));
#6779 = ORIENTED_EDGE('',*,*,#6780,.F.);
#6780 = EDGE_CURVE('',#6781,#6773,#6783,.T.);
#6781 = VERTEX_POINT('',#6782);
#6782 = CARTESIAN_POINT('',(-1.975,4.5,-1.5));
#6783 = LINE('',#6784,#6785);
#6784 = CARTESIAN_POINT('',(-2.325,4.5,-1.297927405784));
#6785 = VECTOR('',#6786,1.);
#6786 = DIRECTION('',(-0.866025403784,-0.,0.5));
#6787 = ORIENTED_EDGE('',*,*,#6788,.F.);
#6788 = EDGE_CURVE('',#6789,#6781,#6791,.T.);
#6789 = VERTEX_POINT('',#6790);
#6790 = CARTESIAN_POINT('',(-0.275,4.5,-1.5));
#6791 = LINE('',#6792,#6793);
#6792 = CARTESIAN_POINT('',(-1.975,4.5,-1.5));
#6793 = VECTOR('',#6794,1.);
#6794 = DIRECTION('',(-1.,-0.,-2.55106393526E-16));
#6795 = ORIENTED_EDGE('',*,*,#6796,.F.);
#6796 = EDGE_CURVE('',#6797,#6789,#6799,.T.);
#6797 = VERTEX_POINT('',#6798);
#6798 = CARTESIAN_POINT('',(7.5E-02,4.5,-1.297927405784));
#6799 = LINE('',#6800,#6801);
#6800 = CARTESIAN_POINT('',(-0.275,4.5,-1.5));
#6801 = VECTOR('',#6802,1.);
#6802 = DIRECTION('',(-0.866025403784,-0.,-0.5));
#6803 = ORIENTED_EDGE('',*,*,#6804,.F.);
#6804 = EDGE_CURVE('',#6805,#6797,#6807,.T.);
#6805 = VERTEX_POINT('',#6806);
#6806 = CARTESIAN_POINT('',(7.5E-02,4.5,-1.185773803325));
#6807 = LINE('',#6808,#6809);
#6808 = CARTESIAN_POINT('',(7.5E-02,4.5,-1.297927405784));
#6809 = VECTOR('',#6810,1.);
#6810 = DIRECTION('',(-0.,-0.,-1.));
#6811 = ORIENTED_EDGE('',*,*,#6812,.F.);
#6812 = EDGE_CURVE('',#6579,#6805,#6813,.T.);
#6813 = LINE('',#6814,#6815);
#6814 = CARTESIAN_POINT('',(7.5E-02,4.5,-1.185773803325));
#6815 = VECTOR('',#6816,1.);
#6816 = DIRECTION('',(-0.707106781187,-0.,-0.707106781187));
#6817 = PLANE('',#6818);
#6818 = AXIS2_PLACEMENT_3D('',#6819,#6820,#6821);
#6819 = CARTESIAN_POINT('',(0.,4.5,0.));
#6820 = DIRECTION('',(0.,-1.,0.));
#6821 = DIRECTION('',(0.,-0.,-1.));
#6822 = ADVANCED_FACE('',(#6823),#6857,.T.);
#6823 = FACE_BOUND('',#6824,.T.);
#6824 = EDGE_LOOP('',(#6825,#6835,#6843,#6851));
#6825 = ORIENTED_EDGE('',*,*,#6826,.T.);
#6826 = EDGE_CURVE('',#6827,#6829,#6831,.T.);
#6827 = VERTEX_POINT('',#6828);
#6828 = CARTESIAN_POINT('',(1.5,1.35,-1.8));
#6829 = VERTEX_POINT('',#6830);
#6830 = CARTESIAN_POINT('',(1.3,1.35,-1.8));
#6831 = LINE('',#6832,#6833);
#6832 = CARTESIAN_POINT('',(0.15,1.35,-1.8));
#6833 = VECTOR('',#6834,1.);
#6834 = DIRECTION('',(-1.,-0.,0.));
#6835 = ORIENTED_EDGE('',*,*,#6836,.F.);
#6836 = EDGE_CURVE('',#6837,#6829,#6839,.T.);
#6837 = VERTEX_POINT('',#6838);
#6838 = CARTESIAN_POINT('',(1.3,1.35,-2.9));
#6839 = LINE('',#6840,#6841);
#6840 = CARTESIAN_POINT('',(1.3,1.35,-2.9));
#6841 = VECTOR('',#6842,1.);
#6842 = DIRECTION('',(0.,0.,1.));
#6843 = ORIENTED_EDGE('',*,*,#6844,.F.);
#6844 = EDGE_CURVE('',#6845,#6837,#6847,.T.);
#6845 = VERTEX_POINT('',#6846);
#6846 = CARTESIAN_POINT('',(1.5,1.35,-2.9));
#6847 = LINE('',#6848,#6849);
#6848 = CARTESIAN_POINT('',(0.15,1.35,-2.9));
#6849 = VECTOR('',#6850,1.);
#6850 = DIRECTION('',(-1.,-0.,0.));
#6851 = ORIENTED_EDGE('',*,*,#6852,.F.);
#6852 = EDGE_CURVE('',#6827,#6845,#6853,.T.);
#6853 = LINE('',#6854,#6855);
#6854 = CARTESIAN_POINT('',(1.5,1.35,-1.8));
#6855 = VECTOR('',#6856,1.);
#6856 = DIRECTION('',(-0.,-0.,-1.));
#6857 = PLANE('',#6858);
#6858 = AXIS2_PLACEMENT_3D('',#6859,#6860,#6861);
#6859 = CARTESIAN_POINT('',(0.15,1.35,-1.8));
#6860 = DIRECTION('',(0.,-1.,0.));
#6861 = DIRECTION('',(0.,-0.,-1.));
#6862 = ADVANCED_FACE('',(#6863),#6879,.F.);
#6863 = FACE_BOUND('',#6864,.T.);
#6864 = EDGE_LOOP('',(#6865,#6871,#6872,#6878));
#6865 = ORIENTED_EDGE('',*,*,#6866,.F.);
#6866 = EDGE_CURVE('',#6829,#6523,#6867,.T.);
#6867 = LINE('',#6868,#6869);
#6868 = CARTESIAN_POINT('',(1.3,1.35,-1.8));
#6869 = VECTOR('',#6870,1.);
#6870 = DIRECTION('',(0.,-1.,-2.55106393526E-16));
#6871 = ORIENTED_EDGE('',*,*,#6826,.F.);
#6872 = ORIENTED_EDGE('',*,*,#6873,.F.);
#6873 = EDGE_CURVE('',#6531,#6827,#6874,.T.);
#6874 = LINE('',#6875,#6876);
#6875 = CARTESIAN_POINT('',(1.5,0.5,-1.8));
#6876 = VECTOR('',#6877,1.);
#6877 = DIRECTION('',(2.55106393526E-16,1.,0.));
#6878 = ORIENTED_EDGE('',*,*,#6530,.F.);
#6879 = PLANE('',#6880);
#6880 = AXIS2_PLACEMENT_3D('',#6881,#6882,#6883);
#6881 = CARTESIAN_POINT('',(0.,0.,-1.8));
#6882 = DIRECTION('',(0.,0.,1.));
#6883 = DIRECTION('',(-1.,0.,0.));
#6884 = ADVANCED_FACE('',(#6885),#6919,.F.);
#6885 = FACE_BOUND('',#6886,.T.);
#6886 = EDGE_LOOP('',(#6887,#6897,#6905,#6913));
#6887 = ORIENTED_EDGE('',*,*,#6888,.F.);
#6888 = EDGE_CURVE('',#6889,#6891,#6893,.T.);
#6889 = VERTEX_POINT('',#6890);
#6890 = CARTESIAN_POINT('',(1.3,1.35,1.8));
#6891 = VERTEX_POINT('',#6892);
#6892 = CARTESIAN_POINT('',(1.3,1.35,2.9));
#6893 = LINE('',#6894,#6895);
#6894 = CARTESIAN_POINT('',(1.3,1.35,2.9));
#6895 = VECTOR('',#6896,1.);
#6896 = DIRECTION('',(-0.,-0.,1.));
#6897 = ORIENTED_EDGE('',*,*,#6898,.F.);
#6898 = EDGE_CURVE('',#6899,#6889,#6901,.T.);
#6899 = VERTEX_POINT('',#6900);
#6900 = CARTESIAN_POINT('',(1.5,1.35,1.8));
#6901 = LINE('',#6902,#6903);
#6902 = CARTESIAN_POINT('',(0.15,1.35,1.8));
#6903 = VECTOR('',#6904,1.);
#6904 = DIRECTION('',(-1.,-0.,-0.));
#6905 = ORIENTED_EDGE('',*,*,#6906,.T.);
#6906 = EDGE_CURVE('',#6899,#6907,#6909,.T.);
#6907 = VERTEX_POINT('',#6908);
#6908 = CARTESIAN_POINT('',(1.5,1.35,2.9));
#6909 = LINE('',#6910,#6911);
#6910 = CARTESIAN_POINT('',(1.5,1.35,1.8));
#6911 = VECTOR('',#6912,1.);
#6912 = DIRECTION('',(-0.,-0.,1.));
#6913 = ORIENTED_EDGE('',*,*,#6914,.T.);
#6914 = EDGE_CURVE('',#6907,#6891,#6915,.T.);
#6915 = LINE('',#6916,#6917);
#6916 = CARTESIAN_POINT('',(0.15,1.35,2.9));
#6917 = VECTOR('',#6918,1.);
#6918 = DIRECTION('',(-1.,-0.,-0.));
#6919 = PLANE('',#6920);
#6920 = AXIS2_PLACEMENT_3D('',#6921,#6922,#6923);
#6921 = CARTESIAN_POINT('',(0.15,1.35,1.8));
#6922 = DIRECTION('',(-0.,1.,0.));
#6923 = DIRECTION('',(0.,0.,1.));
#6924 = ADVANCED_FACE('',(#6925),#6941,.F.);
#6925 = FACE_BOUND('',#6926,.T.);
#6926 = EDGE_LOOP('',(#6927,#6933,#6934,#6940));
#6927 = ORIENTED_EDGE('',*,*,#6928,.F.);
#6928 = EDGE_CURVE('',#6402,#6889,#6929,.T.);
#6929 = LINE('',#6930,#6931);
#6930 = CARTESIAN_POINT('',(1.3,1.35,1.8));
#6931 = VECTOR('',#6932,1.);
#6932 = DIRECTION('',(-0.,1.,2.55106393526E-16));
#6933 = ORIENTED_EDGE('',*,*,#6401,.T.);
#6934 = ORIENTED_EDGE('',*,*,#6935,.T.);
#6935 = EDGE_CURVE('',#6394,#6899,#6936,.T.);
#6936 = LINE('',#6937,#6938);
#6937 = CARTESIAN_POINT('',(1.5,0.5,1.8));
#6938 = VECTOR('',#6939,1.);
#6939 = DIRECTION('',(2.55106393526E-16,1.,0.));
#6940 = ORIENTED_EDGE('',*,*,#6898,.T.);
#6941 = PLANE('',#6942);
#6942 = AXIS2_PLACEMENT_3D('',#6943,#6944,#6945);
#6943 = CARTESIAN_POINT('',(0.,0.,1.8));
#6944 = DIRECTION('',(0.,0.,-1.));
#6945 = DIRECTION('',(-1.,0.,-0.));
#6946 = ADVANCED_FACE('',(#6947),#7056,.F.);
#6947 = FACE_BOUND('',#6948,.T.);
#6948 = EDGE_LOOP('',(#6949,#6957,#6965,#6973,#6979,#6980,#6986,#6987,
    #6995,#7003,#7011,#7019,#7025,#7026,#7034,#7042,#7050));
#6949 = ORIENTED_EDGE('',*,*,#6950,.T.);
#6950 = EDGE_CURVE('',#6951,#6328,#6953,.T.);
#6951 = VERTEX_POINT('',#6952);
#6952 = CARTESIAN_POINT('',(4.275,3.,-2.9));
#6953 = LINE('',#6954,#6955);
#6954 = CARTESIAN_POINT('',(4.275,4.5,-2.9));
#6955 = VECTOR('',#6956,1.);
#6956 = DIRECTION('',(-0.,-1.,-0.));
#6957 = ORIENTED_EDGE('',*,*,#6958,.F.);
#6958 = EDGE_CURVE('',#6959,#6328,#6961,.T.);
#6959 = VERTEX_POINT('',#6960);
#6960 = CARTESIAN_POINT('',(4.275,0.,-2.9));
#6961 = LINE('',#6962,#6963);
#6962 = CARTESIAN_POINT('',(4.275,-1.252996408614,-2.9));
#6963 = VECTOR('',#6964,1.);
#6964 = DIRECTION('',(-0.,1.,-0.));
#6965 = ORIENTED_EDGE('',*,*,#6966,.F.);
#6966 = EDGE_CURVE('',#6967,#6959,#6969,.T.);
#6967 = VERTEX_POINT('',#6968);
#6968 = CARTESIAN_POINT('',(3.175,0.,-2.9));
#6969 = LINE('',#6970,#6971);
#6970 = CARTESIAN_POINT('',(4.275,0.,-2.9));
#6971 = VECTOR('',#6972,1.);
#6972 = DIRECTION('',(1.,0.,-3.942553354493E-16));
#6973 = ORIENTED_EDGE('',*,*,#6974,.T.);
#6974 = EDGE_CURVE('',#6967,#6547,#6975,.T.);
#6975 = LINE('',#6976,#6977);
#6976 = CARTESIAN_POINT('',(3.175,-1.252996408614,-2.9));
#6977 = VECTOR('',#6978,1.);
#6978 = DIRECTION('',(-0.,1.,-0.));
#6979 = ORIENTED_EDGE('',*,*,#6546,.T.);
#6980 = ORIENTED_EDGE('',*,*,#6981,.T.);
#6981 = EDGE_CURVE('',#6539,#6845,#6982,.T.);
#6982 = LINE('',#6983,#6984);
#6983 = CARTESIAN_POINT('',(1.5,0.5,-2.9));
#6984 = VECTOR('',#6985,1.);
#6985 = DIRECTION('',(2.55106393526E-16,1.,0.));
#6986 = ORIENTED_EDGE('',*,*,#6844,.T.);
#6987 = ORIENTED_EDGE('',*,*,#6988,.F.);
#6988 = EDGE_CURVE('',#6989,#6837,#6991,.T.);
#6989 = VERTEX_POINT('',#6990);
#6990 = CARTESIAN_POINT('',(1.3,-1.15,-2.9));
#6991 = LINE('',#6992,#6993);
#6992 = CARTESIAN_POINT('',(1.3,-1.15,-2.9));
#6993 = VECTOR('',#6994,1.);
#6994 = DIRECTION('',(0.,1.,-2.628368902995E-16));
#6995 = ORIENTED_EDGE('',*,*,#6996,.T.);
#6996 = EDGE_CURVE('',#6989,#6997,#6999,.T.);
#6997 = VERTEX_POINT('',#6998);
#6998 = CARTESIAN_POINT('',(0.35,-1.15,-2.9));
#6999 = LINE('',#7000,#7001);
#7000 = CARTESIAN_POINT('',(1.3,-1.15,-2.9));
#7001 = VECTOR('',#7002,1.);
#7002 = DIRECTION('',(-1.,-0.,-0.));
#7003 = ORIENTED_EDGE('',*,*,#7004,.T.);
#7004 = EDGE_CURVE('',#6997,#7005,#7007,.T.);
#7005 = VERTEX_POINT('',#7006);
#7006 = CARTESIAN_POINT('',(0.35,1.35,-2.9));
#7007 = LINE('',#7008,#7009);
#7008 = CARTESIAN_POINT('',(0.35,1.35,-2.9));
#7009 = VECTOR('',#7010,1.);
#7010 = DIRECTION('',(-0.,1.,-0.));
#7011 = ORIENTED_EDGE('',*,*,#7012,.T.);
#7012 = EDGE_CURVE('',#7005,#7013,#7015,.T.);
#7013 = VERTEX_POINT('',#7014);
#7014 = CARTESIAN_POINT('',(0.15,1.35,-2.9));
#7015 = LINE('',#7016,#7017);
#7016 = CARTESIAN_POINT('',(0.15,1.35,-2.9));
#7017 = VECTOR('',#7018,1.);
#7018 = DIRECTION('',(-1.,-0.,0.));
#7019 = ORIENTED_EDGE('',*,*,#7020,.T.);
#7020 = EDGE_CURVE('',#7013,#6499,#7021,.T.);
#7021 = LINE('',#7022,#7023);
#7022 = CARTESIAN_POINT('',(0.15,0.5,-2.9));
#7023 = VECTOR('',#7024,1.);
#7024 = DIRECTION('',(2.55106393526E-16,-1.,0.));
#7025 = ORIENTED_EDGE('',*,*,#6498,.T.);
#7026 = ORIENTED_EDGE('',*,*,#7027,.T.);
#7027 = EDGE_CURVE('',#6491,#7028,#7030,.T.);
#7028 = VERTEX_POINT('',#7029);
#7029 = CARTESIAN_POINT('',(-2.875,0.,-2.9));
#7030 = LINE('',#7031,#7032);
#7031 = CARTESIAN_POINT('',(-2.875,0.,-2.9));
#7032 = VECTOR('',#7033,1.);
#7033 = DIRECTION('',(5.20417042793E-15,-1.,-0.));
#7034 = ORIENTED_EDGE('',*,*,#7035,.T.);
#7035 = EDGE_CURVE('',#7028,#7036,#7038,.T.);
#7036 = VERTEX_POINT('',#7037);
#7037 = CARTESIAN_POINT('',(-4.025,0.,-2.9));
#7038 = LINE('',#7039,#7040);
#7039 = CARTESIAN_POINT('',(-4.275,0.,-2.9));
#7040 = VECTOR('',#7041,1.);
#7041 = DIRECTION('',(-1.,-0.,1.014458173086E-16));
#7042 = ORIENTED_EDGE('',*,*,#7043,.T.);
#7043 = EDGE_CURVE('',#7036,#7044,#7046,.T.);
#7044 = VERTEX_POINT('',#7045);
#7045 = CARTESIAN_POINT('',(-4.025,3.,-2.9));
#7046 = LINE('',#7047,#7048);
#7047 = CARTESIAN_POINT('',(-4.025,4.5,-2.9));
#7048 = VECTOR('',#7049,1.);
#7049 = DIRECTION('',(-0.,1.,-0.));
#7050 = ORIENTED_EDGE('',*,*,#7051,.T.);
#7051 = EDGE_CURVE('',#7044,#6951,#7052,.T.);
#7052 = LINE('',#7053,#7054);
#7053 = CARTESIAN_POINT('',(-4.275,3.,-2.9));
#7054 = VECTOR('',#7055,1.);
#7055 = DIRECTION('',(1.,0.,-1.014458173086E-16));
#7056 = PLANE('',#7057);
#7057 = AXIS2_PLACEMENT_3D('',#7058,#7059,#7060);
#7058 = CARTESIAN_POINT('',(-4.275,4.5,-2.9));
#7059 = DIRECTION('',(1.014458173086E-16,-0.,1.));
#7060 = DIRECTION('',(1.,0.,-1.014458173086E-16));
#7061 = ADVANCED_FACE('',(#7062),#7090,.T.);
#7062 = FACE_BOUND('',#7063,.T.);
#7063 = EDGE_LOOP('',(#7064,#7074,#7083));
#7064 = ORIENTED_EDGE('',*,*,#7065,.F.);
#7065 = EDGE_CURVE('',#7066,#7068,#7070,.T.);
#7066 = VERTEX_POINT('',#7067);
#7067 = CARTESIAN_POINT('',(-4.275,0.,2.410479081662));
#7068 = VERTEX_POINT('',#7069);
#7069 = CARTESIAN_POINT('',(-4.275,0.,2.45));
#7070 = LINE('',#7071,#7072);
#7071 = CARTESIAN_POINT('',(-4.275,0.,2.9));
#7072 = VECTOR('',#7073,1.);
#7073 = DIRECTION('',(-0.,-0.,1.));
#7074 = ORIENTED_EDGE('',*,*,#7075,.T.);
#7075 = EDGE_CURVE('',#7066,#7076,#7078,.T.);
#7076 = VERTEX_POINT('',#7077);
#7077 = CARTESIAN_POINT('',(-4.249264068712,-2.211389440686E-14,2.3));
#7078 = CIRCLE('',#7079,0.25);
#7079 = AXIS2_PLACEMENT_3D('',#7080,#7081,#7082);
#7080 = CARTESIAN_POINT('',(-4.025,0.,2.410479081662));
#7081 = DIRECTION('',(0.,-1.,0.));
#7082 = DIRECTION('',(0.,0.,-1.));
#7083 = ORIENTED_EDGE('',*,*,#7084,.T.);
#7084 = EDGE_CURVE('',#7076,#7068,#7085,.T.);
#7085 = CIRCLE('',#7086,0.45);
#7086 = AXIS2_PLACEMENT_3D('',#7087,#7088,#7089);
#7087 = CARTESIAN_POINT('',(-3.825,0.,2.45));
#7088 = DIRECTION('',(-0.,1.,0.));
#7089 = DIRECTION('',(1.927470528863E-15,0.,-1.));
#7090 = PLANE('',#7091);
#7091 = AXIS2_PLACEMENT_3D('',#7092,#7093,#7094);
#7092 = CARTESIAN_POINT('',(0.,0.,0.));
#7093 = DIRECTION('',(0.,-1.,0.));
#7094 = DIRECTION('',(0.,-0.,-1.));
#7095 = ADVANCED_FACE('',(#7096),#7128,.T.);
#7096 = FACE_BOUND('',#7097,.T.);
#7097 = EDGE_LOOP('',(#7098,#7106,#7115,#7121));
#7098 = ORIENTED_EDGE('',*,*,#7099,.F.);
#7099 = EDGE_CURVE('',#7100,#6305,#7102,.T.);
#7100 = VERTEX_POINT('',#7101);
#7101 = CARTESIAN_POINT('',(-4.025,0.,2.9));
#7102 = LINE('',#7103,#7104);
#7103 = CARTESIAN_POINT('',(-4.275,0.,2.9));
#7104 = VECTOR('',#7105,1.);
#7105 = DIRECTION('',(1.,0.,1.014458173086E-16));
#7106 = ORIENTED_EDGE('',*,*,#7107,.T.);
#7107 = EDGE_CURVE('',#7100,#7108,#7110,.T.);
#7108 = VERTEX_POINT('',#7109);
#7109 = CARTESIAN_POINT('',(-4.275,0.,2.65));
#7110 = CIRCLE('',#7111,0.25);
#7111 = AXIS2_PLACEMENT_3D('',#7112,#7113,#7114);
#7112 = CARTESIAN_POINT('',(-4.025,0.,2.65));
#7113 = DIRECTION('',(0.,-1.,0.));
#7114 = DIRECTION('',(0.,0.,-1.));
#7115 = ORIENTED_EDGE('',*,*,#7116,.F.);
#7116 = EDGE_CURVE('',#7068,#7108,#7117,.T.);
#7117 = LINE('',#7118,#7119);
#7118 = CARTESIAN_POINT('',(-4.275,0.,2.9));
#7119 = VECTOR('',#7120,1.);
#7120 = DIRECTION('',(-0.,-0.,1.));
#7121 = ORIENTED_EDGE('',*,*,#7122,.T.);
#7122 = EDGE_CURVE('',#7068,#6305,#7123,.T.);
#7123 = CIRCLE('',#7124,0.45);
#7124 = AXIS2_PLACEMENT_3D('',#7125,#7126,#7127);
#7125 = CARTESIAN_POINT('',(-3.825,0.,2.45));
#7126 = DIRECTION('',(-0.,1.,0.));
#7127 = DIRECTION('',(0.,0.,-1.));
#7128 = PLANE('',#7129);
#7129 = AXIS2_PLACEMENT_3D('',#7130,#7131,#7132);
#7130 = CARTESIAN_POINT('',(0.,0.,0.));
#7131 = DIRECTION('',(0.,-1.,0.));
#7132 = DIRECTION('',(0.,-0.,-1.));
#7133 = ADVANCED_FACE('',(#7134),#7152,.F.);
#7134 = FACE_BOUND('',#7135,.T.);
#7135 = EDGE_LOOP('',(#7136,#7137,#7138,#7146));
#7136 = ORIENTED_EDGE('',*,*,#6296,.F.);
#7137 = ORIENTED_EDGE('',*,*,#6449,.T.);
#7138 = ORIENTED_EDGE('',*,*,#7139,.F.);
#7139 = EDGE_CURVE('',#7140,#6442,#7142,.T.);
#7140 = VERTEX_POINT('',#7141);
#7141 = CARTESIAN_POINT('',(-2.875,-1.49619899803E-14,2.3));
#7142 = LINE('',#7143,#7144);
#7143 = CARTESIAN_POINT('',(-2.875,4.51028103754E-15,2.3));
#7144 = VECTOR('',#7145,1.);
#7145 = DIRECTION('',(-5.20417042793E-15,1.,-8.673617379884E-16));
#7146 = ORIENTED_EDGE('',*,*,#7147,.F.);
#7147 = EDGE_CURVE('',#6297,#7140,#7148,.T.);
#7148 = LINE('',#7149,#7150);
#7149 = CARTESIAN_POINT('',(-4.275,-2.22478285794E-14,2.3));
#7150 = VECTOR('',#7151,1.);
#7151 = DIRECTION('',(1.,5.20417042793E-15,-0.));
#7152 = PLANE('',#7153);
#7153 = AXIS2_PLACEMENT_3D('',#7154,#7155,#7156);
#7154 = CARTESIAN_POINT('',(-4.275,0.5,2.3));
#7155 = DIRECTION('',(-4.513898307158E-30,8.673617379884E-16,1.));
#7156 = DIRECTION('',(0.,-1.,8.673617379884E-16));
#7157 = ADVANCED_FACE('',(#7158),#7176,.T.);
#7158 = FACE_BOUND('',#7159,.T.);
#7159 = EDGE_LOOP('',(#7160,#7168,#7169,#7170));
#7160 = ORIENTED_EDGE('',*,*,#7161,.F.);
#7161 = EDGE_CURVE('',#6305,#7162,#7164,.T.);
#7162 = VERTEX_POINT('',#7163);
#7163 = CARTESIAN_POINT('',(-2.875,0.,2.9));
#7164 = LINE('',#7165,#7166);
#7165 = CARTESIAN_POINT('',(-4.275,0.,2.9));
#7166 = VECTOR('',#7167,1.);
#7167 = DIRECTION('',(1.,0.,1.014458173086E-16));
#7168 = ORIENTED_EDGE('',*,*,#6304,.T.);
#7169 = ORIENTED_EDGE('',*,*,#7147,.T.);
#7170 = ORIENTED_EDGE('',*,*,#7171,.T.);
#7171 = EDGE_CURVE('',#7140,#7162,#7172,.T.);
#7172 = LINE('',#7173,#7174);
#7173 = CARTESIAN_POINT('',(-2.875,0.,-2.9));
#7174 = VECTOR('',#7175,1.);
#7175 = DIRECTION('',(-0.,-0.,1.));
#7176 = PLANE('',#7177);
#7177 = AXIS2_PLACEMENT_3D('',#7178,#7179,#7180);
#7178 = CARTESIAN_POINT('',(0.,0.,0.));
#7179 = DIRECTION('',(0.,-1.,0.));
#7180 = DIRECTION('',(0.,-0.,-1.));
#7181 = ADVANCED_FACE('',(#7182),#7216,.T.);
#7182 = FACE_BOUND('',#7183,.T.);
#7183 = EDGE_LOOP('',(#7184,#7194,#7202,#7210));
#7184 = ORIENTED_EDGE('',*,*,#7185,.T.);
#7185 = EDGE_CURVE('',#7186,#7188,#7190,.T.);
#7186 = VERTEX_POINT('',#7187);
#7187 = CARTESIAN_POINT('',(3.175,1.652324110868E-14,2.3));
#7188 = VERTEX_POINT('',#7189);
#7189 = CARTESIAN_POINT('',(4.275,2.22478285794E-14,2.3));
#7190 = LINE('',#7191,#7192);
#7191 = CARTESIAN_POINT('',(-4.275,-2.22478285794E-14,2.3));
#7192 = VECTOR('',#7193,1.);
#7193 = DIRECTION('',(1.,5.20417042793E-15,-0.));
#7194 = ORIENTED_EDGE('',*,*,#7195,.T.);
#7195 = EDGE_CURVE('',#7188,#7196,#7198,.T.);
#7196 = VERTEX_POINT('',#7197);
#7197 = CARTESIAN_POINT('',(4.275,0.,2.9));
#7198 = LINE('',#7199,#7200);
#7199 = CARTESIAN_POINT('',(4.275,0.,-2.9));
#7200 = VECTOR('',#7201,1.);
#7201 = DIRECTION('',(-0.,-0.,1.));
#7202 = ORIENTED_EDGE('',*,*,#7203,.F.);
#7203 = EDGE_CURVE('',#7204,#7196,#7206,.T.);
#7204 = VERTEX_POINT('',#7205);
#7205 = CARTESIAN_POINT('',(3.175,0.,2.9));
#7206 = LINE('',#7207,#7208);
#7207 = CARTESIAN_POINT('',(-4.275,0.,2.9));
#7208 = VECTOR('',#7209,1.);
#7209 = DIRECTION('',(1.,0.,1.014458173086E-16));
#7210 = ORIENTED_EDGE('',*,*,#7211,.F.);
#7211 = EDGE_CURVE('',#7186,#7204,#7212,.T.);
#7212 = LINE('',#7213,#7214);
#7213 = CARTESIAN_POINT('',(3.175,0.,-2.9));
#7214 = VECTOR('',#7215,1.);
#7215 = DIRECTION('',(-0.,-0.,1.));
#7216 = PLANE('',#7217);
#7217 = AXIS2_PLACEMENT_3D('',#7218,#7219,#7220);
#7218 = CARTESIAN_POINT('',(0.,0.,0.));
#7219 = DIRECTION('',(0.,-1.,0.));
#7220 = DIRECTION('',(0.,-0.,-1.));
#7221 = ADVANCED_FACE('',(#7222),#7238,.F.);
#7222 = FACE_BOUND('',#7223,.T.);
#7223 = EDGE_LOOP('',(#7224,#7225,#7231,#7232));
#7224 = ORIENTED_EDGE('',*,*,#7195,.F.);
#7225 = ORIENTED_EDGE('',*,*,#7226,.F.);
#7226 = EDGE_CURVE('',#6362,#7188,#7227,.T.);
#7227 = LINE('',#7228,#7229);
#7228 = CARTESIAN_POINT('',(4.275,0.5,2.3));
#7229 = VECTOR('',#7230,1.);
#7230 = DIRECTION('',(5.204170427931E-15,-1.,8.673617379884E-16));
#7231 = ORIENTED_EDGE('',*,*,#6361,.T.);
#7232 = ORIENTED_EDGE('',*,*,#7233,.F.);
#7233 = EDGE_CURVE('',#7196,#6354,#7234,.T.);
#7234 = LINE('',#7235,#7236);
#7235 = CARTESIAN_POINT('',(4.275,4.5,2.9));
#7236 = VECTOR('',#7237,1.);
#7237 = DIRECTION('',(-5.20417042793E-15,1.,5.20417042793E-15));
#7238 = PLANE('',#7239);
#7239 = AXIS2_PLACEMENT_3D('',#7240,#7241,#7242);
#7240 = CARTESIAN_POINT('',(4.275,0.5,-2.9));
#7241 = DIRECTION('',(-1.,-5.20417042793E-15,0.));
#7242 = DIRECTION('',(5.20417042793E-15,-1.,0.));
#7243 = ADVANCED_FACE('',(#7244),#7255,.F.);
#7244 = FACE_BOUND('',#7245,.T.);
#7245 = EDGE_LOOP('',(#7246,#7247,#7248,#7249));
#7246 = ORIENTED_EDGE('',*,*,#7171,.F.);
#7247 = ORIENTED_EDGE('',*,*,#7139,.T.);
#7248 = ORIENTED_EDGE('',*,*,#6441,.T.);
#7249 = ORIENTED_EDGE('',*,*,#7250,.F.);
#7250 = EDGE_CURVE('',#7162,#6434,#7251,.T.);
#7251 = LINE('',#7252,#7253);
#7252 = CARTESIAN_POINT('',(-2.875,4.5,2.9));
#7253 = VECTOR('',#7254,1.);
#7254 = DIRECTION('',(-5.20417042793E-15,1.,-5.279413224746E-31));
#7255 = PLANE('',#7256);
#7256 = AXIS2_PLACEMENT_3D('',#7257,#7258,#7259);
#7257 = CARTESIAN_POINT('',(-2.875,0.,-2.9));
#7258 = DIRECTION('',(-1.,-5.20417042793E-15,0.));
#7259 = DIRECTION('',(5.20417042793E-15,-1.,0.));
#7260 = ADVANCED_FACE('',(#7261),#7277,.F.);
#7261 = FACE_BOUND('',#7262,.T.);
#7262 = EDGE_LOOP('',(#7263,#7264,#7270,#7271));
#7263 = ORIENTED_EDGE('',*,*,#6377,.F.);
#7264 = ORIENTED_EDGE('',*,*,#7265,.T.);
#7265 = EDGE_CURVE('',#6370,#7186,#7266,.T.);
#7266 = LINE('',#7267,#7268);
#7267 = CARTESIAN_POINT('',(3.175,4.51028103754E-15,2.3));
#7268 = VECTOR('',#7269,1.);
#7269 = DIRECTION('',(0.,-1.,8.673617379884E-16));
#7270 = ORIENTED_EDGE('',*,*,#7211,.T.);
#7271 = ORIENTED_EDGE('',*,*,#7272,.F.);
#7272 = EDGE_CURVE('',#6378,#7204,#7273,.T.);
#7273 = LINE('',#7274,#7275);
#7274 = CARTESIAN_POINT('',(3.175,4.5,2.9));
#7275 = VECTOR('',#7276,1.);
#7276 = DIRECTION('',(0.,-1.,0.));
#7277 = PLANE('',#7278);
#7278 = AXIS2_PLACEMENT_3D('',#7279,#7280,#7281);
#7279 = CARTESIAN_POINT('',(3.175,0.,-2.9));
#7280 = DIRECTION('',(1.,-0.,0.));
#7281 = DIRECTION('',(0.,0.,-1.));
#7282 = ADVANCED_FACE('',(#7283),#7317,.T.);
#7283 = FACE_BOUND('',#7284,.T.);
#7284 = EDGE_LOOP('',(#7285,#7295,#7302,#7303,#7311));
#7285 = ORIENTED_EDGE('',*,*,#7286,.F.);
#7286 = EDGE_CURVE('',#7287,#7289,#7291,.T.);
#7287 = VERTEX_POINT('',#7288);
#7288 = CARTESIAN_POINT('',(-4.275,0.,-2.65));
#7289 = VERTEX_POINT('',#7290);
#7290 = CARTESIAN_POINT('',(-4.275,-2.22478285794E-14,-2.3));
#7291 = LINE('',#7292,#7293);
#7292 = CARTESIAN_POINT('',(-4.275,0.,2.9));
#7293 = VECTOR('',#7294,1.);
#7294 = DIRECTION('',(-0.,-0.,1.));
#7295 = ORIENTED_EDGE('',*,*,#7296,.T.);
#7296 = EDGE_CURVE('',#7287,#7036,#7297,.T.);
#7297 = CIRCLE('',#7298,0.25);
#7298 = AXIS2_PLACEMENT_3D('',#7299,#7300,#7301);
#7299 = CARTESIAN_POINT('',(-4.025,0.,-2.65));
#7300 = DIRECTION('',(0.,-1.,0.));
#7301 = DIRECTION('',(0.,0.,-1.));
#7302 = ORIENTED_EDGE('',*,*,#7035,.F.);
#7303 = ORIENTED_EDGE('',*,*,#7304,.T.);
#7304 = EDGE_CURVE('',#7028,#7305,#7307,.T.);
#7305 = VERTEX_POINT('',#7306);
#7306 = CARTESIAN_POINT('',(-2.875,0.,-2.3));
#7307 = LINE('',#7308,#7309);
#7308 = CARTESIAN_POINT('',(-2.875,0.,-2.9));
#7309 = VECTOR('',#7310,1.);
#7310 = DIRECTION('',(-0.,-0.,1.));
#7311 = ORIENTED_EDGE('',*,*,#7312,.F.);
#7312 = EDGE_CURVE('',#7289,#7305,#7313,.T.);
#7313 = LINE('',#7314,#7315);
#7314 = CARTESIAN_POINT('',(-4.275,-2.22478285794E-14,-2.3));
#7315 = VECTOR('',#7316,1.);
#7316 = DIRECTION('',(1.,5.20417042793E-15,-0.));
#7317 = PLANE('',#7318);
#7318 = AXIS2_PLACEMENT_3D('',#7319,#7320,#7321);
#7319 = CARTESIAN_POINT('',(0.,0.,0.));
#7320 = DIRECTION('',(0.,-1.,0.));
#7321 = DIRECTION('',(0.,-0.,-1.));
#7322 = ADVANCED_FACE('',(#7323),#7363,.F.);
#7323 = FACE_BOUND('',#7324,.T.);
#7324 = EDGE_LOOP('',(#7325,#7335,#7341,#7342,#7348,#7349,#7355,#7356,
    #7357));
#7325 = ORIENTED_EDGE('',*,*,#7326,.T.);
#7326 = EDGE_CURVE('',#7327,#7329,#7331,.T.);
#7327 = VERTEX_POINT('',#7328);
#7328 = CARTESIAN_POINT('',(-4.275,3.,2.65));
#7329 = VERTEX_POINT('',#7330);
#7330 = CARTESIAN_POINT('',(-4.275,3.,-2.65));
#7331 = LINE('',#7332,#7333);
#7332 = CARTESIAN_POINT('',(-4.275,3.,2.9));
#7333 = VECTOR('',#7334,1.);
#7334 = DIRECTION('',(0.,0.,-1.));
#7335 = ORIENTED_EDGE('',*,*,#7336,.T.);
#7336 = EDGE_CURVE('',#7329,#7287,#7337,.T.);
#7337 = LINE('',#7338,#7339);
#7338 = CARTESIAN_POINT('',(-4.275,4.5,-2.65));
#7339 = VECTOR('',#7340,1.);
#7340 = DIRECTION('',(-0.,-1.,0.));
#7341 = ORIENTED_EDGE('',*,*,#7286,.T.);
#7342 = ORIENTED_EDGE('',*,*,#7343,.T.);
#7343 = EDGE_CURVE('',#7289,#6475,#7344,.T.);
#7344 = LINE('',#7345,#7346);
#7345 = CARTESIAN_POINT('',(-4.275,0.5,-2.3));
#7346 = VECTOR('',#7347,1.);
#7347 = DIRECTION('',(-5.204170427931E-15,1.,4.336808689942E-15));
#7348 = ORIENTED_EDGE('',*,*,#6474,.T.);
#7349 = ORIENTED_EDGE('',*,*,#7350,.T.);
#7350 = EDGE_CURVE('',#6466,#7066,#7351,.T.);
#7351 = LINE('',#7352,#7353);
#7352 = CARTESIAN_POINT('',(-4.275,4.5,2.410479081662));
#7353 = VECTOR('',#7354,1.);
#7354 = DIRECTION('',(-0.,-1.,-0.));
#7355 = ORIENTED_EDGE('',*,*,#7065,.T.);
#7356 = ORIENTED_EDGE('',*,*,#7116,.T.);
#7357 = ORIENTED_EDGE('',*,*,#7358,.T.);
#7358 = EDGE_CURVE('',#7108,#7327,#7359,.T.);
#7359 = LINE('',#7360,#7361);
#7360 = CARTESIAN_POINT('',(-4.275,4.5,2.65));
#7361 = VECTOR('',#7362,1.);
#7362 = DIRECTION('',(0.,1.,-0.));
#7363 = PLANE('',#7364);
#7364 = AXIS2_PLACEMENT_3D('',#7365,#7366,#7367);
#7365 = CARTESIAN_POINT('',(-4.275,4.5,2.9));
#7366 = DIRECTION('',(1.,-0.,0.));
#7367 = DIRECTION('',(0.,0.,-1.));
#7368 = ADVANCED_FACE('',(#7369),#7446,.F.);
#7369 = FACE_BOUND('',#7370,.T.);
#7370 = EDGE_LOOP('',(#7371,#7381,#7387,#7388,#7389,#7390,#7391,#7399,
    #7407,#7415,#7423,#7429,#7430,#7436,#7437,#7438,#7439,#7440));
#7371 = ORIENTED_EDGE('',*,*,#7372,.T.);
#7372 = EDGE_CURVE('',#7373,#7375,#7377,.T.);
#7373 = VERTEX_POINT('',#7374);
#7374 = CARTESIAN_POINT('',(4.275,3.,2.9));
#7375 = VERTEX_POINT('',#7376);
#7376 = CARTESIAN_POINT('',(-4.025,3.,2.9));
#7377 = LINE('',#7378,#7379);
#7378 = CARTESIAN_POINT('',(-4.275,3.,2.9));
#7379 = VECTOR('',#7380,1.);
#7380 = DIRECTION('',(-1.,0.,-1.014458173086E-16));
#7381 = ORIENTED_EDGE('',*,*,#7382,.T.);
#7382 = EDGE_CURVE('',#7375,#7100,#7383,.T.);
#7383 = LINE('',#7384,#7385);
#7384 = CARTESIAN_POINT('',(-4.025,4.5,2.9));
#7385 = VECTOR('',#7386,1.);
#7386 = DIRECTION('',(0.,-1.,0.));
#7387 = ORIENTED_EDGE('',*,*,#7099,.T.);
#7388 = ORIENTED_EDGE('',*,*,#7161,.T.);
#7389 = ORIENTED_EDGE('',*,*,#7250,.T.);
#7390 = ORIENTED_EDGE('',*,*,#6433,.T.);
#7391 = ORIENTED_EDGE('',*,*,#7392,.F.);
#7392 = EDGE_CURVE('',#7393,#6426,#7395,.T.);
#7393 = VERTEX_POINT('',#7394);
#7394 = CARTESIAN_POINT('',(0.15,1.35,2.9));
#7395 = LINE('',#7396,#7397);
#7396 = CARTESIAN_POINT('',(0.15,0.5,2.9));
#7397 = VECTOR('',#7398,1.);
#7398 = DIRECTION('',(2.55106393526E-16,-1.,-0.));
#7399 = ORIENTED_EDGE('',*,*,#7400,.F.);
#7400 = EDGE_CURVE('',#7401,#7393,#7403,.T.);
#7401 = VERTEX_POINT('',#7402);
#7402 = CARTESIAN_POINT('',(0.35,1.35,2.9));
#7403 = LINE('',#7404,#7405);
#7404 = CARTESIAN_POINT('',(0.15,1.35,2.9));
#7405 = VECTOR('',#7406,1.);
#7406 = DIRECTION('',(-1.,-0.,-0.));
#7407 = ORIENTED_EDGE('',*,*,#7408,.T.);
#7408 = EDGE_CURVE('',#7401,#7409,#7411,.T.);
#7409 = VERTEX_POINT('',#7410);
#7410 = CARTESIAN_POINT('',(0.35,-1.15,2.9));
#7411 = LINE('',#7412,#7413);
#7412 = CARTESIAN_POINT('',(0.35,-1.15,2.9));
#7413 = VECTOR('',#7414,1.);
#7414 = DIRECTION('',(-0.,-1.,-2.628368902995E-16));
#7415 = ORIENTED_EDGE('',*,*,#7416,.F.);
#7416 = EDGE_CURVE('',#7417,#7409,#7419,.T.);
#7417 = VERTEX_POINT('',#7418);
#7418 = CARTESIAN_POINT('',(1.3,-1.15,2.9));
#7419 = LINE('',#7420,#7421);
#7420 = CARTESIAN_POINT('',(1.3,-1.15,2.9));
#7421 = VECTOR('',#7422,1.);
#7422 = DIRECTION('',(-1.,-0.,-0.));
#7423 = ORIENTED_EDGE('',*,*,#7424,.F.);
#7424 = EDGE_CURVE('',#6891,#7417,#7425,.T.);
#7425 = LINE('',#7426,#7427);
#7426 = CARTESIAN_POINT('',(1.3,1.35,2.9));
#7427 = VECTOR('',#7428,1.);
#7428 = DIRECTION('',(0.,-1.,0.));
#7429 = ORIENTED_EDGE('',*,*,#6914,.F.);
#7430 = ORIENTED_EDGE('',*,*,#7431,.F.);
#7431 = EDGE_CURVE('',#6386,#6907,#7432,.T.);
#7432 = LINE('',#7433,#7434);
#7433 = CARTESIAN_POINT('',(1.5,0.5,2.9));
#7434 = VECTOR('',#7435,1.);
#7435 = DIRECTION('',(2.55106393526E-16,1.,0.));
#7436 = ORIENTED_EDGE('',*,*,#6385,.T.);
#7437 = ORIENTED_EDGE('',*,*,#7272,.T.);
#7438 = ORIENTED_EDGE('',*,*,#7203,.T.);
#7439 = ORIENTED_EDGE('',*,*,#7233,.T.);
#7440 = ORIENTED_EDGE('',*,*,#7441,.F.);
#7441 = EDGE_CURVE('',#7373,#6354,#7442,.T.);
#7442 = LINE('',#7443,#7444);
#7443 = CARTESIAN_POINT('',(4.275,4.5,2.9));
#7444 = VECTOR('',#7445,1.);
#7445 = DIRECTION('',(-0.,-1.,-0.));
#7446 = PLANE('',#7447);
#7447 = AXIS2_PLACEMENT_3D('',#7448,#7449,#7450);
#7448 = CARTESIAN_POINT('',(-4.275,4.5,2.9));
#7449 = DIRECTION('',(1.014458173086E-16,0.,-1.));
#7450 = DIRECTION('',(-1.,0.,-1.014458173086E-16));
#7451 = ADVANCED_FACE('',(#7452),#7487,.F.);
#7452 = FACE_BOUND('',#7453,.T.);
#7453 = EDGE_LOOP('',(#7454,#7464,#7473,#7479,#7480,#7481));
#7454 = ORIENTED_EDGE('',*,*,#7455,.T.);
#7455 = EDGE_CURVE('',#7456,#7458,#7460,.T.);
#7456 = VERTEX_POINT('',#7457);
#7457 = CARTESIAN_POINT('',(5.925,3.,1.25));
#7458 = VERTEX_POINT('',#7459);
#7459 = CARTESIAN_POINT('',(5.202394005536,4.031988310653,1.972605994464
    ));
#7460 = LINE('',#7461,#7462);
#7461 = CARTESIAN_POINT('',(5.444128111307,3.686756229335,1.730871888693
    ));
#7462 = VECTOR('',#7463,1.);
#7463 = DIRECTION('',(-0.497542812165,0.710564775462,0.497542812165));
#7464 = ORIENTED_EDGE('',*,*,#7465,.T.);
#7465 = EDGE_CURVE('',#7458,#7466,#7468,.T.);
#7466 = VERTEX_POINT('',#7467);
#7467 = CARTESIAN_POINT('',(4.997605994464,4.031988310653,2.177394005536
    ));
#7468 = ( BOUNDED_CURVE() B_SPLINE_CURVE(3,(#7469,#7470,#7471,#7472),
.UNSPECIFIED.,.F.,.F.) B_SPLINE_CURVE_WITH_KNOTS((4,4),(2.523811371301,
3.759373935879),.PIECEWISE_BEZIER_KNOTS.) CURVE() 
GEOMETRIC_REPRESENTATION_ITEM() RATIONAL_B_SPLINE_CURVE((1.,
0.876777070243,0.876777070243,1.)) REPRESENTATION_ITEM('') );
#7469 = CARTESIAN_POINT('',(5.202394005536,4.031988310653,1.972605994464
    ));
#7470 = CARTESIAN_POINT('',(5.138928179508,4.122626903592,2.036071820492
    ));
#7471 = CARTESIAN_POINT('',(5.061071820492,4.122626903592,2.113928179508
    ));
#7472 = CARTESIAN_POINT('',(4.997605994464,4.031988310653,2.177394005536
    ));
#7473 = ORIENTED_EDGE('',*,*,#7474,.T.);
#7474 = EDGE_CURVE('',#7466,#7373,#7475,.T.);
#7475 = LINE('',#7476,#7477);
#7476 = CARTESIAN_POINT('',(4.007036617635,2.617308629595,3.167963382365
    ));
#7477 = VECTOR('',#7478,1.);
#7478 = DIRECTION('',(-0.497542812165,-0.710564775462,0.497542812165));
#7479 = ORIENTED_EDGE('',*,*,#7441,.T.);
#7480 = ORIENTED_EDGE('',*,*,#6353,.T.);
#7481 = ORIENTED_EDGE('',*,*,#7482,.F.);
#7482 = EDGE_CURVE('',#7456,#6346,#7483,.T.);
#7483 = LINE('',#7484,#7485);
#7484 = CARTESIAN_POINT('',(5.925,4.5,1.25));
#7485 = VECTOR('',#7486,1.);
#7486 = DIRECTION('',(-0.,-1.,-0.));
#7487 = PLANE('',#7488);
#7488 = AXIS2_PLACEMENT_3D('',#7489,#7490,#7491);
#7489 = CARTESIAN_POINT('',(5.925,4.5,1.25));
#7490 = DIRECTION('',(-0.707106781187,0.,-0.707106781187));
#7491 = DIRECTION('',(-0.707106781187,0.,0.707106781187));
#7492 = ADVANCED_FACE('',(#7493),#7511,.F.);
#7493 = FACE_BOUND('',#7494,.T.);
#7494 = EDGE_LOOP('',(#7495,#7503,#7509,#7510));
#7495 = ORIENTED_EDGE('',*,*,#7496,.F.);
#7496 = EDGE_CURVE('',#7497,#6338,#7499,.T.);
#7497 = VERTEX_POINT('',#7498);
#7498 = CARTESIAN_POINT('',(5.925,3.,-1.25));
#7499 = LINE('',#7500,#7501);
#7500 = CARTESIAN_POINT('',(5.925,4.5,-1.25));
#7501 = VECTOR('',#7502,1.);
#7502 = DIRECTION('',(-0.,-1.,-0.));
#7503 = ORIENTED_EDGE('',*,*,#7504,.T.);
#7504 = EDGE_CURVE('',#7497,#7456,#7505,.T.);
#7505 = LINE('',#7506,#7507);
#7506 = CARTESIAN_POINT('',(5.925,3.,1.25));
#7507 = VECTOR('',#7508,1.);
#7508 = DIRECTION('',(0.,0.,1.));
#7509 = ORIENTED_EDGE('',*,*,#7482,.T.);
#7510 = ORIENTED_EDGE('',*,*,#6345,.F.);
#7511 = PLANE('',#7512);
#7512 = AXIS2_PLACEMENT_3D('',#7513,#7514,#7515);
#7513 = CARTESIAN_POINT('',(5.925,4.5,1.25));
#7514 = DIRECTION('',(-1.,0.,0.));
#7515 = DIRECTION('',(0.,0.,1.));
#7516 = ADVANCED_FACE('',(#7517),#7545,.F.);
#7517 = FACE_BOUND('',#7518,.T.);
#7518 = EDGE_LOOP('',(#7519,#7527,#7536,#7542,#7543,#7544));
#7519 = ORIENTED_EDGE('',*,*,#7520,.T.);
#7520 = EDGE_CURVE('',#6951,#7521,#7523,.T.);
#7521 = VERTEX_POINT('',#7522);
#7522 = CARTESIAN_POINT('',(4.997605994464,4.031988310653,
    -2.177394005536));
#7523 = LINE('',#7524,#7525);
#7524 = CARTESIAN_POINT('',(4.007036617635,2.617308629595,
    -3.167963382365));
#7525 = VECTOR('',#7526,1.);
#7526 = DIRECTION('',(0.497542812165,0.710564775462,0.497542812165));
#7527 = ORIENTED_EDGE('',*,*,#7528,.T.);
#7528 = EDGE_CURVE('',#7521,#7529,#7531,.T.);
#7529 = VERTEX_POINT('',#7530);
#7530 = CARTESIAN_POINT('',(5.202394005536,4.031988310653,
    -1.972605994464));
#7531 = ( BOUNDED_CURVE() B_SPLINE_CURVE(3,(#7532,#7533,#7534,#7535),
.UNSPECIFIED.,.F.,.F.) B_SPLINE_CURVE_WITH_KNOTS((4,4),(5.665404024891,
6.900966589468),.PIECEWISE_BEZIER_KNOTS.) CURVE() 
GEOMETRIC_REPRESENTATION_ITEM() RATIONAL_B_SPLINE_CURVE((1.,
0.876777070243,0.876777070243,1.)) REPRESENTATION_ITEM('') );
#7532 = CARTESIAN_POINT('',(4.997605994464,4.031988310653,
    -2.177394005536));
#7533 = CARTESIAN_POINT('',(5.061071820492,4.122626903592,
    -2.113928179508));
#7534 = CARTESIAN_POINT('',(5.138928179508,4.122626903592,
    -2.036071820492));
#7535 = CARTESIAN_POINT('',(5.202394005536,4.031988310653,
    -1.972605994464));
#7536 = ORIENTED_EDGE('',*,*,#7537,.T.);
#7537 = EDGE_CURVE('',#7529,#7497,#7538,.T.);
#7538 = LINE('',#7539,#7540);
#7539 = CARTESIAN_POINT('',(5.444128111307,3.686756229335,
    -1.730871888693));
#7540 = VECTOR('',#7541,1.);
#7541 = DIRECTION('',(0.497542812165,-0.710564775462,0.497542812165));
#7542 = ORIENTED_EDGE('',*,*,#7496,.T.);
#7543 = ORIENTED_EDGE('',*,*,#6337,.T.);
#7544 = ORIENTED_EDGE('',*,*,#6950,.F.);
#7545 = PLANE('',#7546);
#7546 = AXIS2_PLACEMENT_3D('',#7547,#7548,#7549);
#7547 = CARTESIAN_POINT('',(4.275,4.5,-2.9));
#7548 = DIRECTION('',(-0.707106781187,0.,0.707106781187));
#7549 = DIRECTION('',(0.707106781187,0.,0.707106781187));
#7550 = ADVANCED_FACE('',(#7551),#7795,.F.);
#7551 = FACE_BOUND('',#7552,.T.);
#7552 = EDGE_LOOP('',(#7553,#7563,#7571,#7579,#7587,#7595,#7603,#7611,
    #7619,#7627,#7635,#7643,#7651,#7659,#7667,#7675,#7683,#7691,#7699,
    #7707,#7715,#7723,#7731,#7739,#7747,#7755,#7763,#7772,#7780,#7789));
#7553 = ORIENTED_EDGE('',*,*,#7554,.T.);
#7554 = EDGE_CURVE('',#7555,#7557,#7559,.T.);
#7555 = VERTEX_POINT('',#7556);
#7556 = CARTESIAN_POINT('',(0.975,4.5,-1.849688692685));
#7557 = VERTEX_POINT('',#7558);
#7558 = CARTESIAN_POINT('',(0.975,4.5,-0.55));
#7559 = LINE('',#7560,#7561);
#7560 = CARTESIAN_POINT('',(0.975,4.5,1.849688692685));
#7561 = VECTOR('',#7562,1.);
#7562 = DIRECTION('',(-0.,-0.,1.));
#7563 = ORIENTED_EDGE('',*,*,#7564,.F.);
#7564 = EDGE_CURVE('',#7565,#7557,#7567,.T.);
#7565 = VERTEX_POINT('',#7566);
#7566 = CARTESIAN_POINT('',(1.177072594216,4.5,-0.9));
#7567 = LINE('',#7568,#7569);
#7568 = CARTESIAN_POINT('',(1.177072594216,4.5,-0.9));
#7569 = VECTOR('',#7570,1.);
#7570 = DIRECTION('',(-0.5,0.,0.866025403784));
#7571 = ORIENTED_EDGE('',*,*,#7572,.F.);
#7572 = EDGE_CURVE('',#7573,#7565,#7575,.T.);
#7573 = VERTEX_POINT('',#7574);
#7574 = CARTESIAN_POINT('',(1.289226196675,4.5,-0.9));
#7575 = LINE('',#7576,#7577);
#7576 = CARTESIAN_POINT('',(1.289226196675,4.5,-0.9));
#7577 = VECTOR('',#7578,1.);
#7578 = DIRECTION('',(-1.,0.,-9.667118565207E-16));
#7579 = ORIENTED_EDGE('',*,*,#7580,.F.);
#7580 = EDGE_CURVE('',#7581,#7573,#7583,.T.);
#7581 = VERTEX_POINT('',#7582);
#7582 = CARTESIAN_POINT('',(1.575,4.5,-1.185773803325));
#7583 = LINE('',#7584,#7585);
#7584 = CARTESIAN_POINT('',(1.575,4.5,-1.185773803325));
#7585 = VECTOR('',#7586,1.);
#7586 = DIRECTION('',(-0.707106781187,0.,0.707106781187));
#7587 = ORIENTED_EDGE('',*,*,#7588,.F.);
#7588 = EDGE_CURVE('',#7589,#7581,#7591,.T.);
#7589 = VERTEX_POINT('',#7590);
#7590 = CARTESIAN_POINT('',(1.575,4.5,-1.297927405784));
#7591 = LINE('',#7592,#7593);
#7592 = CARTESIAN_POINT('',(1.575,4.5,-1.297927405784));
#7593 = VECTOR('',#7594,1.);
#7594 = DIRECTION('',(0.,0.,1.));
#7595 = ORIENTED_EDGE('',*,*,#7596,.F.);
#7596 = EDGE_CURVE('',#7597,#7589,#7599,.T.);
#7597 = VERTEX_POINT('',#7598);
#7598 = CARTESIAN_POINT('',(1.925,4.5,-1.5));
#7599 = LINE('',#7600,#7601);
#7600 = CARTESIAN_POINT('',(1.925,4.5,-1.5));
#7601 = VECTOR('',#7602,1.);
#7602 = DIRECTION('',(-0.866025403784,0.,0.5));
#7603 = ORIENTED_EDGE('',*,*,#7604,.F.);
#7604 = EDGE_CURVE('',#7605,#7597,#7607,.T.);
#7605 = VERTEX_POINT('',#7606);
#7606 = CARTESIAN_POINT('',(3.625,4.5,-1.5));
#7607 = LINE('',#7608,#7609);
#7608 = CARTESIAN_POINT('',(3.625,4.5,-1.5));
#7609 = VECTOR('',#7610,1.);
#7610 = DIRECTION('',(-1.,0.,2.55106393526E-16));
#7611 = ORIENTED_EDGE('',*,*,#7612,.F.);
#7612 = EDGE_CURVE('',#7613,#7605,#7615,.T.);
#7613 = VERTEX_POINT('',#7614);
#7614 = CARTESIAN_POINT('',(3.975,4.5,-1.297927405784));
#7615 = LINE('',#7616,#7617);
#7616 = CARTESIAN_POINT('',(3.975,4.5,-1.297927405784));
#7617 = VECTOR('',#7618,1.);
#7618 = DIRECTION('',(-0.866025403784,0.,-0.5));
#7619 = ORIENTED_EDGE('',*,*,#7620,.F.);
#7620 = EDGE_CURVE('',#7621,#7613,#7623,.T.);
#7621 = VERTEX_POINT('',#7622);
#7622 = CARTESIAN_POINT('',(3.975,4.5,-1.185773803325));
#7623 = LINE('',#7624,#7625);
#7624 = CARTESIAN_POINT('',(3.975,4.5,-1.185773803325));
#7625 = VECTOR('',#7626,1.);
#7626 = DIRECTION('',(0.,0.,-1.));
#7627 = ORIENTED_EDGE('',*,*,#7628,.F.);
#7628 = EDGE_CURVE('',#7629,#7621,#7631,.T.);
#7629 = VERTEX_POINT('',#7630);
#7630 = CARTESIAN_POINT('',(4.260773803325,4.5,-0.9));
#7631 = LINE('',#7632,#7633);
#7632 = CARTESIAN_POINT('',(4.260773803325,4.5,-0.9));
#7633 = VECTOR('',#7634,1.);
#7634 = DIRECTION('',(-0.707106781187,0.,-0.707106781187));
#7635 = ORIENTED_EDGE('',*,*,#7636,.F.);
#7636 = EDGE_CURVE('',#7637,#7629,#7639,.T.);
#7637 = VERTEX_POINT('',#7638);
#7638 = CARTESIAN_POINT('',(4.372927405784,4.5,-0.9));
#7639 = LINE('',#7640,#7641);
#7640 = CARTESIAN_POINT('',(4.372927405784,4.5,-0.9));
#7641 = VECTOR('',#7642,1.);
#7642 = DIRECTION('',(-1.,0.,9.667118565207E-16));
#7643 = ORIENTED_EDGE('',*,*,#7644,.F.);
#7644 = EDGE_CURVE('',#7645,#7637,#7647,.T.);
#7645 = VERTEX_POINT('',#7646);
#7646 = CARTESIAN_POINT('',(4.575,4.5,-0.55));
#7647 = LINE('',#7648,#7649);
#7648 = CARTESIAN_POINT('',(4.575,4.5,-0.55));
#7649 = VECTOR('',#7650,1.);
#7650 = DIRECTION('',(-0.5,0.,-0.866025403784));
#7651 = ORIENTED_EDGE('',*,*,#7652,.F.);
#7652 = EDGE_CURVE('',#7653,#7645,#7655,.T.);
#7653 = VERTEX_POINT('',#7654);
#7654 = CARTESIAN_POINT('',(4.575,4.5,0.55));
#7655 = LINE('',#7656,#7657);
#7656 = CARTESIAN_POINT('',(4.575,4.5,0.55));
#7657 = VECTOR('',#7658,1.);
#7658 = DIRECTION('',(0.,0.,-1.));
#7659 = ORIENTED_EDGE('',*,*,#7660,.F.);
#7660 = EDGE_CURVE('',#7661,#7653,#7663,.T.);
#7661 = VERTEX_POINT('',#7662);
#7662 = CARTESIAN_POINT('',(4.372927405784,4.5,0.9));
#7663 = LINE('',#7664,#7665);
#7664 = CARTESIAN_POINT('',(4.372927405784,4.5,0.9));
#7665 = VECTOR('',#7666,1.);
#7666 = DIRECTION('',(0.5,0.,-0.866025403784));
#7667 = ORIENTED_EDGE('',*,*,#7668,.F.);
#7668 = EDGE_CURVE('',#7669,#7661,#7671,.T.);
#7669 = VERTEX_POINT('',#7670);
#7670 = CARTESIAN_POINT('',(4.260773803325,4.5,0.9));
#7671 = LINE('',#7672,#7673);
#7672 = CARTESIAN_POINT('',(4.260773803325,4.5,0.9));
#7673 = VECTOR('',#7674,1.);
#7674 = DIRECTION('',(1.,0.,-1.933423713041E-15));
#7675 = ORIENTED_EDGE('',*,*,#7676,.F.);
#7676 = EDGE_CURVE('',#7677,#7669,#7679,.T.);
#7677 = VERTEX_POINT('',#7678);
#7678 = CARTESIAN_POINT('',(3.975,4.5,1.185773803325));
#7679 = LINE('',#7680,#7681);
#7680 = CARTESIAN_POINT('',(3.975,4.5,1.185773803325));
#7681 = VECTOR('',#7682,1.);
#7682 = DIRECTION('',(0.707106781187,0.,-0.707106781187));
#7683 = ORIENTED_EDGE('',*,*,#7684,.F.);
#7684 = EDGE_CURVE('',#7685,#7677,#7687,.T.);
#7685 = VERTEX_POINT('',#7686);
#7686 = CARTESIAN_POINT('',(3.975,4.5,1.297927405784));
#7687 = LINE('',#7688,#7689);
#7688 = CARTESIAN_POINT('',(3.975,4.5,1.297927405784));
#7689 = VECTOR('',#7690,1.);
#7690 = DIRECTION('',(0.,0.,-1.));
#7691 = ORIENTED_EDGE('',*,*,#7692,.F.);
#7692 = EDGE_CURVE('',#7693,#7685,#7695,.T.);
#7693 = VERTEX_POINT('',#7694);
#7694 = CARTESIAN_POINT('',(3.625,4.5,1.5));
#7695 = LINE('',#7696,#7697);
#7696 = CARTESIAN_POINT('',(3.625,4.5,1.5));
#7697 = VECTOR('',#7698,1.);
#7698 = DIRECTION('',(0.866025403784,0.,-0.5));
#7699 = ORIENTED_EDGE('',*,*,#7700,.F.);
#7700 = EDGE_CURVE('',#7701,#7693,#7703,.T.);
#7701 = VERTEX_POINT('',#7702);
#7702 = CARTESIAN_POINT('',(1.925,4.5,1.5));
#7703 = LINE('',#7704,#7705);
#7704 = CARTESIAN_POINT('',(1.925,4.5,1.5));
#7705 = VECTOR('',#7706,1.);
#7706 = DIRECTION('',(1.,0.,-1.27553196763E-16));
#7707 = ORIENTED_EDGE('',*,*,#7708,.F.);
#7708 = EDGE_CURVE('',#7709,#7701,#7711,.T.);
#7709 = VERTEX_POINT('',#7710);
#7710 = CARTESIAN_POINT('',(1.575,4.5,1.297927405784));
#7711 = LINE('',#7712,#7713);
#7712 = CARTESIAN_POINT('',(1.575,4.5,1.297927405784));
#7713 = VECTOR('',#7714,1.);
#7714 = DIRECTION('',(0.866025403784,0.,0.5));
#7715 = ORIENTED_EDGE('',*,*,#7716,.F.);
#7716 = EDGE_CURVE('',#7717,#7709,#7719,.T.);
#7717 = VERTEX_POINT('',#7718);
#7718 = CARTESIAN_POINT('',(1.575,4.5,1.185773803325));
#7719 = LINE('',#7720,#7721);
#7720 = CARTESIAN_POINT('',(1.575,4.5,1.185773803325));
#7721 = VECTOR('',#7722,1.);
#7722 = DIRECTION('',(-1.933423713041E-15,0.,1.));
#7723 = ORIENTED_EDGE('',*,*,#7724,.F.);
#7724 = EDGE_CURVE('',#7725,#7717,#7727,.T.);
#7725 = VERTEX_POINT('',#7726);
#7726 = CARTESIAN_POINT('',(1.289226196675,4.5,0.9));
#7727 = LINE('',#7728,#7729);
#7728 = CARTESIAN_POINT('',(1.289226196675,4.5,0.9));
#7729 = VECTOR('',#7730,1.);
#7730 = DIRECTION('',(0.707106781187,0.,0.707106781187));
#7731 = ORIENTED_EDGE('',*,*,#7732,.F.);
#7732 = EDGE_CURVE('',#7733,#7725,#7735,.T.);
#7733 = VERTEX_POINT('',#7734);
#7734 = CARTESIAN_POINT('',(1.177072594216,4.5,0.9));
#7735 = LINE('',#7736,#7737);
#7736 = CARTESIAN_POINT('',(1.177072594216,4.5,0.9));
#7737 = VECTOR('',#7738,1.);
#7738 = DIRECTION('',(1.,0.,1.933423713041E-15));
#7739 = ORIENTED_EDGE('',*,*,#7740,.F.);
#7740 = EDGE_CURVE('',#7741,#7733,#7743,.T.);
#7741 = VERTEX_POINT('',#7742);
#7742 = CARTESIAN_POINT('',(0.975,4.5,0.55));
#7743 = LINE('',#7744,#7745);
#7744 = CARTESIAN_POINT('',(0.975,4.5,0.55));
#7745 = VECTOR('',#7746,1.);
#7746 = DIRECTION('',(0.5,0.,0.866025403784));
#7747 = ORIENTED_EDGE('',*,*,#7748,.T.);
#7748 = EDGE_CURVE('',#7741,#7749,#7751,.T.);
#7749 = VERTEX_POINT('',#7750);
#7750 = CARTESIAN_POINT('',(0.975,4.5,1.849688692685));
#7751 = LINE('',#7752,#7753);
#7752 = CARTESIAN_POINT('',(0.975,4.5,1.849688692685));
#7753 = VECTOR('',#7754,1.);
#7754 = DIRECTION('',(-0.,-0.,1.));
#7755 = ORIENTED_EDGE('',*,*,#7756,.T.);
#7756 = EDGE_CURVE('',#7749,#7757,#7759,.T.);
#7757 = VERTEX_POINT('',#7758);
#7758 = CARTESIAN_POINT('',(4.669900681613,4.5,1.849688692685));
#7759 = LINE('',#7760,#7761);
#7760 = CARTESIAN_POINT('',(-1.876431811959E-16,4.5,1.849688692685));
#7761 = VECTOR('',#7762,1.);
#7762 = DIRECTION('',(1.,0.,1.014458173086E-16));
#7763 = ORIENTED_EDGE('',*,*,#7764,.T.);
#7764 = EDGE_CURVE('',#7757,#7765,#7767,.T.);
#7765 = VERTEX_POINT('',#7766);
#7766 = CARTESIAN_POINT('',(4.874688692685,4.5,1.644900681613));
#7767 = ( BOUNDED_CURVE() B_SPLINE_CURVE(3,(#7768,#7769,#7770,#7771),
.UNSPECIFIED.,.F.,.F.) B_SPLINE_CURVE_WITH_KNOTS((4,4),(5.665404024891,
6.900966589468),.PIECEWISE_BEZIER_KNOTS.) CURVE() 
GEOMETRIC_REPRESENTATION_ITEM() RATIONAL_B_SPLINE_CURVE((1.,
0.876777070243,0.876777070243,1.)) REPRESENTATION_ITEM('') );
#7768 = CARTESIAN_POINT('',(4.669900681613,4.5,1.849688692685));
#7769 = CARTESIAN_POINT('',(4.79683233367,4.5,1.849688692685));
#7770 = CARTESIAN_POINT('',(4.874688692685,4.5,1.77183233367));
#7771 = CARTESIAN_POINT('',(4.874688692685,4.5,1.644900681613));
#7772 = ORIENTED_EDGE('',*,*,#7773,.T.);
#7773 = EDGE_CURVE('',#7765,#7774,#7776,.T.);
#7774 = VERTEX_POINT('',#7775);
#7775 = CARTESIAN_POINT('',(4.874688692685,4.5,-1.644900681613));
#7776 = LINE('',#7777,#7778);
#7777 = CARTESIAN_POINT('',(4.874688692685,4.5,0.));
#7778 = VECTOR('',#7779,1.);
#7779 = DIRECTION('',(0.,0.,-1.));
#7780 = ORIENTED_EDGE('',*,*,#7781,.T.);
#7781 = EDGE_CURVE('',#7774,#7782,#7784,.T.);
#7782 = VERTEX_POINT('',#7783);
#7783 = CARTESIAN_POINT('',(4.669900681613,4.5,-1.849688692685));
#7784 = ( BOUNDED_CURVE() B_SPLINE_CURVE(3,(#7785,#7786,#7787,#7788),
.UNSPECIFIED.,.F.,.F.) B_SPLINE_CURVE_WITH_KNOTS((4,4),(2.523811371301,
3.759373935879),.PIECEWISE_BEZIER_KNOTS.) CURVE() 
GEOMETRIC_REPRESENTATION_ITEM() RATIONAL_B_SPLINE_CURVE((1.,
0.876777070243,0.876777070243,1.)) REPRESENTATION_ITEM('') );
#7785 = CARTESIAN_POINT('',(4.874688692685,4.5,-1.644900681613));
#7786 = CARTESIAN_POINT('',(4.874688692685,4.5,-1.77183233367));
#7787 = CARTESIAN_POINT('',(4.79683233367,4.5,-1.849688692685));
#7788 = CARTESIAN_POINT('',(4.669900681613,4.5,-1.849688692685));
#7789 = ORIENTED_EDGE('',*,*,#7790,.T.);
#7790 = EDGE_CURVE('',#7782,#7555,#7791,.T.);
#7791 = LINE('',#7792,#7793);
#7792 = CARTESIAN_POINT('',(-1.876431811959E-16,4.5,-1.849688692685));
#7793 = VECTOR('',#7794,1.);
#7794 = DIRECTION('',(-1.,0.,1.014458173086E-16));
#7795 = PLANE('',#7796);
#7796 = AXIS2_PLACEMENT_3D('',#7797,#7798,#7799);
#7797 = CARTESIAN_POINT('',(0.,4.5,0.));
#7798 = DIRECTION('',(0.,-1.,0.));
#7799 = DIRECTION('',(0.,-0.,-1.));
#7800 = ADVANCED_FACE('',(#7801),#7812,.F.);
#7801 = FACE_BOUND('',#7802,.T.);
#7802 = EDGE_LOOP('',(#7803,#7804,#7810,#7811));
#7803 = ORIENTED_EDGE('',*,*,#6490,.T.);
#7804 = ORIENTED_EDGE('',*,*,#7805,.T.);
#7805 = EDGE_CURVE('',#6483,#7305,#7806,.T.);
#7806 = LINE('',#7807,#7808);
#7807 = CARTESIAN_POINT('',(-2.875,-2.602085213965E-15,-2.3));
#7808 = VECTOR('',#7809,1.);
#7809 = DIRECTION('',(5.20417042793E-15,-1.,-4.336808689942E-15));
#7810 = ORIENTED_EDGE('',*,*,#7304,.F.);
#7811 = ORIENTED_EDGE('',*,*,#7027,.F.);
#7812 = PLANE('',#7813);
#7813 = AXIS2_PLACEMENT_3D('',#7814,#7815,#7816);
#7814 = CARTESIAN_POINT('',(-2.875,0.,-2.9));
#7815 = DIRECTION('',(-1.,-5.20417042793E-15,0.));
#7816 = DIRECTION('',(5.20417042793E-15,-1.,0.));
#7817 = ADVANCED_FACE('',(#7818),#7824,.F.);
#7818 = FACE_BOUND('',#7819,.T.);
#7819 = EDGE_LOOP('',(#7820,#7821,#7822,#7823));
#7820 = ORIENTED_EDGE('',*,*,#6369,.T.);
#7821 = ORIENTED_EDGE('',*,*,#7226,.T.);
#7822 = ORIENTED_EDGE('',*,*,#7185,.F.);
#7823 = ORIENTED_EDGE('',*,*,#7265,.F.);
#7824 = PLANE('',#7825);
#7825 = AXIS2_PLACEMENT_3D('',#7826,#7827,#7828);
#7826 = CARTESIAN_POINT('',(-4.275,0.5,2.3));
#7827 = DIRECTION('',(-4.513898307158E-30,8.673617379884E-16,1.));
#7828 = DIRECTION('',(0.,-1.,8.673617379884E-16));
#7829 = ADVANCED_FACE('',(#7830),#7836,.F.);
#7830 = FACE_BOUND('',#7831,.T.);
#7831 = EDGE_LOOP('',(#7832,#7833,#7834,#7835));
#7832 = ORIENTED_EDGE('',*,*,#6482,.F.);
#7833 = ORIENTED_EDGE('',*,*,#7343,.F.);
#7834 = ORIENTED_EDGE('',*,*,#7312,.T.);
#7835 = ORIENTED_EDGE('',*,*,#7805,.F.);
#7836 = PLANE('',#7837);
#7837 = AXIS2_PLACEMENT_3D('',#7838,#7839,#7840);
#7838 = CARTESIAN_POINT('',(-4.275,0.5,-2.3));
#7839 = DIRECTION('',(-2.256949153579E-29,4.336808689942E-15,-1.));
#7840 = DIRECTION('',(0.,1.,4.336808689942E-15));
#7841 = ADVANCED_FACE('',(#7842),#7862,.T.);
#7842 = FACE_BOUND('',#7843,.T.);
#7843 = EDGE_LOOP('',(#7844,#7845,#7852,#7853,#7854,#7855,#7861));
#7844 = ORIENTED_EDGE('',*,*,#6279,.F.);
#7845 = ORIENTED_EDGE('',*,*,#7846,.T.);
#7846 = EDGE_CURVE('',#6248,#6256,#7847,.T.);
#7847 = CIRCLE('',#7848,0.45);
#7848 = AXIS2_PLACEMENT_3D('',#7849,#7850,#7851);
#7849 = CARTESIAN_POINT('',(-3.825,-1.55,2.45));
#7850 = DIRECTION('',(0.,1.,0.));
#7851 = DIRECTION('',(0.,0.,-1.));
#7852 = ORIENTED_EDGE('',*,*,#6313,.T.);
#7853 = ORIENTED_EDGE('',*,*,#7122,.F.);
#7854 = ORIENTED_EDGE('',*,*,#7084,.F.);
#7855 = ORIENTED_EDGE('',*,*,#7856,.T.);
#7856 = EDGE_CURVE('',#7076,#6457,#7857,.T.);
#7857 = LINE('',#7858,#7859);
#7858 = CARTESIAN_POINT('',(-4.249264068712,-1.7,2.3));
#7859 = VECTOR('',#7860,1.);
#7860 = DIRECTION('',(-0.,1.,-0.));
#7861 = ORIENTED_EDGE('',*,*,#6456,.T.);
#7862 = CYLINDRICAL_SURFACE('',#7863,0.45);
#7863 = AXIS2_PLACEMENT_3D('',#7864,#7865,#7866);
#7864 = CARTESIAN_POINT('',(-3.825,-1.7,2.45));
#7865 = DIRECTION('',(-0.,1.,-0.));
#7866 = DIRECTION('',(0.,0.,1.));
#7867 = ADVANCED_FACE('',(#7868),#7878,.T.);
#7868 = FACE_BOUND('',#7869,.T.);
#7869 = EDGE_LOOP('',(#7870,#7877));
#7870 = ORIENTED_EDGE('',*,*,#7871,.T.);
#7871 = EDGE_CURVE('',#6239,#6237,#7872,.T.);
#7872 = CIRCLE('',#7873,0.3);
#7873 = AXIS2_PLACEMENT_3D('',#7874,#7875,#7876);
#7874 = CARTESIAN_POINT('',(-3.825,-1.7,2.45));
#7875 = DIRECTION('',(0.,-1.,0.));
#7876 = DIRECTION('',(0.,0.,-1.));
#7877 = ORIENTED_EDGE('',*,*,#6236,.T.);
#7878 = PLANE('',#7879);
#7879 = AXIS2_PLACEMENT_3D('',#7880,#7881,#7882);
#7880 = CARTESIAN_POINT('',(-3.825,-1.7,2.45));
#7881 = DIRECTION('',(0.,-1.,0.));
#7882 = DIRECTION('',(0.,-0.,-1.));
#7883 = ADVANCED_FACE('',(#7884),#7890,.T.);
#7884 = FACE_BOUND('',#7885,.T.);
#7885 = EDGE_LOOP('',(#7886,#7887,#7888,#7889));
#7886 = ORIENTED_EDGE('',*,*,#6247,.F.);
#7887 = ORIENTED_EDGE('',*,*,#7871,.F.);
#7888 = ORIENTED_EDGE('',*,*,#6264,.T.);
#7889 = ORIENTED_EDGE('',*,*,#7846,.F.);
#7890 = CONICAL_SURFACE('',#7891,0.3,0.785398163397);
#7891 = AXIS2_PLACEMENT_3D('',#7892,#7893,#7894);
#7892 = CARTESIAN_POINT('',(-3.825,-1.7,2.45));
#7893 = DIRECTION('',(0.,1.,0.));
#7894 = DIRECTION('',(0.,-0.,1.));
#7895 = ADVANCED_FACE('',(#7896),#7914,.F.);
#7896 = FACE_BOUND('',#7897,.T.);
#7897 = EDGE_LOOP('',(#7898,#7899,#7900,#7908));
#7898 = ORIENTED_EDGE('',*,*,#7392,.T.);
#7899 = ORIENTED_EDGE('',*,*,#6425,.F.);
#7900 = ORIENTED_EDGE('',*,*,#7901,.F.);
#7901 = EDGE_CURVE('',#7902,#6418,#7904,.T.);
#7902 = VERTEX_POINT('',#7903);
#7903 = CARTESIAN_POINT('',(0.15,1.35,1.8));
#7904 = LINE('',#7905,#7906);
#7905 = CARTESIAN_POINT('',(0.15,0.5,1.8));
#7906 = VECTOR('',#7907,1.);
#7907 = DIRECTION('',(2.55106393526E-16,-1.,-0.));
#7908 = ORIENTED_EDGE('',*,*,#7909,.T.);
#7909 = EDGE_CURVE('',#7902,#7393,#7910,.T.);
#7910 = LINE('',#7911,#7912);
#7911 = CARTESIAN_POINT('',(0.15,1.35,1.8));
#7912 = VECTOR('',#7913,1.);
#7913 = DIRECTION('',(-0.,-0.,1.));
#7914 = PLANE('',#7915);
#7915 = AXIS2_PLACEMENT_3D('',#7916,#7917,#7918);
#7916 = CARTESIAN_POINT('',(0.15,0.5,1.8));
#7917 = DIRECTION('',(-1.,-2.55106393526E-16,0.));
#7918 = DIRECTION('',(2.55106393526E-16,-1.,0.));
#7919 = ADVANCED_FACE('',(#7920),#7938,.F.);
#7920 = FACE_BOUND('',#7921,.T.);
#7921 = EDGE_LOOP('',(#7922,#7930,#7936,#7937));
#7922 = ORIENTED_EDGE('',*,*,#7923,.F.);
#7923 = EDGE_CURVE('',#7924,#7902,#7926,.T.);
#7924 = VERTEX_POINT('',#7925);
#7925 = CARTESIAN_POINT('',(0.35,1.35,1.8));
#7926 = LINE('',#7927,#7928);
#7927 = CARTESIAN_POINT('',(0.15,1.35,1.8));
#7928 = VECTOR('',#7929,1.);
#7929 = DIRECTION('',(-1.,-0.,-0.));
#7930 = ORIENTED_EDGE('',*,*,#7931,.T.);
#7931 = EDGE_CURVE('',#7924,#7401,#7932,.T.);
#7932 = LINE('',#7933,#7934);
#7933 = CARTESIAN_POINT('',(0.35,1.35,2.9));
#7934 = VECTOR('',#7935,1.);
#7935 = DIRECTION('',(-0.,-0.,1.));
#7936 = ORIENTED_EDGE('',*,*,#7400,.T.);
#7937 = ORIENTED_EDGE('',*,*,#7909,.F.);
#7938 = PLANE('',#7939);
#7939 = AXIS2_PLACEMENT_3D('',#7940,#7941,#7942);
#7940 = CARTESIAN_POINT('',(0.15,1.35,1.8));
#7941 = DIRECTION('',(-0.,1.,0.));
#7942 = DIRECTION('',(0.,0.,1.));
#7943 = ADVANCED_FACE('',(#7944),#7950,.F.);
#7944 = FACE_BOUND('',#7945,.T.);
#7945 = EDGE_LOOP('',(#7946,#7947,#7948,#7949));
#7946 = ORIENTED_EDGE('',*,*,#7431,.T.);
#7947 = ORIENTED_EDGE('',*,*,#6906,.F.);
#7948 = ORIENTED_EDGE('',*,*,#6935,.F.);
#7949 = ORIENTED_EDGE('',*,*,#6393,.T.);
#7950 = PLANE('',#7951);
#7951 = AXIS2_PLACEMENT_3D('',#7952,#7953,#7954);
#7952 = CARTESIAN_POINT('',(1.5,0.5,1.8));
#7953 = DIRECTION('',(1.,-2.55106393526E-16,0.));
#7954 = DIRECTION('',(2.55106393526E-16,1.,0.));
#7955 = ADVANCED_FACE('',(#7956),#7967,.F.);
#7956 = FACE_BOUND('',#7957,.T.);
#7957 = EDGE_LOOP('',(#7958,#7959,#7965,#7966));
#7958 = ORIENTED_EDGE('',*,*,#6417,.T.);
#7959 = ORIENTED_EDGE('',*,*,#7960,.T.);
#7960 = EDGE_CURVE('',#6410,#7924,#7961,.T.);
#7961 = LINE('',#7962,#7963);
#7962 = CARTESIAN_POINT('',(0.35,1.35,1.8));
#7963 = VECTOR('',#7964,1.);
#7964 = DIRECTION('',(-0.,1.,2.55106393526E-16));
#7965 = ORIENTED_EDGE('',*,*,#7923,.T.);
#7966 = ORIENTED_EDGE('',*,*,#7901,.T.);
#7967 = PLANE('',#7968);
#7968 = AXIS2_PLACEMENT_3D('',#7969,#7970,#7971);
#7969 = CARTESIAN_POINT('',(0.,0.,1.8));
#7970 = DIRECTION('',(0.,0.,-1.));
#7971 = DIRECTION('',(-1.,0.,-0.));
#7972 = ADVANCED_FACE('',(#7973),#7991,.T.);
#7973 = FACE_BOUND('',#7974,.T.);
#7974 = EDGE_LOOP('',(#7975,#7976,#7984,#7990));
#7975 = ORIENTED_EDGE('',*,*,#7020,.F.);
#7976 = ORIENTED_EDGE('',*,*,#7977,.F.);
#7977 = EDGE_CURVE('',#7978,#7013,#7980,.T.);
#7978 = VERTEX_POINT('',#7979);
#7979 = CARTESIAN_POINT('',(0.15,1.35,-1.8));
#7980 = LINE('',#7981,#7982);
#7981 = CARTESIAN_POINT('',(0.15,1.35,-1.8));
#7982 = VECTOR('',#7983,1.);
#7983 = DIRECTION('',(-0.,-0.,-1.));
#7984 = ORIENTED_EDGE('',*,*,#7985,.T.);
#7985 = EDGE_CURVE('',#7978,#6507,#7986,.T.);
#7986 = LINE('',#7987,#7988);
#7987 = CARTESIAN_POINT('',(0.15,0.5,-1.8));
#7988 = VECTOR('',#7989,1.);
#7989 = DIRECTION('',(2.55106393526E-16,-1.,0.));
#7990 = ORIENTED_EDGE('',*,*,#6506,.T.);
#7991 = PLANE('',#7992);
#7992 = AXIS2_PLACEMENT_3D('',#7993,#7994,#7995);
#7993 = CARTESIAN_POINT('',(0.15,0.5,-1.8));
#7994 = DIRECTION('',(1.,2.55106393526E-16,-0.));
#7995 = DIRECTION('',(-2.55106393526E-16,1.,0.));
#7996 = ADVANCED_FACE('',(#7997),#8003,.T.);
#7997 = FACE_BOUND('',#7998,.T.);
#7998 = EDGE_LOOP('',(#7999,#8000,#8001,#8002));
#7999 = ORIENTED_EDGE('',*,*,#6981,.F.);
#8000 = ORIENTED_EDGE('',*,*,#6538,.F.);
#8001 = ORIENTED_EDGE('',*,*,#6873,.T.);
#8002 = ORIENTED_EDGE('',*,*,#6852,.T.);
#8003 = PLANE('',#8004);
#8004 = AXIS2_PLACEMENT_3D('',#8005,#8006,#8007);
#8005 = CARTESIAN_POINT('',(1.5,0.5,-1.8));
#8006 = DIRECTION('',(-1.,2.55106393526E-16,0.));
#8007 = DIRECTION('',(-2.55106393526E-16,-1.,0.));
#8008 = ADVANCED_FACE('',(#8009),#8027,.T.);
#8009 = FACE_BOUND('',#8010,.T.);
#8010 = EDGE_LOOP('',(#8011,#8019,#8025,#8026));
#8011 = ORIENTED_EDGE('',*,*,#8012,.T.);
#8012 = EDGE_CURVE('',#7005,#8013,#8015,.T.);
#8013 = VERTEX_POINT('',#8014);
#8014 = CARTESIAN_POINT('',(0.35,1.35,-1.8));
#8015 = LINE('',#8016,#8017);
#8016 = CARTESIAN_POINT('',(0.35,1.35,-2.9));
#8017 = VECTOR('',#8018,1.);
#8018 = DIRECTION('',(0.,0.,1.));
#8019 = ORIENTED_EDGE('',*,*,#8020,.T.);
#8020 = EDGE_CURVE('',#8013,#7978,#8021,.T.);
#8021 = LINE('',#8022,#8023);
#8022 = CARTESIAN_POINT('',(0.15,1.35,-1.8));
#8023 = VECTOR('',#8024,1.);
#8024 = DIRECTION('',(-1.,-0.,0.));
#8025 = ORIENTED_EDGE('',*,*,#7977,.T.);
#8026 = ORIENTED_EDGE('',*,*,#7012,.F.);
#8027 = PLANE('',#8028);
#8028 = AXIS2_PLACEMENT_3D('',#8029,#8030,#8031);
#8029 = CARTESIAN_POINT('',(0.15,1.35,-1.8));
#8030 = DIRECTION('',(0.,-1.,0.));
#8031 = DIRECTION('',(0.,-0.,-1.));
#8032 = ADVANCED_FACE('',(#8033),#8044,.F.);
#8033 = FACE_BOUND('',#8034,.T.);
#8034 = EDGE_LOOP('',(#8035,#8036,#8042,#8043));
#8035 = ORIENTED_EDGE('',*,*,#8020,.F.);
#8036 = ORIENTED_EDGE('',*,*,#8037,.T.);
#8037 = EDGE_CURVE('',#8013,#6515,#8038,.T.);
#8038 = LINE('',#8039,#8040);
#8039 = CARTESIAN_POINT('',(0.35,1.35,-1.8));
#8040 = VECTOR('',#8041,1.);
#8041 = DIRECTION('',(0.,-1.,-2.55106393526E-16));
#8042 = ORIENTED_EDGE('',*,*,#6514,.F.);
#8043 = ORIENTED_EDGE('',*,*,#7985,.F.);
#8044 = PLANE('',#8045);
#8045 = AXIS2_PLACEMENT_3D('',#8046,#8047,#8048);
#8046 = CARTESIAN_POINT('',(0.,0.,-1.8));
#8047 = DIRECTION('',(0.,0.,1.));
#8048 = DIRECTION('',(-1.,0.,0.));
#8049 = ADVANCED_FACE('',(#8050),#8075,.F.);
#8050 = FACE_BOUND('',#8051,.T.);
#8051 = EDGE_LOOP('',(#8052,#8060,#8068,#8074));
#8052 = ORIENTED_EDGE('',*,*,#8053,.T.);
#8053 = EDGE_CURVE('',#7409,#8054,#8056,.T.);
#8054 = VERTEX_POINT('',#8055);
#8055 = CARTESIAN_POINT('',(0.35,-1.35,3.4));
#8056 = LINE('',#8057,#8058);
#8057 = CARTESIAN_POINT('',(0.35,-1.35,3.4));
#8058 = VECTOR('',#8059,1.);
#8059 = DIRECTION('',(-0.,-0.371390676354,0.928476690885));
#8060 = ORIENTED_EDGE('',*,*,#8061,.F.);
#8061 = EDGE_CURVE('',#8062,#8054,#8064,.T.);
#8062 = VERTEX_POINT('',#8063);
#8063 = CARTESIAN_POINT('',(1.3,-1.35,3.4));
#8064 = LINE('',#8065,#8066);
#8065 = CARTESIAN_POINT('',(1.3,-1.35,3.4));
#8066 = VECTOR('',#8067,1.);
#8067 = DIRECTION('',(-1.,-0.,-0.));
#8068 = ORIENTED_EDGE('',*,*,#8069,.F.);
#8069 = EDGE_CURVE('',#7417,#8062,#8070,.T.);
#8070 = LINE('',#8071,#8072);
#8071 = CARTESIAN_POINT('',(1.3,-1.35,3.4));
#8072 = VECTOR('',#8073,1.);
#8073 = DIRECTION('',(-0.,-0.371390676354,0.928476690885));
#8074 = ORIENTED_EDGE('',*,*,#7416,.T.);
#8075 = PLANE('',#8076);
#8076 = AXIS2_PLACEMENT_3D('',#8077,#8078,#8079);
#8077 = CARTESIAN_POINT('',(1.3,-1.35,3.4));
#8078 = DIRECTION('',(0.,-0.928476690885,-0.371390676354));
#8079 = DIRECTION('',(0.,0.371390676354,-0.928476690885));
#8080 = ADVANCED_FACE('',(#8081),#8106,.F.);
#8081 = FACE_BOUND('',#8082,.T.);
#8082 = EDGE_LOOP('',(#8083,#8091,#8099,#8105));
#8083 = ORIENTED_EDGE('',*,*,#8084,.T.);
#8084 = EDGE_CURVE('',#8054,#8085,#8087,.T.);
#8085 = VERTEX_POINT('',#8086);
#8086 = CARTESIAN_POINT('',(0.35,-1.8,3.4));
#8087 = LINE('',#8088,#8089);
#8088 = CARTESIAN_POINT('',(0.35,-1.8,3.4));
#8089 = VECTOR('',#8090,1.);
#8090 = DIRECTION('',(-0.,-1.,-0.));
#8091 = ORIENTED_EDGE('',*,*,#8092,.F.);
#8092 = EDGE_CURVE('',#8093,#8085,#8095,.T.);
#8093 = VERTEX_POINT('',#8094);
#8094 = CARTESIAN_POINT('',(1.3,-1.8,3.4));
#8095 = LINE('',#8096,#8097);
#8096 = CARTESIAN_POINT('',(1.3,-1.8,3.4));
#8097 = VECTOR('',#8098,1.);
#8098 = DIRECTION('',(-1.,-0.,-0.));
#8099 = ORIENTED_EDGE('',*,*,#8100,.F.);
#8100 = EDGE_CURVE('',#8062,#8093,#8101,.T.);
#8101 = LINE('',#8102,#8103);
#8102 = CARTESIAN_POINT('',(1.3,-1.8,3.4));
#8103 = VECTOR('',#8104,1.);
#8104 = DIRECTION('',(-0.,-1.,-0.));
#8105 = ORIENTED_EDGE('',*,*,#8061,.T.);
#8106 = PLANE('',#8107);
#8107 = AXIS2_PLACEMENT_3D('',#8108,#8109,#8110);
#8108 = CARTESIAN_POINT('',(1.3,-1.8,3.4));
#8109 = DIRECTION('',(0.,0.,-1.));
#8110 = DIRECTION('',(-1.,0.,-0.));
#8111 = ADVANCED_FACE('',(#8112),#8137,.F.);
#8112 = FACE_BOUND('',#8113,.T.);
#8113 = EDGE_LOOP('',(#8114,#8115,#8123,#8131));
#8114 = ORIENTED_EDGE('',*,*,#8092,.T.);
#8115 = ORIENTED_EDGE('',*,*,#8116,.T.);
#8116 = EDGE_CURVE('',#8085,#8117,#8119,.T.);
#8117 = VERTEX_POINT('',#8118);
#8118 = CARTESIAN_POINT('',(0.521170673993,-2.438817652107,
    2.663853270498));
#8119 = LINE('',#8120,#8121);
#8120 = CARTESIAN_POINT('',(0.544472262535,-2.525780364445,
    2.563641079953));
#8121 = VECTOR('',#8122,1.);
#8122 = DIRECTION('',(0.172970331041,-0.645534063648,-0.743886441098));
#8123 = ORIENTED_EDGE('',*,*,#8124,.F.);
#8124 = EDGE_CURVE('',#8125,#8117,#8127,.T.);
#8125 = VERTEX_POINT('',#8126);
#8126 = CARTESIAN_POINT('',(1.128829326007,-2.438817652107,
    2.663853270498));
#8127 = LINE('',#8128,#8129);
#8128 = CARTESIAN_POINT('',(1.3,-2.438817652107,2.663853270498));
#8129 = VECTOR('',#8130,1.);
#8130 = DIRECTION('',(-1.,-0.,-0.));
#8131 = ORIENTED_EDGE('',*,*,#8132,.T.);
#8132 = EDGE_CURVE('',#8125,#8093,#8133,.T.);
#8133 = LINE('',#8134,#8135);
#8134 = CARTESIAN_POINT('',(1.133950536114,-2.419705035792,
    2.685877849729));
#8135 = VECTOR('',#8136,1.);
#8136 = DIRECTION('',(0.172970331041,0.645534063648,0.743886441098));
#8137 = PLANE('',#8138);
#8138 = AXIS2_PLACEMENT_3D('',#8139,#8140,#8141);
#8139 = CARTESIAN_POINT('',(1.3,-2.438817652107,2.663853270498));
#8140 = DIRECTION('',(0.,0.755270608427,-0.655413081992));
#8141 = DIRECTION('',(0.,0.655413081992,0.755270608427));
#8142 = ADVANCED_FACE('',(#8143),#8170,.T.);
#8143 = FACE_BOUND('',#8144,.T.);
#8144 = EDGE_LOOP('',(#8145,#8146,#8155,#8163));
#8145 = ORIENTED_EDGE('',*,*,#8124,.T.);
#8146 = ORIENTED_EDGE('',*,*,#8147,.T.);
#8147 = EDGE_CURVE('',#8117,#8148,#8150,.T.);
#8148 = VERTEX_POINT('',#8149);
#8149 = CARTESIAN_POINT('',(0.537564434702,-2.5,2.5));
#8150 = ( BOUNDED_CURVE() B_SPLINE_CURVE(3,(#8151,#8152,#8153,#8154),
.UNSPECIFIED.,.F.,.F.) B_SPLINE_CURVE_WITH_KNOTS((4,4),(2.426863230384,
3.14159265359),.PIECEWISE_BEZIER_KNOTS.) CURVE() 
GEOMETRIC_REPRESENTATION_ITEM() RATIONAL_B_SPLINE_CURVE((1.,
0.957881278015,0.957881278015,1.)) REPRESENTATION_ITEM('') );
#8151 = CARTESIAN_POINT('',(0.521170673993,-2.438817652107,
    2.663853270498));
#8152 = CARTESIAN_POINT('',(0.531859566021,-2.478709140232,
    2.617883988933));
#8153 = CARTESIAN_POINT('',(0.537564434702,-2.5,2.560864650434));
#8154 = CARTESIAN_POINT('',(0.537564434702,-2.5,2.5));
#8155 = ORIENTED_EDGE('',*,*,#8156,.F.);
#8156 = EDGE_CURVE('',#8157,#8148,#8159,.T.);
#8157 = VERTEX_POINT('',#8158);
#8158 = CARTESIAN_POINT('',(1.112435565298,-2.5,2.5));
#8159 = LINE('',#8160,#8161);
#8160 = CARTESIAN_POINT('',(1.3,-2.5,2.5));
#8161 = VECTOR('',#8162,1.);
#8162 = DIRECTION('',(-1.,-0.,-0.));
#8163 = ORIENTED_EDGE('',*,*,#8164,.T.);
#8164 = EDGE_CURVE('',#8157,#8125,#8165,.T.);
#8165 = ( BOUNDED_CURVE() B_SPLINE_CURVE(3,(#8166,#8167,#8168,#8169),
.UNSPECIFIED.,.F.,.F.) B_SPLINE_CURVE_WITH_KNOTS((4,4),(0.,
0.714729423206),.PIECEWISE_BEZIER_KNOTS.) CURVE() 
GEOMETRIC_REPRESENTATION_ITEM() RATIONAL_B_SPLINE_CURVE((1.,
0.957881278015,0.957881278015,1.)) REPRESENTATION_ITEM('') );
#8166 = CARTESIAN_POINT('',(1.112435565298,-2.5,2.5));
#8167 = CARTESIAN_POINT('',(1.112435565298,-2.5,2.560864650434));
#8168 = CARTESIAN_POINT('',(1.118140433979,-2.478709140232,
    2.617883988933));
#8169 = CARTESIAN_POINT('',(1.128829326007,-2.438817652107,
    2.663853270498));
#8170 = CYLINDRICAL_SURFACE('',#8171,0.25);
#8171 = AXIS2_PLACEMENT_3D('',#8172,#8173,#8174);
#8172 = CARTESIAN_POINT('',(1.3,-2.25,2.5));
#8173 = DIRECTION('',(-1.,-0.,-0.));
#8174 = DIRECTION('',(-0.,0.,1.));
#8175 = ADVANCED_FACE('',(#8176),#8201,.F.);
#8176 = FACE_BOUND('',#8177,.T.);
#8177 = EDGE_LOOP('',(#8178,#8179,#8187,#8195));
#8178 = ORIENTED_EDGE('',*,*,#8156,.T.);
#8179 = ORIENTED_EDGE('',*,*,#8180,.F.);
#8180 = EDGE_CURVE('',#8181,#8148,#8183,.T.);
#8181 = VERTEX_POINT('',#8182);
#8182 = CARTESIAN_POINT('',(0.537564434702,-2.5,2.45));
#8183 = LINE('',#8184,#8185);
#8184 = CARTESIAN_POINT('',(0.537564434702,-2.5,-3.4));
#8185 = VECTOR('',#8186,1.);
#8186 = DIRECTION('',(-0.,-0.,1.));
#8187 = ORIENTED_EDGE('',*,*,#8188,.F.);
#8188 = EDGE_CURVE('',#8189,#8181,#8191,.T.);
#8189 = VERTEX_POINT('',#8190);
#8190 = CARTESIAN_POINT('',(1.112435565298,-2.5,2.45));
#8191 = LINE('',#8192,#8193);
#8192 = CARTESIAN_POINT('',(1.3,-2.5,2.45));
#8193 = VECTOR('',#8194,1.);
#8194 = DIRECTION('',(-1.,-0.,-0.));
#8195 = ORIENTED_EDGE('',*,*,#8196,.T.);
#8196 = EDGE_CURVE('',#8189,#8157,#8197,.T.);
#8197 = LINE('',#8198,#8199);
#8198 = CARTESIAN_POINT('',(1.112435565298,-2.5,-3.4));
#8199 = VECTOR('',#8200,1.);
#8200 = DIRECTION('',(-0.,-0.,1.));
#8201 = PLANE('',#8202);
#8202 = AXIS2_PLACEMENT_3D('',#8203,#8204,#8205);
#8203 = CARTESIAN_POINT('',(1.3,-2.5,2.45));
#8204 = DIRECTION('',(0.,1.,0.));
#8205 = DIRECTION('',(0.,-0.,1.));
#8206 = ADVANCED_FACE('',(#8207),#8234,.T.);
#8207 = FACE_BOUND('',#8208,.T.);
#8208 = EDGE_LOOP('',(#8209,#8210,#8219,#8227));
#8209 = ORIENTED_EDGE('',*,*,#8188,.T.);
#8210 = ORIENTED_EDGE('',*,*,#8211,.T.);
#8211 = EDGE_CURVE('',#8181,#8212,#8214,.T.);
#8212 = VERTEX_POINT('',#8213);
#8213 = CARTESIAN_POINT('',(0.470577136594,-2.25,2.2));
#8214 = ( BOUNDED_CURVE() B_SPLINE_CURVE(3,(#8215,#8216,#8217,#8218),
.UNSPECIFIED.,.F.,.F.) B_SPLINE_CURVE_WITH_KNOTS((4,4),(3.14159265359,
4.712388980385),.PIECEWISE_BEZIER_KNOTS.) CURVE() 
GEOMETRIC_REPRESENTATION_ITEM() RATIONAL_B_SPLINE_CURVE((1.,
0.804737854124,0.804737854124,1.)) REPRESENTATION_ITEM('') );
#8215 = CARTESIAN_POINT('',(0.537564434702,-2.5,2.45));
#8216 = CARTESIAN_POINT('',(0.537564434702,-2.5,2.303553390593));
#8217 = CARTESIAN_POINT('',(0.509817387319,-2.396446609407,2.2));
#8218 = CARTESIAN_POINT('',(0.470577136594,-2.25,2.2));
#8219 = ORIENTED_EDGE('',*,*,#8220,.F.);
#8220 = EDGE_CURVE('',#8221,#8212,#8223,.T.);
#8221 = VERTEX_POINT('',#8222);
#8222 = CARTESIAN_POINT('',(1.179422863406,-2.25,2.2));
#8223 = LINE('',#8224,#8225);
#8224 = CARTESIAN_POINT('',(1.3,-2.25,2.2));
#8225 = VECTOR('',#8226,1.);
#8226 = DIRECTION('',(-1.,-0.,-0.));
#8227 = ORIENTED_EDGE('',*,*,#8228,.T.);
#8228 = EDGE_CURVE('',#8221,#8189,#8229,.T.);
#8229 = ( BOUNDED_CURVE() B_SPLINE_CURVE(3,(#8230,#8231,#8232,#8233),
.UNSPECIFIED.,.F.,.F.) B_SPLINE_CURVE_WITH_KNOTS((4,4),(4.712388980385,
6.28318530718),.PIECEWISE_BEZIER_KNOTS.) CURVE() 
GEOMETRIC_REPRESENTATION_ITEM() RATIONAL_B_SPLINE_CURVE((1.,
0.804737854124,0.804737854124,1.)) REPRESENTATION_ITEM('') );
#8230 = CARTESIAN_POINT('',(1.179422863406,-2.25,2.2));
#8231 = CARTESIAN_POINT('',(1.140182612681,-2.396446609407,2.2));
#8232 = CARTESIAN_POINT('',(1.112435565298,-2.5,2.303553390593));
#8233 = CARTESIAN_POINT('',(1.112435565298,-2.5,2.45));
#8234 = CYLINDRICAL_SURFACE('',#8235,0.25);
#8235 = AXIS2_PLACEMENT_3D('',#8236,#8237,#8238);
#8236 = CARTESIAN_POINT('',(1.3,-2.25,2.45));
#8237 = DIRECTION('',(-1.,-0.,-0.));
#8238 = DIRECTION('',(-0.,0.,1.));
#8239 = ADVANCED_FACE('',(#8240),#8281,.F.);
#8240 = FACE_BOUND('',#8241,.T.);
#8241 = EDGE_LOOP('',(#8242,#8243,#8251,#8259,#8267,#8275));
#8242 = ORIENTED_EDGE('',*,*,#8220,.T.);
#8243 = ORIENTED_EDGE('',*,*,#8244,.T.);
#8244 = EDGE_CURVE('',#8212,#8245,#8247,.T.);
#8245 = VERTEX_POINT('',#8246);
#8246 = CARTESIAN_POINT('',(0.35,-1.8,2.2));
#8247 = LINE('',#8248,#8249);
#8248 = CARTESIAN_POINT('',(0.301137933202,-1.617644284148,2.2));
#8249 = VECTOR('',#8250,1.);
#8250 = DIRECTION('',(-0.258819045103,0.965925826289,4.6544839081E-16));
#8251 = ORIENTED_EDGE('',*,*,#8252,.T.);
#8252 = EDGE_CURVE('',#8245,#8253,#8255,.T.);
#8253 = VERTEX_POINT('',#8254);
#8254 = CARTESIAN_POINT('',(0.35,-1.35,2.2));
#8255 = LINE('',#8256,#8257);
#8256 = CARTESIAN_POINT('',(0.35,-1.35,2.2));
#8257 = VECTOR('',#8258,1.);
#8258 = DIRECTION('',(-0.,1.,4.818676322158E-16));
#8259 = ORIENTED_EDGE('',*,*,#8260,.F.);
#8260 = EDGE_CURVE('',#8261,#8253,#8263,.T.);
#8261 = VERTEX_POINT('',#8262);
#8262 = CARTESIAN_POINT('',(1.3,-1.35,2.2));
#8263 = LINE('',#8264,#8265);
#8264 = CARTESIAN_POINT('',(1.3,-1.35,2.2));
#8265 = VECTOR('',#8266,1.);
#8266 = DIRECTION('',(-1.,-0.,-0.));
#8267 = ORIENTED_EDGE('',*,*,#8268,.F.);
#8268 = EDGE_CURVE('',#8269,#8261,#8271,.T.);
#8269 = VERTEX_POINT('',#8270);
#8270 = CARTESIAN_POINT('',(1.3,-1.8,2.2));
#8271 = LINE('',#8272,#8273);
#8272 = CARTESIAN_POINT('',(1.3,-1.35,2.2));
#8273 = VECTOR('',#8274,1.);
#8274 = DIRECTION('',(-0.,1.,4.818676322158E-16));
#8275 = ORIENTED_EDGE('',*,*,#8276,.T.);
#8276 = EDGE_CURVE('',#8269,#8221,#8277,.T.);
#8277 = LINE('',#8278,#8279);
#8278 = CARTESIAN_POINT('',(1.4125,-1.380144284149,2.2));
#8279 = VECTOR('',#8280,1.);
#8280 = DIRECTION('',(-0.258819045103,-0.965925826289,-4.6544839081E-16)
  );
#8281 = PLANE('',#8282);
#8282 = AXIS2_PLACEMENT_3D('',#8283,#8284,#8285);
#8283 = CARTESIAN_POINT('',(1.3,-1.35,2.2));
#8284 = DIRECTION('',(0.,-4.818676322158E-16,1.));
#8285 = DIRECTION('',(0.,-1.,-4.818676322158E-16));
#8286 = ADVANCED_FACE('',(#8287),#8314,.F.);
#8287 = FACE_BOUND('',#8288,.F.);
#8288 = EDGE_LOOP('',(#8289,#8290,#8299,#8307));
#8289 = ORIENTED_EDGE('',*,*,#8260,.F.);
#8290 = ORIENTED_EDGE('',*,*,#8291,.T.);
#8291 = EDGE_CURVE('',#8261,#8292,#8294,.T.);
#8292 = VERTEX_POINT('',#8293);
#8293 = CARTESIAN_POINT('',(1.3,-1.296417009262,2.194190219099));
#8294 = CIRCLE('',#8295,0.25);
#8295 = AXIS2_PLACEMENT_3D('',#8296,#8297,#8298);
#8296 = CARTESIAN_POINT('',(1.3,-1.35,1.95));
#8297 = DIRECTION('',(-1.,-0.,-0.));
#8298 = DIRECTION('',(0.,0.,-1.));
#8299 = ORIENTED_EDGE('',*,*,#8300,.T.);
#8300 = EDGE_CURVE('',#8292,#8301,#8303,.T.);
#8301 = VERTEX_POINT('',#8302);
#8302 = CARTESIAN_POINT('',(0.35,-1.296417009262,2.194190219099));
#8303 = LINE('',#8304,#8305);
#8304 = CARTESIAN_POINT('',(1.3,-1.296417009262,2.194190219099));
#8305 = VECTOR('',#8306,1.);
#8306 = DIRECTION('',(-1.,-0.,-0.));
#8307 = ORIENTED_EDGE('',*,*,#8308,.F.);
#8308 = EDGE_CURVE('',#8253,#8301,#8309,.T.);
#8309 = CIRCLE('',#8310,0.25);
#8310 = AXIS2_PLACEMENT_3D('',#8311,#8312,#8313);
#8311 = CARTESIAN_POINT('',(0.35,-1.35,1.95));
#8312 = DIRECTION('',(-1.,-0.,-0.));
#8313 = DIRECTION('',(0.,0.,-1.));
#8314 = CYLINDRICAL_SURFACE('',#8315,0.25);
#8315 = AXIS2_PLACEMENT_3D('',#8316,#8317,#8318);
#8316 = CARTESIAN_POINT('',(1.3,-1.35,1.95));
#8317 = DIRECTION('',(-1.,-0.,-0.));
#8318 = DIRECTION('',(-0.,0.,1.));
#8319 = ADVANCED_FACE('',(#8320),#8336,.F.);
#8320 = FACE_BOUND('',#8321,.T.);
#8321 = EDGE_LOOP('',(#8322,#8328,#8329,#8335));
#8322 = ORIENTED_EDGE('',*,*,#8323,.T.);
#8323 = EDGE_CURVE('',#8301,#6410,#8324,.T.);
#8324 = LINE('',#8325,#8326);
#8325 = CARTESIAN_POINT('',(0.35,0.5,1.8));
#8326 = VECTOR('',#8327,1.);
#8327 = DIRECTION('',(-0.,0.976760876396,-0.214331962951));
#8328 = ORIENTED_EDGE('',*,*,#6409,.F.);
#8329 = ORIENTED_EDGE('',*,*,#8330,.F.);
#8330 = EDGE_CURVE('',#8292,#6402,#8331,.T.);
#8331 = LINE('',#8332,#8333);
#8332 = CARTESIAN_POINT('',(1.3,0.5,1.8));
#8333 = VECTOR('',#8334,1.);
#8334 = DIRECTION('',(-0.,0.976760876396,-0.214331962951));
#8335 = ORIENTED_EDGE('',*,*,#8300,.T.);
#8336 = PLANE('',#8337);
#8337 = AXIS2_PLACEMENT_3D('',#8338,#8339,#8340);
#8338 = CARTESIAN_POINT('',(1.3,0.5,1.8));
#8339 = DIRECTION('',(-0.,0.214331962951,0.976760876396));
#8340 = DIRECTION('',(0.,-0.976760876396,0.214331962951));
#8341 = ADVANCED_FACE('',(#8342),#8358,.F.);
#8342 = FACE_BOUND('',#8343,.T.);
#8343 = EDGE_LOOP('',(#8344,#8345,#8351,#8352,#8353,#8354,#8355,#8356,
    #8357));
#8344 = ORIENTED_EDGE('',*,*,#8100,.T.);
#8345 = ORIENTED_EDGE('',*,*,#8346,.F.);
#8346 = EDGE_CURVE('',#8269,#8093,#8347,.T.);
#8347 = LINE('',#8348,#8349);
#8348 = CARTESIAN_POINT('',(1.3,-1.8,-3.4));
#8349 = VECTOR('',#8350,1.);
#8350 = DIRECTION('',(-0.,-0.,1.));
#8351 = ORIENTED_EDGE('',*,*,#8268,.T.);
#8352 = ORIENTED_EDGE('',*,*,#8291,.T.);
#8353 = ORIENTED_EDGE('',*,*,#8330,.T.);
#8354 = ORIENTED_EDGE('',*,*,#6928,.T.);
#8355 = ORIENTED_EDGE('',*,*,#6888,.T.);
#8356 = ORIENTED_EDGE('',*,*,#7424,.T.);
#8357 = ORIENTED_EDGE('',*,*,#8069,.T.);
#8358 = PLANE('',#8359);
#8359 = AXIS2_PLACEMENT_3D('',#8360,#8361,#8362);
#8360 = CARTESIAN_POINT('',(1.3,-2.25,2.5));
#8361 = DIRECTION('',(-1.,-0.,0.));
#8362 = DIRECTION('',(0.,0.,1.));
#8363 = ADVANCED_FACE('',(#8364),#8380,.T.);
#8364 = FACE_BOUND('',#8365,.T.);
#8365 = EDGE_LOOP('',(#8366,#8372,#8373,#8374,#8375,#8376,#8377,#8378,
    #8379));
#8366 = ORIENTED_EDGE('',*,*,#8367,.T.);
#8367 = EDGE_CURVE('',#8245,#8085,#8368,.T.);
#8368 = LINE('',#8369,#8370);
#8369 = CARTESIAN_POINT('',(0.35,-1.8,-3.4));
#8370 = VECTOR('',#8371,1.);
#8371 = DIRECTION('',(-0.,-0.,1.));
#8372 = ORIENTED_EDGE('',*,*,#8084,.F.);
#8373 = ORIENTED_EDGE('',*,*,#8053,.F.);
#8374 = ORIENTED_EDGE('',*,*,#7408,.F.);
#8375 = ORIENTED_EDGE('',*,*,#7931,.F.);
#8376 = ORIENTED_EDGE('',*,*,#7960,.F.);
#8377 = ORIENTED_EDGE('',*,*,#8323,.F.);
#8378 = ORIENTED_EDGE('',*,*,#8308,.F.);
#8379 = ORIENTED_EDGE('',*,*,#8252,.F.);
#8380 = PLANE('',#8381);
#8381 = AXIS2_PLACEMENT_3D('',#8382,#8383,#8384);
#8382 = CARTESIAN_POINT('',(0.35,-2.25,2.5));
#8383 = DIRECTION('',(-1.,-0.,0.));
#8384 = DIRECTION('',(0.,0.,1.));
#8385 = ADVANCED_FACE('',(#8386),#8420,.F.);
#8386 = FACE_BOUND('',#8387,.T.);
#8387 = EDGE_LOOP('',(#8388,#8398,#8406,#8414));
#8388 = ORIENTED_EDGE('',*,*,#8389,.T.);
#8389 = EDGE_CURVE('',#8390,#8392,#8394,.T.);
#8390 = VERTEX_POINT('',#8391);
#8391 = CARTESIAN_POINT('',(0.35,-1.8,-3.4));
#8392 = VERTEX_POINT('',#8393);
#8393 = CARTESIAN_POINT('',(0.35,-1.35,-3.4));
#8394 = LINE('',#8395,#8396);
#8395 = CARTESIAN_POINT('',(0.35,-1.8,-3.4));
#8396 = VECTOR('',#8397,1.);
#8397 = DIRECTION('',(0.,1.,0.));
#8398 = ORIENTED_EDGE('',*,*,#8399,.F.);
#8399 = EDGE_CURVE('',#8400,#8392,#8402,.T.);
#8400 = VERTEX_POINT('',#8401);
#8401 = CARTESIAN_POINT('',(1.3,-1.35,-3.4));
#8402 = LINE('',#8403,#8404);
#8403 = CARTESIAN_POINT('',(1.3,-1.35,-3.4));
#8404 = VECTOR('',#8405,1.);
#8405 = DIRECTION('',(-1.,-0.,-0.));
#8406 = ORIENTED_EDGE('',*,*,#8407,.F.);
#8407 = EDGE_CURVE('',#8408,#8400,#8410,.T.);
#8408 = VERTEX_POINT('',#8409);
#8409 = CARTESIAN_POINT('',(1.3,-1.8,-3.4));
#8410 = LINE('',#8411,#8412);
#8411 = CARTESIAN_POINT('',(1.3,-1.8,-3.4));
#8412 = VECTOR('',#8413,1.);
#8413 = DIRECTION('',(0.,1.,0.));
#8414 = ORIENTED_EDGE('',*,*,#8415,.T.);
#8415 = EDGE_CURVE('',#8408,#8390,#8416,.T.);
#8416 = LINE('',#8417,#8418);
#8417 = CARTESIAN_POINT('',(1.3,-1.8,-3.4));
#8418 = VECTOR('',#8419,1.);
#8419 = DIRECTION('',(-1.,-0.,-0.));
#8420 = PLANE('',#8421);
#8421 = AXIS2_PLACEMENT_3D('',#8422,#8423,#8424);
#8422 = CARTESIAN_POINT('',(1.3,-1.8,-3.4));
#8423 = DIRECTION('',(0.,0.,1.));
#8424 = DIRECTION('',(1.,0.,-0.));
#8425 = ADVANCED_FACE('',(#8426),#8442,.F.);
#8426 = FACE_BOUND('',#8427,.T.);
#8427 = EDGE_LOOP('',(#8428,#8434,#8435,#8441));
#8428 = ORIENTED_EDGE('',*,*,#8429,.T.);
#8429 = EDGE_CURVE('',#8392,#6997,#8430,.T.);
#8430 = LINE('',#8431,#8432);
#8431 = CARTESIAN_POINT('',(0.35,-1.35,-3.4));
#8432 = VECTOR('',#8433,1.);
#8433 = DIRECTION('',(0.,0.371390676354,0.928476690885));
#8434 = ORIENTED_EDGE('',*,*,#6996,.F.);
#8435 = ORIENTED_EDGE('',*,*,#8436,.F.);
#8436 = EDGE_CURVE('',#8400,#6989,#8437,.T.);
#8437 = LINE('',#8438,#8439);
#8438 = CARTESIAN_POINT('',(1.3,-1.35,-3.4));
#8439 = VECTOR('',#8440,1.);
#8440 = DIRECTION('',(0.,0.371390676354,0.928476690885));
#8441 = ORIENTED_EDGE('',*,*,#8399,.T.);
#8442 = PLANE('',#8443);
#8443 = AXIS2_PLACEMENT_3D('',#8444,#8445,#8446);
#8444 = CARTESIAN_POINT('',(1.3,-1.35,-3.4));
#8445 = DIRECTION('',(0.,-0.928476690885,0.371390676354));
#8446 = DIRECTION('',(0.,-0.371390676354,-0.928476690885));
#8447 = ADVANCED_FACE('',(#8448),#8473,.F.);
#8448 = FACE_BOUND('',#8449,.T.);
#8449 = EDGE_LOOP('',(#8450,#8458,#8466,#8472));
#8450 = ORIENTED_EDGE('',*,*,#8451,.T.);
#8451 = EDGE_CURVE('',#6515,#8452,#8454,.T.);
#8452 = VERTEX_POINT('',#8453);
#8453 = CARTESIAN_POINT('',(0.35,-1.296417009262,-2.194190219099));
#8454 = LINE('',#8455,#8456);
#8455 = CARTESIAN_POINT('',(0.35,0.5,-1.8));
#8456 = VECTOR('',#8457,1.);
#8457 = DIRECTION('',(0.,-0.976760876396,-0.214331962951));
#8458 = ORIENTED_EDGE('',*,*,#8459,.F.);
#8459 = EDGE_CURVE('',#8460,#8452,#8462,.T.);
#8460 = VERTEX_POINT('',#8461);
#8461 = CARTESIAN_POINT('',(1.3,-1.296417009262,-2.194190219099));
#8462 = LINE('',#8463,#8464);
#8463 = CARTESIAN_POINT('',(1.3,-1.296417009262,-2.194190219099));
#8464 = VECTOR('',#8465,1.);
#8465 = DIRECTION('',(-1.,-0.,-0.));
#8466 = ORIENTED_EDGE('',*,*,#8467,.F.);
#8467 = EDGE_CURVE('',#6523,#8460,#8468,.T.);
#8468 = LINE('',#8469,#8470);
#8469 = CARTESIAN_POINT('',(1.3,0.5,-1.8));
#8470 = VECTOR('',#8471,1.);
#8471 = DIRECTION('',(0.,-0.976760876396,-0.214331962951));
#8472 = ORIENTED_EDGE('',*,*,#6522,.T.);
#8473 = PLANE('',#8474);
#8474 = AXIS2_PLACEMENT_3D('',#8475,#8476,#8477);
#8475 = CARTESIAN_POINT('',(1.3,0.5,-1.8));
#8476 = DIRECTION('',(0.,0.214331962951,-0.976760876396));
#8477 = DIRECTION('',(0.,0.976760876396,0.214331962951));
#8478 = ADVANCED_FACE('',(#8479),#8506,.F.);
#8479 = FACE_BOUND('',#8480,.F.);
#8480 = EDGE_LOOP('',(#8481,#8482,#8491,#8499));
#8481 = ORIENTED_EDGE('',*,*,#8459,.F.);
#8482 = ORIENTED_EDGE('',*,*,#8483,.T.);
#8483 = EDGE_CURVE('',#8460,#8484,#8486,.T.);
#8484 = VERTEX_POINT('',#8485);
#8485 = CARTESIAN_POINT('',(1.3,-1.35,-2.2));
#8486 = CIRCLE('',#8487,0.25);
#8487 = AXIS2_PLACEMENT_3D('',#8488,#8489,#8490);
#8488 = CARTESIAN_POINT('',(1.3,-1.35,-1.95));
#8489 = DIRECTION('',(-1.,-0.,0.));
#8490 = DIRECTION('',(0.,0.,1.));
#8491 = ORIENTED_EDGE('',*,*,#8492,.T.);
#8492 = EDGE_CURVE('',#8484,#8493,#8495,.T.);
#8493 = VERTEX_POINT('',#8494);
#8494 = CARTESIAN_POINT('',(0.35,-1.35,-2.2));
#8495 = LINE('',#8496,#8497);
#8496 = CARTESIAN_POINT('',(1.3,-1.35,-2.2));
#8497 = VECTOR('',#8498,1.);
#8498 = DIRECTION('',(-1.,-0.,-0.));
#8499 = ORIENTED_EDGE('',*,*,#8500,.F.);
#8500 = EDGE_CURVE('',#8452,#8493,#8501,.T.);
#8501 = CIRCLE('',#8502,0.25);
#8502 = AXIS2_PLACEMENT_3D('',#8503,#8504,#8505);
#8503 = CARTESIAN_POINT('',(0.35,-1.35,-1.95));
#8504 = DIRECTION('',(-1.,-0.,0.));
#8505 = DIRECTION('',(0.,0.,1.));
#8506 = CYLINDRICAL_SURFACE('',#8507,0.25);
#8507 = AXIS2_PLACEMENT_3D('',#8508,#8509,#8510);
#8508 = CARTESIAN_POINT('',(1.3,-1.35,-1.95));
#8509 = DIRECTION('',(-1.,-0.,-0.));
#8510 = DIRECTION('',(-0.,0.,1.));
#8511 = ADVANCED_FACE('',(#8512),#8553,.F.);
#8512 = FACE_BOUND('',#8513,.T.);
#8513 = EDGE_LOOP('',(#8514,#8522,#8530,#8538,#8546,#8552));
#8514 = ORIENTED_EDGE('',*,*,#8515,.T.);
#8515 = EDGE_CURVE('',#8493,#8516,#8518,.T.);
#8516 = VERTEX_POINT('',#8517);
#8517 = CARTESIAN_POINT('',(0.35,-1.8,-2.2));
#8518 = LINE('',#8519,#8520);
#8519 = CARTESIAN_POINT('',(0.35,-1.35,-2.2));
#8520 = VECTOR('',#8521,1.);
#8521 = DIRECTION('',(0.,-1.,2.409338161079E-15));
#8522 = ORIENTED_EDGE('',*,*,#8523,.T.);
#8523 = EDGE_CURVE('',#8516,#8524,#8526,.T.);
#8524 = VERTEX_POINT('',#8525);
#8525 = CARTESIAN_POINT('',(0.470577136594,-2.25,-2.2));
#8526 = LINE('',#8527,#8528);
#8527 = CARTESIAN_POINT('',(0.301137933202,-1.617644284148,-2.2));
#8528 = VECTOR('',#8529,1.);
#8529 = DIRECTION('',(0.258819045103,-0.965925826289,2.32724195405E-15)
  );
#8530 = ORIENTED_EDGE('',*,*,#8531,.F.);
#8531 = EDGE_CURVE('',#8532,#8524,#8534,.T.);
#8532 = VERTEX_POINT('',#8533);
#8533 = CARTESIAN_POINT('',(1.179422863406,-2.25,-2.2));
#8534 = LINE('',#8535,#8536);
#8535 = CARTESIAN_POINT('',(1.3,-2.25,-2.2));
#8536 = VECTOR('',#8537,1.);
#8537 = DIRECTION('',(-1.,-0.,-0.));
#8538 = ORIENTED_EDGE('',*,*,#8539,.T.);
#8539 = EDGE_CURVE('',#8532,#8540,#8542,.T.);
#8540 = VERTEX_POINT('',#8541);
#8541 = CARTESIAN_POINT('',(1.3,-1.8,-2.2));
#8542 = LINE('',#8543,#8544);
#8543 = CARTESIAN_POINT('',(1.4125,-1.380144284149,-2.2));
#8544 = VECTOR('',#8545,1.);
#8545 = DIRECTION('',(0.258819045103,0.965925826289,-2.32724195405E-15)
  );
#8546 = ORIENTED_EDGE('',*,*,#8547,.F.);
#8547 = EDGE_CURVE('',#8484,#8540,#8548,.T.);
#8548 = LINE('',#8549,#8550);
#8549 = CARTESIAN_POINT('',(1.3,-1.35,-2.2));
#8550 = VECTOR('',#8551,1.);
#8551 = DIRECTION('',(0.,-1.,2.409338161079E-15));
#8552 = ORIENTED_EDGE('',*,*,#8492,.T.);
#8553 = PLANE('',#8554);
#8554 = AXIS2_PLACEMENT_3D('',#8555,#8556,#8557);
#8555 = CARTESIAN_POINT('',(1.3,-1.35,-2.2));
#8556 = DIRECTION('',(0.,-2.409338161079E-15,-1.));
#8557 = DIRECTION('',(0.,1.,-2.409338161079E-15));
#8558 = ADVANCED_FACE('',(#8559),#8586,.T.);
#8559 = FACE_BOUND('',#8560,.T.);
#8560 = EDGE_LOOP('',(#8561,#8562,#8571,#8579));
#8561 = ORIENTED_EDGE('',*,*,#8531,.T.);
#8562 = ORIENTED_EDGE('',*,*,#8563,.T.);
#8563 = EDGE_CURVE('',#8524,#8564,#8566,.T.);
#8564 = VERTEX_POINT('',#8565);
#8565 = CARTESIAN_POINT('',(0.537564434702,-2.5,-2.45));
#8566 = ( BOUNDED_CURVE() B_SPLINE_CURVE(3,(#8567,#8568,#8569,#8570),
.UNSPECIFIED.,.F.,.F.) B_SPLINE_CURVE_WITH_KNOTS((4,4),(1.570796326795,
3.14159265359),.PIECEWISE_BEZIER_KNOTS.) CURVE() 
GEOMETRIC_REPRESENTATION_ITEM() RATIONAL_B_SPLINE_CURVE((1.,
0.804737854124,0.804737854124,1.)) REPRESENTATION_ITEM('') );
#8567 = CARTESIAN_POINT('',(0.470577136594,-2.25,-2.2));
#8568 = CARTESIAN_POINT('',(0.509817387319,-2.396446609407,-2.2));
#8569 = CARTESIAN_POINT('',(0.537564434702,-2.5,-2.303553390593));
#8570 = CARTESIAN_POINT('',(0.537564434702,-2.5,-2.45));
#8571 = ORIENTED_EDGE('',*,*,#8572,.F.);
#8572 = EDGE_CURVE('',#8573,#8564,#8575,.T.);
#8573 = VERTEX_POINT('',#8574);
#8574 = CARTESIAN_POINT('',(1.112435565298,-2.5,-2.45));
#8575 = LINE('',#8576,#8577);
#8576 = CARTESIAN_POINT('',(1.3,-2.5,-2.45));
#8577 = VECTOR('',#8578,1.);
#8578 = DIRECTION('',(-1.,-0.,-0.));
#8579 = ORIENTED_EDGE('',*,*,#8580,.T.);
#8580 = EDGE_CURVE('',#8573,#8532,#8581,.T.);
#8581 = ( BOUNDED_CURVE() B_SPLINE_CURVE(3,(#8582,#8583,#8584,#8585),
.UNSPECIFIED.,.F.,.F.) B_SPLINE_CURVE_WITH_KNOTS((4,4),(
3.469446951954E-15,1.570796326795),.PIECEWISE_BEZIER_KNOTS.) CURVE() 
GEOMETRIC_REPRESENTATION_ITEM() RATIONAL_B_SPLINE_CURVE((1.,
0.804737854124,0.804737854124,1.)) REPRESENTATION_ITEM('') );
#8582 = CARTESIAN_POINT('',(1.112435565298,-2.5,-2.45));
#8583 = CARTESIAN_POINT('',(1.112435565298,-2.5,-2.303553390593));
#8584 = CARTESIAN_POINT('',(1.140182612681,-2.396446609407,-2.2));
#8585 = CARTESIAN_POINT('',(1.179422863406,-2.25,-2.2));
#8586 = CYLINDRICAL_SURFACE('',#8587,0.25);
#8587 = AXIS2_PLACEMENT_3D('',#8588,#8589,#8590);
#8588 = CARTESIAN_POINT('',(1.3,-2.25,-2.45));
#8589 = DIRECTION('',(-1.,-0.,-0.));
#8590 = DIRECTION('',(-0.,0.,1.));
#8591 = ADVANCED_FACE('',(#8592),#8617,.F.);
#8592 = FACE_BOUND('',#8593,.T.);
#8593 = EDGE_LOOP('',(#8594,#8595,#8603,#8611));
#8594 = ORIENTED_EDGE('',*,*,#8572,.T.);
#8595 = ORIENTED_EDGE('',*,*,#8596,.F.);
#8596 = EDGE_CURVE('',#8597,#8564,#8599,.T.);
#8597 = VERTEX_POINT('',#8598);
#8598 = CARTESIAN_POINT('',(0.537564434702,-2.5,-2.5));
#8599 = LINE('',#8600,#8601);
#8600 = CARTESIAN_POINT('',(0.537564434702,-2.5,-3.4));
#8601 = VECTOR('',#8602,1.);
#8602 = DIRECTION('',(-0.,-0.,1.));
#8603 = ORIENTED_EDGE('',*,*,#8604,.F.);
#8604 = EDGE_CURVE('',#8605,#8597,#8607,.T.);
#8605 = VERTEX_POINT('',#8606);
#8606 = CARTESIAN_POINT('',(1.112435565298,-2.5,-2.5));
#8607 = LINE('',#8608,#8609);
#8608 = CARTESIAN_POINT('',(1.3,-2.5,-2.5));
#8609 = VECTOR('',#8610,1.);
#8610 = DIRECTION('',(-1.,-0.,-0.));
#8611 = ORIENTED_EDGE('',*,*,#8612,.T.);
#8612 = EDGE_CURVE('',#8605,#8573,#8613,.T.);
#8613 = LINE('',#8614,#8615);
#8614 = CARTESIAN_POINT('',(1.112435565298,-2.5,-3.4));
#8615 = VECTOR('',#8616,1.);
#8616 = DIRECTION('',(-0.,-0.,1.));
#8617 = PLANE('',#8618);
#8618 = AXIS2_PLACEMENT_3D('',#8619,#8620,#8621);
#8619 = CARTESIAN_POINT('',(1.3,-2.5,-2.45));
#8620 = DIRECTION('',(-0.,1.,0.));
#8621 = DIRECTION('',(0.,0.,1.));
#8622 = ADVANCED_FACE('',(#8623),#8650,.T.);
#8623 = FACE_BOUND('',#8624,.T.);
#8624 = EDGE_LOOP('',(#8625,#8626,#8635,#8643));
#8625 = ORIENTED_EDGE('',*,*,#8604,.T.);
#8626 = ORIENTED_EDGE('',*,*,#8627,.T.);
#8627 = EDGE_CURVE('',#8597,#8628,#8630,.T.);
#8628 = VERTEX_POINT('',#8629);
#8629 = CARTESIAN_POINT('',(0.521170673993,-2.438817652107,
    -2.663853270498));
#8630 = ( BOUNDED_CURVE() B_SPLINE_CURVE(3,(#8631,#8632,#8633,#8634),
.UNSPECIFIED.,.F.,.F.) B_SPLINE_CURVE_WITH_KNOTS((4,4),(3.14159265359,
3.856322076795),.PIECEWISE_BEZIER_KNOTS.) CURVE() 
GEOMETRIC_REPRESENTATION_ITEM() RATIONAL_B_SPLINE_CURVE((1.,
0.957881278015,0.957881278015,1.)) REPRESENTATION_ITEM('') );
#8631 = CARTESIAN_POINT('',(0.537564434702,-2.5,-2.5));
#8632 = CARTESIAN_POINT('',(0.537564434702,-2.5,-2.560864650434));
#8633 = CARTESIAN_POINT('',(0.531859566021,-2.478709140232,
    -2.617883988933));
#8634 = CARTESIAN_POINT('',(0.521170673993,-2.438817652107,
    -2.663853270498));
#8635 = ORIENTED_EDGE('',*,*,#8636,.F.);
#8636 = EDGE_CURVE('',#8637,#8628,#8639,.T.);
#8637 = VERTEX_POINT('',#8638);
#8638 = CARTESIAN_POINT('',(1.128829326007,-2.438817652107,
    -2.663853270498));
#8639 = LINE('',#8640,#8641);
#8640 = CARTESIAN_POINT('',(1.3,-2.438817652107,-2.663853270498));
#8641 = VECTOR('',#8642,1.);
#8642 = DIRECTION('',(-1.,-0.,-0.));
#8643 = ORIENTED_EDGE('',*,*,#8644,.T.);
#8644 = EDGE_CURVE('',#8637,#8605,#8645,.T.);
#8645 = ( BOUNDED_CURVE() B_SPLINE_CURVE(3,(#8646,#8647,#8648,#8649),
.UNSPECIFIED.,.F.,.F.) B_SPLINE_CURVE_WITH_KNOTS((4,4),(5.568455883974,
6.28318530718),.PIECEWISE_BEZIER_KNOTS.) CURVE() 
GEOMETRIC_REPRESENTATION_ITEM() RATIONAL_B_SPLINE_CURVE((1.,
0.957881278015,0.957881278015,1.)) REPRESENTATION_ITEM('') );
#8646 = CARTESIAN_POINT('',(1.128829326007,-2.438817652107,
    -2.663853270498));
#8647 = CARTESIAN_POINT('',(1.118140433979,-2.478709140232,
    -2.617883988933));
#8648 = CARTESIAN_POINT('',(1.112435565298,-2.5,-2.560864650434));
#8649 = CARTESIAN_POINT('',(1.112435565298,-2.5,-2.5));
#8650 = CYLINDRICAL_SURFACE('',#8651,0.25);
#8651 = AXIS2_PLACEMENT_3D('',#8652,#8653,#8654);
#8652 = CARTESIAN_POINT('',(1.3,-2.25,-2.5));
#8653 = DIRECTION('',(-1.,-0.,-0.));
#8654 = DIRECTION('',(-0.,0.,1.));
#8655 = ADVANCED_FACE('',(#8656),#8672,.F.);
#8656 = FACE_BOUND('',#8657,.T.);
#8657 = EDGE_LOOP('',(#8658,#8659,#8665,#8666));
#8658 = ORIENTED_EDGE('',*,*,#8636,.T.);
#8659 = ORIENTED_EDGE('',*,*,#8660,.T.);
#8660 = EDGE_CURVE('',#8628,#8390,#8661,.T.);
#8661 = LINE('',#8662,#8663);
#8662 = CARTESIAN_POINT('',(0.544472262535,-2.525780364445,
    -2.563641079953));
#8663 = VECTOR('',#8664,1.);
#8664 = DIRECTION('',(-0.172970331041,0.645534063648,-0.743886441098));
#8665 = ORIENTED_EDGE('',*,*,#8415,.F.);
#8666 = ORIENTED_EDGE('',*,*,#8667,.T.);
#8667 = EDGE_CURVE('',#8408,#8637,#8668,.T.);
#8668 = LINE('',#8669,#8670);
#8669 = CARTESIAN_POINT('',(1.133950536114,-2.419705035792,
    -2.685877849729));
#8670 = VECTOR('',#8671,1.);
#8671 = DIRECTION('',(-0.172970331041,-0.645534063648,0.743886441098));
#8672 = PLANE('',#8673);
#8673 = AXIS2_PLACEMENT_3D('',#8674,#8675,#8676);
#8674 = CARTESIAN_POINT('',(1.3,-2.438817652107,-2.663853270498));
#8675 = DIRECTION('',(-0.,0.755270608427,0.655413081992));
#8676 = DIRECTION('',(0.,-0.655413081992,0.755270608427));
#8677 = ADVANCED_FACE('',(#8678),#8694,.F.);
#8678 = FACE_BOUND('',#8679,.T.);
#8679 = EDGE_LOOP('',(#8680,#8681,#8687,#8688,#8689,#8690,#8691,#8692,
    #8693));
#8680 = ORIENTED_EDGE('',*,*,#8547,.T.);
#8681 = ORIENTED_EDGE('',*,*,#8682,.F.);
#8682 = EDGE_CURVE('',#8408,#8540,#8683,.T.);
#8683 = LINE('',#8684,#8685);
#8684 = CARTESIAN_POINT('',(1.3,-1.8,-3.4));
#8685 = VECTOR('',#8686,1.);
#8686 = DIRECTION('',(-0.,-0.,1.));
#8687 = ORIENTED_EDGE('',*,*,#8407,.T.);
#8688 = ORIENTED_EDGE('',*,*,#8436,.T.);
#8689 = ORIENTED_EDGE('',*,*,#6988,.T.);
#8690 = ORIENTED_EDGE('',*,*,#6836,.T.);
#8691 = ORIENTED_EDGE('',*,*,#6866,.T.);
#8692 = ORIENTED_EDGE('',*,*,#8467,.T.);
#8693 = ORIENTED_EDGE('',*,*,#8483,.T.);
#8694 = PLANE('',#8695);
#8695 = AXIS2_PLACEMENT_3D('',#8696,#8697,#8698);
#8696 = CARTESIAN_POINT('',(1.3,-1.35,-1.95));
#8697 = DIRECTION('',(-1.,-0.,0.));
#8698 = DIRECTION('',(0.,0.,1.));
#8699 = ADVANCED_FACE('',(#8700),#8716,.T.);
#8700 = FACE_BOUND('',#8701,.T.);
#8701 = EDGE_LOOP('',(#8702,#8708,#8709,#8710,#8711,#8712,#8713,#8714,
    #8715));
#8702 = ORIENTED_EDGE('',*,*,#8703,.T.);
#8703 = EDGE_CURVE('',#8390,#8516,#8704,.T.);
#8704 = LINE('',#8705,#8706);
#8705 = CARTESIAN_POINT('',(0.35,-1.8,-3.4));
#8706 = VECTOR('',#8707,1.);
#8707 = DIRECTION('',(-0.,-0.,1.));
#8708 = ORIENTED_EDGE('',*,*,#8515,.F.);
#8709 = ORIENTED_EDGE('',*,*,#8500,.F.);
#8710 = ORIENTED_EDGE('',*,*,#8451,.F.);
#8711 = ORIENTED_EDGE('',*,*,#8037,.F.);
#8712 = ORIENTED_EDGE('',*,*,#8012,.F.);
#8713 = ORIENTED_EDGE('',*,*,#7004,.F.);
#8714 = ORIENTED_EDGE('',*,*,#8429,.F.);
#8715 = ORIENTED_EDGE('',*,*,#8389,.F.);
#8716 = PLANE('',#8717);
#8717 = AXIS2_PLACEMENT_3D('',#8718,#8719,#8720);
#8718 = CARTESIAN_POINT('',(0.35,-1.35,-1.95));
#8719 = DIRECTION('',(-1.,-0.,0.));
#8720 = DIRECTION('',(0.,0.,1.));
#8721 = ADVANCED_FACE('',(#8722),#8730,.F.);
#8722 = FACE_BOUND('',#8723,.T.);
#8723 = EDGE_LOOP('',(#8724,#8725,#8726,#8727,#8728,#8729));
#8724 = ORIENTED_EDGE('',*,*,#8703,.F.);
#8725 = ORIENTED_EDGE('',*,*,#8660,.F.);
#8726 = ORIENTED_EDGE('',*,*,#8627,.F.);
#8727 = ORIENTED_EDGE('',*,*,#8596,.T.);
#8728 = ORIENTED_EDGE('',*,*,#8563,.F.);
#8729 = ORIENTED_EDGE('',*,*,#8523,.F.);
#8730 = PLANE('',#8731);
#8731 = AXIS2_PLACEMENT_3D('',#8732,#8733,#8734);
#8732 = CARTESIAN_POINT('',(0.35,-1.8,-3.4));
#8733 = DIRECTION('',(0.965925826289,0.258819045103,0.));
#8734 = DIRECTION('',(-0.258819045103,0.965925826289,0.));
#8735 = ADVANCED_FACE('',(#8736),#8744,.F.);
#8736 = FACE_BOUND('',#8737,.T.);
#8737 = EDGE_LOOP('',(#8738,#8739,#8740,#8741,#8742,#8743));
#8738 = ORIENTED_EDGE('',*,*,#8580,.F.);
#8739 = ORIENTED_EDGE('',*,*,#8612,.F.);
#8740 = ORIENTED_EDGE('',*,*,#8644,.F.);
#8741 = ORIENTED_EDGE('',*,*,#8667,.F.);
#8742 = ORIENTED_EDGE('',*,*,#8682,.T.);
#8743 = ORIENTED_EDGE('',*,*,#8539,.F.);
#8744 = PLANE('',#8745);
#8745 = AXIS2_PLACEMENT_3D('',#8746,#8747,#8748);
#8746 = CARTESIAN_POINT('',(1.3,-1.8,-3.4));
#8747 = DIRECTION('',(-0.965925826289,0.258819045103,0.));
#8748 = DIRECTION('',(-0.258819045103,-0.965925826289,0.));
#8749 = ADVANCED_FACE('',(#8750),#8758,.F.);
#8750 = FACE_BOUND('',#8751,.T.);
#8751 = EDGE_LOOP('',(#8752,#8753,#8754,#8755,#8756,#8757));
#8752 = ORIENTED_EDGE('',*,*,#8367,.F.);
#8753 = ORIENTED_EDGE('',*,*,#8244,.F.);
#8754 = ORIENTED_EDGE('',*,*,#8211,.F.);
#8755 = ORIENTED_EDGE('',*,*,#8180,.T.);
#8756 = ORIENTED_EDGE('',*,*,#8147,.F.);
#8757 = ORIENTED_EDGE('',*,*,#8116,.F.);
#8758 = PLANE('',#8759);
#8759 = AXIS2_PLACEMENT_3D('',#8760,#8761,#8762);
#8760 = CARTESIAN_POINT('',(0.35,-1.8,-3.4));
#8761 = DIRECTION('',(0.965925826289,0.258819045103,0.));
#8762 = DIRECTION('',(-0.258819045103,0.965925826289,0.));
#8763 = ADVANCED_FACE('',(#8764),#8772,.F.);
#8764 = FACE_BOUND('',#8765,.T.);
#8765 = EDGE_LOOP('',(#8766,#8767,#8768,#8769,#8770,#8771));
#8766 = ORIENTED_EDGE('',*,*,#8164,.F.);
#8767 = ORIENTED_EDGE('',*,*,#8196,.F.);
#8768 = ORIENTED_EDGE('',*,*,#8228,.F.);
#8769 = ORIENTED_EDGE('',*,*,#8276,.F.);
#8770 = ORIENTED_EDGE('',*,*,#8346,.T.);
#8771 = ORIENTED_EDGE('',*,*,#8132,.F.);
#8772 = PLANE('',#8773);
#8773 = AXIS2_PLACEMENT_3D('',#8774,#8775,#8776);
#8774 = CARTESIAN_POINT('',(1.3,-1.8,-3.4));
#8775 = DIRECTION('',(-0.965925826289,0.258819045103,0.));
#8776 = DIRECTION('',(-0.258819045103,-0.965925826289,0.));
#8777 = ADVANCED_FACE('',(#8778),#8812,.F.);
#8778 = FACE_BOUND('',#8779,.T.);
#8779 = EDGE_LOOP('',(#8780,#8781,#8789,#8796,#8797,#8806));
#8780 = ORIENTED_EDGE('',*,*,#6619,.F.);
#8781 = ORIENTED_EDGE('',*,*,#8782,.T.);
#8782 = EDGE_CURVE('',#6611,#8783,#8785,.T.);
#8783 = VERTEX_POINT('',#8784);
#8784 = CARTESIAN_POINT('',(-4.271496287372,3.005003820206,-2.6917082763
    ));
#8785 = LINE('',#8786,#8787);
#8786 = CARTESIAN_POINT('',(-2.817495420692,5.081532259756,
    -1.23770740962));
#8787 = VECTOR('',#8788,1.);
#8788 = DIRECTION('',(-0.497542812165,-0.710564775462,-0.497542812165));
#8789 = ORIENTED_EDGE('',*,*,#8790,.T.);
#8790 = EDGE_CURVE('',#8783,#7329,#8791,.T.);
#8791 = ( BOUNDED_CURVE() B_SPLINE_CURVE(3,(#8792,#8793,#8794,#8795),
.UNSPECIFIED.,.F.,.F.) B_SPLINE_CURVE_WITH_KNOTS((4,4),(6.115568426071,
6.28318530718),.PIECEWISE_BEZIER_KNOTS.) CURVE() 
GEOMETRIC_REPRESENTATION_ITEM() RATIONAL_B_SPLINE_CURVE((1.,
0.99766008518,0.99766008518,1.)) REPRESENTATION_ITEM('') );
#8792 = CARTESIAN_POINT('',(-4.271496287372,3.005003820206,-2.6917082763
    ));
#8793 = CARTESIAN_POINT('',(-4.273829356585,3.00167185206,
    -2.677919816306));
#8794 = CARTESIAN_POINT('',(-4.275,3.,-2.663984449969));
#8795 = CARTESIAN_POINT('',(-4.275,3.,-2.65));
#8796 = ORIENTED_EDGE('',*,*,#7326,.F.);
#8797 = ORIENTED_EDGE('',*,*,#8798,.T.);
#8798 = EDGE_CURVE('',#7327,#8799,#8801,.T.);
#8799 = VERTEX_POINT('',#8800);
#8800 = CARTESIAN_POINT('',(-4.271496287372,3.005003820206,2.6917082763)
  );
#8801 = ( BOUNDED_CURVE() B_SPLINE_CURVE(3,(#8802,#8803,#8804,#8805),
.UNSPECIFIED.,.F.,.F.) B_SPLINE_CURVE_WITH_KNOTS((4,4),(0.,
0.167616881109),.PIECEWISE_BEZIER_KNOTS.) CURVE() 
GEOMETRIC_REPRESENTATION_ITEM() RATIONAL_B_SPLINE_CURVE((1.,
0.99766008518,0.99766008518,1.)) REPRESENTATION_ITEM('') );
#8802 = CARTESIAN_POINT('',(-4.275,3.,2.65));
#8803 = CARTESIAN_POINT('',(-4.275,3.,2.663984449969));
#8804 = CARTESIAN_POINT('',(-4.273829356585,3.00167185206,2.677919816306
    ));
#8805 = CARTESIAN_POINT('',(-4.271496287372,3.005003820206,2.6917082763)
  );
#8806 = ORIENTED_EDGE('',*,*,#8807,.T.);
#8807 = EDGE_CURVE('',#8799,#6620,#8808,.T.);
#8808 = LINE('',#8809,#8810);
#8809 = CARTESIAN_POINT('',(-2.817495420692,5.081532259756,1.23770740962
    ));
#8810 = VECTOR('',#8811,1.);
#8811 = DIRECTION('',(0.497542812165,0.710564775462,-0.497542812165));
#8812 = PLANE('',#8813);
#8813 = AXIS2_PLACEMENT_3D('',#8814,#8815,#8816);
#8814 = CARTESIAN_POINT('',(-3.224688692685,4.5,0.));
#8815 = DIRECTION('',(0.819152044289,-0.573576436351,0.));
#8816 = DIRECTION('',(0.,0.,1.));
#8817 = ADVANCED_FACE('',(#8818),#8867,.F.);
#8818 = FACE_BOUND('',#8819,.T.);
#8819 = EDGE_LOOP('',(#8820,#8821,#8827,#8828,#8836,#8844,#8850,#8851,
    #8859,#8866));
#8820 = ORIENTED_EDGE('',*,*,#7474,.F.);
#8821 = ORIENTED_EDGE('',*,*,#8822,.T.);
#8822 = EDGE_CURVE('',#7466,#7757,#8823,.T.);
#8823 = LINE('',#8824,#8825);
#8824 = CARTESIAN_POINT('',(3.513872138562,6.150979859496,0.693660149634
    ));
#8825 = VECTOR('',#8826,1.);
#8826 = DIRECTION('',(-0.497542812165,0.710564775462,-0.497542812165));
#8827 = ORIENTED_EDGE('',*,*,#7756,.F.);
#8828 = ORIENTED_EDGE('',*,*,#8829,.T.);
#8829 = EDGE_CURVE('',#7749,#8830,#8832,.T.);
#8830 = VERTEX_POINT('',#8831);
#8831 = CARTESIAN_POINT('',(0.975,4.999407209439,1.5));
#8832 = LINE('',#8833,#8834);
#8833 = CARTESIAN_POINT('',(0.975,4.999407209439,1.5));
#8834 = VECTOR('',#8835,1.);
#8835 = DIRECTION('',(-0.,0.819152044289,-0.573576436351));
#8836 = ORIENTED_EDGE('',*,*,#8837,.F.);
#8837 = EDGE_CURVE('',#8838,#8830,#8840,.T.);
#8838 = VERTEX_POINT('',#8839);
#8839 = CARTESIAN_POINT('',(0.675,4.999407209439,1.5));
#8840 = LINE('',#8841,#8842);
#8841 = CARTESIAN_POINT('',(0.675,4.999407209439,1.5));
#8842 = VECTOR('',#8843,1.);
#8843 = DIRECTION('',(1.,-0.,-0.));
#8844 = ORIENTED_EDGE('',*,*,#8845,.F.);
#8845 = EDGE_CURVE('',#6637,#8838,#8846,.T.);
#8846 = LINE('',#8847,#8848);
#8847 = CARTESIAN_POINT('',(0.675,4.999407209439,1.5));
#8848 = VECTOR('',#8849,1.);
#8849 = DIRECTION('',(-0.,0.819152044289,-0.573576436351));
#8850 = ORIENTED_EDGE('',*,*,#6636,.F.);
#8851 = ORIENTED_EDGE('',*,*,#8852,.T.);
#8852 = EDGE_CURVE('',#6628,#8853,#8855,.T.);
#8853 = VERTEX_POINT('',#8854);
#8854 = CARTESIAN_POINT('',(-4.0667082763,3.005003820206,2.896496287372)
  );
#8855 = LINE('',#8856,#8857);
#8856 = CARTESIAN_POINT('',(-2.272327740957,5.567644805092,
    1.102115752029));
#8857 = VECTOR('',#8858,1.);
#8858 = DIRECTION('',(-0.497542812165,-0.710564775462,0.497542812165));
#8859 = ORIENTED_EDGE('',*,*,#8860,.T.);
#8860 = EDGE_CURVE('',#8853,#7375,#8861,.T.);
#8861 = ( BOUNDED_CURVE() B_SPLINE_CURVE(3,(#8862,#8863,#8864,#8865),
.UNSPECIFIED.,.F.,.F.) B_SPLINE_CURVE_WITH_KNOTS((4,4),(6.115568426071,
6.28318530718),.PIECEWISE_BEZIER_KNOTS.) CURVE() 
GEOMETRIC_REPRESENTATION_ITEM() RATIONAL_B_SPLINE_CURVE((1.,
0.99766008518,0.99766008518,1.)) REPRESENTATION_ITEM('') );
#8862 = CARTESIAN_POINT('',(-4.0667082763,3.005003820206,2.896496287372)
  );
#8863 = CARTESIAN_POINT('',(-4.052919816306,3.00167185206,2.898829356585
    ));
#8864 = CARTESIAN_POINT('',(-4.038984449969,3.,2.9));
#8865 = CARTESIAN_POINT('',(-4.025,3.,2.9));
#8866 = ORIENTED_EDGE('',*,*,#7372,.F.);
#8867 = PLANE('',#8868);
#8868 = AXIS2_PLACEMENT_3D('',#8869,#8870,#8871);
#8869 = CARTESIAN_POINT('',(-1.876431811959E-16,4.5,1.849688692685));
#8870 = DIRECTION('',(8.30995486329E-17,-0.573576436351,-0.819152044289)
  );
#8871 = DIRECTION('',(1.,0.,1.014458173086E-16));
#8872 = ADVANCED_FACE('',(#8873),#8922,.F.);
#8873 = FACE_BOUND('',#8874,.T.);
#8874 = EDGE_LOOP('',(#8875,#8876,#8882,#8883,#8884,#8893,#8899,#8900,
    #8908,#8916));
#8875 = ORIENTED_EDGE('',*,*,#7790,.F.);
#8876 = ORIENTED_EDGE('',*,*,#8877,.T.);
#8877 = EDGE_CURVE('',#7782,#7521,#8878,.T.);
#8878 = LINE('',#8879,#8880);
#8879 = CARTESIAN_POINT('',(3.513872138562,6.150979859496,
    -0.693660149634));
#8880 = VECTOR('',#8881,1.);
#8881 = DIRECTION('',(0.497542812165,-0.710564775462,-0.497542812165));
#8882 = ORIENTED_EDGE('',*,*,#7520,.F.);
#8883 = ORIENTED_EDGE('',*,*,#7051,.F.);
#8884 = ORIENTED_EDGE('',*,*,#8885,.T.);
#8885 = EDGE_CURVE('',#7044,#8886,#8888,.T.);
#8886 = VERTEX_POINT('',#8887);
#8887 = CARTESIAN_POINT('',(-4.0667082763,3.005003820206,-2.896496287372
    ));
#8888 = ( BOUNDED_CURVE() B_SPLINE_CURVE(3,(#8889,#8890,#8891,#8892),
.UNSPECIFIED.,.F.,.F.) B_SPLINE_CURVE_WITH_KNOTS((4,4),(0.,
0.167616881109),.PIECEWISE_BEZIER_KNOTS.) CURVE() 
GEOMETRIC_REPRESENTATION_ITEM() RATIONAL_B_SPLINE_CURVE((1.,
0.99766008518,0.99766008518,1.)) REPRESENTATION_ITEM('') );
#8889 = CARTESIAN_POINT('',(-4.025,3.,-2.9));
#8890 = CARTESIAN_POINT('',(-4.038984449969,3.,-2.9));
#8891 = CARTESIAN_POINT('',(-4.052919816306,3.00167185206,
    -2.898829356585));
#8892 = CARTESIAN_POINT('',(-4.0667082763,3.005003820206,-2.896496287372
    ));
#8893 = ORIENTED_EDGE('',*,*,#8894,.T.);
#8894 = EDGE_CURVE('',#8886,#6603,#8895,.T.);
#8895 = LINE('',#8896,#8897);
#8896 = CARTESIAN_POINT('',(-2.272327740957,5.567644805092,
    -1.102115752029));
#8897 = VECTOR('',#8898,1.);
#8898 = DIRECTION('',(0.497542812165,0.710564775462,0.497542812165));
#8899 = ORIENTED_EDGE('',*,*,#6602,.F.);
#8900 = ORIENTED_EDGE('',*,*,#8901,.F.);
#8901 = EDGE_CURVE('',#8902,#6595,#8904,.T.);
#8902 = VERTEX_POINT('',#8903);
#8903 = CARTESIAN_POINT('',(0.675,4.999407209439,-1.5));
#8904 = LINE('',#8905,#8906);
#8905 = CARTESIAN_POINT('',(0.675,4.5,-1.849688692685));
#8906 = VECTOR('',#8907,1.);
#8907 = DIRECTION('',(-0.,-0.819152044289,-0.573576436351));
#8908 = ORIENTED_EDGE('',*,*,#8909,.T.);
#8909 = EDGE_CURVE('',#8902,#8910,#8912,.T.);
#8910 = VERTEX_POINT('',#8911);
#8911 = CARTESIAN_POINT('',(0.975,4.999407209439,-1.5));
#8912 = LINE('',#8913,#8914);
#8913 = CARTESIAN_POINT('',(0.675,4.999407209439,-1.5));
#8914 = VECTOR('',#8915,1.);
#8915 = DIRECTION('',(1.,-0.,-0.));
#8916 = ORIENTED_EDGE('',*,*,#8917,.T.);
#8917 = EDGE_CURVE('',#8910,#7555,#8918,.T.);
#8918 = LINE('',#8919,#8920);
#8919 = CARTESIAN_POINT('',(0.975,4.5,-1.849688692685));
#8920 = VECTOR('',#8921,1.);
#8921 = DIRECTION('',(-0.,-0.819152044289,-0.573576436351));
#8922 = PLANE('',#8923);
#8923 = AXIS2_PLACEMENT_3D('',#8924,#8925,#8926);
#8924 = CARTESIAN_POINT('',(-1.876431811959E-16,4.5,-1.849688692685));
#8925 = DIRECTION('',(8.30995486329E-17,-0.573576436351,0.819152044289)
  );
#8926 = DIRECTION('',(-1.,0.,1.014458173086E-16));
#8927 = ADVANCED_FACE('',(#8928),#8946,.F.);
#8928 = FACE_BOUND('',#8929,.T.);
#8929 = EDGE_LOOP('',(#8930,#8931,#8937,#8938,#8944,#8945));
#8930 = ORIENTED_EDGE('',*,*,#7537,.F.);
#8931 = ORIENTED_EDGE('',*,*,#8932,.T.);
#8932 = EDGE_CURVE('',#7529,#7774,#8933,.T.);
#8933 = LINE('',#8934,#8935);
#8934 = CARTESIAN_POINT('',(4.467495420692,5.081532259756,-1.23770740962
    ));
#8935 = VECTOR('',#8936,1.);
#8936 = DIRECTION('',(-0.497542812165,0.710564775462,0.497542812165));
#8937 = ORIENTED_EDGE('',*,*,#7773,.F.);
#8938 = ORIENTED_EDGE('',*,*,#8939,.T.);
#8939 = EDGE_CURVE('',#7765,#7458,#8940,.T.);
#8940 = LINE('',#8941,#8942);
#8941 = CARTESIAN_POINT('',(4.467495420692,5.081532259756,1.23770740962)
  );
#8942 = VECTOR('',#8943,1.);
#8943 = DIRECTION('',(0.497542812165,-0.710564775462,0.497542812165));
#8944 = ORIENTED_EDGE('',*,*,#7455,.F.);
#8945 = ORIENTED_EDGE('',*,*,#7504,.F.);
#8946 = PLANE('',#8947);
#8947 = AXIS2_PLACEMENT_3D('',#8948,#8949,#8950);
#8948 = CARTESIAN_POINT('',(4.874688692685,4.5,0.));
#8949 = DIRECTION('',(-0.819152044289,-0.573576436351,-0.));
#8950 = DIRECTION('',(0.,0.,-1.));
#8951 = ADVANCED_FACE('',(#8952),#8958,.T.);
#8952 = FACE_BOUND('',#8953,.T.);
#8953 = EDGE_LOOP('',(#8954,#8955,#8956,#8957));
#8954 = ORIENTED_EDGE('',*,*,#7528,.F.);
#8955 = ORIENTED_EDGE('',*,*,#8877,.F.);
#8956 = ORIENTED_EDGE('',*,*,#7781,.F.);
#8957 = ORIENTED_EDGE('',*,*,#8932,.F.);
#8958 = CYLINDRICAL_SURFACE('',#8959,0.25);
#8959 = AXIS2_PLACEMENT_3D('',#8960,#8961,#8962);
#8960 = CARTESIAN_POINT('',(4.26270740962,4.938138150668,-1.23770740962)
  );
#8961 = DIRECTION('',(-0.497542812165,0.710564775462,0.497542812165));
#8962 = DIRECTION('',(-0.819152044289,-0.573576436351,1.665334536938E-16
    ));
#8963 = ADVANCED_FACE('',(#8964),#8970,.T.);
#8964 = FACE_BOUND('',#8965,.T.);
#8965 = EDGE_LOOP('',(#8966,#8967,#8968,#8969));
#8966 = ORIENTED_EDGE('',*,*,#7764,.F.);
#8967 = ORIENTED_EDGE('',*,*,#8822,.F.);
#8968 = ORIENTED_EDGE('',*,*,#7465,.F.);
#8969 = ORIENTED_EDGE('',*,*,#8939,.F.);
#8970 = CYLINDRICAL_SURFACE('',#8971,0.25);
#8971 = AXIS2_PLACEMENT_3D('',#8972,#8973,#8974);
#8972 = CARTESIAN_POINT('',(4.26270740962,4.938138150668,1.23770740962)
  );
#8973 = DIRECTION('',(0.497542812165,-0.710564775462,0.497542812165));
#8974 = DIRECTION('',(0.819152044289,0.573576436351,1.665334536938E-16)
  );
#8975 = ADVANCED_FACE('',(#8976),#8990,.T.);
#8976 = FACE_BOUND('',#8977,.T.);
#8977 = EDGE_LOOP('',(#8978,#8979,#8980,#8987,#8988,#8989));
#8978 = ORIENTED_EDGE('',*,*,#7336,.F.);
#8979 = ORIENTED_EDGE('',*,*,#8790,.F.);
#8980 = ORIENTED_EDGE('',*,*,#8981,.F.);
#8981 = EDGE_CURVE('',#8886,#8783,#8982,.T.);
#8982 = ( BOUNDED_CURVE() B_SPLINE_CURVE(3,(#8983,#8984,#8985,#8986),
.UNSPECIFIED.,.F.,.F.) B_SPLINE_CURVE_WITH_KNOTS((4,4),(2.523811371301,
3.759373935879),.PIECEWISE_BEZIER_KNOTS.) CURVE() 
GEOMETRIC_REPRESENTATION_ITEM() RATIONAL_B_SPLINE_CURVE((1.,
0.876777070243,0.876777070243,1.)) REPRESENTATION_ITEM('') );
#8983 = CARTESIAN_POINT('',(-4.0667082763,3.005003820206,-2.896496287372
    ));
#8984 = CARTESIAN_POINT('',(-4.175270682749,3.031237821705,
    -2.878127041765));
#8985 = CARTESIAN_POINT('',(-4.253127041765,3.031237821705,
    -2.800270682749));
#8986 = CARTESIAN_POINT('',(-4.271496287372,3.005003820206,-2.6917082763
    ));
#8987 = ORIENTED_EDGE('',*,*,#8885,.F.);
#8988 = ORIENTED_EDGE('',*,*,#7043,.F.);
#8989 = ORIENTED_EDGE('',*,*,#7296,.F.);
#8990 = CYLINDRICAL_SURFACE('',#8991,0.25);
#8991 = AXIS2_PLACEMENT_3D('',#8992,#8993,#8994);
#8992 = CARTESIAN_POINT('',(-4.025,4.5,-2.65));
#8993 = DIRECTION('',(0.,-1.,0.));
#8994 = DIRECTION('',(0.,0.,-1.));
#8995 = ADVANCED_FACE('',(#8996),#9002,.T.);
#8996 = FACE_BOUND('',#8997,.T.);
#8997 = EDGE_LOOP('',(#8998,#8999,#9000,#9001));
#8998 = ORIENTED_EDGE('',*,*,#8981,.T.);
#8999 = ORIENTED_EDGE('',*,*,#8782,.F.);
#9000 = ORIENTED_EDGE('',*,*,#6610,.F.);
#9001 = ORIENTED_EDGE('',*,*,#8894,.F.);
#9002 = CYLINDRICAL_SURFACE('',#9003,0.25);
#9003 = AXIS2_PLACEMENT_3D('',#9004,#9005,#9006);
#9004 = CARTESIAN_POINT('',(-2.272327740957,5.424250696005,
    -0.897327740957));
#9005 = DIRECTION('',(0.497542812165,0.710564775462,0.497542812165));
#9006 = DIRECTION('',(-0.819152044289,0.573576436351,-3.053113317719E-16
    ));
#9007 = ADVANCED_FACE('',(#9008),#9022,.T.);
#9008 = FACE_BOUND('',#9009,.T.);
#9009 = EDGE_LOOP('',(#9010,#9011,#9012,#9019,#9020,#9021));
#9010 = ORIENTED_EDGE('',*,*,#7382,.F.);
#9011 = ORIENTED_EDGE('',*,*,#8860,.F.);
#9012 = ORIENTED_EDGE('',*,*,#9013,.F.);
#9013 = EDGE_CURVE('',#8799,#8853,#9014,.T.);
#9014 = ( BOUNDED_CURVE() B_SPLINE_CURVE(3,(#9015,#9016,#9017,#9018),
.UNSPECIFIED.,.F.,.F.) B_SPLINE_CURVE_WITH_KNOTS((4,4),(2.523811371301,
3.759373935879),.PIECEWISE_BEZIER_KNOTS.) CURVE() 
GEOMETRIC_REPRESENTATION_ITEM() RATIONAL_B_SPLINE_CURVE((1.,
0.876777070243,0.876777070243,1.)) REPRESENTATION_ITEM('') );
#9015 = CARTESIAN_POINT('',(-4.271496287372,3.005003820206,2.6917082763)
  );
#9016 = CARTESIAN_POINT('',(-4.253127041765,3.031237821705,
    2.800270682749));
#9017 = CARTESIAN_POINT('',(-4.175270682749,3.031237821705,
    2.878127041765));
#9018 = CARTESIAN_POINT('',(-4.0667082763,3.005003820206,2.896496287372)
  );
#9019 = ORIENTED_EDGE('',*,*,#8798,.F.);
#9020 = ORIENTED_EDGE('',*,*,#7358,.F.);
#9021 = ORIENTED_EDGE('',*,*,#7107,.F.);
#9022 = CYLINDRICAL_SURFACE('',#9023,0.25);
#9023 = AXIS2_PLACEMENT_3D('',#9024,#9025,#9026);
#9024 = CARTESIAN_POINT('',(-4.025,4.5,2.65));
#9025 = DIRECTION('',(0.,-1.,0.));
#9026 = DIRECTION('',(0.,0.,-1.));
#9027 = ADVANCED_FACE('',(#9028),#9034,.T.);
#9028 = FACE_BOUND('',#9029,.T.);
#9029 = EDGE_LOOP('',(#9030,#9031,#9032,#9033));
#9030 = ORIENTED_EDGE('',*,*,#6627,.F.);
#9031 = ORIENTED_EDGE('',*,*,#8807,.F.);
#9032 = ORIENTED_EDGE('',*,*,#9013,.T.);
#9033 = ORIENTED_EDGE('',*,*,#8852,.F.);
#9034 = CYLINDRICAL_SURFACE('',#9035,0.25);
#9035 = AXIS2_PLACEMENT_3D('',#9036,#9037,#9038);
#9036 = CARTESIAN_POINT('',(-2.272327740957,5.424250696005,
    0.897327740957));
#9037 = DIRECTION('',(-0.497542812165,-0.710564775462,0.497542812165));
#9038 = DIRECTION('',(0.819152044289,-0.573576436351,-3.053113317719E-16
    ));
#9039 = ADVANCED_FACE('',(#9040),#9046,.T.);
#9040 = FACE_BOUND('',#9041,.T.);
#9041 = EDGE_LOOP('',(#9042,#9043,#9044,#9045));
#9042 = ORIENTED_EDGE('',*,*,#6465,.F.);
#9043 = ORIENTED_EDGE('',*,*,#7856,.F.);
#9044 = ORIENTED_EDGE('',*,*,#7075,.F.);
#9045 = ORIENTED_EDGE('',*,*,#7350,.F.);
#9046 = CYLINDRICAL_SURFACE('',#9047,0.25);
#9047 = AXIS2_PLACEMENT_3D('',#9048,#9049,#9050);
#9048 = CARTESIAN_POINT('',(-4.025,-1.7,2.410479081662));
#9049 = DIRECTION('',(-0.,1.,-0.));
#9050 = DIRECTION('',(0.,0.,1.));
#9051 = ADVANCED_FACE('',(#9052),#9077,.F.);
#9052 = FACE_BOUND('',#9053,.T.);
#9053 = EDGE_LOOP('',(#9054,#9062,#9070,#9076));
#9054 = ORIENTED_EDGE('',*,*,#9055,.T.);
#9055 = EDGE_CURVE('',#8830,#9056,#9058,.T.);
#9056 = VERTEX_POINT('',#9057);
#9057 = CARTESIAN_POINT('',(0.975,6.25,1.5));
#9058 = LINE('',#9059,#9060);
#9059 = CARTESIAN_POINT('',(0.975,6.25,1.5));
#9060 = VECTOR('',#9061,1.);
#9061 = DIRECTION('',(-0.,1.,-0.));
#9062 = ORIENTED_EDGE('',*,*,#9063,.F.);
#9063 = EDGE_CURVE('',#9064,#9056,#9066,.T.);
#9064 = VERTEX_POINT('',#9065);
#9065 = CARTESIAN_POINT('',(0.675,6.25,1.5));
#9066 = LINE('',#9067,#9068);
#9067 = CARTESIAN_POINT('',(0.675,6.25,1.5));
#9068 = VECTOR('',#9069,1.);
#9069 = DIRECTION('',(1.,-0.,-0.));
#9070 = ORIENTED_EDGE('',*,*,#9071,.F.);
#9071 = EDGE_CURVE('',#8838,#9064,#9072,.T.);
#9072 = LINE('',#9073,#9074);
#9073 = CARTESIAN_POINT('',(0.675,6.25,1.5));
#9074 = VECTOR('',#9075,1.);
#9075 = DIRECTION('',(-0.,1.,-0.));
#9076 = ORIENTED_EDGE('',*,*,#8837,.T.);
#9077 = PLANE('',#9078);
#9078 = AXIS2_PLACEMENT_3D('',#9079,#9080,#9081);
#9079 = CARTESIAN_POINT('',(0.675,6.25,1.5));
#9080 = DIRECTION('',(-0.,0.,-1.));
#9081 = DIRECTION('',(-1.,0.,0.));
#9082 = ADVANCED_FACE('',(#9083),#9110,.T.);
#9083 = FACE_BOUND('',#9084,.T.);
#9084 = EDGE_LOOP('',(#9085,#9094,#9102,#9109));
#9085 = ORIENTED_EDGE('',*,*,#9086,.T.);
#9086 = EDGE_CURVE('',#9056,#9087,#9089,.T.);
#9087 = VERTEX_POINT('',#9088);
#9088 = CARTESIAN_POINT('',(0.975,7.2,0.55));
#9089 = CIRCLE('',#9090,0.95);
#9090 = AXIS2_PLACEMENT_3D('',#9091,#9092,#9093);
#9091 = CARTESIAN_POINT('',(0.975,6.25,0.55));
#9092 = DIRECTION('',(-1.,0.,0.));
#9093 = DIRECTION('',(0.,0.,-1.));
#9094 = ORIENTED_EDGE('',*,*,#9095,.F.);
#9095 = EDGE_CURVE('',#9096,#9087,#9098,.T.);
#9096 = VERTEX_POINT('',#9097);
#9097 = CARTESIAN_POINT('',(0.675,7.2,0.55));
#9098 = LINE('',#9099,#9100);
#9099 = CARTESIAN_POINT('',(0.675,7.2,0.55));
#9100 = VECTOR('',#9101,1.);
#9101 = DIRECTION('',(1.,-0.,-0.));
#9102 = ORIENTED_EDGE('',*,*,#9103,.F.);
#9103 = EDGE_CURVE('',#9064,#9096,#9104,.T.);
#9104 = CIRCLE('',#9105,0.95);
#9105 = AXIS2_PLACEMENT_3D('',#9106,#9107,#9108);
#9106 = CARTESIAN_POINT('',(0.675,6.25,0.55));
#9107 = DIRECTION('',(-1.,0.,0.));
#9108 = DIRECTION('',(0.,0.,-1.));
#9109 = ORIENTED_EDGE('',*,*,#9063,.T.);
#9110 = CYLINDRICAL_SURFACE('',#9111,0.95);
#9111 = AXIS2_PLACEMENT_3D('',#9112,#9113,#9114);
#9112 = CARTESIAN_POINT('',(0.675,6.25,0.55));
#9113 = DIRECTION('',(1.,-0.,-0.));
#9114 = DIRECTION('',(0.,0.,-1.));
#9115 = ADVANCED_FACE('',(#9116),#9141,.F.);
#9116 = FACE_BOUND('',#9117,.T.);
#9117 = EDGE_LOOP('',(#9118,#9126,#9134,#9140));
#9118 = ORIENTED_EDGE('',*,*,#9119,.T.);
#9119 = EDGE_CURVE('',#9087,#9120,#9122,.T.);
#9120 = VERTEX_POINT('',#9121);
#9121 = CARTESIAN_POINT('',(0.975,7.2,-0.55));
#9122 = LINE('',#9123,#9124);
#9123 = CARTESIAN_POINT('',(0.975,7.2,-0.55));
#9124 = VECTOR('',#9125,1.);
#9125 = DIRECTION('',(-0.,-0.,-1.));
#9126 = ORIENTED_EDGE('',*,*,#9127,.F.);
#9127 = EDGE_CURVE('',#9128,#9120,#9130,.T.);
#9128 = VERTEX_POINT('',#9129);
#9129 = CARTESIAN_POINT('',(0.675,7.2,-0.55));
#9130 = LINE('',#9131,#9132);
#9131 = CARTESIAN_POINT('',(0.675,7.2,-0.55));
#9132 = VECTOR('',#9133,1.);
#9133 = DIRECTION('',(1.,-0.,-0.));
#9134 = ORIENTED_EDGE('',*,*,#9135,.F.);
#9135 = EDGE_CURVE('',#9096,#9128,#9136,.T.);
#9136 = LINE('',#9137,#9138);
#9137 = CARTESIAN_POINT('',(0.675,7.2,-0.55));
#9138 = VECTOR('',#9139,1.);
#9139 = DIRECTION('',(-0.,-0.,-1.));
#9140 = ORIENTED_EDGE('',*,*,#9095,.T.);
#9141 = PLANE('',#9142);
#9142 = AXIS2_PLACEMENT_3D('',#9143,#9144,#9145);
#9143 = CARTESIAN_POINT('',(0.675,7.2,-0.55));
#9144 = DIRECTION('',(0.,-1.,0.));
#9145 = DIRECTION('',(0.,-0.,-1.));
#9146 = ADVANCED_FACE('',(#9147),#9174,.T.);
#9147 = FACE_BOUND('',#9148,.T.);
#9148 = EDGE_LOOP('',(#9149,#9158,#9166,#9173));
#9149 = ORIENTED_EDGE('',*,*,#9150,.T.);
#9150 = EDGE_CURVE('',#9120,#9151,#9153,.T.);
#9151 = VERTEX_POINT('',#9152);
#9152 = CARTESIAN_POINT('',(0.975,6.25,-1.5));
#9153 = CIRCLE('',#9154,0.95);
#9154 = AXIS2_PLACEMENT_3D('',#9155,#9156,#9157);
#9155 = CARTESIAN_POINT('',(0.975,6.25,-0.55));
#9156 = DIRECTION('',(-1.,0.,0.));
#9157 = DIRECTION('',(0.,0.,-1.));
#9158 = ORIENTED_EDGE('',*,*,#9159,.F.);
#9159 = EDGE_CURVE('',#9160,#9151,#9162,.T.);
#9160 = VERTEX_POINT('',#9161);
#9161 = CARTESIAN_POINT('',(0.675,6.25,-1.5));
#9162 = LINE('',#9163,#9164);
#9163 = CARTESIAN_POINT('',(0.675,6.25,-1.5));
#9164 = VECTOR('',#9165,1.);
#9165 = DIRECTION('',(1.,-0.,-0.));
#9166 = ORIENTED_EDGE('',*,*,#9167,.F.);
#9167 = EDGE_CURVE('',#9128,#9160,#9168,.T.);
#9168 = CIRCLE('',#9169,0.95);
#9169 = AXIS2_PLACEMENT_3D('',#9170,#9171,#9172);
#9170 = CARTESIAN_POINT('',(0.675,6.25,-0.55));
#9171 = DIRECTION('',(-1.,0.,0.));
#9172 = DIRECTION('',(0.,0.,-1.));
#9173 = ORIENTED_EDGE('',*,*,#9127,.T.);
#9174 = CYLINDRICAL_SURFACE('',#9175,0.95);
#9175 = AXIS2_PLACEMENT_3D('',#9176,#9177,#9178);
#9176 = CARTESIAN_POINT('',(0.675,6.25,-0.55));
#9177 = DIRECTION('',(1.,-0.,-0.));
#9178 = DIRECTION('',(0.,0.,-1.));
#9179 = ADVANCED_FACE('',(#9180),#9196,.F.);
#9180 = FACE_BOUND('',#9181,.T.);
#9181 = EDGE_LOOP('',(#9182,#9188,#9189,#9195));
#9182 = ORIENTED_EDGE('',*,*,#9183,.T.);
#9183 = EDGE_CURVE('',#9151,#8910,#9184,.T.);
#9184 = LINE('',#9185,#9186);
#9185 = CARTESIAN_POINT('',(0.975,4.999407209439,-1.5));
#9186 = VECTOR('',#9187,1.);
#9187 = DIRECTION('',(-0.,-1.,-0.));
#9188 = ORIENTED_EDGE('',*,*,#8909,.F.);
#9189 = ORIENTED_EDGE('',*,*,#9190,.F.);
#9190 = EDGE_CURVE('',#9160,#8902,#9191,.T.);
#9191 = LINE('',#9192,#9193);
#9192 = CARTESIAN_POINT('',(0.675,4.999407209439,-1.5));
#9193 = VECTOR('',#9194,1.);
#9194 = DIRECTION('',(-0.,-1.,-0.));
#9195 = ORIENTED_EDGE('',*,*,#9159,.T.);
#9196 = PLANE('',#9197);
#9197 = AXIS2_PLACEMENT_3D('',#9198,#9199,#9200);
#9198 = CARTESIAN_POINT('',(0.675,4.999407209439,-1.5));
#9199 = DIRECTION('',(0.,-0.,1.));
#9200 = DIRECTION('',(1.,0.,0.));
#9201 = ADVANCED_FACE('',(#9202),#9235,.F.);
#9202 = FACE_BOUND('',#9203,.T.);
#9203 = EDGE_LOOP('',(#9204,#9205,#9206,#9207,#9208,#9209,#9210,#9211,
    #9212,#9220,#9228,#9234));
#9204 = ORIENTED_EDGE('',*,*,#8845,.T.);
#9205 = ORIENTED_EDGE('',*,*,#9071,.T.);
#9206 = ORIENTED_EDGE('',*,*,#9103,.T.);
#9207 = ORIENTED_EDGE('',*,*,#9135,.T.);
#9208 = ORIENTED_EDGE('',*,*,#9167,.T.);
#9209 = ORIENTED_EDGE('',*,*,#9190,.T.);
#9210 = ORIENTED_EDGE('',*,*,#8901,.T.);
#9211 = ORIENTED_EDGE('',*,*,#6594,.T.);
#9212 = ORIENTED_EDGE('',*,*,#9213,.F.);
#9213 = EDGE_CURVE('',#9214,#6587,#9216,.T.);
#9214 = VERTEX_POINT('',#9215);
#9215 = CARTESIAN_POINT('',(0.675,4.4,-0.55));
#9216 = LINE('',#9217,#9218);
#9217 = CARTESIAN_POINT('',(0.675,4.4,-0.55));
#9218 = VECTOR('',#9219,1.);
#9219 = DIRECTION('',(-0.,1.,-0.));
#9220 = ORIENTED_EDGE('',*,*,#9221,.F.);
#9221 = EDGE_CURVE('',#9222,#9214,#9224,.T.);
#9222 = VERTEX_POINT('',#9223);
#9223 = CARTESIAN_POINT('',(0.675,4.4,0.55));
#9224 = LINE('',#9225,#9226);
#9225 = CARTESIAN_POINT('',(0.675,4.4,-0.55));
#9226 = VECTOR('',#9227,1.);
#9227 = DIRECTION('',(-0.,-0.,-1.));
#9228 = ORIENTED_EDGE('',*,*,#9229,.T.);
#9229 = EDGE_CURVE('',#9222,#6645,#9230,.T.);
#9230 = LINE('',#9231,#9232);
#9231 = CARTESIAN_POINT('',(0.675,4.4,0.55));
#9232 = VECTOR('',#9233,1.);
#9233 = DIRECTION('',(-0.,1.,-0.));
#9234 = ORIENTED_EDGE('',*,*,#6644,.T.);
#9235 = PLANE('',#9236);
#9236 = AXIS2_PLACEMENT_3D('',#9237,#9238,#9239);
#9237 = CARTESIAN_POINT('',(0.675,6.25,-0.55));
#9238 = DIRECTION('',(1.,0.,-0.));
#9239 = DIRECTION('',(-0.,0.,-1.));
#9240 = ADVANCED_FACE('',(#9241),#9274,.T.);
#9241 = FACE_BOUND('',#9242,.T.);
#9242 = EDGE_LOOP('',(#9243,#9244,#9245,#9253,#9261,#9267,#9268,#9269,
    #9270,#9271,#9272,#9273));
#9243 = ORIENTED_EDGE('',*,*,#8829,.F.);
#9244 = ORIENTED_EDGE('',*,*,#7748,.F.);
#9245 = ORIENTED_EDGE('',*,*,#9246,.F.);
#9246 = EDGE_CURVE('',#9247,#7741,#9249,.T.);
#9247 = VERTEX_POINT('',#9248);
#9248 = CARTESIAN_POINT('',(0.975,4.4,0.55));
#9249 = LINE('',#9250,#9251);
#9250 = CARTESIAN_POINT('',(0.975,4.4,0.55));
#9251 = VECTOR('',#9252,1.);
#9252 = DIRECTION('',(-0.,1.,-0.));
#9253 = ORIENTED_EDGE('',*,*,#9254,.F.);
#9254 = EDGE_CURVE('',#9255,#9247,#9257,.T.);
#9255 = VERTEX_POINT('',#9256);
#9256 = CARTESIAN_POINT('',(0.975,4.4,-0.55));
#9257 = LINE('',#9258,#9259);
#9258 = CARTESIAN_POINT('',(0.975,4.4,-0.55));
#9259 = VECTOR('',#9260,1.);
#9260 = DIRECTION('',(0.,0.,1.));
#9261 = ORIENTED_EDGE('',*,*,#9262,.T.);
#9262 = EDGE_CURVE('',#9255,#7557,#9263,.T.);
#9263 = LINE('',#9264,#9265);
#9264 = CARTESIAN_POINT('',(0.975,4.4,-0.55));
#9265 = VECTOR('',#9266,1.);
#9266 = DIRECTION('',(-0.,1.,-0.));
#9267 = ORIENTED_EDGE('',*,*,#7554,.F.);
#9268 = ORIENTED_EDGE('',*,*,#8917,.F.);
#9269 = ORIENTED_EDGE('',*,*,#9183,.F.);
#9270 = ORIENTED_EDGE('',*,*,#9150,.F.);
#9271 = ORIENTED_EDGE('',*,*,#9119,.F.);
#9272 = ORIENTED_EDGE('',*,*,#9086,.F.);
#9273 = ORIENTED_EDGE('',*,*,#9055,.F.);
#9274 = PLANE('',#9275);
#9275 = AXIS2_PLACEMENT_3D('',#9276,#9277,#9278);
#9276 = CARTESIAN_POINT('',(0.975,6.25,-0.55));
#9277 = DIRECTION('',(1.,0.,-0.));
#9278 = DIRECTION('',(-0.,0.,-1.));
#9279 = ADVANCED_FACE('',(#9280),#9298,.F.);
#9280 = FACE_BOUND('',#9281,.T.);
#9281 = EDGE_LOOP('',(#9282,#9283,#9284,#9292));
#9282 = ORIENTED_EDGE('',*,*,#7564,.T.);
#9283 = ORIENTED_EDGE('',*,*,#9262,.F.);
#9284 = ORIENTED_EDGE('',*,*,#9285,.F.);
#9285 = EDGE_CURVE('',#9286,#9255,#9288,.T.);
#9286 = VERTEX_POINT('',#9287);
#9287 = CARTESIAN_POINT('',(1.177072594216,4.4,-0.9));
#9288 = LINE('',#9289,#9290);
#9289 = CARTESIAN_POINT('',(1.177072594216,4.4,-0.9));
#9290 = VECTOR('',#9291,1.);
#9291 = DIRECTION('',(-0.5,0.,0.866025403784));
#9292 = ORIENTED_EDGE('',*,*,#9293,.T.);
#9293 = EDGE_CURVE('',#9286,#7565,#9294,.T.);
#9294 = LINE('',#9295,#9296);
#9295 = CARTESIAN_POINT('',(1.177072594216,4.4,-0.9));
#9296 = VECTOR('',#9297,1.);
#9297 = DIRECTION('',(-0.,1.,-0.));
#9298 = PLANE('',#9299);
#9299 = AXIS2_PLACEMENT_3D('',#9300,#9301,#9302);
#9300 = CARTESIAN_POINT('',(1.177072594216,4.4,-0.9));
#9301 = DIRECTION('',(-0.866025403784,0.,-0.5));
#9302 = DIRECTION('',(-0.5,0.,0.866025403784));
#9303 = ADVANCED_FACE('',(#9304),#9322,.F.);
#9304 = FACE_BOUND('',#9305,.T.);
#9305 = EDGE_LOOP('',(#9306,#9307,#9308,#9316));
#9306 = ORIENTED_EDGE('',*,*,#7572,.T.);
#9307 = ORIENTED_EDGE('',*,*,#9293,.F.);
#9308 = ORIENTED_EDGE('',*,*,#9309,.F.);
#9309 = EDGE_CURVE('',#9310,#9286,#9312,.T.);
#9310 = VERTEX_POINT('',#9311);
#9311 = CARTESIAN_POINT('',(1.289226196675,4.4,-0.9));
#9312 = LINE('',#9313,#9314);
#9313 = CARTESIAN_POINT('',(1.289226196675,4.4,-0.9));
#9314 = VECTOR('',#9315,1.);
#9315 = DIRECTION('',(-1.,0.,-9.667118565207E-16));
#9316 = ORIENTED_EDGE('',*,*,#9317,.T.);
#9317 = EDGE_CURVE('',#9310,#7573,#9318,.T.);
#9318 = LINE('',#9319,#9320);
#9319 = CARTESIAN_POINT('',(1.289226196675,4.4,-0.9));
#9320 = VECTOR('',#9321,1.);
#9321 = DIRECTION('',(-0.,1.,-0.));
#9322 = PLANE('',#9323);
#9323 = AXIS2_PLACEMENT_3D('',#9324,#9325,#9326);
#9324 = CARTESIAN_POINT('',(1.289226196675,4.4,-0.9));
#9325 = DIRECTION('',(9.667118565207E-16,0.,-1.));
#9326 = DIRECTION('',(-1.,0.,-9.667118565207E-16));
#9327 = ADVANCED_FACE('',(#9328),#9346,.F.);
#9328 = FACE_BOUND('',#9329,.T.);
#9329 = EDGE_LOOP('',(#9330,#9331,#9332,#9340));
#9330 = ORIENTED_EDGE('',*,*,#7580,.T.);
#9331 = ORIENTED_EDGE('',*,*,#9317,.F.);
#9332 = ORIENTED_EDGE('',*,*,#9333,.F.);
#9333 = EDGE_CURVE('',#9334,#9310,#9336,.T.);
#9334 = VERTEX_POINT('',#9335);
#9335 = CARTESIAN_POINT('',(1.575,4.4,-1.185773803325));
#9336 = LINE('',#9337,#9338);
#9337 = CARTESIAN_POINT('',(1.575,4.4,-1.185773803325));
#9338 = VECTOR('',#9339,1.);
#9339 = DIRECTION('',(-0.707106781187,0.,0.707106781187));
#9340 = ORIENTED_EDGE('',*,*,#9341,.T.);
#9341 = EDGE_CURVE('',#9334,#7581,#9342,.T.);
#9342 = LINE('',#9343,#9344);
#9343 = CARTESIAN_POINT('',(1.575,4.4,-1.185773803325));
#9344 = VECTOR('',#9345,1.);
#9345 = DIRECTION('',(-0.,1.,-0.));
#9346 = PLANE('',#9347);
#9347 = AXIS2_PLACEMENT_3D('',#9348,#9349,#9350);
#9348 = CARTESIAN_POINT('',(1.575,4.4,-1.185773803325));
#9349 = DIRECTION('',(-0.707106781187,0.,-0.707106781187));
#9350 = DIRECTION('',(-0.707106781187,0.,0.707106781187));
#9351 = ADVANCED_FACE('',(#9352),#9370,.F.);
#9352 = FACE_BOUND('',#9353,.T.);
#9353 = EDGE_LOOP('',(#9354,#9355,#9356,#9364));
#9354 = ORIENTED_EDGE('',*,*,#7588,.T.);
#9355 = ORIENTED_EDGE('',*,*,#9341,.F.);
#9356 = ORIENTED_EDGE('',*,*,#9357,.F.);
#9357 = EDGE_CURVE('',#9358,#9334,#9360,.T.);
#9358 = VERTEX_POINT('',#9359);
#9359 = CARTESIAN_POINT('',(1.575,4.4,-1.297927405784));
#9360 = LINE('',#9361,#9362);
#9361 = CARTESIAN_POINT('',(1.575,4.4,-1.297927405784));
#9362 = VECTOR('',#9363,1.);
#9363 = DIRECTION('',(0.,0.,1.));
#9364 = ORIENTED_EDGE('',*,*,#9365,.T.);
#9365 = EDGE_CURVE('',#9358,#7589,#9366,.T.);
#9366 = LINE('',#9367,#9368);
#9367 = CARTESIAN_POINT('',(1.575,4.4,-1.297927405784));
#9368 = VECTOR('',#9369,1.);
#9369 = DIRECTION('',(-0.,1.,-0.));
#9370 = PLANE('',#9371);
#9371 = AXIS2_PLACEMENT_3D('',#9372,#9373,#9374);
#9372 = CARTESIAN_POINT('',(1.575,4.4,-1.297927405784));
#9373 = DIRECTION('',(-1.,0.,0.));
#9374 = DIRECTION('',(0.,0.,1.));
#9375 = ADVANCED_FACE('',(#9376),#9394,.F.);
#9376 = FACE_BOUND('',#9377,.T.);
#9377 = EDGE_LOOP('',(#9378,#9379,#9380,#9388));
#9378 = ORIENTED_EDGE('',*,*,#7596,.T.);
#9379 = ORIENTED_EDGE('',*,*,#9365,.F.);
#9380 = ORIENTED_EDGE('',*,*,#9381,.F.);
#9381 = EDGE_CURVE('',#9382,#9358,#9384,.T.);
#9382 = VERTEX_POINT('',#9383);
#9383 = CARTESIAN_POINT('',(1.925,4.4,-1.5));
#9384 = LINE('',#9385,#9386);
#9385 = CARTESIAN_POINT('',(1.925,4.4,-1.5));
#9386 = VECTOR('',#9387,1.);
#9387 = DIRECTION('',(-0.866025403784,0.,0.5));
#9388 = ORIENTED_EDGE('',*,*,#9389,.T.);
#9389 = EDGE_CURVE('',#9382,#7597,#9390,.T.);
#9390 = LINE('',#9391,#9392);
#9391 = CARTESIAN_POINT('',(1.925,4.4,-1.5));
#9392 = VECTOR('',#9393,1.);
#9393 = DIRECTION('',(-0.,1.,-0.));
#9394 = PLANE('',#9395);
#9395 = AXIS2_PLACEMENT_3D('',#9396,#9397,#9398);
#9396 = CARTESIAN_POINT('',(1.925,4.4,-1.5));
#9397 = DIRECTION('',(-0.5,0.,-0.866025403784));
#9398 = DIRECTION('',(-0.866025403784,0.,0.5));
#9399 = ADVANCED_FACE('',(#9400),#9418,.F.);
#9400 = FACE_BOUND('',#9401,.T.);
#9401 = EDGE_LOOP('',(#9402,#9403,#9404,#9412));
#9402 = ORIENTED_EDGE('',*,*,#7604,.T.);
#9403 = ORIENTED_EDGE('',*,*,#9389,.F.);
#9404 = ORIENTED_EDGE('',*,*,#9405,.F.);
#9405 = EDGE_CURVE('',#9406,#9382,#9408,.T.);
#9406 = VERTEX_POINT('',#9407);
#9407 = CARTESIAN_POINT('',(3.625,4.4,-1.5));
#9408 = LINE('',#9409,#9410);
#9409 = CARTESIAN_POINT('',(3.625,4.4,-1.5));
#9410 = VECTOR('',#9411,1.);
#9411 = DIRECTION('',(-1.,0.,2.55106393526E-16));
#9412 = ORIENTED_EDGE('',*,*,#9413,.T.);
#9413 = EDGE_CURVE('',#9406,#7605,#9414,.T.);
#9414 = LINE('',#9415,#9416);
#9415 = CARTESIAN_POINT('',(3.625,4.4,-1.5));
#9416 = VECTOR('',#9417,1.);
#9417 = DIRECTION('',(-0.,1.,-0.));
#9418 = PLANE('',#9419);
#9419 = AXIS2_PLACEMENT_3D('',#9420,#9421,#9422);
#9420 = CARTESIAN_POINT('',(3.625,4.4,-1.5));
#9421 = DIRECTION('',(-2.55106393526E-16,0.,-1.));
#9422 = DIRECTION('',(-1.,0.,2.55106393526E-16));
#9423 = ADVANCED_FACE('',(#9424),#9442,.F.);
#9424 = FACE_BOUND('',#9425,.T.);
#9425 = EDGE_LOOP('',(#9426,#9427,#9428,#9436));
#9426 = ORIENTED_EDGE('',*,*,#7612,.T.);
#9427 = ORIENTED_EDGE('',*,*,#9413,.F.);
#9428 = ORIENTED_EDGE('',*,*,#9429,.F.);
#9429 = EDGE_CURVE('',#9430,#9406,#9432,.T.);
#9430 = VERTEX_POINT('',#9431);
#9431 = CARTESIAN_POINT('',(3.975,4.4,-1.297927405784));
#9432 = LINE('',#9433,#9434);
#9433 = CARTESIAN_POINT('',(3.975,4.4,-1.297927405784));
#9434 = VECTOR('',#9435,1.);
#9435 = DIRECTION('',(-0.866025403784,0.,-0.5));
#9436 = ORIENTED_EDGE('',*,*,#9437,.T.);
#9437 = EDGE_CURVE('',#9430,#7613,#9438,.T.);
#9438 = LINE('',#9439,#9440);
#9439 = CARTESIAN_POINT('',(3.975,4.4,-1.297927405784));
#9440 = VECTOR('',#9441,1.);
#9441 = DIRECTION('',(-0.,1.,-0.));
#9442 = PLANE('',#9443);
#9443 = AXIS2_PLACEMENT_3D('',#9444,#9445,#9446);
#9444 = CARTESIAN_POINT('',(3.975,4.4,-1.297927405784));
#9445 = DIRECTION('',(0.5,0.,-0.866025403784));
#9446 = DIRECTION('',(-0.866025403784,0.,-0.5));
#9447 = ADVANCED_FACE('',(#9448),#9466,.F.);
#9448 = FACE_BOUND('',#9449,.T.);
#9449 = EDGE_LOOP('',(#9450,#9451,#9452,#9460));
#9450 = ORIENTED_EDGE('',*,*,#7620,.T.);
#9451 = ORIENTED_EDGE('',*,*,#9437,.F.);
#9452 = ORIENTED_EDGE('',*,*,#9453,.F.);
#9453 = EDGE_CURVE('',#9454,#9430,#9456,.T.);
#9454 = VERTEX_POINT('',#9455);
#9455 = CARTESIAN_POINT('',(3.975,4.4,-1.185773803325));
#9456 = LINE('',#9457,#9458);
#9457 = CARTESIAN_POINT('',(3.975,4.4,-1.185773803325));
#9458 = VECTOR('',#9459,1.);
#9459 = DIRECTION('',(0.,0.,-1.));
#9460 = ORIENTED_EDGE('',*,*,#9461,.T.);
#9461 = EDGE_CURVE('',#9454,#7621,#9462,.T.);
#9462 = LINE('',#9463,#9464);
#9463 = CARTESIAN_POINT('',(3.975,4.4,-1.185773803325));
#9464 = VECTOR('',#9465,1.);
#9465 = DIRECTION('',(-0.,1.,-0.));
#9466 = PLANE('',#9467);
#9467 = AXIS2_PLACEMENT_3D('',#9468,#9469,#9470);
#9468 = CARTESIAN_POINT('',(3.975,4.4,-1.185773803325));
#9469 = DIRECTION('',(1.,0.,0.));
#9470 = DIRECTION('',(0.,0.,-1.));
#9471 = ADVANCED_FACE('',(#9472),#9490,.F.);
#9472 = FACE_BOUND('',#9473,.T.);
#9473 = EDGE_LOOP('',(#9474,#9475,#9476,#9484));
#9474 = ORIENTED_EDGE('',*,*,#7628,.T.);
#9475 = ORIENTED_EDGE('',*,*,#9461,.F.);
#9476 = ORIENTED_EDGE('',*,*,#9477,.F.);
#9477 = EDGE_CURVE('',#9478,#9454,#9480,.T.);
#9478 = VERTEX_POINT('',#9479);
#9479 = CARTESIAN_POINT('',(4.260773803325,4.4,-0.9));
#9480 = LINE('',#9481,#9482);
#9481 = CARTESIAN_POINT('',(4.260773803325,4.4,-0.9));
#9482 = VECTOR('',#9483,1.);
#9483 = DIRECTION('',(-0.707106781187,0.,-0.707106781187));
#9484 = ORIENTED_EDGE('',*,*,#9485,.T.);
#9485 = EDGE_CURVE('',#9478,#7629,#9486,.T.);
#9486 = LINE('',#9487,#9488);
#9487 = CARTESIAN_POINT('',(4.260773803325,4.4,-0.9));
#9488 = VECTOR('',#9489,1.);
#9489 = DIRECTION('',(-0.,1.,-0.));
#9490 = PLANE('',#9491);
#9491 = AXIS2_PLACEMENT_3D('',#9492,#9493,#9494);
#9492 = CARTESIAN_POINT('',(4.260773803325,4.4,-0.9));
#9493 = DIRECTION('',(0.707106781187,0.,-0.707106781187));
#9494 = DIRECTION('',(-0.707106781187,0.,-0.707106781187));
#9495 = ADVANCED_FACE('',(#9496),#9514,.F.);
#9496 = FACE_BOUND('',#9497,.T.);
#9497 = EDGE_LOOP('',(#9498,#9499,#9500,#9508));
#9498 = ORIENTED_EDGE('',*,*,#7636,.T.);
#9499 = ORIENTED_EDGE('',*,*,#9485,.F.);
#9500 = ORIENTED_EDGE('',*,*,#9501,.F.);
#9501 = EDGE_CURVE('',#9502,#9478,#9504,.T.);
#9502 = VERTEX_POINT('',#9503);
#9503 = CARTESIAN_POINT('',(4.372927405784,4.4,-0.9));
#9504 = LINE('',#9505,#9506);
#9505 = CARTESIAN_POINT('',(4.372927405784,4.4,-0.9));
#9506 = VECTOR('',#9507,1.);
#9507 = DIRECTION('',(-1.,0.,9.667118565207E-16));
#9508 = ORIENTED_EDGE('',*,*,#9509,.T.);
#9509 = EDGE_CURVE('',#9502,#7637,#9510,.T.);
#9510 = LINE('',#9511,#9512);
#9511 = CARTESIAN_POINT('',(4.372927405784,4.4,-0.9));
#9512 = VECTOR('',#9513,1.);
#9513 = DIRECTION('',(-0.,1.,-0.));
#9514 = PLANE('',#9515);
#9515 = AXIS2_PLACEMENT_3D('',#9516,#9517,#9518);
#9516 = CARTESIAN_POINT('',(4.372927405784,4.4,-0.9));
#9517 = DIRECTION('',(-9.667118565207E-16,0.,-1.));
#9518 = DIRECTION('',(-1.,0.,9.667118565207E-16));
#9519 = ADVANCED_FACE('',(#9520),#9538,.F.);
#9520 = FACE_BOUND('',#9521,.T.);
#9521 = EDGE_LOOP('',(#9522,#9523,#9524,#9532));
#9522 = ORIENTED_EDGE('',*,*,#7644,.T.);
#9523 = ORIENTED_EDGE('',*,*,#9509,.F.);
#9524 = ORIENTED_EDGE('',*,*,#9525,.F.);
#9525 = EDGE_CURVE('',#9526,#9502,#9528,.T.);
#9526 = VERTEX_POINT('',#9527);
#9527 = CARTESIAN_POINT('',(4.575,4.4,-0.55));
#9528 = LINE('',#9529,#9530);
#9529 = CARTESIAN_POINT('',(4.575,4.4,-0.55));
#9530 = VECTOR('',#9531,1.);
#9531 = DIRECTION('',(-0.5,0.,-0.866025403784));
#9532 = ORIENTED_EDGE('',*,*,#9533,.T.);
#9533 = EDGE_CURVE('',#9526,#7645,#9534,.T.);
#9534 = LINE('',#9535,#9536);
#9535 = CARTESIAN_POINT('',(4.575,4.4,-0.55));
#9536 = VECTOR('',#9537,1.);
#9537 = DIRECTION('',(-0.,1.,-0.));
#9538 = PLANE('',#9539);
#9539 = AXIS2_PLACEMENT_3D('',#9540,#9541,#9542);
#9540 = CARTESIAN_POINT('',(4.575,4.4,-0.55));
#9541 = DIRECTION('',(0.866025403784,0.,-0.5));
#9542 = DIRECTION('',(-0.5,0.,-0.866025403784));
#9543 = ADVANCED_FACE('',(#9544),#9562,.F.);
#9544 = FACE_BOUND('',#9545,.T.);
#9545 = EDGE_LOOP('',(#9546,#9547,#9548,#9556));
#9546 = ORIENTED_EDGE('',*,*,#7652,.T.);
#9547 = ORIENTED_EDGE('',*,*,#9533,.F.);
#9548 = ORIENTED_EDGE('',*,*,#9549,.F.);
#9549 = EDGE_CURVE('',#9550,#9526,#9552,.T.);
#9550 = VERTEX_POINT('',#9551);
#9551 = CARTESIAN_POINT('',(4.575,4.4,0.55));
#9552 = LINE('',#9553,#9554);
#9553 = CARTESIAN_POINT('',(4.575,4.4,0.55));
#9554 = VECTOR('',#9555,1.);
#9555 = DIRECTION('',(0.,0.,-1.));
#9556 = ORIENTED_EDGE('',*,*,#9557,.T.);
#9557 = EDGE_CURVE('',#9550,#7653,#9558,.T.);
#9558 = LINE('',#9559,#9560);
#9559 = CARTESIAN_POINT('',(4.575,4.4,0.55));
#9560 = VECTOR('',#9561,1.);
#9561 = DIRECTION('',(-0.,1.,-0.));
#9562 = PLANE('',#9563);
#9563 = AXIS2_PLACEMENT_3D('',#9564,#9565,#9566);
#9564 = CARTESIAN_POINT('',(4.575,4.4,0.55));
#9565 = DIRECTION('',(1.,0.,0.));
#9566 = DIRECTION('',(0.,0.,-1.));
#9567 = ADVANCED_FACE('',(#9568),#9586,.F.);
#9568 = FACE_BOUND('',#9569,.T.);
#9569 = EDGE_LOOP('',(#9570,#9571,#9572,#9580));
#9570 = ORIENTED_EDGE('',*,*,#7660,.T.);
#9571 = ORIENTED_EDGE('',*,*,#9557,.F.);
#9572 = ORIENTED_EDGE('',*,*,#9573,.F.);
#9573 = EDGE_CURVE('',#9574,#9550,#9576,.T.);
#9574 = VERTEX_POINT('',#9575);
#9575 = CARTESIAN_POINT('',(4.372927405784,4.4,0.9));
#9576 = LINE('',#9577,#9578);
#9577 = CARTESIAN_POINT('',(4.372927405784,4.4,0.9));
#9578 = VECTOR('',#9579,1.);
#9579 = DIRECTION('',(0.5,0.,-0.866025403784));
#9580 = ORIENTED_EDGE('',*,*,#9581,.T.);
#9581 = EDGE_CURVE('',#9574,#7661,#9582,.T.);
#9582 = LINE('',#9583,#9584);
#9583 = CARTESIAN_POINT('',(4.372927405784,4.4,0.9));
#9584 = VECTOR('',#9585,1.);
#9585 = DIRECTION('',(-0.,1.,-0.));
#9586 = PLANE('',#9587);
#9587 = AXIS2_PLACEMENT_3D('',#9588,#9589,#9590);
#9588 = CARTESIAN_POINT('',(4.372927405784,4.4,0.9));
#9589 = DIRECTION('',(0.866025403784,0.,0.5));
#9590 = DIRECTION('',(0.5,0.,-0.866025403784));
#9591 = ADVANCED_FACE('',(#9592),#9610,.F.);
#9592 = FACE_BOUND('',#9593,.T.);
#9593 = EDGE_LOOP('',(#9594,#9595,#9596,#9604));
#9594 = ORIENTED_EDGE('',*,*,#7668,.T.);
#9595 = ORIENTED_EDGE('',*,*,#9581,.F.);
#9596 = ORIENTED_EDGE('',*,*,#9597,.F.);
#9597 = EDGE_CURVE('',#9598,#9574,#9600,.T.);
#9598 = VERTEX_POINT('',#9599);
#9599 = CARTESIAN_POINT('',(4.260773803325,4.4,0.9));
#9600 = LINE('',#9601,#9602);
#9601 = CARTESIAN_POINT('',(4.260773803325,4.4,0.9));
#9602 = VECTOR('',#9603,1.);
#9603 = DIRECTION('',(1.,0.,-1.933423713041E-15));
#9604 = ORIENTED_EDGE('',*,*,#9605,.T.);
#9605 = EDGE_CURVE('',#9598,#7669,#9606,.T.);
#9606 = LINE('',#9607,#9608);
#9607 = CARTESIAN_POINT('',(4.260773803325,4.4,0.9));
#9608 = VECTOR('',#9609,1.);
#9609 = DIRECTION('',(-0.,1.,-0.));
#9610 = PLANE('',#9611);
#9611 = AXIS2_PLACEMENT_3D('',#9612,#9613,#9614);
#9612 = CARTESIAN_POINT('',(4.260773803325,4.4,0.9));
#9613 = DIRECTION('',(1.933423713041E-15,0.,1.));
#9614 = DIRECTION('',(1.,0.,-1.933423713041E-15));
#9615 = ADVANCED_FACE('',(#9616),#9634,.F.);
#9616 = FACE_BOUND('',#9617,.T.);
#9617 = EDGE_LOOP('',(#9618,#9619,#9620,#9628));
#9618 = ORIENTED_EDGE('',*,*,#7676,.T.);
#9619 = ORIENTED_EDGE('',*,*,#9605,.F.);
#9620 = ORIENTED_EDGE('',*,*,#9621,.F.);
#9621 = EDGE_CURVE('',#9622,#9598,#9624,.T.);
#9622 = VERTEX_POINT('',#9623);
#9623 = CARTESIAN_POINT('',(3.975,4.4,1.185773803325));
#9624 = LINE('',#9625,#9626);
#9625 = CARTESIAN_POINT('',(3.975,4.4,1.185773803325));
#9626 = VECTOR('',#9627,1.);
#9627 = DIRECTION('',(0.707106781187,0.,-0.707106781187));
#9628 = ORIENTED_EDGE('',*,*,#9629,.T.);
#9629 = EDGE_CURVE('',#9622,#7677,#9630,.T.);
#9630 = LINE('',#9631,#9632);
#9631 = CARTESIAN_POINT('',(3.975,4.4,1.185773803325));
#9632 = VECTOR('',#9633,1.);
#9633 = DIRECTION('',(-0.,1.,-0.));
#9634 = PLANE('',#9635);
#9635 = AXIS2_PLACEMENT_3D('',#9636,#9637,#9638);
#9636 = CARTESIAN_POINT('',(3.975,4.4,1.185773803325));
#9637 = DIRECTION('',(0.707106781187,0.,0.707106781187));
#9638 = DIRECTION('',(0.707106781187,0.,-0.707106781187));
#9639 = ADVANCED_FACE('',(#9640),#9658,.F.);
#9640 = FACE_BOUND('',#9641,.T.);
#9641 = EDGE_LOOP('',(#9642,#9643,#9644,#9652));
#9642 = ORIENTED_EDGE('',*,*,#7684,.T.);
#9643 = ORIENTED_EDGE('',*,*,#9629,.F.);
#9644 = ORIENTED_EDGE('',*,*,#9645,.F.);
#9645 = EDGE_CURVE('',#9646,#9622,#9648,.T.);
#9646 = VERTEX_POINT('',#9647);
#9647 = CARTESIAN_POINT('',(3.975,4.4,1.297927405784));
#9648 = LINE('',#9649,#9650);
#9649 = CARTESIAN_POINT('',(3.975,4.4,1.297927405784));
#9650 = VECTOR('',#9651,1.);
#9651 = DIRECTION('',(0.,0.,-1.));
#9652 = ORIENTED_EDGE('',*,*,#9653,.T.);
#9653 = EDGE_CURVE('',#9646,#7685,#9654,.T.);
#9654 = LINE('',#9655,#9656);
#9655 = CARTESIAN_POINT('',(3.975,4.4,1.297927405784));
#9656 = VECTOR('',#9657,1.);
#9657 = DIRECTION('',(-0.,1.,-0.));
#9658 = PLANE('',#9659);
#9659 = AXIS2_PLACEMENT_3D('',#9660,#9661,#9662);
#9660 = CARTESIAN_POINT('',(3.975,4.4,1.297927405784));
#9661 = DIRECTION('',(1.,0.,0.));
#9662 = DIRECTION('',(0.,0.,-1.));
#9663 = ADVANCED_FACE('',(#9664),#9682,.F.);
#9664 = FACE_BOUND('',#9665,.T.);
#9665 = EDGE_LOOP('',(#9666,#9667,#9668,#9676));
#9666 = ORIENTED_EDGE('',*,*,#7692,.T.);
#9667 = ORIENTED_EDGE('',*,*,#9653,.F.);
#9668 = ORIENTED_EDGE('',*,*,#9669,.F.);
#9669 = EDGE_CURVE('',#9670,#9646,#9672,.T.);
#9670 = VERTEX_POINT('',#9671);
#9671 = CARTESIAN_POINT('',(3.625,4.4,1.5));
#9672 = LINE('',#9673,#9674);
#9673 = CARTESIAN_POINT('',(3.625,4.4,1.5));
#9674 = VECTOR('',#9675,1.);
#9675 = DIRECTION('',(0.866025403784,0.,-0.5));
#9676 = ORIENTED_EDGE('',*,*,#9677,.T.);
#9677 = EDGE_CURVE('',#9670,#7693,#9678,.T.);
#9678 = LINE('',#9679,#9680);
#9679 = CARTESIAN_POINT('',(3.625,4.4,1.5));
#9680 = VECTOR('',#9681,1.);
#9681 = DIRECTION('',(-0.,1.,-0.));
#9682 = PLANE('',#9683);
#9683 = AXIS2_PLACEMENT_3D('',#9684,#9685,#9686);
#9684 = CARTESIAN_POINT('',(3.625,4.4,1.5));
#9685 = DIRECTION('',(0.5,0.,0.866025403784));
#9686 = DIRECTION('',(0.866025403784,0.,-0.5));
#9687 = ADVANCED_FACE('',(#9688),#9706,.F.);
#9688 = FACE_BOUND('',#9689,.T.);
#9689 = EDGE_LOOP('',(#9690,#9691,#9692,#9700));
#9690 = ORIENTED_EDGE('',*,*,#7700,.T.);
#9691 = ORIENTED_EDGE('',*,*,#9677,.F.);
#9692 = ORIENTED_EDGE('',*,*,#9693,.F.);
#9693 = EDGE_CURVE('',#9694,#9670,#9696,.T.);
#9694 = VERTEX_POINT('',#9695);
#9695 = CARTESIAN_POINT('',(1.925,4.4,1.5));
#9696 = LINE('',#9697,#9698);
#9697 = CARTESIAN_POINT('',(1.925,4.4,1.5));
#9698 = VECTOR('',#9699,1.);
#9699 = DIRECTION('',(1.,0.,-1.27553196763E-16));
#9700 = ORIENTED_EDGE('',*,*,#9701,.T.);
#9701 = EDGE_CURVE('',#9694,#7701,#9702,.T.);
#9702 = LINE('',#9703,#9704);
#9703 = CARTESIAN_POINT('',(1.925,4.4,1.5));
#9704 = VECTOR('',#9705,1.);
#9705 = DIRECTION('',(-0.,1.,-0.));
#9706 = PLANE('',#9707);
#9707 = AXIS2_PLACEMENT_3D('',#9708,#9709,#9710);
#9708 = CARTESIAN_POINT('',(1.925,4.4,1.5));
#9709 = DIRECTION('',(1.27553196763E-16,0.,1.));
#9710 = DIRECTION('',(1.,0.,-1.27553196763E-16));
#9711 = ADVANCED_FACE('',(#9712),#9730,.F.);
#9712 = FACE_BOUND('',#9713,.T.);
#9713 = EDGE_LOOP('',(#9714,#9715,#9716,#9724));
#9714 = ORIENTED_EDGE('',*,*,#7708,.T.);
#9715 = ORIENTED_EDGE('',*,*,#9701,.F.);
#9716 = ORIENTED_EDGE('',*,*,#9717,.F.);
#9717 = EDGE_CURVE('',#9718,#9694,#9720,.T.);
#9718 = VERTEX_POINT('',#9719);
#9719 = CARTESIAN_POINT('',(1.575,4.4,1.297927405784));
#9720 = LINE('',#9721,#9722);
#9721 = CARTESIAN_POINT('',(1.575,4.4,1.297927405784));
#9722 = VECTOR('',#9723,1.);
#9723 = DIRECTION('',(0.866025403784,0.,0.5));
#9724 = ORIENTED_EDGE('',*,*,#9725,.T.);
#9725 = EDGE_CURVE('',#9718,#7709,#9726,.T.);
#9726 = LINE('',#9727,#9728);
#9727 = CARTESIAN_POINT('',(1.575,4.4,1.297927405784));
#9728 = VECTOR('',#9729,1.);
#9729 = DIRECTION('',(-0.,1.,-0.));
#9730 = PLANE('',#9731);
#9731 = AXIS2_PLACEMENT_3D('',#9732,#9733,#9734);
#9732 = CARTESIAN_POINT('',(1.575,4.4,1.297927405784));
#9733 = DIRECTION('',(-0.5,0.,0.866025403784));
#9734 = DIRECTION('',(0.866025403784,0.,0.5));
#9735 = ADVANCED_FACE('',(#9736),#9754,.F.);
#9736 = FACE_BOUND('',#9737,.T.);
#9737 = EDGE_LOOP('',(#9738,#9739,#9740,#9748));
#9738 = ORIENTED_EDGE('',*,*,#7716,.T.);
#9739 = ORIENTED_EDGE('',*,*,#9725,.F.);
#9740 = ORIENTED_EDGE('',*,*,#9741,.F.);
#9741 = EDGE_CURVE('',#9742,#9718,#9744,.T.);
#9742 = VERTEX_POINT('',#9743);
#9743 = CARTESIAN_POINT('',(1.575,4.4,1.185773803325));
#9744 = LINE('',#9745,#9746);
#9745 = CARTESIAN_POINT('',(1.575,4.4,1.185773803325));
#9746 = VECTOR('',#9747,1.);
#9747 = DIRECTION('',(-1.933423713041E-15,0.,1.));
#9748 = ORIENTED_EDGE('',*,*,#9749,.T.);
#9749 = EDGE_CURVE('',#9742,#7717,#9750,.T.);
#9750 = LINE('',#9751,#9752);
#9751 = CARTESIAN_POINT('',(1.575,4.4,1.185773803325));
#9752 = VECTOR('',#9753,1.);
#9753 = DIRECTION('',(-0.,1.,-0.));
#9754 = PLANE('',#9755);
#9755 = AXIS2_PLACEMENT_3D('',#9756,#9757,#9758);
#9756 = CARTESIAN_POINT('',(1.575,4.4,1.185773803325));
#9757 = DIRECTION('',(-1.,0.,-1.933423713041E-15));
#9758 = DIRECTION('',(-1.933423713041E-15,0.,1.));
#9759 = ADVANCED_FACE('',(#9760),#9778,.F.);
#9760 = FACE_BOUND('',#9761,.T.);
#9761 = EDGE_LOOP('',(#9762,#9763,#9764,#9772));
#9762 = ORIENTED_EDGE('',*,*,#7724,.T.);
#9763 = ORIENTED_EDGE('',*,*,#9749,.F.);
#9764 = ORIENTED_EDGE('',*,*,#9765,.F.);
#9765 = EDGE_CURVE('',#9766,#9742,#9768,.T.);
#9766 = VERTEX_POINT('',#9767);
#9767 = CARTESIAN_POINT('',(1.289226196675,4.4,0.9));
#9768 = LINE('',#9769,#9770);
#9769 = CARTESIAN_POINT('',(1.289226196675,4.4,0.9));
#9770 = VECTOR('',#9771,1.);
#9771 = DIRECTION('',(0.707106781187,0.,0.707106781187));
#9772 = ORIENTED_EDGE('',*,*,#9773,.T.);
#9773 = EDGE_CURVE('',#9766,#7725,#9774,.T.);
#9774 = LINE('',#9775,#9776);
#9775 = CARTESIAN_POINT('',(1.289226196675,4.4,0.9));
#9776 = VECTOR('',#9777,1.);
#9777 = DIRECTION('',(-0.,1.,-0.));
#9778 = PLANE('',#9779);
#9779 = AXIS2_PLACEMENT_3D('',#9780,#9781,#9782);
#9780 = CARTESIAN_POINT('',(1.289226196675,4.4,0.9));
#9781 = DIRECTION('',(-0.707106781187,0.,0.707106781187));
#9782 = DIRECTION('',(0.707106781187,0.,0.707106781187));
#9783 = ADVANCED_FACE('',(#9784),#9802,.F.);
#9784 = FACE_BOUND('',#9785,.T.);
#9785 = EDGE_LOOP('',(#9786,#9787,#9788,#9796));
#9786 = ORIENTED_EDGE('',*,*,#7732,.T.);
#9787 = ORIENTED_EDGE('',*,*,#9773,.F.);
#9788 = ORIENTED_EDGE('',*,*,#9789,.F.);
#9789 = EDGE_CURVE('',#9790,#9766,#9792,.T.);
#9790 = VERTEX_POINT('',#9791);
#9791 = CARTESIAN_POINT('',(1.177072594216,4.4,0.9));
#9792 = LINE('',#9793,#9794);
#9793 = CARTESIAN_POINT('',(1.177072594216,4.4,0.9));
#9794 = VECTOR('',#9795,1.);
#9795 = DIRECTION('',(1.,0.,1.933423713041E-15));
#9796 = ORIENTED_EDGE('',*,*,#9797,.T.);
#9797 = EDGE_CURVE('',#9790,#7733,#9798,.T.);
#9798 = LINE('',#9799,#9800);
#9799 = CARTESIAN_POINT('',(1.177072594216,4.4,0.9));
#9800 = VECTOR('',#9801,1.);
#9801 = DIRECTION('',(-0.,1.,-0.));
#9802 = PLANE('',#9803);
#9803 = AXIS2_PLACEMENT_3D('',#9804,#9805,#9806);
#9804 = CARTESIAN_POINT('',(1.177072594216,4.4,0.9));
#9805 = DIRECTION('',(-1.933423713041E-15,0.,1.));
#9806 = DIRECTION('',(1.,0.,1.933423713041E-15));
#9807 = ADVANCED_FACE('',(#9808),#9819,.F.);
#9808 = FACE_BOUND('',#9809,.T.);
#9809 = EDGE_LOOP('',(#9810,#9811,#9812,#9818));
#9810 = ORIENTED_EDGE('',*,*,#7740,.T.);
#9811 = ORIENTED_EDGE('',*,*,#9797,.F.);
#9812 = ORIENTED_EDGE('',*,*,#9813,.F.);
#9813 = EDGE_CURVE('',#9247,#9790,#9814,.T.);
#9814 = LINE('',#9815,#9816);
#9815 = CARTESIAN_POINT('',(0.975,4.4,0.55));
#9816 = VECTOR('',#9817,1.);
#9817 = DIRECTION('',(0.5,0.,0.866025403784));
#9818 = ORIENTED_EDGE('',*,*,#9246,.T.);
#9819 = PLANE('',#9820);
#9820 = AXIS2_PLACEMENT_3D('',#9821,#9822,#9823);
#9821 = CARTESIAN_POINT('',(0.975,4.4,0.55));
#9822 = DIRECTION('',(-0.866025403784,0.,0.5));
#9823 = DIRECTION('',(0.5,0.,0.866025403784));
#9824 = ADVANCED_FACE('',(#9825),#9851,.T.);
#9825 = FACE_BOUND('',#9826,.T.);
#9826 = EDGE_LOOP('',(#9827,#9828,#9829,#9830,#9831,#9832,#9833,#9834,
    #9835,#9836,#9837,#9838,#9839,#9840,#9841,#9842,#9843,#9844,#9845,
    #9846,#9847,#9848,#9849,#9850));
#9827 = ORIENTED_EDGE('',*,*,#9285,.T.);
#9828 = ORIENTED_EDGE('',*,*,#9254,.T.);
#9829 = ORIENTED_EDGE('',*,*,#9813,.T.);
#9830 = ORIENTED_EDGE('',*,*,#9789,.T.);
#9831 = ORIENTED_EDGE('',*,*,#9765,.T.);
#9832 = ORIENTED_EDGE('',*,*,#9741,.T.);
#9833 = ORIENTED_EDGE('',*,*,#9717,.T.);
#9834 = ORIENTED_EDGE('',*,*,#9693,.T.);
#9835 = ORIENTED_EDGE('',*,*,#9669,.T.);
#9836 = ORIENTED_EDGE('',*,*,#9645,.T.);
#9837 = ORIENTED_EDGE('',*,*,#9621,.T.);
#9838 = ORIENTED_EDGE('',*,*,#9597,.T.);
#9839 = ORIENTED_EDGE('',*,*,#9573,.T.);
#9840 = ORIENTED_EDGE('',*,*,#9549,.T.);
#9841 = ORIENTED_EDGE('',*,*,#9525,.T.);
#9842 = ORIENTED_EDGE('',*,*,#9501,.T.);
#9843 = ORIENTED_EDGE('',*,*,#9477,.T.);
#9844 = ORIENTED_EDGE('',*,*,#9453,.T.);
#9845 = ORIENTED_EDGE('',*,*,#9429,.T.);
#9846 = ORIENTED_EDGE('',*,*,#9405,.T.);
#9847 = ORIENTED_EDGE('',*,*,#9381,.T.);
#9848 = ORIENTED_EDGE('',*,*,#9357,.T.);
#9849 = ORIENTED_EDGE('',*,*,#9333,.T.);
#9850 = ORIENTED_EDGE('',*,*,#9309,.T.);
#9851 = PLANE('',#9852);
#9852 = AXIS2_PLACEMENT_3D('',#9853,#9854,#9855);
#9853 = CARTESIAN_POINT('',(0.,4.4,0.));
#9854 = DIRECTION('',(0.,1.,-0.));
#9855 = DIRECTION('',(0.,0.,1.));
#9856 = ADVANCED_FACE('',(#9857),#9882,.F.);
#9857 = FACE_BOUND('',#9858,.T.);
#9858 = EDGE_LOOP('',(#9859,#9860,#9868,#9876));
#9859 = ORIENTED_EDGE('',*,*,#6576,.T.);
#9860 = ORIENTED_EDGE('',*,*,#9861,.F.);
#9861 = EDGE_CURVE('',#9862,#6579,#9864,.T.);
#9862 = VERTEX_POINT('',#9863);
#9863 = CARTESIAN_POINT('',(0.360773803325,4.4,-0.9));
#9864 = LINE('',#9865,#9866);
#9865 = CARTESIAN_POINT('',(0.360773803325,4.4,-0.9));
#9866 = VECTOR('',#9867,1.);
#9867 = DIRECTION('',(-0.,1.,-0.));
#9868 = ORIENTED_EDGE('',*,*,#9869,.F.);
#9869 = EDGE_CURVE('',#9870,#9862,#9872,.T.);
#9870 = VERTEX_POINT('',#9871);
#9871 = CARTESIAN_POINT('',(0.472927405784,4.4,-0.9));
#9872 = LINE('',#9873,#9874);
#9873 = CARTESIAN_POINT('',(0.360773803325,4.4,-0.9));
#9874 = VECTOR('',#9875,1.);
#9875 = DIRECTION('',(-1.,-0.,9.667118565207E-16));
#9876 = ORIENTED_EDGE('',*,*,#9877,.T.);
#9877 = EDGE_CURVE('',#9870,#6577,#9878,.T.);
#9878 = LINE('',#9879,#9880);
#9879 = CARTESIAN_POINT('',(0.472927405784,4.4,-0.9));
#9880 = VECTOR('',#9881,1.);
#9881 = DIRECTION('',(-0.,1.,-0.));
#9882 = PLANE('',#9883);
#9883 = AXIS2_PLACEMENT_3D('',#9884,#9885,#9886);
#9884 = CARTESIAN_POINT('',(0.360773803325,4.4,-0.9));
#9885 = DIRECTION('',(-9.667118565207E-16,0.,-1.));
#9886 = DIRECTION('',(-1.,0.,9.667118565207E-16));
#9887 = ADVANCED_FACE('',(#9888),#9899,.F.);
#9888 = FACE_BOUND('',#9889,.T.);
#9889 = EDGE_LOOP('',(#9890,#9891,#9892,#9898));
#9890 = ORIENTED_EDGE('',*,*,#6586,.T.);
#9891 = ORIENTED_EDGE('',*,*,#9877,.F.);
#9892 = ORIENTED_EDGE('',*,*,#9893,.F.);
#9893 = EDGE_CURVE('',#9214,#9870,#9894,.T.);
#9894 = LINE('',#9895,#9896);
#9895 = CARTESIAN_POINT('',(0.472927405784,4.4,-0.9));
#9896 = VECTOR('',#9897,1.);
#9897 = DIRECTION('',(-0.5,-0.,-0.866025403784));
#9898 = ORIENTED_EDGE('',*,*,#9213,.T.);
#9899 = PLANE('',#9900);
#9900 = AXIS2_PLACEMENT_3D('',#9901,#9902,#9903);
#9901 = CARTESIAN_POINT('',(0.472927405784,4.4,-0.9));
#9902 = DIRECTION('',(0.866025403784,0.,-0.5));
#9903 = DIRECTION('',(-0.5,0.,-0.866025403784));
#9904 = ADVANCED_FACE('',(#9905),#9923,.F.);
#9905 = FACE_BOUND('',#9906,.T.);
#9906 = EDGE_LOOP('',(#9907,#9908,#9909,#9917));
#9907 = ORIENTED_EDGE('',*,*,#6652,.T.);
#9908 = ORIENTED_EDGE('',*,*,#9229,.F.);
#9909 = ORIENTED_EDGE('',*,*,#9910,.F.);
#9910 = EDGE_CURVE('',#9911,#9222,#9913,.T.);
#9911 = VERTEX_POINT('',#9912);
#9912 = CARTESIAN_POINT('',(0.472927405784,4.4,0.9));
#9913 = LINE('',#9914,#9915);
#9914 = CARTESIAN_POINT('',(0.675,4.4,0.55));
#9915 = VECTOR('',#9916,1.);
#9916 = DIRECTION('',(0.5,-0.,-0.866025403784));
#9917 = ORIENTED_EDGE('',*,*,#9918,.T.);
#9918 = EDGE_CURVE('',#9911,#6653,#9919,.T.);
#9919 = LINE('',#9920,#9921);
#9920 = CARTESIAN_POINT('',(0.472927405784,4.4,0.9));
#9921 = VECTOR('',#9922,1.);
#9922 = DIRECTION('',(-0.,1.,-0.));
#9923 = PLANE('',#9924);
#9924 = AXIS2_PLACEMENT_3D('',#9925,#9926,#9927);
#9925 = CARTESIAN_POINT('',(0.675,4.4,0.55));
#9926 = DIRECTION('',(0.866025403784,0.,0.5));
#9927 = DIRECTION('',(0.5,0.,-0.866025403784));
#9928 = ADVANCED_FACE('',(#9929),#9947,.F.);
#9929 = FACE_BOUND('',#9930,.T.);
#9930 = EDGE_LOOP('',(#9931,#9932,#9933,#9941));
#9931 = ORIENTED_EDGE('',*,*,#6660,.T.);
#9932 = ORIENTED_EDGE('',*,*,#9918,.F.);
#9933 = ORIENTED_EDGE('',*,*,#9934,.F.);
#9934 = EDGE_CURVE('',#9935,#9911,#9937,.T.);
#9935 = VERTEX_POINT('',#9936);
#9936 = CARTESIAN_POINT('',(0.360773803325,4.4,0.9));
#9937 = LINE('',#9938,#9939);
#9938 = CARTESIAN_POINT('',(0.472927405784,4.4,0.9));
#9939 = VECTOR('',#9940,1.);
#9940 = DIRECTION('',(1.,-0.,-1.933423713041E-15));
#9941 = ORIENTED_EDGE('',*,*,#9942,.T.);
#9942 = EDGE_CURVE('',#9935,#6661,#9943,.T.);
#9943 = LINE('',#9944,#9945);
#9944 = CARTESIAN_POINT('',(0.360773803325,4.4,0.9));
#9945 = VECTOR('',#9946,1.);
#9946 = DIRECTION('',(-0.,1.,-0.));
#9947 = PLANE('',#9948);
#9948 = AXIS2_PLACEMENT_3D('',#9949,#9950,#9951);
#9949 = CARTESIAN_POINT('',(0.472927405784,4.4,0.9));
#9950 = DIRECTION('',(1.933423713041E-15,0.,1.));
#9951 = DIRECTION('',(1.,0.,-1.933423713041E-15));
#9952 = ADVANCED_FACE('',(#9953),#9971,.F.);
#9953 = FACE_BOUND('',#9954,.T.);
#9954 = EDGE_LOOP('',(#9955,#9956,#9957,#9965));
#9955 = ORIENTED_EDGE('',*,*,#6668,.T.);
#9956 = ORIENTED_EDGE('',*,*,#9942,.F.);
#9957 = ORIENTED_EDGE('',*,*,#9958,.F.);
#9958 = EDGE_CURVE('',#9959,#9935,#9961,.T.);
#9959 = VERTEX_POINT('',#9960);
#9960 = CARTESIAN_POINT('',(7.5E-02,4.4,1.185773803325));
#9961 = LINE('',#9962,#9963);
#9962 = CARTESIAN_POINT('',(0.360773803325,4.4,0.9));
#9963 = VECTOR('',#9964,1.);
#9964 = DIRECTION('',(0.707106781187,-0.,-0.707106781187));
#9965 = ORIENTED_EDGE('',*,*,#9966,.T.);
#9966 = EDGE_CURVE('',#9959,#6669,#9967,.T.);
#9967 = LINE('',#9968,#9969);
#9968 = CARTESIAN_POINT('',(7.5E-02,4.4,1.185773803325));
#9969 = VECTOR('',#9970,1.);
#9970 = DIRECTION('',(-0.,1.,-0.));
#9971 = PLANE('',#9972);
#9972 = AXIS2_PLACEMENT_3D('',#9973,#9974,#9975);
#9973 = CARTESIAN_POINT('',(0.360773803325,4.4,0.9));
#9974 = DIRECTION('',(0.707106781187,0.,0.707106781187));
#9975 = DIRECTION('',(0.707106781187,0.,-0.707106781187));
#9976 = ADVANCED_FACE('',(#9977),#9995,.F.);
#9977 = FACE_BOUND('',#9978,.T.);
#9978 = EDGE_LOOP('',(#9979,#9980,#9981,#9989));
#9979 = ORIENTED_EDGE('',*,*,#6676,.T.);
#9980 = ORIENTED_EDGE('',*,*,#9966,.F.);
#9981 = ORIENTED_EDGE('',*,*,#9982,.F.);
#9982 = EDGE_CURVE('',#9983,#9959,#9985,.T.);
#9983 = VERTEX_POINT('',#9984);
#9984 = CARTESIAN_POINT('',(7.5E-02,4.4,1.297927405784));
#9985 = LINE('',#9986,#9987);
#9986 = CARTESIAN_POINT('',(7.5E-02,4.4,1.185773803325));
#9987 = VECTOR('',#9988,1.);
#9988 = DIRECTION('',(-3.866847426083E-15,-0.,-1.));
#9989 = ORIENTED_EDGE('',*,*,#9990,.T.);
#9990 = EDGE_CURVE('',#9983,#6677,#9991,.T.);
#9991 = LINE('',#9992,#9993);
#9992 = CARTESIAN_POINT('',(7.5E-02,4.4,1.297927405784));
#9993 = VECTOR('',#9994,1.);
#9994 = DIRECTION('',(-0.,1.,-0.));
#9995 = PLANE('',#9996);
#9996 = AXIS2_PLACEMENT_3D('',#9997,#9998,#9999);
#9997 = CARTESIAN_POINT('',(7.5E-02,4.4,1.185773803325));
#9998 = DIRECTION('',(1.,0.,-3.866847426083E-15));
#9999 = DIRECTION('',(-3.866847426083E-15,0.,-1.));
#10000 = ADVANCED_FACE('',(#10001),#10019,.F.);
#10001 = FACE_BOUND('',#10002,.T.);
#10002 = EDGE_LOOP('',(#10003,#10004,#10005,#10013));
#10003 = ORIENTED_EDGE('',*,*,#6684,.T.);
#10004 = ORIENTED_EDGE('',*,*,#9990,.F.);
#10005 = ORIENTED_EDGE('',*,*,#10006,.F.);
#10006 = EDGE_CURVE('',#10007,#9983,#10009,.T.);
#10007 = VERTEX_POINT('',#10008);
#10008 = CARTESIAN_POINT('',(-0.275,4.4,1.5));
#10009 = LINE('',#10010,#10011);
#10010 = CARTESIAN_POINT('',(7.5E-02,4.4,1.297927405784));
#10011 = VECTOR('',#10012,1.);
#10012 = DIRECTION('',(0.866025403784,-0.,-0.5));
#10013 = ORIENTED_EDGE('',*,*,#10014,.T.);
#10014 = EDGE_CURVE('',#10007,#6685,#10015,.T.);
#10015 = LINE('',#10016,#10017);
#10016 = CARTESIAN_POINT('',(-0.275,4.4,1.5));
#10017 = VECTOR('',#10018,1.);
#10018 = DIRECTION('',(-0.,1.,-0.));
#10019 = PLANE('',#10020);
#10020 = AXIS2_PLACEMENT_3D('',#10021,#10022,#10023);
#10021 = CARTESIAN_POINT('',(7.5E-02,4.4,1.297927405784));
#10022 = DIRECTION('',(0.5,0.,0.866025403784));
#10023 = DIRECTION('',(0.866025403784,0.,-0.5));
#10024 = ADVANCED_FACE('',(#10025),#10043,.F.);
#10025 = FACE_BOUND('',#10026,.T.);
#10026 = EDGE_LOOP('',(#10027,#10028,#10029,#10037));
#10027 = ORIENTED_EDGE('',*,*,#6692,.T.);
#10028 = ORIENTED_EDGE('',*,*,#10014,.F.);
#10029 = ORIENTED_EDGE('',*,*,#10030,.F.);
#10030 = EDGE_CURVE('',#10031,#10007,#10033,.T.);
#10031 = VERTEX_POINT('',#10032);
#10032 = CARTESIAN_POINT('',(-1.975,4.4,1.5));
#10033 = LINE('',#10034,#10035);
#10034 = CARTESIAN_POINT('',(-0.275,4.4,1.5));
#10035 = VECTOR('',#10036,1.);
#10036 = DIRECTION('',(1.,-0.,1.27553196763E-16));
#10037 = ORIENTED_EDGE('',*,*,#10038,.T.);
#10038 = EDGE_CURVE('',#10031,#6693,#10039,.T.);
#10039 = LINE('',#10040,#10041);
#10040 = CARTESIAN_POINT('',(-1.975,4.4,1.5));
#10041 = VECTOR('',#10042,1.);
#10042 = DIRECTION('',(-0.,1.,-0.));
#10043 = PLANE('',#10044);
#10044 = AXIS2_PLACEMENT_3D('',#10045,#10046,#10047);
#10045 = CARTESIAN_POINT('',(-0.275,4.4,1.5));
#10046 = DIRECTION('',(-1.27553196763E-16,0.,1.));
#10047 = DIRECTION('',(1.,0.,1.27553196763E-16));
#10048 = ADVANCED_FACE('',(#10049),#10067,.F.);
#10049 = FACE_BOUND('',#10050,.T.);
#10050 = EDGE_LOOP('',(#10051,#10052,#10053,#10061));
#10051 = ORIENTED_EDGE('',*,*,#6700,.T.);
#10052 = ORIENTED_EDGE('',*,*,#10038,.F.);
#10053 = ORIENTED_EDGE('',*,*,#10054,.F.);
#10054 = EDGE_CURVE('',#10055,#10031,#10057,.T.);
#10055 = VERTEX_POINT('',#10056);
#10056 = CARTESIAN_POINT('',(-2.325,4.4,1.297927405784));
#10057 = LINE('',#10058,#10059);
#10058 = CARTESIAN_POINT('',(-1.975,4.4,1.5));
#10059 = VECTOR('',#10060,1.);
#10060 = DIRECTION('',(0.866025403784,-0.,0.5));
#10061 = ORIENTED_EDGE('',*,*,#10062,.T.);
#10062 = EDGE_CURVE('',#10055,#6701,#10063,.T.);
#10063 = LINE('',#10064,#10065);
#10064 = CARTESIAN_POINT('',(-2.325,4.4,1.297927405784));
#10065 = VECTOR('',#10066,1.);
#10066 = DIRECTION('',(-0.,1.,-0.));
#10067 = PLANE('',#10068);
#10068 = AXIS2_PLACEMENT_3D('',#10069,#10070,#10071);
#10069 = CARTESIAN_POINT('',(-1.975,4.4,1.5));
#10070 = DIRECTION('',(-0.5,0.,0.866025403784));
#10071 = DIRECTION('',(0.866025403784,0.,0.5));
#10072 = ADVANCED_FACE('',(#10073),#10091,.F.);
#10073 = FACE_BOUND('',#10074,.T.);
#10074 = EDGE_LOOP('',(#10075,#10076,#10077,#10085));
#10075 = ORIENTED_EDGE('',*,*,#6708,.T.);
#10076 = ORIENTED_EDGE('',*,*,#10062,.F.);
#10077 = ORIENTED_EDGE('',*,*,#10078,.F.);
#10078 = EDGE_CURVE('',#10079,#10055,#10081,.T.);
#10079 = VERTEX_POINT('',#10080);
#10080 = CARTESIAN_POINT('',(-2.325,4.4,1.185773803325));
#10081 = LINE('',#10082,#10083);
#10082 = CARTESIAN_POINT('',(-2.325,4.4,1.297927405784));
#10083 = VECTOR('',#10084,1.);
#10084 = DIRECTION('',(-0.,-0.,1.));
#10085 = ORIENTED_EDGE('',*,*,#10086,.T.);
#10086 = EDGE_CURVE('',#10079,#6709,#10087,.T.);
#10087 = LINE('',#10088,#10089);
#10088 = CARTESIAN_POINT('',(-2.325,4.4,1.185773803325));
#10089 = VECTOR('',#10090,1.);
#10090 = DIRECTION('',(-0.,1.,-0.));
#10091 = PLANE('',#10092);
#10092 = AXIS2_PLACEMENT_3D('',#10093,#10094,#10095);
#10093 = CARTESIAN_POINT('',(-2.325,4.4,1.297927405784));
#10094 = DIRECTION('',(-1.,0.,-0.));
#10095 = DIRECTION('',(0.,0.,1.));
#10096 = ADVANCED_FACE('',(#10097),#10115,.F.);
#10097 = FACE_BOUND('',#10098,.T.);
#10098 = EDGE_LOOP('',(#10099,#10100,#10101,#10109));
#10099 = ORIENTED_EDGE('',*,*,#6716,.T.);
#10100 = ORIENTED_EDGE('',*,*,#10086,.F.);
#10101 = ORIENTED_EDGE('',*,*,#10102,.F.);
#10102 = EDGE_CURVE('',#10103,#10079,#10105,.T.);
#10103 = VERTEX_POINT('',#10104);
#10104 = CARTESIAN_POINT('',(-2.610773803325,4.4,0.9));
#10105 = LINE('',#10106,#10107);
#10106 = CARTESIAN_POINT('',(-2.325,4.4,1.185773803325));
#10107 = VECTOR('',#10108,1.);
#10108 = DIRECTION('',(0.707106781187,-0.,0.707106781187));
#10109 = ORIENTED_EDGE('',*,*,#10110,.T.);
#10110 = EDGE_CURVE('',#10103,#6717,#10111,.T.);
#10111 = LINE('',#10112,#10113);
#10112 = CARTESIAN_POINT('',(-2.610773803325,4.4,0.9));
#10113 = VECTOR('',#10114,1.);
#10114 = DIRECTION('',(-0.,1.,-0.));
#10115 = PLANE('',#10116);
#10116 = AXIS2_PLACEMENT_3D('',#10117,#10118,#10119);
#10117 = CARTESIAN_POINT('',(-2.325,4.4,1.185773803325));
#10118 = DIRECTION('',(-0.707106781187,0.,0.707106781187));
#10119 = DIRECTION('',(0.707106781187,0.,0.707106781187));
#10120 = ADVANCED_FACE('',(#10121),#10139,.F.);
#10121 = FACE_BOUND('',#10122,.T.);
#10122 = EDGE_LOOP('',(#10123,#10124,#10125,#10133));
#10123 = ORIENTED_EDGE('',*,*,#6724,.T.);
#10124 = ORIENTED_EDGE('',*,*,#10110,.F.);
#10125 = ORIENTED_EDGE('',*,*,#10126,.F.);
#10126 = EDGE_CURVE('',#10127,#10103,#10129,.T.);
#10127 = VERTEX_POINT('',#10128);
#10128 = CARTESIAN_POINT('',(-2.722927405784,4.4,0.9));
#10129 = LINE('',#10130,#10131);
#10130 = CARTESIAN_POINT('',(-2.610773803325,4.4,0.9));
#10131 = VECTOR('',#10132,1.);
#10132 = DIRECTION('',(1.,-0.,1.933423713041E-15));
#10133 = ORIENTED_EDGE('',*,*,#10134,.T.);
#10134 = EDGE_CURVE('',#10127,#6725,#10135,.T.);
#10135 = LINE('',#10136,#10137);
#10136 = CARTESIAN_POINT('',(-2.722927405784,4.4,0.9));
#10137 = VECTOR('',#10138,1.);
#10138 = DIRECTION('',(-0.,1.,-0.));
#10139 = PLANE('',#10140);
#10140 = AXIS2_PLACEMENT_3D('',#10141,#10142,#10143);
#10141 = CARTESIAN_POINT('',(-2.610773803325,4.4,0.9));
#10142 = DIRECTION('',(-1.933423713041E-15,0.,1.));
#10143 = DIRECTION('',(1.,0.,1.933423713041E-15));
#10144 = ADVANCED_FACE('',(#10145),#10163,.F.);
#10145 = FACE_BOUND('',#10146,.T.);
#10146 = EDGE_LOOP('',(#10147,#10148,#10149,#10157));
#10147 = ORIENTED_EDGE('',*,*,#6732,.T.);
#10148 = ORIENTED_EDGE('',*,*,#10134,.F.);
#10149 = ORIENTED_EDGE('',*,*,#10150,.F.);
#10150 = EDGE_CURVE('',#10151,#10127,#10153,.T.);
#10151 = VERTEX_POINT('',#10152);
#10152 = CARTESIAN_POINT('',(-2.925,4.4,0.55));
#10153 = LINE('',#10154,#10155);
#10154 = CARTESIAN_POINT('',(-2.722927405784,4.4,0.9));
#10155 = VECTOR('',#10156,1.);
#10156 = DIRECTION('',(0.5,-0.,0.866025403784));
#10157 = ORIENTED_EDGE('',*,*,#10158,.T.);
#10158 = EDGE_CURVE('',#10151,#6733,#10159,.T.);
#10159 = LINE('',#10160,#10161);
#10160 = CARTESIAN_POINT('',(-2.925,4.4,0.55));
#10161 = VECTOR('',#10162,1.);
#10162 = DIRECTION('',(-0.,1.,-0.));
#10163 = PLANE('',#10164);
#10164 = AXIS2_PLACEMENT_3D('',#10165,#10166,#10167);
#10165 = CARTESIAN_POINT('',(-2.722927405784,4.4,0.9));
#10166 = DIRECTION('',(-0.866025403784,0.,0.5));
#10167 = DIRECTION('',(0.5,0.,0.866025403784));
#10168 = ADVANCED_FACE('',(#10169),#10187,.F.);
#10169 = FACE_BOUND('',#10170,.T.);
#10170 = EDGE_LOOP('',(#10171,#10172,#10173,#10181));
#10171 = ORIENTED_EDGE('',*,*,#6740,.T.);
#10172 = ORIENTED_EDGE('',*,*,#10158,.F.);
#10173 = ORIENTED_EDGE('',*,*,#10174,.F.);
#10174 = EDGE_CURVE('',#10175,#10151,#10177,.T.);
#10175 = VERTEX_POINT('',#10176);
#10176 = CARTESIAN_POINT('',(-2.925,4.4,-0.55));
#10177 = LINE('',#10178,#10179);
#10178 = CARTESIAN_POINT('',(-2.925,4.4,0.55));
#10179 = VECTOR('',#10180,1.);
#10180 = DIRECTION('',(-0.,-0.,1.));
#10181 = ORIENTED_EDGE('',*,*,#10182,.T.);
#10182 = EDGE_CURVE('',#10175,#6741,#10183,.T.);
#10183 = LINE('',#10184,#10185);
#10184 = CARTESIAN_POINT('',(-2.925,4.4,-0.55));
#10185 = VECTOR('',#10186,1.);
#10186 = DIRECTION('',(-0.,1.,-0.));
#10187 = PLANE('',#10188);
#10188 = AXIS2_PLACEMENT_3D('',#10189,#10190,#10191);
#10189 = CARTESIAN_POINT('',(-2.925,4.4,0.55));
#10190 = DIRECTION('',(-1.,0.,-0.));
#10191 = DIRECTION('',(0.,0.,1.));
#10192 = ADVANCED_FACE('',(#10193),#10211,.F.);
#10193 = FACE_BOUND('',#10194,.T.);
#10194 = EDGE_LOOP('',(#10195,#10196,#10197,#10205));
#10195 = ORIENTED_EDGE('',*,*,#6748,.T.);
#10196 = ORIENTED_EDGE('',*,*,#10182,.F.);
#10197 = ORIENTED_EDGE('',*,*,#10198,.F.);
#10198 = EDGE_CURVE('',#10199,#10175,#10201,.T.);
#10199 = VERTEX_POINT('',#10200);
#10200 = CARTESIAN_POINT('',(-2.722927405784,4.4,-0.9));
#10201 = LINE('',#10202,#10203);
#10202 = CARTESIAN_POINT('',(-2.925,4.4,-0.55));
#10203 = VECTOR('',#10204,1.);
#10204 = DIRECTION('',(-0.5,-0.,0.866025403784));
#10205 = ORIENTED_EDGE('',*,*,#10206,.T.);
#10206 = EDGE_CURVE('',#10199,#6749,#10207,.T.);
#10207 = LINE('',#10208,#10209);
#10208 = CARTESIAN_POINT('',(-2.722927405784,4.4,-0.9));
#10209 = VECTOR('',#10210,1.);
#10210 = DIRECTION('',(-0.,1.,-0.));
#10211 = PLANE('',#10212);
#10212 = AXIS2_PLACEMENT_3D('',#10213,#10214,#10215);
#10213 = CARTESIAN_POINT('',(-2.925,4.4,-0.55));
#10214 = DIRECTION('',(-0.866025403784,0.,-0.5));
#10215 = DIRECTION('',(-0.5,0.,0.866025403784));
#10216 = ADVANCED_FACE('',(#10217),#10235,.F.);
#10217 = FACE_BOUND('',#10218,.T.);
#10218 = EDGE_LOOP('',(#10219,#10220,#10221,#10229));
#10219 = ORIENTED_EDGE('',*,*,#6756,.T.);
#10220 = ORIENTED_EDGE('',*,*,#10206,.F.);
#10221 = ORIENTED_EDGE('',*,*,#10222,.F.);
#10222 = EDGE_CURVE('',#10223,#10199,#10225,.T.);
#10223 = VERTEX_POINT('',#10224);
#10224 = CARTESIAN_POINT('',(-2.610773803325,4.4,-0.9));
#10225 = LINE('',#10226,#10227);
#10226 = CARTESIAN_POINT('',(-2.722927405784,4.4,-0.9));
#10227 = VECTOR('',#10228,1.);
#10228 = DIRECTION('',(-1.,-0.,-9.667118565207E-16));
#10229 = ORIENTED_EDGE('',*,*,#10230,.T.);
#10230 = EDGE_CURVE('',#10223,#6757,#10231,.T.);
#10231 = LINE('',#10232,#10233);
#10232 = CARTESIAN_POINT('',(-2.610773803325,4.4,-0.9));
#10233 = VECTOR('',#10234,1.);
#10234 = DIRECTION('',(-0.,1.,-0.));
#10235 = PLANE('',#10236);
#10236 = AXIS2_PLACEMENT_3D('',#10237,#10238,#10239);
#10237 = CARTESIAN_POINT('',(-2.722927405784,4.4,-0.9));
#10238 = DIRECTION('',(9.667118565207E-16,0.,-1.));
#10239 = DIRECTION('',(-1.,0.,-9.667118565207E-16));
#10240 = ADVANCED_FACE('',(#10241),#10259,.F.);
#10241 = FACE_BOUND('',#10242,.T.);
#10242 = EDGE_LOOP('',(#10243,#10244,#10245,#10253));
#10243 = ORIENTED_EDGE('',*,*,#6764,.T.);
#10244 = ORIENTED_EDGE('',*,*,#10230,.F.);
#10245 = ORIENTED_EDGE('',*,*,#10246,.F.);
#10246 = EDGE_CURVE('',#10247,#10223,#10249,.T.);
#10247 = VERTEX_POINT('',#10248);
#10248 = CARTESIAN_POINT('',(-2.325,4.4,-1.185773803325));
#10249 = LINE('',#10250,#10251);
#10250 = CARTESIAN_POINT('',(-2.610773803325,4.4,-0.9));
#10251 = VECTOR('',#10252,1.);
#10252 = DIRECTION('',(-0.707106781187,-0.,0.707106781187));
#10253 = ORIENTED_EDGE('',*,*,#10254,.T.);
#10254 = EDGE_CURVE('',#10247,#6765,#10255,.T.);
#10255 = LINE('',#10256,#10257);
#10256 = CARTESIAN_POINT('',(-2.325,4.4,-1.185773803325));
#10257 = VECTOR('',#10258,1.);
#10258 = DIRECTION('',(-0.,1.,-0.));
#10259 = PLANE('',#10260);
#10260 = AXIS2_PLACEMENT_3D('',#10261,#10262,#10263);
#10261 = CARTESIAN_POINT('',(-2.610773803325,4.4,-0.9));
#10262 = DIRECTION('',(-0.707106781187,0.,-0.707106781187));
#10263 = DIRECTION('',(-0.707106781187,0.,0.707106781187));
#10264 = ADVANCED_FACE('',(#10265),#10283,.F.);
#10265 = FACE_BOUND('',#10266,.T.);
#10266 = EDGE_LOOP('',(#10267,#10268,#10269,#10277));
#10267 = ORIENTED_EDGE('',*,*,#6772,.T.);
#10268 = ORIENTED_EDGE('',*,*,#10254,.F.);
#10269 = ORIENTED_EDGE('',*,*,#10270,.F.);
#10270 = EDGE_CURVE('',#10271,#10247,#10273,.T.);
#10271 = VERTEX_POINT('',#10272);
#10272 = CARTESIAN_POINT('',(-2.325,4.4,-1.297927405784));
#10273 = LINE('',#10274,#10275);
#10274 = CARTESIAN_POINT('',(-2.325,4.4,-1.185773803325));
#10275 = VECTOR('',#10276,1.);
#10276 = DIRECTION('',(-0.,-0.,1.));
#10277 = ORIENTED_EDGE('',*,*,#10278,.T.);
#10278 = EDGE_CURVE('',#10271,#6773,#10279,.T.);
#10279 = LINE('',#10280,#10281);
#10280 = CARTESIAN_POINT('',(-2.325,4.4,-1.297927405784));
#10281 = VECTOR('',#10282,1.);
#10282 = DIRECTION('',(-0.,1.,-0.));
#10283 = PLANE('',#10284);
#10284 = AXIS2_PLACEMENT_3D('',#10285,#10286,#10287);
#10285 = CARTESIAN_POINT('',(-2.325,4.4,-1.185773803325));
#10286 = DIRECTION('',(-1.,0.,-0.));
#10287 = DIRECTION('',(0.,0.,1.));
#10288 = ADVANCED_FACE('',(#10289),#10307,.F.);
#10289 = FACE_BOUND('',#10290,.T.);
#10290 = EDGE_LOOP('',(#10291,#10292,#10293,#10301));
#10291 = ORIENTED_EDGE('',*,*,#6780,.T.);
#10292 = ORIENTED_EDGE('',*,*,#10278,.F.);
#10293 = ORIENTED_EDGE('',*,*,#10294,.F.);
#10294 = EDGE_CURVE('',#10295,#10271,#10297,.T.);
#10295 = VERTEX_POINT('',#10296);
#10296 = CARTESIAN_POINT('',(-1.975,4.4,-1.5));
#10297 = LINE('',#10298,#10299);
#10298 = CARTESIAN_POINT('',(-2.325,4.4,-1.297927405784));
#10299 = VECTOR('',#10300,1.);
#10300 = DIRECTION('',(-0.866025403784,-0.,0.5));
#10301 = ORIENTED_EDGE('',*,*,#10302,.T.);
#10302 = EDGE_CURVE('',#10295,#6781,#10303,.T.);
#10303 = LINE('',#10304,#10305);
#10304 = CARTESIAN_POINT('',(-1.975,4.4,-1.5));
#10305 = VECTOR('',#10306,1.);
#10306 = DIRECTION('',(-0.,1.,-0.));
#10307 = PLANE('',#10308);
#10308 = AXIS2_PLACEMENT_3D('',#10309,#10310,#10311);
#10309 = CARTESIAN_POINT('',(-2.325,4.4,-1.297927405784));
#10310 = DIRECTION('',(-0.5,0.,-0.866025403784));
#10311 = DIRECTION('',(-0.866025403784,0.,0.5));
#10312 = ADVANCED_FACE('',(#10313),#10331,.F.);
#10313 = FACE_BOUND('',#10314,.T.);
#10314 = EDGE_LOOP('',(#10315,#10316,#10317,#10325));
#10315 = ORIENTED_EDGE('',*,*,#6788,.T.);
#10316 = ORIENTED_EDGE('',*,*,#10302,.F.);
#10317 = ORIENTED_EDGE('',*,*,#10318,.F.);
#10318 = EDGE_CURVE('',#10319,#10295,#10321,.T.);
#10319 = VERTEX_POINT('',#10320);
#10320 = CARTESIAN_POINT('',(-0.275,4.4,-1.5));
#10321 = LINE('',#10322,#10323);
#10322 = CARTESIAN_POINT('',(-1.975,4.4,-1.5));
#10323 = VECTOR('',#10324,1.);
#10324 = DIRECTION('',(-1.,-0.,-2.55106393526E-16));
#10325 = ORIENTED_EDGE('',*,*,#10326,.T.);
#10326 = EDGE_CURVE('',#10319,#6789,#10327,.T.);
#10327 = LINE('',#10328,#10329);
#10328 = CARTESIAN_POINT('',(-0.275,4.4,-1.5));
#10329 = VECTOR('',#10330,1.);
#10330 = DIRECTION('',(-0.,1.,-0.));
#10331 = PLANE('',#10332);
#10332 = AXIS2_PLACEMENT_3D('',#10333,#10334,#10335);
#10333 = CARTESIAN_POINT('',(-1.975,4.4,-1.5));
#10334 = DIRECTION('',(2.55106393526E-16,0.,-1.));
#10335 = DIRECTION('',(-1.,0.,-2.55106393526E-16));
#10336 = ADVANCED_FACE('',(#10337),#10355,.F.);
#10337 = FACE_BOUND('',#10338,.T.);
#10338 = EDGE_LOOP('',(#10339,#10340,#10341,#10349));
#10339 = ORIENTED_EDGE('',*,*,#6796,.T.);
#10340 = ORIENTED_EDGE('',*,*,#10326,.F.);
#10341 = ORIENTED_EDGE('',*,*,#10342,.F.);
#10342 = EDGE_CURVE('',#10343,#10319,#10345,.T.);
#10343 = VERTEX_POINT('',#10344);
#10344 = CARTESIAN_POINT('',(7.5E-02,4.4,-1.297927405784));
#10345 = LINE('',#10346,#10347);
#10346 = CARTESIAN_POINT('',(-0.275,4.4,-1.5));
#10347 = VECTOR('',#10348,1.);
#10348 = DIRECTION('',(-0.866025403784,-0.,-0.5));
#10349 = ORIENTED_EDGE('',*,*,#10350,.T.);
#10350 = EDGE_CURVE('',#10343,#6797,#10351,.T.);
#10351 = LINE('',#10352,#10353);
#10352 = CARTESIAN_POINT('',(7.5E-02,4.4,-1.297927405784));
#10353 = VECTOR('',#10354,1.);
#10354 = DIRECTION('',(-0.,1.,-0.));
#10355 = PLANE('',#10356);
#10356 = AXIS2_PLACEMENT_3D('',#10357,#10358,#10359);
#10357 = CARTESIAN_POINT('',(-0.275,4.4,-1.5));
#10358 = DIRECTION('',(0.5,0.,-0.866025403784));
#10359 = DIRECTION('',(-0.866025403784,0.,-0.5));
#10360 = ADVANCED_FACE('',(#10361),#10379,.F.);
#10361 = FACE_BOUND('',#10362,.T.);
#10362 = EDGE_LOOP('',(#10363,#10364,#10365,#10373));
#10363 = ORIENTED_EDGE('',*,*,#6804,.T.);
#10364 = ORIENTED_EDGE('',*,*,#10350,.F.);
#10365 = ORIENTED_EDGE('',*,*,#10366,.F.);
#10366 = EDGE_CURVE('',#10367,#10343,#10369,.T.);
#10367 = VERTEX_POINT('',#10368);
#10368 = CARTESIAN_POINT('',(7.5E-02,4.4,-1.185773803325));
#10369 = LINE('',#10370,#10371);
#10370 = CARTESIAN_POINT('',(7.5E-02,4.4,-1.297927405784));
#10371 = VECTOR('',#10372,1.);
#10372 = DIRECTION('',(-0.,-0.,-1.));
#10373 = ORIENTED_EDGE('',*,*,#10374,.T.);
#10374 = EDGE_CURVE('',#10367,#6805,#10375,.T.);
#10375 = LINE('',#10376,#10377);
#10376 = CARTESIAN_POINT('',(7.5E-02,4.4,-1.185773803325));
#10377 = VECTOR('',#10378,1.);
#10378 = DIRECTION('',(-0.,1.,-0.));
#10379 = PLANE('',#10380);
#10380 = AXIS2_PLACEMENT_3D('',#10381,#10382,#10383);
#10381 = CARTESIAN_POINT('',(7.5E-02,4.4,-1.297927405784));
#10382 = DIRECTION('',(1.,0.,-0.));
#10383 = DIRECTION('',(-0.,0.,-1.));
#10384 = ADVANCED_FACE('',(#10385),#10396,.F.);
#10385 = FACE_BOUND('',#10386,.T.);
#10386 = EDGE_LOOP('',(#10387,#10388,#10389,#10395));
#10387 = ORIENTED_EDGE('',*,*,#6812,.T.);
#10388 = ORIENTED_EDGE('',*,*,#10374,.F.);
#10389 = ORIENTED_EDGE('',*,*,#10390,.F.);
#10390 = EDGE_CURVE('',#9862,#10367,#10391,.T.);
#10391 = LINE('',#10392,#10393);
#10392 = CARTESIAN_POINT('',(7.5E-02,4.4,-1.185773803325));
#10393 = VECTOR('',#10394,1.);
#10394 = DIRECTION('',(-0.707106781187,-0.,-0.707106781187));
#10395 = ORIENTED_EDGE('',*,*,#9861,.T.);
#10396 = PLANE('',#10397);
#10397 = AXIS2_PLACEMENT_3D('',#10398,#10399,#10400);
#10398 = CARTESIAN_POINT('',(7.5E-02,4.4,-1.185773803325));
#10399 = DIRECTION('',(0.707106781187,0.,-0.707106781187));
#10400 = DIRECTION('',(-0.707106781187,0.,-0.707106781187));
#10401 = ADVANCED_FACE('',(#10402),#10428,.F.);
#10402 = FACE_BOUND('',#10403,.T.);
#10403 = EDGE_LOOP('',(#10404,#10405,#10406,#10407,#10408,#10409,#10410,
    #10411,#10412,#10413,#10414,#10415,#10416,#10417,#10418,#10419,
    #10420,#10421,#10422,#10423,#10424,#10425,#10426,#10427));
#10404 = ORIENTED_EDGE('',*,*,#9869,.T.);
#10405 = ORIENTED_EDGE('',*,*,#10390,.T.);
#10406 = ORIENTED_EDGE('',*,*,#10366,.T.);
#10407 = ORIENTED_EDGE('',*,*,#10342,.T.);
#10408 = ORIENTED_EDGE('',*,*,#10318,.T.);
#10409 = ORIENTED_EDGE('',*,*,#10294,.T.);
#10410 = ORIENTED_EDGE('',*,*,#10270,.T.);
#10411 = ORIENTED_EDGE('',*,*,#10246,.T.);
#10412 = ORIENTED_EDGE('',*,*,#10222,.T.);
#10413 = ORIENTED_EDGE('',*,*,#10198,.T.);
#10414 = ORIENTED_EDGE('',*,*,#10174,.T.);
#10415 = ORIENTED_EDGE('',*,*,#10150,.T.);
#10416 = ORIENTED_EDGE('',*,*,#10126,.T.);
#10417 = ORIENTED_EDGE('',*,*,#10102,.T.);
#10418 = ORIENTED_EDGE('',*,*,#10078,.T.);
#10419 = ORIENTED_EDGE('',*,*,#10054,.T.);
#10420 = ORIENTED_EDGE('',*,*,#10030,.T.);
#10421 = ORIENTED_EDGE('',*,*,#10006,.T.);
#10422 = ORIENTED_EDGE('',*,*,#9982,.T.);
#10423 = ORIENTED_EDGE('',*,*,#9958,.T.);
#10424 = ORIENTED_EDGE('',*,*,#9934,.T.);
#10425 = ORIENTED_EDGE('',*,*,#9910,.T.);
#10426 = ORIENTED_EDGE('',*,*,#9221,.T.);
#10427 = ORIENTED_EDGE('',*,*,#9893,.T.);
#10428 = PLANE('',#10429);
#10429 = AXIS2_PLACEMENT_3D('',#10430,#10431,#10432);
#10430 = CARTESIAN_POINT('',(0.,4.4,0.));
#10431 = DIRECTION('',(0.,-1.,0.));
#10432 = DIRECTION('',(0.,-0.,-1.));
#10433 = ADVANCED_FACE('',(#10434),#10452,.F.);
#10434 = FACE_BOUND('',#10435,.T.);
#10435 = EDGE_LOOP('',(#10436,#10444,#10445,#10446));
#10436 = ORIENTED_EDGE('',*,*,#10437,.F.);
#10437 = EDGE_CURVE('',#6959,#10438,#10440,.T.);
#10438 = VERTEX_POINT('',#10439);
#10439 = CARTESIAN_POINT('',(4.275,0.,-2.3));
#10440 = LINE('',#10441,#10442);
#10441 = CARTESIAN_POINT('',(4.275,0.,-2.3));
#10442 = VECTOR('',#10443,1.);
#10443 = DIRECTION('',(4.336808689942E-15,0.,1.));
#10444 = ORIENTED_EDGE('',*,*,#6958,.T.);
#10445 = ORIENTED_EDGE('',*,*,#6327,.T.);
#10446 = ORIENTED_EDGE('',*,*,#10447,.F.);
#10447 = EDGE_CURVE('',#10438,#6330,#10448,.T.);
#10448 = LINE('',#10449,#10450);
#10449 = CARTESIAN_POINT('',(4.275,-1.252996408614,-2.3));
#10450 = VECTOR('',#10451,1.);
#10451 = DIRECTION('',(-0.,1.,-0.));
#10452 = PLANE('',#10453);
#10453 = AXIS2_PLACEMENT_3D('',#10454,#10455,#10456);
#10454 = CARTESIAN_POINT('',(4.275,-1.252996408614,-2.3));
#10455 = DIRECTION('',(-1.,0.,4.336808689942E-15));
#10456 = DIRECTION('',(4.336808689942E-15,0.,1.));
#10457 = ADVANCED_FACE('',(#10458),#10476,.F.);
#10458 = FACE_BOUND('',#10459,.T.);
#10459 = EDGE_LOOP('',(#10460,#10468,#10469,#10470));
#10460 = ORIENTED_EDGE('',*,*,#10461,.F.);
#10461 = EDGE_CURVE('',#10438,#10462,#10464,.T.);
#10462 = VERTEX_POINT('',#10463);
#10463 = CARTESIAN_POINT('',(3.175,0.,-2.3));
#10464 = LINE('',#10465,#10466);
#10465 = CARTESIAN_POINT('',(3.175,0.,-2.3));
#10466 = VECTOR('',#10467,1.);
#10467 = DIRECTION('',(-1.,0.,0.));
#10468 = ORIENTED_EDGE('',*,*,#10447,.T.);
#10469 = ORIENTED_EDGE('',*,*,#6562,.T.);
#10470 = ORIENTED_EDGE('',*,*,#10471,.F.);
#10471 = EDGE_CURVE('',#10462,#6555,#10472,.T.);
#10472 = LINE('',#10473,#10474);
#10473 = CARTESIAN_POINT('',(3.175,-1.252996408614,-2.3));
#10474 = VECTOR('',#10475,1.);
#10475 = DIRECTION('',(-0.,1.,-0.));
#10476 = PLANE('',#10477);
#10477 = AXIS2_PLACEMENT_3D('',#10478,#10479,#10480);
#10478 = CARTESIAN_POINT('',(3.175,-1.252996408614,-2.3));
#10479 = DIRECTION('',(0.,0.,-1.));
#10480 = DIRECTION('',(-1.,0.,-0.));
#10481 = ADVANCED_FACE('',(#10482),#10493,.F.);
#10482 = FACE_BOUND('',#10483,.T.);
#10483 = EDGE_LOOP('',(#10484,#10490,#10491,#10492));
#10484 = ORIENTED_EDGE('',*,*,#10485,.F.);
#10485 = EDGE_CURVE('',#10462,#6967,#10486,.T.);
#10486 = LINE('',#10487,#10488);
#10487 = CARTESIAN_POINT('',(3.175,0.,-2.9));
#10488 = VECTOR('',#10489,1.);
#10489 = DIRECTION('',(-7.228014483237E-16,0.,-1.));
#10490 = ORIENTED_EDGE('',*,*,#10471,.T.);
#10491 = ORIENTED_EDGE('',*,*,#6554,.T.);
#10492 = ORIENTED_EDGE('',*,*,#6974,.F.);
#10493 = PLANE('',#10494);
#10494 = AXIS2_PLACEMENT_3D('',#10495,#10496,#10497);
#10495 = CARTESIAN_POINT('',(3.175,-1.252996408614,-2.9));
#10496 = DIRECTION('',(1.,0.,-7.228014483237E-16));
#10497 = DIRECTION('',(-7.228014483237E-16,0.,-1.));
#10498 = ADVANCED_FACE('',(#10499),#10505,.T.);
#10499 = FACE_BOUND('',#10500,.T.);
#10500 = EDGE_LOOP('',(#10501,#10502,#10503,#10504));
#10501 = ORIENTED_EDGE('',*,*,#10485,.T.);
#10502 = ORIENTED_EDGE('',*,*,#6966,.T.);
#10503 = ORIENTED_EDGE('',*,*,#10437,.T.);
#10504 = ORIENTED_EDGE('',*,*,#10461,.T.);
#10505 = PLANE('',#10506);
#10506 = AXIS2_PLACEMENT_3D('',#10507,#10508,#10509);
#10507 = CARTESIAN_POINT('',(0.,0.,0.));
#10508 = DIRECTION('',(0.,-1.,0.));
#10509 = DIRECTION('',(0.,-0.,-1.));
#10510 = ( GEOMETRIC_REPRESENTATION_CONTEXT(3) 
GLOBAL_UNCERTAINTY_ASSIGNED_CONTEXT((#10514)) 
GLOBAL_UNIT_ASSIGNED_CONTEXT((#10511,#10512,#10513)) 
REPRESENTATION_CONTEXT('Context #1',
  '3D Context with UNIT and UNCERTAINTY') );
#10511 = ( LENGTH_UNIT() NAMED_UNIT(*) SI_UNIT(.MILLI.,.METRE.) );
#10512 = ( NAMED_UNIT(*) PLANE_ANGLE_UNIT() SI_UNIT($,.RADIAN.) );
#10513 = ( NAMED_UNIT(*) SI_UNIT($,.STERADIAN.) SOLID_ANGLE_UNIT() );
#10514 = UNCERTAINTY_MEASURE_WITH_UNIT(LENGTH_MEASURE(2.E-06),#10511,
  'distance_accuracy_value','confusion accuracy');
#10515 = CONTEXT_DEPENDENT_SHAPE_REPRESENTATION(#10516,#10518);
#10516 = ( REPRESENTATION_RELATIONSHIP('','',#3737,#10) 
REPRESENTATION_RELATIONSHIP_WITH_TRANSFORMATION(#10517) 
SHAPE_REPRESENTATION_RELATIONSHIP() );
#10517 = ITEM_DEFINED_TRANSFORMATION('','',#11,#31);
#10518 = PRODUCT_DEFINITION_SHAPE('Placement','Placement of an item',
  #10519);
#10519 = NEXT_ASSEMBLY_USAGE_OCCURRENCE('5','U1','',#5,#3732,$);
#10520 = PRODUCT_RELATED_PRODUCT_CATEGORY('part',$,(#3734));
#10521 = SHAPE_DEFINITION_REPRESENTATION(#10522,#10528);
#10522 = PRODUCT_DEFINITION_SHAPE('','',#10523);
#10523 = PRODUCT_DEFINITION('design','',#10524,#10527);
#10524 = PRODUCT_DEFINITION_FORMATION('','',#10525);
#10525 = PRODUCT('sensors_PCB','sensors_PCB','',(#10526));
#10526 = PRODUCT_CONTEXT('',#2,'mechanical');
#10527 = PRODUCT_DEFINITION_CONTEXT('part definition',#2,'design');
#10528 = ADVANCED_BREP_SHAPE_REPRESENTATION('',(#11,#10529),#11303);
#10529 = MANIFOLD_SOLID_BREP('',#10530);
#10530 = CLOSED_SHELL('',(#10531,#10571,#10602,#10633,#10826,#11019,
    #11031,#11048,#11065,#11082,#11099,#11116,#11133,#11150,#11167,
    #11184,#11201,#11218,#11235,#11252,#11269,#11286));
#10531 = ADVANCED_FACE('',(#10532),#10566,.T.);
#10532 = FACE_BOUND('',#10533,.T.);
#10533 = EDGE_LOOP('',(#10534,#10544,#10552,#10560));
#10534 = ORIENTED_EDGE('',*,*,#10535,.T.);
#10535 = EDGE_CURVE('',#10536,#10538,#10540,.T.);
#10536 = VERTEX_POINT('',#10537);
#10537 = CARTESIAN_POINT('',(170.5,-107.89,0.));
#10538 = VERTEX_POINT('',#10539);
#10539 = CARTESIAN_POINT('',(170.5,-107.89,1.51));
#10540 = LINE('',#10541,#10542);
#10541 = CARTESIAN_POINT('',(170.5,-107.89,0.));
#10542 = VECTOR('',#10543,1.);
#10543 = DIRECTION('',(0.,0.,1.));
#10544 = ORIENTED_EDGE('',*,*,#10545,.T.);
#10545 = EDGE_CURVE('',#10538,#10546,#10548,.T.);
#10546 = VERTEX_POINT('',#10547);
#10547 = CARTESIAN_POINT('',(150.5,-107.89,1.51));
#10548 = LINE('',#10549,#10550);
#10549 = CARTESIAN_POINT('',(170.5,-107.89,1.51));
#10550 = VECTOR('',#10551,1.);
#10551 = DIRECTION('',(-1.,0.,0.));
#10552 = ORIENTED_EDGE('',*,*,#10553,.F.);
#10553 = EDGE_CURVE('',#10554,#10546,#10556,.T.);
#10554 = VERTEX_POINT('',#10555);
#10555 = CARTESIAN_POINT('',(150.5,-107.89,0.));
#10556 = LINE('',#10557,#10558);
#10557 = CARTESIAN_POINT('',(150.5,-107.89,0.));
#10558 = VECTOR('',#10559,1.);
#10559 = DIRECTION('',(0.,0.,1.));
#10560 = ORIENTED_EDGE('',*,*,#10561,.F.);
#10561 = EDGE_CURVE('',#10536,#10554,#10562,.T.);
#10562 = LINE('',#10563,#10564);
#10563 = CARTESIAN_POINT('',(170.5,-107.89,0.));
#10564 = VECTOR('',#10565,1.);
#10565 = DIRECTION('',(-1.,0.,0.));
#10566 = PLANE('',#10567);
#10567 = AXIS2_PLACEMENT_3D('',#10568,#10569,#10570);
#10568 = CARTESIAN_POINT('',(170.5,-107.89,0.));
#10569 = DIRECTION('',(0.,-1.,0.));
#10570 = DIRECTION('',(-1.,0.,0.));
#10571 = ADVANCED_FACE('',(#10572),#10597,.T.);
#10572 = FACE_BOUND('',#10573,.T.);
#10573 = EDGE_LOOP('',(#10574,#10584,#10590,#10591));
#10574 = ORIENTED_EDGE('',*,*,#10575,.T.);
#10575 = EDGE_CURVE('',#10576,#10578,#10580,.T.);
#10576 = VERTEX_POINT('',#10577);
#10577 = CARTESIAN_POINT('',(170.5,-65.39,0.));
#10578 = VERTEX_POINT('',#10579);
#10579 = CARTESIAN_POINT('',(170.5,-65.39,1.51));
#10580 = LINE('',#10581,#10582);
#10581 = CARTESIAN_POINT('',(170.5,-65.39,0.));
#10582 = VECTOR('',#10583,1.);
#10583 = DIRECTION('',(0.,0.,1.));
#10584 = ORIENTED_EDGE('',*,*,#10585,.T.);
#10585 = EDGE_CURVE('',#10578,#10538,#10586,.T.);
#10586 = LINE('',#10587,#10588);
#10587 = CARTESIAN_POINT('',(170.5,-65.39,1.51));
#10588 = VECTOR('',#10589,1.);
#10589 = DIRECTION('',(0.,-1.,0.));
#10590 = ORIENTED_EDGE('',*,*,#10535,.F.);
#10591 = ORIENTED_EDGE('',*,*,#10592,.F.);
#10592 = EDGE_CURVE('',#10576,#10536,#10593,.T.);
#10593 = LINE('',#10594,#10595);
#10594 = CARTESIAN_POINT('',(170.5,-65.39,0.));
#10595 = VECTOR('',#10596,1.);
#10596 = DIRECTION('',(0.,-1.,0.));
#10597 = PLANE('',#10598);
#10598 = AXIS2_PLACEMENT_3D('',#10599,#10600,#10601);
#10599 = CARTESIAN_POINT('',(170.5,-65.39,0.));
#10600 = DIRECTION('',(1.,0.,-0.));
#10601 = DIRECTION('',(0.,-1.,0.));
#10602 = ADVANCED_FACE('',(#10603),#10628,.T.);
#10603 = FACE_BOUND('',#10604,.T.);
#10604 = EDGE_LOOP('',(#10605,#10606,#10614,#10622));
#10605 = ORIENTED_EDGE('',*,*,#10553,.T.);
#10606 = ORIENTED_EDGE('',*,*,#10607,.T.);
#10607 = EDGE_CURVE('',#10546,#10608,#10610,.T.);
#10608 = VERTEX_POINT('',#10609);
#10609 = CARTESIAN_POINT('',(150.5,-65.39,1.51));
#10610 = LINE('',#10611,#10612);
#10611 = CARTESIAN_POINT('',(150.5,-107.89,1.51));
#10612 = VECTOR('',#10613,1.);
#10613 = DIRECTION('',(0.,1.,0.));
#10614 = ORIENTED_EDGE('',*,*,#10615,.F.);
#10615 = EDGE_CURVE('',#10616,#10608,#10618,.T.);
#10616 = VERTEX_POINT('',#10617);
#10617 = CARTESIAN_POINT('',(150.5,-65.39,0.));
#10618 = LINE('',#10619,#10620);
#10619 = CARTESIAN_POINT('',(150.5,-65.39,0.));
#10620 = VECTOR('',#10621,1.);
#10621 = DIRECTION('',(0.,0.,1.));
#10622 = ORIENTED_EDGE('',*,*,#10623,.F.);
#10623 = EDGE_CURVE('',#10554,#10616,#10624,.T.);
#10624 = LINE('',#10625,#10626);
#10625 = CARTESIAN_POINT('',(150.5,-107.89,0.));
#10626 = VECTOR('',#10627,1.);
#10627 = DIRECTION('',(0.,1.,0.));
#10628 = PLANE('',#10629);
#10629 = AXIS2_PLACEMENT_3D('',#10630,#10631,#10632);
#10630 = CARTESIAN_POINT('',(150.5,-107.89,0.));
#10631 = DIRECTION('',(-1.,0.,0.));
#10632 = DIRECTION('',(0.,1.,0.));
#10633 = ADVANCED_FACE('',(#10634,#10645,#10656,#10667,#10678,#10689,
    #10700,#10711,#10722,#10733,#10744,#10755,#10766,#10777,#10788,
    #10799,#10810),#10821,.F.);
#10634 = FACE_BOUND('',#10635,.F.);
#10635 = EDGE_LOOP('',(#10636,#10637,#10638,#10644));
#10636 = ORIENTED_EDGE('',*,*,#10561,.F.);
#10637 = ORIENTED_EDGE('',*,*,#10592,.F.);
#10638 = ORIENTED_EDGE('',*,*,#10639,.F.);
#10639 = EDGE_CURVE('',#10616,#10576,#10640,.T.);
#10640 = LINE('',#10641,#10642);
#10641 = CARTESIAN_POINT('',(150.5,-65.39,0.));
#10642 = VECTOR('',#10643,1.);
#10643 = DIRECTION('',(1.,0.,0.));
#10644 = ORIENTED_EDGE('',*,*,#10623,.F.);
#10645 = FACE_BOUND('',#10646,.F.);
#10646 = EDGE_LOOP('',(#10647));
#10647 = ORIENTED_EDGE('',*,*,#10648,.T.);
#10648 = EDGE_CURVE('',#10649,#10649,#10651,.T.);
#10649 = VERTEX_POINT('',#10650);
#10650 = CARTESIAN_POINT('',(160.6,-103.5,0.));
#10651 = CIRCLE('',#10652,1.6);
#10652 = AXIS2_PLACEMENT_3D('',#10653,#10654,#10655);
#10653 = CARTESIAN_POINT('',(160.6,-101.9,0.));
#10654 = DIRECTION('',(-0.,0.,-1.));
#10655 = DIRECTION('',(-0.,-1.,0.));
#10656 = FACE_BOUND('',#10657,.F.);
#10657 = EDGE_LOOP('',(#10658));
#10658 = ORIENTED_EDGE('',*,*,#10659,.T.);
#10659 = EDGE_CURVE('',#10660,#10660,#10662,.T.);
#10660 = VERTEX_POINT('',#10661);
#10661 = CARTESIAN_POINT('',(157.5,-94.54,0.));
#10662 = CIRCLE('',#10663,0.5);
#10663 = AXIS2_PLACEMENT_3D('',#10664,#10665,#10666);
#10664 = CARTESIAN_POINT('',(157.5,-94.04,0.));
#10665 = DIRECTION('',(-0.,0.,-1.));
#10666 = DIRECTION('',(-0.,-1.,0.));
#10667 = FACE_BOUND('',#10668,.F.);
#10668 = EDGE_LOOP('',(#10669));
#10669 = ORIENTED_EDGE('',*,*,#10670,.T.);
#10670 = EDGE_CURVE('',#10671,#10671,#10673,.T.);
#10671 = VERTEX_POINT('',#10672);
#10672 = CARTESIAN_POINT('',(157.5,-92.,0.));
#10673 = CIRCLE('',#10674,0.5);
#10674 = AXIS2_PLACEMENT_3D('',#10675,#10676,#10677);
#10675 = CARTESIAN_POINT('',(157.5,-91.5,0.));
#10676 = DIRECTION('',(-0.,0.,-1.));
#10677 = DIRECTION('',(-0.,-1.,0.));
#10678 = FACE_BOUND('',#10679,.F.);
#10679 = EDGE_LOOP('',(#10680));
#10680 = ORIENTED_EDGE('',*,*,#10681,.T.);
#10681 = EDGE_CURVE('',#10682,#10682,#10684,.T.);
#10682 = VERTEX_POINT('',#10683);
#10683 = CARTESIAN_POINT('',(155.6,-90.82,0.));
#10684 = CIRCLE('',#10685,0.5);
#10685 = AXIS2_PLACEMENT_3D('',#10686,#10687,#10688);
#10686 = CARTESIAN_POINT('',(155.6,-90.32,0.));
#10687 = DIRECTION('',(-0.,0.,-1.));
#10688 = DIRECTION('',(-0.,-1.,0.));
#10689 = FACE_BOUND('',#10690,.F.);
#10690 = EDGE_LOOP('',(#10691));
#10691 = ORIENTED_EDGE('',*,*,#10692,.T.);
#10692 = EDGE_CURVE('',#10693,#10693,#10695,.T.);
#10693 = VERTEX_POINT('',#10694);
#10694 = CARTESIAN_POINT('',(160.25,-95.92,0.));
#10695 = CIRCLE('',#10696,1.25);
#10696 = AXIS2_PLACEMENT_3D('',#10697,#10698,#10699);
#10697 = CARTESIAN_POINT('',(160.25,-94.67,0.));
#10698 = DIRECTION('',(-0.,0.,-1.));
#10699 = DIRECTION('',(-0.,-1.,0.));
#10700 = FACE_BOUND('',#10701,.F.);
#10701 = EDGE_LOOP('',(#10702));
#10702 = ORIENTED_EDGE('',*,*,#10703,.T.);
#10703 = EDGE_CURVE('',#10704,#10704,#10706,.T.);
#10704 = VERTEX_POINT('',#10705);
#10705 = CARTESIAN_POINT('',(160.25,-92.12,0.));
#10706 = CIRCLE('',#10707,1.25);
#10707 = AXIS2_PLACEMENT_3D('',#10708,#10709,#10710);
#10708 = CARTESIAN_POINT('',(160.25,-90.87,0.));
#10709 = DIRECTION('',(-0.,0.,-1.));
#10710 = DIRECTION('',(-0.,-1.,0.));
#10711 = FACE_BOUND('',#10712,.F.);
#10712 = EDGE_LOOP('',(#10713));
#10713 = ORIENTED_EDGE('',*,*,#10714,.T.);
#10714 = EDGE_CURVE('',#10715,#10715,#10717,.T.);
#10715 = VERTEX_POINT('',#10716);
#10716 = CARTESIAN_POINT('',(163.,-94.54,0.));
#10717 = CIRCLE('',#10718,0.5);
#10718 = AXIS2_PLACEMENT_3D('',#10719,#10720,#10721);
#10719 = CARTESIAN_POINT('',(163.,-94.04,0.));
#10720 = DIRECTION('',(-0.,0.,-1.));
#10721 = DIRECTION('',(-0.,-1.,0.));
#10722 = FACE_BOUND('',#10723,.F.);
#10723 = EDGE_LOOP('',(#10724));
#10724 = ORIENTED_EDGE('',*,*,#10725,.T.);
#10725 = EDGE_CURVE('',#10726,#10726,#10728,.T.);
#10726 = VERTEX_POINT('',#10727);
#10727 = CARTESIAN_POINT('',(163.,-92.,0.));
#10728 = CIRCLE('',#10729,0.5);
#10729 = AXIS2_PLACEMENT_3D('',#10730,#10731,#10732);
#10730 = CARTESIAN_POINT('',(163.,-91.5,0.));
#10731 = DIRECTION('',(-0.,0.,-1.));
#10732 = DIRECTION('',(-0.,-1.,0.));
#10733 = FACE_BOUND('',#10734,.F.);
#10734 = EDGE_LOOP('',(#10735));
#10735 = ORIENTED_EDGE('',*,*,#10736,.T.);
#10736 = EDGE_CURVE('',#10737,#10737,#10739,.T.);
#10737 = VERTEX_POINT('',#10738);
#10738 = CARTESIAN_POINT('',(155.5,-87.02,0.));
#10739 = CIRCLE('',#10740,0.4);
#10740 = AXIS2_PLACEMENT_3D('',#10741,#10742,#10743);
#10741 = CARTESIAN_POINT('',(155.5,-86.62,0.));
#10742 = DIRECTION('',(-0.,0.,-1.));
#10743 = DIRECTION('',(-0.,-1.,0.));
#10744 = FACE_BOUND('',#10745,.F.);
#10745 = EDGE_LOOP('',(#10746));
#10746 = ORIENTED_EDGE('',*,*,#10747,.T.);
#10747 = EDGE_CURVE('',#10748,#10748,#10750,.T.);
#10748 = VERTEX_POINT('',#10749);
#10749 = CARTESIAN_POINT('',(155.5,-79.4,0.));
#10750 = CIRCLE('',#10751,0.4);
#10751 = AXIS2_PLACEMENT_3D('',#10752,#10753,#10754);
#10752 = CARTESIAN_POINT('',(155.5,-79.,0.));
#10753 = DIRECTION('',(-0.,0.,-1.));
#10754 = DIRECTION('',(-0.,-1.,0.));
#10755 = FACE_BOUND('',#10756,.F.);
#10756 = EDGE_LOOP('',(#10757));
#10757 = ORIENTED_EDGE('',*,*,#10758,.T.);
#10758 = EDGE_CURVE('',#10759,#10759,#10761,.T.);
#10759 = VERTEX_POINT('',#10760);
#10760 = CARTESIAN_POINT('',(160.5,-87.02,0.));
#10761 = CIRCLE('',#10762,0.4);
#10762 = AXIS2_PLACEMENT_3D('',#10763,#10764,#10765);
#10763 = CARTESIAN_POINT('',(160.5,-86.62,0.));
#10764 = DIRECTION('',(-0.,0.,-1.));
#10765 = DIRECTION('',(-0.,-1.,0.));
#10766 = FACE_BOUND('',#10767,.F.);
#10767 = EDGE_LOOP('',(#10768));
#10768 = ORIENTED_EDGE('',*,*,#10769,.T.);
#10769 = EDGE_CURVE('',#10770,#10770,#10772,.T.);
#10770 = VERTEX_POINT('',#10771);
#10771 = CARTESIAN_POINT('',(160.5,-79.4,0.));
#10772 = CIRCLE('',#10773,0.4);
#10773 = AXIS2_PLACEMENT_3D('',#10774,#10775,#10776);
#10774 = CARTESIAN_POINT('',(160.5,-79.,0.));
#10775 = DIRECTION('',(-0.,0.,-1.));
#10776 = DIRECTION('',(-0.,-1.,0.));
#10777 = FACE_BOUND('',#10778,.F.);
#10778 = EDGE_LOOP('',(#10779));
#10779 = ORIENTED_EDGE('',*,*,#10780,.T.);
#10780 = EDGE_CURVE('',#10781,#10781,#10783,.T.);
#10781 = VERTEX_POINT('',#10782);
#10782 = CARTESIAN_POINT('',(160.4,-73.7,0.));
#10783 = CIRCLE('',#10784,1.6);
#10784 = AXIS2_PLACEMENT_3D('',#10785,#10786,#10787);
#10785 = CARTESIAN_POINT('',(160.4,-72.1,0.));
#10786 = DIRECTION('',(-0.,0.,-1.));
#10787 = DIRECTION('',(-0.,-1.,0.));
#10788 = FACE_BOUND('',#10789,.F.);
#10789 = EDGE_LOOP('',(#10790));
#10790 = ORIENTED_EDGE('',*,*,#10791,.T.);
#10791 = EDGE_CURVE('',#10792,#10792,#10794,.T.);
#10792 = VERTEX_POINT('',#10793);
#10793 = CARTESIAN_POINT('',(167.6,-86.2,0.));
#10794 = CIRCLE('',#10795,0.5);
#10795 = AXIS2_PLACEMENT_3D('',#10796,#10797,#10798);
#10796 = CARTESIAN_POINT('',(167.6,-85.7,0.));
#10797 = DIRECTION('',(-0.,0.,-1.));
#10798 = DIRECTION('',(-0.,-1.,0.));
#10799 = FACE_BOUND('',#10800,.F.);
#10800 = EDGE_LOOP('',(#10801));
#10801 = ORIENTED_EDGE('',*,*,#10802,.T.);
#10802 = EDGE_CURVE('',#10803,#10803,#10805,.T.);
#10803 = VERTEX_POINT('',#10804);
#10804 = CARTESIAN_POINT('',(167.6,-83.66,0.));
#10805 = CIRCLE('',#10806,0.5);
#10806 = AXIS2_PLACEMENT_3D('',#10807,#10808,#10809);
#10807 = CARTESIAN_POINT('',(167.6,-83.16,0.));
#10808 = DIRECTION('',(-0.,0.,-1.));
#10809 = DIRECTION('',(-0.,-1.,0.));
#10810 = FACE_BOUND('',#10811,.F.);
#10811 = EDGE_LOOP('',(#10812));
#10812 = ORIENTED_EDGE('',*,*,#10813,.T.);
#10813 = EDGE_CURVE('',#10814,#10814,#10816,.T.);
#10814 = VERTEX_POINT('',#10815);
#10815 = CARTESIAN_POINT('',(167.6,-81.12,0.));
#10816 = CIRCLE('',#10817,0.5);
#10817 = AXIS2_PLACEMENT_3D('',#10818,#10819,#10820);
#10818 = CARTESIAN_POINT('',(167.6,-80.62,0.));
#10819 = DIRECTION('',(-0.,0.,-1.));
#10820 = DIRECTION('',(-0.,-1.,0.));
#10821 = PLANE('',#10822);
#10822 = AXIS2_PLACEMENT_3D('',#10823,#10824,#10825);
#10823 = CARTESIAN_POINT('',(0.,0.,0.));
#10824 = DIRECTION('',(0.,0.,1.));
#10825 = DIRECTION('',(1.,0.,-0.));
#10826 = ADVANCED_FACE('',(#10827,#10838,#10849,#10860,#10871,#10882,
    #10893,#10904,#10915,#10926,#10937,#10948,#10959,#10970,#10981,
    #10992,#11003),#11014,.T.);
#10827 = FACE_BOUND('',#10828,.T.);
#10828 = EDGE_LOOP('',(#10829,#10830,#10831,#10837));
#10829 = ORIENTED_EDGE('',*,*,#10545,.F.);
#10830 = ORIENTED_EDGE('',*,*,#10585,.F.);
#10831 = ORIENTED_EDGE('',*,*,#10832,.F.);
#10832 = EDGE_CURVE('',#10608,#10578,#10833,.T.);
#10833 = LINE('',#10834,#10835);
#10834 = CARTESIAN_POINT('',(150.5,-65.39,1.51));
#10835 = VECTOR('',#10836,1.);
#10836 = DIRECTION('',(1.,0.,0.));
#10837 = ORIENTED_EDGE('',*,*,#10607,.F.);
#10838 = FACE_BOUND('',#10839,.T.);
#10839 = EDGE_LOOP('',(#10840));
#10840 = ORIENTED_EDGE('',*,*,#10841,.T.);
#10841 = EDGE_CURVE('',#10842,#10842,#10844,.T.);
#10842 = VERTEX_POINT('',#10843);
#10843 = CARTESIAN_POINT('',(160.6,-103.5,1.51));
#10844 = CIRCLE('',#10845,1.6);
#10845 = AXIS2_PLACEMENT_3D('',#10846,#10847,#10848);
#10846 = CARTESIAN_POINT('',(160.6,-101.9,1.51));
#10847 = DIRECTION('',(-0.,0.,-1.));
#10848 = DIRECTION('',(-0.,-1.,0.));
#10849 = FACE_BOUND('',#10850,.T.);
#10850 = EDGE_LOOP('',(#10851));
#10851 = ORIENTED_EDGE('',*,*,#10852,.T.);
#10852 = EDGE_CURVE('',#10853,#10853,#10855,.T.);
#10853 = VERTEX_POINT('',#10854);
#10854 = CARTESIAN_POINT('',(157.5,-94.54,1.51));
#10855 = CIRCLE('',#10856,0.5);
#10856 = AXIS2_PLACEMENT_3D('',#10857,#10858,#10859);
#10857 = CARTESIAN_POINT('',(157.5,-94.04,1.51));
#10858 = DIRECTION('',(-0.,0.,-1.));
#10859 = DIRECTION('',(-0.,-1.,0.));
#10860 = FACE_BOUND('',#10861,.T.);
#10861 = EDGE_LOOP('',(#10862));
#10862 = ORIENTED_EDGE('',*,*,#10863,.T.);
#10863 = EDGE_CURVE('',#10864,#10864,#10866,.T.);
#10864 = VERTEX_POINT('',#10865);
#10865 = CARTESIAN_POINT('',(157.5,-92.,1.51));
#10866 = CIRCLE('',#10867,0.5);
#10867 = AXIS2_PLACEMENT_3D('',#10868,#10869,#10870);
#10868 = CARTESIAN_POINT('',(157.5,-91.5,1.51));
#10869 = DIRECTION('',(-0.,0.,-1.));
#10870 = DIRECTION('',(-0.,-1.,0.));
#10871 = FACE_BOUND('',#10872,.T.);
#10872 = EDGE_LOOP('',(#10873));
#10873 = ORIENTED_EDGE('',*,*,#10874,.T.);
#10874 = EDGE_CURVE('',#10875,#10875,#10877,.T.);
#10875 = VERTEX_POINT('',#10876);
#10876 = CARTESIAN_POINT('',(155.6,-90.82,1.51));
#10877 = CIRCLE('',#10878,0.5);
#10878 = AXIS2_PLACEMENT_3D('',#10879,#10880,#10881);
#10879 = CARTESIAN_POINT('',(155.6,-90.32,1.51));
#10880 = DIRECTION('',(-0.,0.,-1.));
#10881 = DIRECTION('',(-0.,-1.,0.));
#10882 = FACE_BOUND('',#10883,.T.);
#10883 = EDGE_LOOP('',(#10884));
#10884 = ORIENTED_EDGE('',*,*,#10885,.T.);
#10885 = EDGE_CURVE('',#10886,#10886,#10888,.T.);
#10886 = VERTEX_POINT('',#10887);
#10887 = CARTESIAN_POINT('',(160.25,-95.92,1.51));
#10888 = CIRCLE('',#10889,1.25);
#10889 = AXIS2_PLACEMENT_3D('',#10890,#10891,#10892);
#10890 = CARTESIAN_POINT('',(160.25,-94.67,1.51));
#10891 = DIRECTION('',(-0.,0.,-1.));
#10892 = DIRECTION('',(-0.,-1.,0.));
#10893 = FACE_BOUND('',#10894,.T.);
#10894 = EDGE_LOOP('',(#10895));
#10895 = ORIENTED_EDGE('',*,*,#10896,.T.);
#10896 = EDGE_CURVE('',#10897,#10897,#10899,.T.);
#10897 = VERTEX_POINT('',#10898);
#10898 = CARTESIAN_POINT('',(160.25,-92.12,1.51));
#10899 = CIRCLE('',#10900,1.25);
#10900 = AXIS2_PLACEMENT_3D('',#10901,#10902,#10903);
#10901 = CARTESIAN_POINT('',(160.25,-90.87,1.51));
#10902 = DIRECTION('',(-0.,0.,-1.));
#10903 = DIRECTION('',(-0.,-1.,0.));
#10904 = FACE_BOUND('',#10905,.T.);
#10905 = EDGE_LOOP('',(#10906));
#10906 = ORIENTED_EDGE('',*,*,#10907,.T.);
#10907 = EDGE_CURVE('',#10908,#10908,#10910,.T.);
#10908 = VERTEX_POINT('',#10909);
#10909 = CARTESIAN_POINT('',(163.,-94.54,1.51));
#10910 = CIRCLE('',#10911,0.5);
#10911 = AXIS2_PLACEMENT_3D('',#10912,#10913,#10914);
#10912 = CARTESIAN_POINT('',(163.,-94.04,1.51));
#10913 = DIRECTION('',(-0.,0.,-1.));
#10914 = DIRECTION('',(-0.,-1.,0.));
#10915 = FACE_BOUND('',#10916,.T.);
#10916 = EDGE_LOOP('',(#10917));
#10917 = ORIENTED_EDGE('',*,*,#10918,.T.);
#10918 = EDGE_CURVE('',#10919,#10919,#10921,.T.);
#10919 = VERTEX_POINT('',#10920);
#10920 = CARTESIAN_POINT('',(163.,-92.,1.51));
#10921 = CIRCLE('',#10922,0.5);
#10922 = AXIS2_PLACEMENT_3D('',#10923,#10924,#10925);
#10923 = CARTESIAN_POINT('',(163.,-91.5,1.51));
#10924 = DIRECTION('',(-0.,0.,-1.));
#10925 = DIRECTION('',(-0.,-1.,0.));
#10926 = FACE_BOUND('',#10927,.T.);
#10927 = EDGE_LOOP('',(#10928));
#10928 = ORIENTED_EDGE('',*,*,#10929,.T.);
#10929 = EDGE_CURVE('',#10930,#10930,#10932,.T.);
#10930 = VERTEX_POINT('',#10931);
#10931 = CARTESIAN_POINT('',(155.5,-87.02,1.51));
#10932 = CIRCLE('',#10933,0.4);
#10933 = AXIS2_PLACEMENT_3D('',#10934,#10935,#10936);
#10934 = CARTESIAN_POINT('',(155.5,-86.62,1.51));
#10935 = DIRECTION('',(-0.,0.,-1.));
#10936 = DIRECTION('',(-0.,-1.,0.));
#10937 = FACE_BOUND('',#10938,.T.);
#10938 = EDGE_LOOP('',(#10939));
#10939 = ORIENTED_EDGE('',*,*,#10940,.T.);
#10940 = EDGE_CURVE('',#10941,#10941,#10943,.T.);
#10941 = VERTEX_POINT('',#10942);
#10942 = CARTESIAN_POINT('',(155.5,-79.4,1.51));
#10943 = CIRCLE('',#10944,0.4);
#10944 = AXIS2_PLACEMENT_3D('',#10945,#10946,#10947);
#10945 = CARTESIAN_POINT('',(155.5,-79.,1.51));
#10946 = DIRECTION('',(-0.,0.,-1.));
#10947 = DIRECTION('',(-0.,-1.,0.));
#10948 = FACE_BOUND('',#10949,.T.);
#10949 = EDGE_LOOP('',(#10950));
#10950 = ORIENTED_EDGE('',*,*,#10951,.T.);
#10951 = EDGE_CURVE('',#10952,#10952,#10954,.T.);
#10952 = VERTEX_POINT('',#10953);
#10953 = CARTESIAN_POINT('',(160.5,-87.02,1.51));
#10954 = CIRCLE('',#10955,0.4);
#10955 = AXIS2_PLACEMENT_3D('',#10956,#10957,#10958);
#10956 = CARTESIAN_POINT('',(160.5,-86.62,1.51));
#10957 = DIRECTION('',(-0.,0.,-1.));
#10958 = DIRECTION('',(-0.,-1.,0.));
#10959 = FACE_BOUND('',#10960,.T.);
#10960 = EDGE_LOOP('',(#10961));
#10961 = ORIENTED_EDGE('',*,*,#10962,.T.);
#10962 = EDGE_CURVE('',#10963,#10963,#10965,.T.);
#10963 = VERTEX_POINT('',#10964);
#10964 = CARTESIAN_POINT('',(160.5,-79.4,1.51));
#10965 = CIRCLE('',#10966,0.4);
#10966 = AXIS2_PLACEMENT_3D('',#10967,#10968,#10969);
#10967 = CARTESIAN_POINT('',(160.5,-79.,1.51));
#10968 = DIRECTION('',(-0.,0.,-1.));
#10969 = DIRECTION('',(-0.,-1.,0.));
#10970 = FACE_BOUND('',#10971,.T.);
#10971 = EDGE_LOOP('',(#10972));
#10972 = ORIENTED_EDGE('',*,*,#10973,.T.);
#10973 = EDGE_CURVE('',#10974,#10974,#10976,.T.);
#10974 = VERTEX_POINT('',#10975);
#10975 = CARTESIAN_POINT('',(160.4,-73.7,1.51));
#10976 = CIRCLE('',#10977,1.6);
#10977 = AXIS2_PLACEMENT_3D('',#10978,#10979,#10980);
#10978 = CARTESIAN_POINT('',(160.4,-72.1,1.51));
#10979 = DIRECTION('',(-0.,0.,-1.));
#10980 = DIRECTION('',(-0.,-1.,0.));
#10981 = FACE_BOUND('',#10982,.T.);
#10982 = EDGE_LOOP('',(#10983));
#10983 = ORIENTED_EDGE('',*,*,#10984,.T.);
#10984 = EDGE_CURVE('',#10985,#10985,#10987,.T.);
#10985 = VERTEX_POINT('',#10986);
#10986 = CARTESIAN_POINT('',(167.6,-86.2,1.51));
#10987 = CIRCLE('',#10988,0.5);
#10988 = AXIS2_PLACEMENT_3D('',#10989,#10990,#10991);
#10989 = CARTESIAN_POINT('',(167.6,-85.7,1.51));
#10990 = DIRECTION('',(-0.,0.,-1.));
#10991 = DIRECTION('',(-0.,-1.,0.));
#10992 = FACE_BOUND('',#10993,.T.);
#10993 = EDGE_LOOP('',(#10994));
#10994 = ORIENTED_EDGE('',*,*,#10995,.T.);
#10995 = EDGE_CURVE('',#10996,#10996,#10998,.T.);
#10996 = VERTEX_POINT('',#10997);
#10997 = CARTESIAN_POINT('',(167.6,-83.66,1.51));
#10998 = CIRCLE('',#10999,0.5);
#10999 = AXIS2_PLACEMENT_3D('',#11000,#11001,#11002);
#11000 = CARTESIAN_POINT('',(167.6,-83.16,1.51));
#11001 = DIRECTION('',(-0.,0.,-1.));
#11002 = DIRECTION('',(-0.,-1.,0.));
#11003 = FACE_BOUND('',#11004,.T.);
#11004 = EDGE_LOOP('',(#11005));
#11005 = ORIENTED_EDGE('',*,*,#11006,.T.);
#11006 = EDGE_CURVE('',#11007,#11007,#11009,.T.);
#11007 = VERTEX_POINT('',#11008);
#11008 = CARTESIAN_POINT('',(167.6,-81.12,1.51));
#11009 = CIRCLE('',#11010,0.5);
#11010 = AXIS2_PLACEMENT_3D('',#11011,#11012,#11013);
#11011 = CARTESIAN_POINT('',(167.6,-80.62,1.51));
#11012 = DIRECTION('',(-0.,0.,-1.));
#11013 = DIRECTION('',(-0.,-1.,0.));
#11014 = PLANE('',#11015);
#11015 = AXIS2_PLACEMENT_3D('',#11016,#11017,#11018);
#11016 = CARTESIAN_POINT('',(0.,0.,1.51));
#11017 = DIRECTION('',(0.,0.,1.));
#11018 = DIRECTION('',(1.,0.,-0.));
#11019 = ADVANCED_FACE('',(#11020),#11026,.T.);
#11020 = FACE_BOUND('',#11021,.T.);
#11021 = EDGE_LOOP('',(#11022,#11023,#11024,#11025));
#11022 = ORIENTED_EDGE('',*,*,#10615,.T.);
#11023 = ORIENTED_EDGE('',*,*,#10832,.T.);
#11024 = ORIENTED_EDGE('',*,*,#10575,.F.);
#11025 = ORIENTED_EDGE('',*,*,#10639,.F.);
#11026 = PLANE('',#11027);
#11027 = AXIS2_PLACEMENT_3D('',#11028,#11029,#11030);
#11028 = CARTESIAN_POINT('',(150.5,-65.39,0.));
#11029 = DIRECTION('',(0.,1.,0.));
#11030 = DIRECTION('',(1.,0.,0.));
#11031 = ADVANCED_FACE('',(#11032),#11043,.F.);
#11032 = FACE_BOUND('',#11033,.T.);
#11033 = EDGE_LOOP('',(#11034,#11035,#11041,#11042));
#11034 = ORIENTED_EDGE('',*,*,#10648,.T.);
#11035 = ORIENTED_EDGE('',*,*,#11036,.T.);
#11036 = EDGE_CURVE('',#10649,#10842,#11037,.T.);
#11037 = LINE('',#11038,#11039);
#11038 = CARTESIAN_POINT('',(160.6,-103.5,-4.6E-02));
#11039 = VECTOR('',#11040,1.);
#11040 = DIRECTION('',(0.,0.,1.));
#11041 = ORIENTED_EDGE('',*,*,#10841,.F.);
#11042 = ORIENTED_EDGE('',*,*,#11036,.F.);
#11043 = CYLINDRICAL_SURFACE('',#11044,1.6);
#11044 = AXIS2_PLACEMENT_3D('',#11045,#11046,#11047);
#11045 = CARTESIAN_POINT('',(160.6,-101.9,-4.6E-02));
#11046 = DIRECTION('',(-0.,-0.,-1.));
#11047 = DIRECTION('',(-0.,-1.,0.));
#11048 = ADVANCED_FACE('',(#11049),#11060,.F.);
#11049 = FACE_BOUND('',#11050,.T.);
#11050 = EDGE_LOOP('',(#11051,#11052,#11058,#11059));
#11051 = ORIENTED_EDGE('',*,*,#10659,.T.);
#11052 = ORIENTED_EDGE('',*,*,#11053,.T.);
#11053 = EDGE_CURVE('',#10660,#10853,#11054,.T.);
#11054 = LINE('',#11055,#11056);
#11055 = CARTESIAN_POINT('',(157.5,-94.54,-4.6E-02));
#11056 = VECTOR('',#11057,1.);
#11057 = DIRECTION('',(0.,0.,1.));
#11058 = ORIENTED_EDGE('',*,*,#10852,.F.);
#11059 = ORIENTED_EDGE('',*,*,#11053,.F.);
#11060 = CYLINDRICAL_SURFACE('',#11061,0.5);
#11061 = AXIS2_PLACEMENT_3D('',#11062,#11063,#11064);
#11062 = CARTESIAN_POINT('',(157.5,-94.04,-4.6E-02));
#11063 = DIRECTION('',(-0.,-0.,-1.));
#11064 = DIRECTION('',(-0.,-1.,0.));
#11065 = ADVANCED_FACE('',(#11066),#11077,.F.);
#11066 = FACE_BOUND('',#11067,.T.);
#11067 = EDGE_LOOP('',(#11068,#11069,#11075,#11076));
#11068 = ORIENTED_EDGE('',*,*,#10670,.T.);
#11069 = ORIENTED_EDGE('',*,*,#11070,.T.);
#11070 = EDGE_CURVE('',#10671,#10864,#11071,.T.);
#11071 = LINE('',#11072,#11073);
#11072 = CARTESIAN_POINT('',(157.5,-92.,-4.6E-02));
#11073 = VECTOR('',#11074,1.);
#11074 = DIRECTION('',(0.,0.,1.));
#11075 = ORIENTED_EDGE('',*,*,#10863,.F.);
#11076 = ORIENTED_EDGE('',*,*,#11070,.F.);
#11077 = CYLINDRICAL_SURFACE('',#11078,0.5);
#11078 = AXIS2_PLACEMENT_3D('',#11079,#11080,#11081);
#11079 = CARTESIAN_POINT('',(157.5,-91.5,-4.6E-02));
#11080 = DIRECTION('',(-0.,-0.,-1.));
#11081 = DIRECTION('',(-0.,-1.,0.));
#11082 = ADVANCED_FACE('',(#11083),#11094,.F.);
#11083 = FACE_BOUND('',#11084,.T.);
#11084 = EDGE_LOOP('',(#11085,#11086,#11092,#11093));
#11085 = ORIENTED_EDGE('',*,*,#10681,.T.);
#11086 = ORIENTED_EDGE('',*,*,#11087,.T.);
#11087 = EDGE_CURVE('',#10682,#10875,#11088,.T.);
#11088 = LINE('',#11089,#11090);
#11089 = CARTESIAN_POINT('',(155.6,-90.82,-4.6E-02));
#11090 = VECTOR('',#11091,1.);
#11091 = DIRECTION('',(0.,0.,1.));
#11092 = ORIENTED_EDGE('',*,*,#10874,.F.);
#11093 = ORIENTED_EDGE('',*,*,#11087,.F.);
#11094 = CYLINDRICAL_SURFACE('',#11095,0.5);
#11095 = AXIS2_PLACEMENT_3D('',#11096,#11097,#11098);
#11096 = CARTESIAN_POINT('',(155.6,-90.32,-4.6E-02));
#11097 = DIRECTION('',(-0.,-0.,-1.));
#11098 = DIRECTION('',(-0.,-1.,0.));
#11099 = ADVANCED_FACE('',(#11100),#11111,.F.);
#11100 = FACE_BOUND('',#11101,.T.);
#11101 = EDGE_LOOP('',(#11102,#11103,#11109,#11110));
#11102 = ORIENTED_EDGE('',*,*,#10692,.T.);
#11103 = ORIENTED_EDGE('',*,*,#11104,.T.);
#11104 = EDGE_CURVE('',#10693,#10886,#11105,.T.);
#11105 = LINE('',#11106,#11107);
#11106 = CARTESIAN_POINT('',(160.25,-95.92,-4.6E-02));
#11107 = VECTOR('',#11108,1.);
#11108 = DIRECTION('',(0.,0.,1.));
#11109 = ORIENTED_EDGE('',*,*,#10885,.F.);
#11110 = ORIENTED_EDGE('',*,*,#11104,.F.);
#11111 = CYLINDRICAL_SURFACE('',#11112,1.25);
#11112 = AXIS2_PLACEMENT_3D('',#11113,#11114,#11115);
#11113 = CARTESIAN_POINT('',(160.25,-94.67,-4.6E-02));
#11114 = DIRECTION('',(-0.,-0.,-1.));
#11115 = DIRECTION('',(-0.,-1.,0.));
#11116 = ADVANCED_FACE('',(#11117),#11128,.F.);
#11117 = FACE_BOUND('',#11118,.T.);
#11118 = EDGE_LOOP('',(#11119,#11120,#11126,#11127));
#11119 = ORIENTED_EDGE('',*,*,#10703,.T.);
#11120 = ORIENTED_EDGE('',*,*,#11121,.T.);
#11121 = EDGE_CURVE('',#10704,#10897,#11122,.T.);
#11122 = LINE('',#11123,#11124);
#11123 = CARTESIAN_POINT('',(160.25,-92.12,-4.6E-02));
#11124 = VECTOR('',#11125,1.);
#11125 = DIRECTION('',(0.,0.,1.));
#11126 = ORIENTED_EDGE('',*,*,#10896,.F.);
#11127 = ORIENTED_EDGE('',*,*,#11121,.F.);
#11128 = CYLINDRICAL_SURFACE('',#11129,1.25);
#11129 = AXIS2_PLACEMENT_3D('',#11130,#11131,#11132);
#11130 = CARTESIAN_POINT('',(160.25,-90.87,-4.6E-02));
#11131 = DIRECTION('',(-0.,-0.,-1.));
#11132 = DIRECTION('',(-0.,-1.,0.));
#11133 = ADVANCED_FACE('',(#11134),#11145,.F.);
#11134 = FACE_BOUND('',#11135,.T.);
#11135 = EDGE_LOOP('',(#11136,#11137,#11143,#11144));
#11136 = ORIENTED_EDGE('',*,*,#10714,.T.);
#11137 = ORIENTED_EDGE('',*,*,#11138,.T.);
#11138 = EDGE_CURVE('',#10715,#10908,#11139,.T.);
#11139 = LINE('',#11140,#11141);
#11140 = CARTESIAN_POINT('',(163.,-94.54,-4.6E-02));
#11141 = VECTOR('',#11142,1.);
#11142 = DIRECTION('',(0.,0.,1.));
#11143 = ORIENTED_EDGE('',*,*,#10907,.F.);
#11144 = ORIENTED_EDGE('',*,*,#11138,.F.);
#11145 = CYLINDRICAL_SURFACE('',#11146,0.5);
#11146 = AXIS2_PLACEMENT_3D('',#11147,#11148,#11149);
#11147 = CARTESIAN_POINT('',(163.,-94.04,-4.6E-02));
#11148 = DIRECTION('',(-0.,-0.,-1.));
#11149 = DIRECTION('',(-0.,-1.,0.));
#11150 = ADVANCED_FACE('',(#11151),#11162,.F.);
#11151 = FACE_BOUND('',#11152,.T.);
#11152 = EDGE_LOOP('',(#11153,#11154,#11160,#11161));
#11153 = ORIENTED_EDGE('',*,*,#10725,.T.);
#11154 = ORIENTED_EDGE('',*,*,#11155,.T.);
#11155 = EDGE_CURVE('',#10726,#10919,#11156,.T.);
#11156 = LINE('',#11157,#11158);
#11157 = CARTESIAN_POINT('',(163.,-92.,-4.6E-02));
#11158 = VECTOR('',#11159,1.);
#11159 = DIRECTION('',(0.,0.,1.));
#11160 = ORIENTED_EDGE('',*,*,#10918,.F.);
#11161 = ORIENTED_EDGE('',*,*,#11155,.F.);
#11162 = CYLINDRICAL_SURFACE('',#11163,0.5);
#11163 = AXIS2_PLACEMENT_3D('',#11164,#11165,#11166);
#11164 = CARTESIAN_POINT('',(163.,-91.5,-4.6E-02));
#11165 = DIRECTION('',(-0.,-0.,-1.));
#11166 = DIRECTION('',(-0.,-1.,0.));
#11167 = ADVANCED_FACE('',(#11168),#11179,.F.);
#11168 = FACE_BOUND('',#11169,.T.);
#11169 = EDGE_LOOP('',(#11170,#11171,#11177,#11178));
#11170 = ORIENTED_EDGE('',*,*,#10736,.T.);
#11171 = ORIENTED_EDGE('',*,*,#11172,.T.);
#11172 = EDGE_CURVE('',#10737,#10930,#11173,.T.);
#11173 = LINE('',#11174,#11175);
#11174 = CARTESIAN_POINT('',(155.5,-87.02,-4.6E-02));
#11175 = VECTOR('',#11176,1.);
#11176 = DIRECTION('',(0.,0.,1.));
#11177 = ORIENTED_EDGE('',*,*,#10929,.F.);
#11178 = ORIENTED_EDGE('',*,*,#11172,.F.);
#11179 = CYLINDRICAL_SURFACE('',#11180,0.4);
#11180 = AXIS2_PLACEMENT_3D('',#11181,#11182,#11183);
#11181 = CARTESIAN_POINT('',(155.5,-86.62,-4.6E-02));
#11182 = DIRECTION('',(-0.,-0.,-1.));
#11183 = DIRECTION('',(-0.,-1.,0.));
#11184 = ADVANCED_FACE('',(#11185),#11196,.F.);
#11185 = FACE_BOUND('',#11186,.T.);
#11186 = EDGE_LOOP('',(#11187,#11188,#11194,#11195));
#11187 = ORIENTED_EDGE('',*,*,#10747,.T.);
#11188 = ORIENTED_EDGE('',*,*,#11189,.T.);
#11189 = EDGE_CURVE('',#10748,#10941,#11190,.T.);
#11190 = LINE('',#11191,#11192);
#11191 = CARTESIAN_POINT('',(155.5,-79.4,-4.6E-02));
#11192 = VECTOR('',#11193,1.);
#11193 = DIRECTION('',(0.,0.,1.));
#11194 = ORIENTED_EDGE('',*,*,#10940,.F.);
#11195 = ORIENTED_EDGE('',*,*,#11189,.F.);
#11196 = CYLINDRICAL_SURFACE('',#11197,0.4);
#11197 = AXIS2_PLACEMENT_3D('',#11198,#11199,#11200);
#11198 = CARTESIAN_POINT('',(155.5,-79.,-4.6E-02));
#11199 = DIRECTION('',(-0.,-0.,-1.));
#11200 = DIRECTION('',(-0.,-1.,0.));
#11201 = ADVANCED_FACE('',(#11202),#11213,.F.);
#11202 = FACE_BOUND('',#11203,.T.);
#11203 = EDGE_LOOP('',(#11204,#11205,#11211,#11212));
#11204 = ORIENTED_EDGE('',*,*,#10758,.T.);
#11205 = ORIENTED_EDGE('',*,*,#11206,.T.);
#11206 = EDGE_CURVE('',#10759,#10952,#11207,.T.);
#11207 = LINE('',#11208,#11209);
#11208 = CARTESIAN_POINT('',(160.5,-87.02,-4.6E-02));
#11209 = VECTOR('',#11210,1.);
#11210 = DIRECTION('',(0.,0.,1.));
#11211 = ORIENTED_EDGE('',*,*,#10951,.F.);
#11212 = ORIENTED_EDGE('',*,*,#11206,.F.);
#11213 = CYLINDRICAL_SURFACE('',#11214,0.4);
#11214 = AXIS2_PLACEMENT_3D('',#11215,#11216,#11217);
#11215 = CARTESIAN_POINT('',(160.5,-86.62,-4.6E-02));
#11216 = DIRECTION('',(-0.,-0.,-1.));
#11217 = DIRECTION('',(-0.,-1.,0.));
#11218 = ADVANCED_FACE('',(#11219),#11230,.F.);
#11219 = FACE_BOUND('',#11220,.T.);
#11220 = EDGE_LOOP('',(#11221,#11222,#11228,#11229));
#11221 = ORIENTED_EDGE('',*,*,#10769,.T.);
#11222 = ORIENTED_EDGE('',*,*,#11223,.T.);
#11223 = EDGE_CURVE('',#10770,#10963,#11224,.T.);
#11224 = LINE('',#11225,#11226);
#11225 = CARTESIAN_POINT('',(160.5,-79.4,-4.6E-02));
#11226 = VECTOR('',#11227,1.);
#11227 = DIRECTION('',(0.,0.,1.));
#11228 = ORIENTED_EDGE('',*,*,#10962,.F.);
#11229 = ORIENTED_EDGE('',*,*,#11223,.F.);
#11230 = CYLINDRICAL_SURFACE('',#11231,0.4);
#11231 = AXIS2_PLACEMENT_3D('',#11232,#11233,#11234);
#11232 = CARTESIAN_POINT('',(160.5,-79.,-4.6E-02));
#11233 = DIRECTION('',(-0.,-0.,-1.));
#11234 = DIRECTION('',(-0.,-1.,0.));
#11235 = ADVANCED_FACE('',(#11236),#11247,.F.);
#11236 = FACE_BOUND('',#11237,.T.);
#11237 = EDGE_LOOP('',(#11238,#11239,#11245,#11246));
#11238 = ORIENTED_EDGE('',*,*,#10780,.T.);
#11239 = ORIENTED_EDGE('',*,*,#11240,.T.);
#11240 = EDGE_CURVE('',#10781,#10974,#11241,.T.);
#11241 = LINE('',#11242,#11243);
#11242 = CARTESIAN_POINT('',(160.4,-73.7,-4.6E-02));
#11243 = VECTOR('',#11244,1.);
#11244 = DIRECTION('',(0.,0.,1.));
#11245 = ORIENTED_EDGE('',*,*,#10973,.F.);
#11246 = ORIENTED_EDGE('',*,*,#11240,.F.);
#11247 = CYLINDRICAL_SURFACE('',#11248,1.6);
#11248 = AXIS2_PLACEMENT_3D('',#11249,#11250,#11251);
#11249 = CARTESIAN_POINT('',(160.4,-72.1,-4.6E-02));
#11250 = DIRECTION('',(-0.,-0.,-1.));
#11251 = DIRECTION('',(-0.,-1.,0.));
#11252 = ADVANCED_FACE('',(#11253),#11264,.F.);
#11253 = FACE_BOUND('',#11254,.T.);
#11254 = EDGE_LOOP('',(#11255,#11256,#11262,#11263));
#11255 = ORIENTED_EDGE('',*,*,#10791,.T.);
#11256 = ORIENTED_EDGE('',*,*,#11257,.T.);
#11257 = EDGE_CURVE('',#10792,#10985,#11258,.T.);
#11258 = LINE('',#11259,#11260);
#11259 = CARTESIAN_POINT('',(167.6,-86.2,-4.6E-02));
#11260 = VECTOR('',#11261,1.);
#11261 = DIRECTION('',(0.,0.,1.));
#11262 = ORIENTED_EDGE('',*,*,#10984,.F.);
#11263 = ORIENTED_EDGE('',*,*,#11257,.F.);
#11264 = CYLINDRICAL_SURFACE('',#11265,0.5);
#11265 = AXIS2_PLACEMENT_3D('',#11266,#11267,#11268);
#11266 = CARTESIAN_POINT('',(167.6,-85.7,-4.6E-02));
#11267 = DIRECTION('',(-0.,-0.,-1.));
#11268 = DIRECTION('',(-0.,-1.,0.));
#11269 = ADVANCED_FACE('',(#11270),#11281,.F.);
#11270 = FACE_BOUND('',#11271,.T.);
#11271 = EDGE_LOOP('',(#11272,#11273,#11279,#11280));
#11272 = ORIENTED_EDGE('',*,*,#10802,.T.);
#11273 = ORIENTED_EDGE('',*,*,#11274,.T.);
#11274 = EDGE_CURVE('',#10803,#10996,#11275,.T.);
#11275 = LINE('',#11276,#11277);
#11276 = CARTESIAN_POINT('',(167.6,-83.66,-4.6E-02));
#11277 = VECTOR('',#11278,1.);
#11278 = DIRECTION('',(0.,0.,1.));
#11279 = ORIENTED_EDGE('',*,*,#10995,.F.);
#11280 = ORIENTED_EDGE('',*,*,#11274,.F.);
#11281 = CYLINDRICAL_SURFACE('',#11282,0.5);
#11282 = AXIS2_PLACEMENT_3D('',#11283,#11284,#11285);
#11283 = CARTESIAN_POINT('',(167.6,-83.16,-4.6E-02));
#11284 = DIRECTION('',(-0.,-0.,-1.));
#11285 = DIRECTION('',(-0.,-1.,0.));
#11286 = ADVANCED_FACE('',(#11287),#11298,.F.);
#11287 = FACE_BOUND('',#11288,.T.);
#11288 = EDGE_LOOP('',(#11289,#11290,#11296,#11297));
#11289 = ORIENTED_EDGE('',*,*,#10813,.T.);
#11290 = ORIENTED_EDGE('',*,*,#11291,.T.);
#11291 = EDGE_CURVE('',#10814,#11007,#11292,.T.);
#11292 = LINE('',#11293,#11294);
#11293 = CARTESIAN_POINT('',(167.6,-81.12,-4.6E-02));
#11294 = VECTOR('',#11295,1.);
#11295 = DIRECTION('',(0.,0.,1.));
#11296 = ORIENTED_EDGE('',*,*,#11006,.F.);
#11297 = ORIENTED_EDGE('',*,*,#11291,.F.);
#11298 = CYLINDRICAL_SURFACE('',#11299,0.5);
#11299 = AXIS2_PLACEMENT_3D('',#11300,#11301,#11302);
#11300 = CARTESIAN_POINT('',(167.6,-80.62,-4.6E-02));
#11301 = DIRECTION('',(-0.,-0.,-1.));
#11302 = DIRECTION('',(-0.,-1.,0.));
#11303 = ( GEOMETRIC_REPRESENTATION_CONTEXT(3) 
GLOBAL_UNCERTAINTY_ASSIGNED_CONTEXT((#11307)) 
GLOBAL_UNIT_ASSIGNED_CONTEXT((#11304,#11305,#11306)) 
REPRESENTATION_CONTEXT('Context #1',
  '3D Context with UNIT and UNCERTAINTY') );
#11304 = ( LENGTH_UNIT() NAMED_UNIT(*) SI_UNIT(.MILLI.,.METRE.) );
#11305 = ( NAMED_UNIT(*) PLANE_ANGLE_UNIT() SI_UNIT($,.RADIAN.) );
#11306 = ( NAMED_UNIT(*) SI_UNIT($,.STERADIAN.) SOLID_ANGLE_UNIT() );
#11307 = UNCERTAINTY_MEASURE_WITH_UNIT(LENGTH_MEASURE(1.E-07),#11304,
  'distance_accuracy_value','confusion accuracy');
#11308 = CONTEXT_DEPENDENT_SHAPE_REPRESENTATION(#11309,#11311);
#11309 = ( REPRESENTATION_RELATIONSHIP('','',#10528,#10) 
REPRESENTATION_RELATIONSHIP_WITH_TRANSFORMATION(#11310) 
SHAPE_REPRESENTATION_RELATIONSHIP() );
#11310 = ITEM_DEFINED_TRANSFORMATION('','',#11,#35);
#11311 = PRODUCT_DEFINITION_SHAPE('Placement','Placement of an item',
  #11312);
#11312 = NEXT_ASSEMBLY_USAGE_OCCURRENCE('6','=>[0:1:1:6]','',#5,#10523,$
  );
#11313 = PRODUCT_RELATED_PRODUCT_CATEGORY('part',$,(#10525));
#11314 = MECHANICAL_DESIGN_GEOMETRIC_PRESENTATION_REPRESENTATION('',(
    #11315,#11323,#11330,#11337,#11344,#11351,#11359,#11366,#11373,
    #11380,#11387,#11394,#11401,#11408,#11415),#1589);
#11315 = STYLED_ITEM('color',(#11316),#928);
#11316 = PRESENTATION_STYLE_ASSIGNMENT((#11317));
#11317 = SURFACE_STYLE_USAGE(.BOTH.,#11318);
#11318 = SURFACE_SIDE_STYLE('',(#11319));
#11319 = SURFACE_STYLE_FILL_AREA(#11320);
#11320 = FILL_AREA_STYLE('',(#11321));
#11321 = FILL_AREA_STYLE_COLOUR('',#11322);
#11322 = COLOUR_RGB('',0.883000012551,0.711000022565,0.492000011028);
#11323 = STYLED_ITEM('color',(#11324),#961);
#11324 = PRESENTATION_STYLE_ASSIGNMENT((#11325));
#11325 = SURFACE_STYLE_USAGE(.BOTH.,#11326);
#11326 = SURFACE_SIDE_STYLE('',(#11327));
#11327 = SURFACE_STYLE_FILL_AREA(#11328);
#11328 = FILL_AREA_STYLE('',(#11329));
#11329 = FILL_AREA_STYLE_COLOUR('',#11322);
#11330 = STYLED_ITEM('color',(#11331),#987);
#11331 = PRESENTATION_STYLE_ASSIGNMENT((#11332));
#11332 = SURFACE_STYLE_USAGE(.BOTH.,#11333);
#11333 = SURFACE_SIDE_STYLE('',(#11334));
#11334 = SURFACE_STYLE_FILL_AREA(#11335);
#11335 = FILL_AREA_STYLE('',(#11336));
#11336 = FILL_AREA_STYLE_COLOUR('',#11322);
#11337 = STYLED_ITEM('color',(#11338),#1007);
#11338 = PRESENTATION_STYLE_ASSIGNMENT((#11339));
#11339 = SURFACE_STYLE_USAGE(.BOTH.,#11340);
#11340 = SURFACE_SIDE_STYLE('',(#11341));
#11341 = SURFACE_STYLE_FILL_AREA(#11342);
#11342 = FILL_AREA_STYLE('',(#11343));
#11343 = FILL_AREA_STYLE_COLOUR('',#11322);
#11344 = STYLED_ITEM('color',(#11345),#1190);
#11345 = PRESENTATION_STYLE_ASSIGNMENT((#11346));
#11346 = SURFACE_STYLE_USAGE(.BOTH.,#11347);
#11347 = SURFACE_SIDE_STYLE('',(#11348));
#11348 = SURFACE_STYLE_FILL_AREA(#11349);
#11349 = FILL_AREA_STYLE('',(#11350));
#11350 = FILL_AREA_STYLE_COLOUR('',#11322);
#11351 = STYLED_ITEM('color',(#11352),#1215);
#11352 = PRESENTATION_STYLE_ASSIGNMENT((#11353));
#11353 = SURFACE_STYLE_USAGE(.BOTH.,#11354);
#11354 = SURFACE_SIDE_STYLE('',(#11355));
#11355 = SURFACE_STYLE_FILL_AREA(#11356);
#11356 = FILL_AREA_STYLE('',(#11357));
#11357 = FILL_AREA_STYLE_COLOUR('',#11358);
#11358 = COLOUR_RGB('',0.823999987314,0.819999987296,0.781000009244);
#11359 = STYLED_ITEM('color',(#11360),#1241);
#11360 = PRESENTATION_STYLE_ASSIGNMENT((#11361));
#11361 = SURFACE_STYLE_USAGE(.BOTH.,#11362);
#11362 = SURFACE_SIDE_STYLE('',(#11363));
#11363 = SURFACE_STYLE_FILL_AREA(#11364);
#11364 = FILL_AREA_STYLE('',(#11365));
#11365 = FILL_AREA_STYLE_COLOUR('',#11322);
#11366 = STYLED_ITEM('color',(#11367),#1261);
#11367 = PRESENTATION_STYLE_ASSIGNMENT((#11368));
#11368 = SURFACE_STYLE_USAGE(.BOTH.,#11369);
#11369 = SURFACE_SIDE_STYLE('',(#11370));
#11370 = SURFACE_STYLE_FILL_AREA(#11371);
#11371 = FILL_AREA_STYLE('',(#11372));
#11372 = FILL_AREA_STYLE_COLOUR('',#11358);
#11373 = STYLED_ITEM('color',(#11374),#1286);
#11374 = PRESENTATION_STYLE_ASSIGNMENT((#11375));
#11375 = SURFACE_STYLE_USAGE(.BOTH.,#11376);
#11376 = SURFACE_SIDE_STYLE('',(#11377));
#11377 = SURFACE_STYLE_FILL_AREA(#11378);
#11378 = FILL_AREA_STYLE('',(#11379));
#11379 = FILL_AREA_STYLE_COLOUR('',#11322);
#11380 = STYLED_ITEM('color',(#11381),#1311);
#11381 = PRESENTATION_STYLE_ASSIGNMENT((#11382));
#11382 = SURFACE_STYLE_USAGE(.BOTH.,#11383);
#11383 = SURFACE_SIDE_STYLE('',(#11384));
#11384 = SURFACE_STYLE_FILL_AREA(#11385);
#11385 = FILL_AREA_STYLE('',(#11386));
#11386 = FILL_AREA_STYLE_COLOUR('',#11358);
#11387 = STYLED_ITEM('color',(#11388),#1320);
#11388 = PRESENTATION_STYLE_ASSIGNMENT((#11389));
#11389 = SURFACE_STYLE_USAGE(.BOTH.,#11390);
#11390 = SURFACE_SIDE_STYLE('',(#11391));
#11391 = SURFACE_STYLE_FILL_AREA(#11392);
#11392 = FILL_AREA_STYLE('',(#11393));
#11393 = FILL_AREA_STYLE_COLOUR('',#11322);
#11394 = STYLED_ITEM('color',(#11395),#1346);
#11395 = PRESENTATION_STYLE_ASSIGNMENT((#11396));
#11396 = SURFACE_STYLE_USAGE(.BOTH.,#11397);
#11397 = SURFACE_SIDE_STYLE('',(#11398));
#11398 = SURFACE_STYLE_FILL_AREA(#11399);
#11399 = FILL_AREA_STYLE('',(#11400));
#11400 = FILL_AREA_STYLE_COLOUR('',#11322);
#11401 = STYLED_ITEM('color',(#11402),#1529);
#11402 = PRESENTATION_STYLE_ASSIGNMENT((#11403));
#11403 = SURFACE_STYLE_USAGE(.BOTH.,#11404);
#11404 = SURFACE_SIDE_STYLE('',(#11405));
#11405 = SURFACE_STYLE_FILL_AREA(#11406);
#11406 = FILL_AREA_STYLE('',(#11407));
#11407 = FILL_AREA_STYLE_COLOUR('',#11358);
#11408 = STYLED_ITEM('color',(#11409),#1555);
#11409 = PRESENTATION_STYLE_ASSIGNMENT((#11410));
#11410 = SURFACE_STYLE_USAGE(.BOTH.,#11411);
#11411 = SURFACE_SIDE_STYLE('',(#11412));
#11412 = SURFACE_STYLE_FILL_AREA(#11413);
#11413 = FILL_AREA_STYLE('',(#11414));
#11414 = FILL_AREA_STYLE_COLOUR('',#11358);
#11415 = STYLED_ITEM('color',(#11416),#1580);
#11416 = PRESENTATION_STYLE_ASSIGNMENT((#11417));
#11417 = SURFACE_STYLE_USAGE(.BOTH.,#11418);
#11418 = SURFACE_SIDE_STYLE('',(#11419));
#11419 = SURFACE_STYLE_FILL_AREA(#11420);
#11420 = FILL_AREA_STYLE('',(#11421));
#11421 = FILL_AREA_STYLE_COLOUR('',#11358);
#11422 = MECHANICAL_DESIGN_GEOMETRIC_PRESENTATION_REPRESENTATION('',(
    #11423,#11431,#11439,#11447,#11454,#11461,#11468),#10510);
#11423 = STYLED_ITEM('color',(#11424),#3738);
#11424 = PRESENTATION_STYLE_ASSIGNMENT((#11425));
#11425 = SURFACE_STYLE_USAGE(.BOTH.,#11426);
#11426 = SURFACE_SIDE_STYLE('',(#11427));
#11427 = SURFACE_STYLE_FILL_AREA(#11428);
#11428 = FILL_AREA_STYLE('',(#11429));
#11429 = FILL_AREA_STYLE_COLOUR('',#11430);
#11430 = COLOUR_RGB('',0.,0.,0.501960785193);
#11431 = STYLED_ITEM('color',(#11432),#4156);
#11432 = PRESENTATION_STYLE_ASSIGNMENT((#11433));
#11433 = SURFACE_STYLE_USAGE(.BOTH.,#11434);
#11434 = SURFACE_SIDE_STYLE('',(#11435));
#11435 = SURFACE_STYLE_FILL_AREA(#11436);
#11436 = FILL_AREA_STYLE('',(#11437));
#11437 = FILL_AREA_STYLE_COLOUR('',#11438);
#11438 = DRAUGHTING_PRE_DEFINED_COLOUR('black');
#11439 = STYLED_ITEM('color',(#11440),#4574);
#11440 = PRESENTATION_STYLE_ASSIGNMENT((#11441));
#11441 = SURFACE_STYLE_USAGE(.BOTH.,#11442);
#11442 = SURFACE_SIDE_STYLE('',(#11443));
#11443 = SURFACE_STYLE_FILL_AREA(#11444);
#11444 = FILL_AREA_STYLE('',(#11445));
#11445 = FILL_AREA_STYLE_COLOUR('',#11446);
#11446 = COLOUR_RGB('',0.792156867455,0.819607826924,0.933333342953);
#11447 = STYLED_ITEM('color',(#11448),#4988);
#11448 = PRESENTATION_STYLE_ASSIGNMENT((#11449));
#11449 = SURFACE_STYLE_USAGE(.BOTH.,#11450);
#11450 = SURFACE_SIDE_STYLE('',(#11451));
#11451 = SURFACE_STYLE_FILL_AREA(#11452);
#11452 = FILL_AREA_STYLE('',(#11453));
#11453 = FILL_AREA_STYLE_COLOUR('',#11446);
#11454 = STYLED_ITEM('color',(#11455),#5402);
#11455 = PRESENTATION_STYLE_ASSIGNMENT((#11456));
#11456 = SURFACE_STYLE_USAGE(.BOTH.,#11457);
#11457 = SURFACE_SIDE_STYLE('',(#11458));
#11458 = SURFACE_STYLE_FILL_AREA(#11459);
#11459 = FILL_AREA_STYLE('',(#11460));
#11460 = FILL_AREA_STYLE_COLOUR('',#11446);
#11461 = STYLED_ITEM('color',(#11462),#5816);
#11462 = PRESENTATION_STYLE_ASSIGNMENT((#11463));
#11463 = SURFACE_STYLE_USAGE(.BOTH.,#11464);
#11464 = SURFACE_SIDE_STYLE('',(#11465));
#11465 = SURFACE_STYLE_FILL_AREA(#11466);
#11466 = FILL_AREA_STYLE('',(#11467));
#11467 = FILL_AREA_STYLE_COLOUR('',#11446);
#11468 = STYLED_ITEM('color',(#11469),#6230);
#11469 = PRESENTATION_STYLE_ASSIGNMENT((#11470));
#11470 = SURFACE_STYLE_USAGE(.BOTH.,#11471);
#11471 = SURFACE_SIDE_STYLE('',(#11472));
#11472 = SURFACE_STYLE_FILL_AREA(#11473);
#11473 = FILL_AREA_STYLE('',(#11474));
#11474 = FILL_AREA_STYLE_COLOUR('',#11475);
#11475 = COLOUR_RGB('',0.250980388104,0.250980388104,0.250980388104);
#11476 = MECHANICAL_DESIGN_GEOMETRIC_PRESENTATION_REPRESENTATION('',(
    #11477,#11484,#11491,#11498,#11505,#11512,#11519,#11526,#11533,
    #11540,#11547,#11555,#11562,#11569,#11576,#11583,#11590,#11597,
    #11604,#11611,#11618,#11625,#11632,#11639,#11646,#11653,#11660,
    #11667),#907);
#11477 = STYLED_ITEM('color',(#11478),#55);
#11478 = PRESENTATION_STYLE_ASSIGNMENT((#11479));
#11479 = SURFACE_STYLE_USAGE(.BOTH.,#11480);
#11480 = SURFACE_SIDE_STYLE('',(#11481));
#11481 = SURFACE_STYLE_FILL_AREA(#11482);
#11482 = FILL_AREA_STYLE('',(#11483));
#11483 = FILL_AREA_STYLE_COLOUR('',#11358);
#11484 = STYLED_ITEM('color',(#11485),#131);
#11485 = PRESENTATION_STYLE_ASSIGNMENT((#11486));
#11486 = SURFACE_STYLE_USAGE(.BOTH.,#11487);
#11487 = SURFACE_SIDE_STYLE('',(#11488));
#11488 = SURFACE_STYLE_FILL_AREA(#11489);
#11489 = FILL_AREA_STYLE('',(#11490));
#11490 = FILL_AREA_STYLE_COLOUR('',#11358);
#11491 = STYLED_ITEM('color',(#11492),#162);
#11492 = PRESENTATION_STYLE_ASSIGNMENT((#11493));
#11493 = SURFACE_STYLE_USAGE(.BOTH.,#11494);
#11494 = SURFACE_SIDE_STYLE('',(#11495));
#11495 = SURFACE_STYLE_FILL_AREA(#11496);
#11496 = FILL_AREA_STYLE('',(#11497));
#11497 = FILL_AREA_STYLE_COLOUR('',#11358);
#11498 = STYLED_ITEM('color',(#11499),#187);
#11499 = PRESENTATION_STYLE_ASSIGNMENT((#11500));
#11500 = SURFACE_STYLE_USAGE(.BOTH.,#11501);
#11501 = SURFACE_SIDE_STYLE('',(#11502));
#11502 = SURFACE_STYLE_FILL_AREA(#11503);
#11503 = FILL_AREA_STYLE('',(#11504));
#11504 = FILL_AREA_STYLE_COLOUR('',#11358);
#11505 = STYLED_ITEM('color',(#11506),#212);
#11506 = PRESENTATION_STYLE_ASSIGNMENT((#11507));
#11507 = SURFACE_STYLE_USAGE(.BOTH.,#11508);
#11508 = SURFACE_SIDE_STYLE('',(#11509));
#11509 = SURFACE_STYLE_FILL_AREA(#11510);
#11510 = FILL_AREA_STYLE('',(#11511));
#11511 = FILL_AREA_STYLE_COLOUR('',#11358);
#11512 = STYLED_ITEM('color',(#11513),#236);
#11513 = PRESENTATION_STYLE_ASSIGNMENT((#11514));
#11514 = SURFACE_STYLE_USAGE(.BOTH.,#11515);
#11515 = SURFACE_SIDE_STYLE('',(#11516));
#11516 = SURFACE_STYLE_FILL_AREA(#11517);
#11517 = FILL_AREA_STYLE('',(#11518));
#11518 = FILL_AREA_STYLE_COLOUR('',#11358);
#11519 = STYLED_ITEM('color',(#11520),#260);
#11520 = PRESENTATION_STYLE_ASSIGNMENT((#11521));
#11521 = SURFACE_STYLE_USAGE(.BOTH.,#11522);
#11522 = SURFACE_SIDE_STYLE('',(#11523));
#11523 = SURFACE_STYLE_FILL_AREA(#11524);
#11524 = FILL_AREA_STYLE('',(#11525));
#11525 = FILL_AREA_STYLE_COLOUR('',#11358);
#11526 = STYLED_ITEM('color',(#11527),#285);
#11527 = PRESENTATION_STYLE_ASSIGNMENT((#11528));
#11528 = SURFACE_STYLE_USAGE(.BOTH.,#11529);
#11529 = SURFACE_SIDE_STYLE('',(#11530));
#11530 = SURFACE_STYLE_FILL_AREA(#11531);
#11531 = FILL_AREA_STYLE('',(#11532));
#11532 = FILL_AREA_STYLE_COLOUR('',#11358);
#11533 = STYLED_ITEM('color',(#11534),#310);
#11534 = PRESENTATION_STYLE_ASSIGNMENT((#11535));
#11535 = SURFACE_STYLE_USAGE(.BOTH.,#11536);
#11536 = SURFACE_SIDE_STYLE('',(#11537));
#11537 = SURFACE_STYLE_FILL_AREA(#11538);
#11538 = FILL_AREA_STYLE('',(#11539));
#11539 = FILL_AREA_STYLE_COLOUR('',#11358);
#11540 = STYLED_ITEM('color',(#11541),#327);
#11541 = PRESENTATION_STYLE_ASSIGNMENT((#11542));
#11542 = SURFACE_STYLE_USAGE(.BOTH.,#11543);
#11543 = SURFACE_SIDE_STYLE('',(#11544));
#11544 = SURFACE_STYLE_FILL_AREA(#11545);
#11545 = FILL_AREA_STYLE('',(#11546));
#11546 = FILL_AREA_STYLE_COLOUR('',#11358);
#11547 = STYLED_ITEM('color',(#11548),#413);
#11548 = PRESENTATION_STYLE_ASSIGNMENT((#11549));
#11549 = SURFACE_STYLE_USAGE(.BOTH.,#11550);
#11550 = SURFACE_SIDE_STYLE('',(#11551));
#11551 = SURFACE_STYLE_FILL_AREA(#11552);
#11552 = FILL_AREA_STYLE('',(#11553));
#11553 = FILL_AREA_STYLE_COLOUR('',#11554);
#11554 = COLOUR_RGB('',0.379000005575,0.270000008848,0.214999999939);
#11555 = STYLED_ITEM('color',(#11556),#445);
#11556 = PRESENTATION_STYLE_ASSIGNMENT((#11557));
#11557 = SURFACE_STYLE_USAGE(.BOTH.,#11558);
#11558 = SURFACE_SIDE_STYLE('',(#11559));
#11559 = SURFACE_STYLE_FILL_AREA(#11560);
#11560 = FILL_AREA_STYLE('',(#11561));
#11561 = FILL_AREA_STYLE_COLOUR('',#11554);
#11562 = STYLED_ITEM('color',(#11563),#469);
#11563 = PRESENTATION_STYLE_ASSIGNMENT((#11564));
#11564 = SURFACE_STYLE_USAGE(.BOTH.,#11565);
#11565 = SURFACE_SIDE_STYLE('',(#11566));
#11566 = SURFACE_STYLE_FILL_AREA(#11567);
#11567 = FILL_AREA_STYLE('',(#11568));
#11568 = FILL_AREA_STYLE_COLOUR('',#11554);
#11569 = STYLED_ITEM('color',(#11570),#494);
#11570 = PRESENTATION_STYLE_ASSIGNMENT((#11571));
#11571 = SURFACE_STYLE_USAGE(.BOTH.,#11572);
#11572 = SURFACE_SIDE_STYLE('',(#11573));
#11573 = SURFACE_STYLE_FILL_AREA(#11574);
#11574 = FILL_AREA_STYLE('',(#11575));
#11575 = FILL_AREA_STYLE_COLOUR('',#11554);
#11576 = STYLED_ITEM('color',(#11577),#518);
#11577 = PRESENTATION_STYLE_ASSIGNMENT((#11578));
#11578 = SURFACE_STYLE_USAGE(.BOTH.,#11579);
#11579 = SURFACE_SIDE_STYLE('',(#11580));
#11580 = SURFACE_STYLE_FILL_AREA(#11581);
#11581 = FILL_AREA_STYLE('',(#11582));
#11582 = FILL_AREA_STYLE_COLOUR('',#11554);
#11583 = STYLED_ITEM('color',(#11584),#543);
#11584 = PRESENTATION_STYLE_ASSIGNMENT((#11585));
#11585 = SURFACE_STYLE_USAGE(.BOTH.,#11586);
#11586 = SURFACE_SIDE_STYLE('',(#11587));
#11587 = SURFACE_STYLE_FILL_AREA(#11588);
#11588 = FILL_AREA_STYLE('',(#11589));
#11589 = FILL_AREA_STYLE_COLOUR('',#11554);
#11590 = STYLED_ITEM('color',(#11591),#567);
#11591 = PRESENTATION_STYLE_ASSIGNMENT((#11592));
#11592 = SURFACE_STYLE_USAGE(.BOTH.,#11593);
#11593 = SURFACE_SIDE_STYLE('',(#11594));
#11594 = SURFACE_STYLE_FILL_AREA(#11595);
#11595 = FILL_AREA_STYLE('',(#11596));
#11596 = FILL_AREA_STYLE_COLOUR('',#11554);
#11597 = STYLED_ITEM('color',(#11598),#592);
#11598 = PRESENTATION_STYLE_ASSIGNMENT((#11599));
#11599 = SURFACE_STYLE_USAGE(.BOTH.,#11600);
#11600 = SURFACE_SIDE_STYLE('',(#11601));
#11601 = SURFACE_STYLE_FILL_AREA(#11602);
#11602 = FILL_AREA_STYLE('',(#11603));
#11603 = FILL_AREA_STYLE_COLOUR('',#11554);
#11604 = STYLED_ITEM('color',(#11605),#609);
#11605 = PRESENTATION_STYLE_ASSIGNMENT((#11606));
#11606 = SURFACE_STYLE_USAGE(.BOTH.,#11607);
#11607 = SURFACE_SIDE_STYLE('',(#11608));
#11608 = SURFACE_STYLE_FILL_AREA(#11609);
#11609 = FILL_AREA_STYLE('',(#11610));
#11610 = FILL_AREA_STYLE_COLOUR('',#11358);
#11611 = STYLED_ITEM('color',(#11612),#695);
#11612 = PRESENTATION_STYLE_ASSIGNMENT((#11613));
#11613 = SURFACE_STYLE_USAGE(.BOTH.,#11614);
#11614 = SURFACE_SIDE_STYLE('',(#11615));
#11615 = SURFACE_STYLE_FILL_AREA(#11616);
#11616 = FILL_AREA_STYLE('',(#11617));
#11617 = FILL_AREA_STYLE_COLOUR('',#11358);
#11618 = STYLED_ITEM('color',(#11619),#726);
#11619 = PRESENTATION_STYLE_ASSIGNMENT((#11620));
#11620 = SURFACE_STYLE_USAGE(.BOTH.,#11621);
#11621 = SURFACE_SIDE_STYLE('',(#11622));
#11622 = SURFACE_STYLE_FILL_AREA(#11623);
#11623 = FILL_AREA_STYLE('',(#11624));
#11624 = FILL_AREA_STYLE_COLOUR('',#11358);
#11625 = STYLED_ITEM('color',(#11626),#751);
#11626 = PRESENTATION_STYLE_ASSIGNMENT((#11627));
#11627 = SURFACE_STYLE_USAGE(.BOTH.,#11628);
#11628 = SURFACE_SIDE_STYLE('',(#11629));
#11629 = SURFACE_STYLE_FILL_AREA(#11630);
#11630 = FILL_AREA_STYLE('',(#11631));
#11631 = FILL_AREA_STYLE_COLOUR('',#11358);
#11632 = STYLED_ITEM('color',(#11633),#776);
#11633 = PRESENTATION_STYLE_ASSIGNMENT((#11634));
#11634 = SURFACE_STYLE_USAGE(.BOTH.,#11635);
#11635 = SURFACE_SIDE_STYLE('',(#11636));
#11636 = SURFACE_STYLE_FILL_AREA(#11637);
#11637 = FILL_AREA_STYLE('',(#11638));
#11638 = FILL_AREA_STYLE_COLOUR('',#11358);
#11639 = STYLED_ITEM('color',(#11640),#800);
#11640 = PRESENTATION_STYLE_ASSIGNMENT((#11641));
#11641 = SURFACE_STYLE_USAGE(.BOTH.,#11642);
#11642 = SURFACE_SIDE_STYLE('',(#11643));
#11643 = SURFACE_STYLE_FILL_AREA(#11644);
#11644 = FILL_AREA_STYLE('',(#11645));
#11645 = FILL_AREA_STYLE_COLOUR('',#11358);
#11646 = STYLED_ITEM('color',(#11647),#824);
#11647 = PRESENTATION_STYLE_ASSIGNMENT((#11648));
#11648 = SURFACE_STYLE_USAGE(.BOTH.,#11649);
#11649 = SURFACE_SIDE_STYLE('',(#11650));
#11650 = SURFACE_STYLE_FILL_AREA(#11651);
#11651 = FILL_AREA_STYLE('',(#11652));
#11652 = FILL_AREA_STYLE_COLOUR('',#11358);
#11653 = STYLED_ITEM('color',(#11654),#849);
#11654 = PRESENTATION_STYLE_ASSIGNMENT((#11655));
#11655 = SURFACE_STYLE_USAGE(.BOTH.,#11656);
#11656 = SURFACE_SIDE_STYLE('',(#11657));
#11657 = SURFACE_STYLE_FILL_AREA(#11658);
#11658 = FILL_AREA_STYLE('',(#11659));
#11659 = FILL_AREA_STYLE_COLOUR('',#11358);
#11660 = STYLED_ITEM('color',(#11661),#874);
#11661 = PRESENTATION_STYLE_ASSIGNMENT((#11662));
#11662 = SURFACE_STYLE_USAGE(.BOTH.,#11663);
#11663 = SURFACE_SIDE_STYLE('',(#11664));
#11664 = SURFACE_STYLE_FILL_AREA(#11665);
#11665 = FILL_AREA_STYLE('',(#11666));
#11666 = FILL_AREA_STYLE_COLOUR('',#11358);
#11667 = STYLED_ITEM('color',(#11668),#891);
#11668 = PRESENTATION_STYLE_ASSIGNMENT((#11669));
#11669 = SURFACE_STYLE_USAGE(.BOTH.,#11670);
#11670 = SURFACE_SIDE_STYLE('',(#11671));
#11671 = SURFACE_STYLE_FILL_AREA(#11672);
#11672 = FILL_AREA_STYLE('',(#11673));
#11673 = FILL_AREA_STYLE_COLOUR('',#11358);
#11674 = MECHANICAL_DESIGN_GEOMETRIC_PRESENTATION_REPRESENTATION('',(
    #11675,#11683,#11690,#11697,#11704,#11711,#11718,#11725,#11732,
    #11739,#11746,#11753,#11760,#11767,#11774,#11781,#11788,#11795,
    #11802,#11809,#11816,#11823,#11830,#11838,#11845,#11852,#11859,
    #11866,#11873,#11880,#11887,#11894,#11901,#11908,#11915,#11922,
    #11929,#11936,#11943,#11950,#11957,#11964,#11971,#11978,#11985,
    #11992,#11999,#12006,#12013,#12020,#12027,#12034,#12041,#12048,
    #12055,#12062,#12069,#12076,#12083,#12090,#12097,#12104,#12111,
    #12118,#12125,#12132,#12139,#12146,#12153,#12160,#12167,#12174,
    #12181,#12188,#12195,#12202),#3719);
#11675 = STYLED_ITEM('color',(#11676),#1615);
#11676 = PRESENTATION_STYLE_ASSIGNMENT((#11677));
#11677 = SURFACE_STYLE_USAGE(.BOTH.,#11678);
#11678 = SURFACE_SIDE_STYLE('',(#11679));
#11679 = SURFACE_STYLE_FILL_AREA(#11680);
#11680 = FILL_AREA_STYLE('',(#11681));
#11681 = FILL_AREA_STYLE_COLOUR('',#11682);
#11682 = COLOUR_RGB('',0.147999998088,0.144999993226,0.144999993226);
#11683 = STYLED_ITEM('color',(#11684),#1655);
#11684 = PRESENTATION_STYLE_ASSIGNMENT((#11685));
#11685 = SURFACE_STYLE_USAGE(.BOTH.,#11686);
#11686 = SURFACE_SIDE_STYLE('',(#11687));
#11687 = SURFACE_STYLE_FILL_AREA(#11688);
#11688 = FILL_AREA_STYLE('',(#11689));
#11689 = FILL_AREA_STYLE_COLOUR('',#11682);
#11690 = STYLED_ITEM('color',(#11691),#1686);
#11691 = PRESENTATION_STYLE_ASSIGNMENT((#11692));
#11692 = SURFACE_STYLE_USAGE(.BOTH.,#11693);
#11693 = SURFACE_SIDE_STYLE('',(#11694));
#11694 = SURFACE_STYLE_FILL_AREA(#11695);
#11695 = FILL_AREA_STYLE('',(#11696));
#11696 = FILL_AREA_STYLE_COLOUR('',#11682);
#11697 = STYLED_ITEM('color',(#11698),#1717);
#11698 = PRESENTATION_STYLE_ASSIGNMENT((#11699));
#11699 = SURFACE_STYLE_USAGE(.BOTH.,#11700);
#11700 = SURFACE_SIDE_STYLE('',(#11701));
#11701 = SURFACE_STYLE_FILL_AREA(#11702);
#11702 = FILL_AREA_STYLE('',(#11703));
#11703 = FILL_AREA_STYLE_COLOUR('',#11682);
#11704 = STYLED_ITEM('color',(#11705),#1964);
#11705 = PRESENTATION_STYLE_ASSIGNMENT((#11706));
#11706 = SURFACE_STYLE_USAGE(.BOTH.,#11707);
#11707 = SURFACE_SIDE_STYLE('',(#11708));
#11708 = SURFACE_STYLE_FILL_AREA(#11709);
#11709 = FILL_AREA_STYLE('',(#11710));
#11710 = FILL_AREA_STYLE_COLOUR('',#11682);
#11711 = STYLED_ITEM('color',(#11712),#2211);
#11712 = PRESENTATION_STYLE_ASSIGNMENT((#11713));
#11713 = SURFACE_STYLE_USAGE(.BOTH.,#11714);
#11714 = SURFACE_SIDE_STYLE('',(#11715));
#11715 = SURFACE_STYLE_FILL_AREA(#11716);
#11716 = FILL_AREA_STYLE('',(#11717));
#11717 = FILL_AREA_STYLE_COLOUR('',#11682);
#11718 = STYLED_ITEM('color',(#11719),#2228);
#11719 = PRESENTATION_STYLE_ASSIGNMENT((#11720));
#11720 = SURFACE_STYLE_USAGE(.BOTH.,#11721);
#11721 = SURFACE_SIDE_STYLE('',(#11722));
#11722 = SURFACE_STYLE_FILL_AREA(#11723);
#11723 = FILL_AREA_STYLE('',(#11724));
#11724 = FILL_AREA_STYLE_COLOUR('',#11682);
#11725 = STYLED_ITEM('color',(#11726),#2245);
#11726 = PRESENTATION_STYLE_ASSIGNMENT((#11727));
#11727 = SURFACE_STYLE_USAGE(.BOTH.,#11728);
#11728 = SURFACE_SIDE_STYLE('',(#11729));
#11729 = SURFACE_STYLE_FILL_AREA(#11730);
#11730 = FILL_AREA_STYLE('',(#11731));
#11731 = FILL_AREA_STYLE_COLOUR('',#11682);
#11732 = STYLED_ITEM('color',(#11733),#2262);
#11733 = PRESENTATION_STYLE_ASSIGNMENT((#11734));
#11734 = SURFACE_STYLE_USAGE(.BOTH.,#11735);
#11735 = SURFACE_SIDE_STYLE('',(#11736));
#11736 = SURFACE_STYLE_FILL_AREA(#11737);
#11737 = FILL_AREA_STYLE('',(#11738));
#11738 = FILL_AREA_STYLE_COLOUR('',#11682);
#11739 = STYLED_ITEM('color',(#11740),#2279);
#11740 = PRESENTATION_STYLE_ASSIGNMENT((#11741));
#11741 = SURFACE_STYLE_USAGE(.BOTH.,#11742);
#11742 = SURFACE_SIDE_STYLE('',(#11743));
#11743 = SURFACE_STYLE_FILL_AREA(#11744);
#11744 = FILL_AREA_STYLE('',(#11745));
#11745 = FILL_AREA_STYLE_COLOUR('',#11682);
#11746 = STYLED_ITEM('color',(#11747),#2296);
#11747 = PRESENTATION_STYLE_ASSIGNMENT((#11748));
#11748 = SURFACE_STYLE_USAGE(.BOTH.,#11749);
#11749 = SURFACE_SIDE_STYLE('',(#11750));
#11750 = SURFACE_STYLE_FILL_AREA(#11751);
#11751 = FILL_AREA_STYLE('',(#11752));
#11752 = FILL_AREA_STYLE_COLOUR('',#11682);
#11753 = STYLED_ITEM('color',(#11754),#2313);
#11754 = PRESENTATION_STYLE_ASSIGNMENT((#11755));
#11755 = SURFACE_STYLE_USAGE(.BOTH.,#11756);
#11756 = SURFACE_SIDE_STYLE('',(#11757));
#11757 = SURFACE_STYLE_FILL_AREA(#11758);
#11758 = FILL_AREA_STYLE('',(#11759));
#11759 = FILL_AREA_STYLE_COLOUR('',#11682);
#11760 = STYLED_ITEM('color',(#11761),#2330);
#11761 = PRESENTATION_STYLE_ASSIGNMENT((#11762));
#11762 = SURFACE_STYLE_USAGE(.BOTH.,#11763);
#11763 = SURFACE_SIDE_STYLE('',(#11764));
#11764 = SURFACE_STYLE_FILL_AREA(#11765);
#11765 = FILL_AREA_STYLE('',(#11766));
#11766 = FILL_AREA_STYLE_COLOUR('',#11682);
#11767 = STYLED_ITEM('color',(#11768),#2347);
#11768 = PRESENTATION_STYLE_ASSIGNMENT((#11769));
#11769 = SURFACE_STYLE_USAGE(.BOTH.,#11770);
#11770 = SURFACE_SIDE_STYLE('',(#11771));
#11771 = SURFACE_STYLE_FILL_AREA(#11772);
#11772 = FILL_AREA_STYLE('',(#11773));
#11773 = FILL_AREA_STYLE_COLOUR('',#11682);
#11774 = STYLED_ITEM('color',(#11775),#2364);
#11775 = PRESENTATION_STYLE_ASSIGNMENT((#11776));
#11776 = SURFACE_STYLE_USAGE(.BOTH.,#11777);
#11777 = SURFACE_SIDE_STYLE('',(#11778));
#11778 = SURFACE_STYLE_FILL_AREA(#11779);
#11779 = FILL_AREA_STYLE('',(#11780));
#11780 = FILL_AREA_STYLE_COLOUR('',#11682);
#11781 = STYLED_ITEM('color',(#11782),#2381);
#11782 = PRESENTATION_STYLE_ASSIGNMENT((#11783));
#11783 = SURFACE_STYLE_USAGE(.BOTH.,#11784);
#11784 = SURFACE_SIDE_STYLE('',(#11785));
#11785 = SURFACE_STYLE_FILL_AREA(#11786);
#11786 = FILL_AREA_STYLE('',(#11787));
#11787 = FILL_AREA_STYLE_COLOUR('',#11682);
#11788 = STYLED_ITEM('color',(#11789),#2398);
#11789 = PRESENTATION_STYLE_ASSIGNMENT((#11790));
#11790 = SURFACE_STYLE_USAGE(.BOTH.,#11791);
#11791 = SURFACE_SIDE_STYLE('',(#11792));
#11792 = SURFACE_STYLE_FILL_AREA(#11793);
#11793 = FILL_AREA_STYLE('',(#11794));
#11794 = FILL_AREA_STYLE_COLOUR('',#11682);
#11795 = STYLED_ITEM('color',(#11796),#2415);
#11796 = PRESENTATION_STYLE_ASSIGNMENT((#11797));
#11797 = SURFACE_STYLE_USAGE(.BOTH.,#11798);
#11798 = SURFACE_SIDE_STYLE('',(#11799));
#11799 = SURFACE_STYLE_FILL_AREA(#11800);
#11800 = FILL_AREA_STYLE('',(#11801));
#11801 = FILL_AREA_STYLE_COLOUR('',#11682);
#11802 = STYLED_ITEM('color',(#11803),#2432);
#11803 = PRESENTATION_STYLE_ASSIGNMENT((#11804));
#11804 = SURFACE_STYLE_USAGE(.BOTH.,#11805);
#11805 = SURFACE_SIDE_STYLE('',(#11806));
#11806 = SURFACE_STYLE_FILL_AREA(#11807);
#11807 = FILL_AREA_STYLE('',(#11808));
#11808 = FILL_AREA_STYLE_COLOUR('',#11682);
#11809 = STYLED_ITEM('color',(#11810),#2449);
#11810 = PRESENTATION_STYLE_ASSIGNMENT((#11811));
#11811 = SURFACE_STYLE_USAGE(.BOTH.,#11812);
#11812 = SURFACE_SIDE_STYLE('',(#11813));
#11813 = SURFACE_STYLE_FILL_AREA(#11814);
#11814 = FILL_AREA_STYLE('',(#11815));
#11815 = FILL_AREA_STYLE_COLOUR('',#11682);
#11816 = STYLED_ITEM('color',(#11817),#2466);
#11817 = PRESENTATION_STYLE_ASSIGNMENT((#11818));
#11818 = SURFACE_STYLE_USAGE(.BOTH.,#11819);
#11819 = SURFACE_SIDE_STYLE('',(#11820));
#11820 = SURFACE_STYLE_FILL_AREA(#11821);
#11821 = FILL_AREA_STYLE('',(#11822));
#11822 = FILL_AREA_STYLE_COLOUR('',#11682);
#11823 = STYLED_ITEM('color',(#11824),#2483);
#11824 = PRESENTATION_STYLE_ASSIGNMENT((#11825));
#11825 = SURFACE_STYLE_USAGE(.BOTH.,#11826);
#11826 = SURFACE_SIDE_STYLE('',(#11827));
#11827 = SURFACE_STYLE_FILL_AREA(#11828);
#11828 = FILL_AREA_STYLE('',(#11829));
#11829 = FILL_AREA_STYLE_COLOUR('',#11682);
#11830 = STYLED_ITEM('color',(#11831),#2495);
#11831 = PRESENTATION_STYLE_ASSIGNMENT((#11832));
#11832 = SURFACE_STYLE_USAGE(.BOTH.,#11833);
#11833 = SURFACE_SIDE_STYLE('',(#11834));
#11834 = SURFACE_STYLE_FILL_AREA(#11835);
#11835 = FILL_AREA_STYLE('',(#11836));
#11836 = FILL_AREA_STYLE_COLOUR('',#11837);
#11837 = COLOUR_RGB('',0.859000020776,0.737999965183,0.495999988746);
#11838 = STYLED_ITEM('color',(#11839),#2526);
#11839 = PRESENTATION_STYLE_ASSIGNMENT((#11840));
#11840 = SURFACE_STYLE_USAGE(.BOTH.,#11841);
#11841 = SURFACE_SIDE_STYLE('',(#11842));
#11842 = SURFACE_STYLE_FILL_AREA(#11843);
#11843 = FILL_AREA_STYLE('',(#11844));
#11844 = FILL_AREA_STYLE_COLOUR('',#11837);
#11845 = STYLED_ITEM('color',(#11846),#2550);
#11846 = PRESENTATION_STYLE_ASSIGNMENT((#11847));
#11847 = SURFACE_STYLE_USAGE(.BOTH.,#11848);
#11848 = SURFACE_SIDE_STYLE('',(#11849));
#11849 = SURFACE_STYLE_FILL_AREA(#11850);
#11850 = FILL_AREA_STYLE('',(#11851));
#11851 = FILL_AREA_STYLE_COLOUR('',#11837);
#11852 = STYLED_ITEM('color',(#11853),#2574);
#11853 = PRESENTATION_STYLE_ASSIGNMENT((#11854));
#11854 = SURFACE_STYLE_USAGE(.BOTH.,#11855);
#11855 = SURFACE_SIDE_STYLE('',(#11856));
#11856 = SURFACE_STYLE_FILL_AREA(#11857);
#11857 = FILL_AREA_STYLE('',(#11858));
#11858 = FILL_AREA_STYLE_COLOUR('',#11837);
#11859 = STYLED_ITEM('color',(#11860),#2591);
#11860 = PRESENTATION_STYLE_ASSIGNMENT((#11861));
#11861 = SURFACE_STYLE_USAGE(.BOTH.,#11862);
#11862 = SURFACE_SIDE_STYLE('',(#11863));
#11863 = SURFACE_STYLE_FILL_AREA(#11864);
#11864 = FILL_AREA_STYLE('',(#11865));
#11865 = FILL_AREA_STYLE_COLOUR('',#11837);
#11866 = STYLED_ITEM('color',(#11867),#2622);
#11867 = PRESENTATION_STYLE_ASSIGNMENT((#11868));
#11868 = SURFACE_STYLE_USAGE(.BOTH.,#11869);
#11869 = SURFACE_SIDE_STYLE('',(#11870));
#11870 = SURFACE_STYLE_FILL_AREA(#11871);
#11871 = FILL_AREA_STYLE('',(#11872));
#11872 = FILL_AREA_STYLE_COLOUR('',#11837);
#11873 = STYLED_ITEM('color',(#11874),#2646);
#11874 = PRESENTATION_STYLE_ASSIGNMENT((#11875));
#11875 = SURFACE_STYLE_USAGE(.BOTH.,#11876);
#11876 = SURFACE_SIDE_STYLE('',(#11877));
#11877 = SURFACE_STYLE_FILL_AREA(#11878);
#11878 = FILL_AREA_STYLE('',(#11879));
#11879 = FILL_AREA_STYLE_COLOUR('',#11837);
#11880 = STYLED_ITEM('color',(#11881),#2670);
#11881 = PRESENTATION_STYLE_ASSIGNMENT((#11882));
#11882 = SURFACE_STYLE_USAGE(.BOTH.,#11883);
#11883 = SURFACE_SIDE_STYLE('',(#11884));
#11884 = SURFACE_STYLE_FILL_AREA(#11885);
#11885 = FILL_AREA_STYLE('',(#11886));
#11886 = FILL_AREA_STYLE_COLOUR('',#11837);
#11887 = STYLED_ITEM('color',(#11888),#2687);
#11888 = PRESENTATION_STYLE_ASSIGNMENT((#11889));
#11889 = SURFACE_STYLE_USAGE(.BOTH.,#11890);
#11890 = SURFACE_SIDE_STYLE('',(#11891));
#11891 = SURFACE_STYLE_FILL_AREA(#11892);
#11892 = FILL_AREA_STYLE('',(#11893));
#11893 = FILL_AREA_STYLE_COLOUR('',#11837);
#11894 = STYLED_ITEM('color',(#11895),#2718);
#11895 = PRESENTATION_STYLE_ASSIGNMENT((#11896));
#11896 = SURFACE_STYLE_USAGE(.BOTH.,#11897);
#11897 = SURFACE_SIDE_STYLE('',(#11898));
#11898 = SURFACE_STYLE_FILL_AREA(#11899);
#11899 = FILL_AREA_STYLE('',(#11900));
#11900 = FILL_AREA_STYLE_COLOUR('',#11837);
#11901 = STYLED_ITEM('color',(#11902),#2742);
#11902 = PRESENTATION_STYLE_ASSIGNMENT((#11903));
#11903 = SURFACE_STYLE_USAGE(.BOTH.,#11904);
#11904 = SURFACE_SIDE_STYLE('',(#11905));
#11905 = SURFACE_STYLE_FILL_AREA(#11906);
#11906 = FILL_AREA_STYLE('',(#11907));
#11907 = FILL_AREA_STYLE_COLOUR('',#11837);
#11908 = STYLED_ITEM('color',(#11909),#2766);
#11909 = PRESENTATION_STYLE_ASSIGNMENT((#11910));
#11910 = SURFACE_STYLE_USAGE(.BOTH.,#11911);
#11911 = SURFACE_SIDE_STYLE('',(#11912));
#11912 = SURFACE_STYLE_FILL_AREA(#11913);
#11913 = FILL_AREA_STYLE('',(#11914));
#11914 = FILL_AREA_STYLE_COLOUR('',#11837);
#11915 = STYLED_ITEM('color',(#11916),#2783);
#11916 = PRESENTATION_STYLE_ASSIGNMENT((#11917));
#11917 = SURFACE_STYLE_USAGE(.BOTH.,#11918);
#11918 = SURFACE_SIDE_STYLE('',(#11919));
#11919 = SURFACE_STYLE_FILL_AREA(#11920);
#11920 = FILL_AREA_STYLE('',(#11921));
#11921 = FILL_AREA_STYLE_COLOUR('',#11837);
#11922 = STYLED_ITEM('color',(#11923),#2814);
#11923 = PRESENTATION_STYLE_ASSIGNMENT((#11924));
#11924 = SURFACE_STYLE_USAGE(.BOTH.,#11925);
#11925 = SURFACE_SIDE_STYLE('',(#11926));
#11926 = SURFACE_STYLE_FILL_AREA(#11927);
#11927 = FILL_AREA_STYLE('',(#11928));
#11928 = FILL_AREA_STYLE_COLOUR('',#11837);
#11929 = STYLED_ITEM('color',(#11930),#2838);
#11930 = PRESENTATION_STYLE_ASSIGNMENT((#11931));
#11931 = SURFACE_STYLE_USAGE(.BOTH.,#11932);
#11932 = SURFACE_SIDE_STYLE('',(#11933));
#11933 = SURFACE_STYLE_FILL_AREA(#11934);
#11934 = FILL_AREA_STYLE('',(#11935));
#11935 = FILL_AREA_STYLE_COLOUR('',#11837);
#11936 = STYLED_ITEM('color',(#11937),#2862);
#11937 = PRESENTATION_STYLE_ASSIGNMENT((#11938));
#11938 = SURFACE_STYLE_USAGE(.BOTH.,#11939);
#11939 = SURFACE_SIDE_STYLE('',(#11940));
#11940 = SURFACE_STYLE_FILL_AREA(#11941);
#11941 = FILL_AREA_STYLE('',(#11942));
#11942 = FILL_AREA_STYLE_COLOUR('',#11837);
#11943 = STYLED_ITEM('color',(#11944),#2879);
#11944 = PRESENTATION_STYLE_ASSIGNMENT((#11945));
#11945 = SURFACE_STYLE_USAGE(.BOTH.,#11946);
#11946 = SURFACE_SIDE_STYLE('',(#11947));
#11947 = SURFACE_STYLE_FILL_AREA(#11948);
#11948 = FILL_AREA_STYLE('',(#11949));
#11949 = FILL_AREA_STYLE_COLOUR('',#11837);
#11950 = STYLED_ITEM('color',(#11951),#2910);
#11951 = PRESENTATION_STYLE_ASSIGNMENT((#11952));
#11952 = SURFACE_STYLE_USAGE(.BOTH.,#11953);
#11953 = SURFACE_SIDE_STYLE('',(#11954));
#11954 = SURFACE_STYLE_FILL_AREA(#11955);
#11955 = FILL_AREA_STYLE('',(#11956));
#11956 = FILL_AREA_STYLE_COLOUR('',#11837);
#11957 = STYLED_ITEM('color',(#11958),#2934);
#11958 = PRESENTATION_STYLE_ASSIGNMENT((#11959));
#11959 = SURFACE_STYLE_USAGE(.BOTH.,#11960);
#11960 = SURFACE_SIDE_STYLE('',(#11961));
#11961 = SURFACE_STYLE_FILL_AREA(#11962);
#11962 = FILL_AREA_STYLE('',(#11963));
#11963 = FILL_AREA_STYLE_COLOUR('',#11837);
#11964 = STYLED_ITEM('color',(#11965),#2958);
#11965 = PRESENTATION_STYLE_ASSIGNMENT((#11966));
#11966 = SURFACE_STYLE_USAGE(.BOTH.,#11967);
#11967 = SURFACE_SIDE_STYLE('',(#11968));
#11968 = SURFACE_STYLE_FILL_AREA(#11969);
#11969 = FILL_AREA_STYLE('',(#11970));
#11970 = FILL_AREA_STYLE_COLOUR('',#11837);
#11971 = STYLED_ITEM('color',(#11972),#2975);
#11972 = PRESENTATION_STYLE_ASSIGNMENT((#11973));
#11973 = SURFACE_STYLE_USAGE(.BOTH.,#11974);
#11974 = SURFACE_SIDE_STYLE('',(#11975));
#11975 = SURFACE_STYLE_FILL_AREA(#11976);
#11976 = FILL_AREA_STYLE('',(#11977));
#11977 = FILL_AREA_STYLE_COLOUR('',#11837);
#11978 = STYLED_ITEM('color',(#11979),#3006);
#11979 = PRESENTATION_STYLE_ASSIGNMENT((#11980));
#11980 = SURFACE_STYLE_USAGE(.BOTH.,#11981);
#11981 = SURFACE_SIDE_STYLE('',(#11982));
#11982 = SURFACE_STYLE_FILL_AREA(#11983);
#11983 = FILL_AREA_STYLE('',(#11984));
#11984 = FILL_AREA_STYLE_COLOUR('',#11837);
#11985 = STYLED_ITEM('color',(#11986),#3030);
#11986 = PRESENTATION_STYLE_ASSIGNMENT((#11987));
#11987 = SURFACE_STYLE_USAGE(.BOTH.,#11988);
#11988 = SURFACE_SIDE_STYLE('',(#11989));
#11989 = SURFACE_STYLE_FILL_AREA(#11990);
#11990 = FILL_AREA_STYLE('',(#11991));
#11991 = FILL_AREA_STYLE_COLOUR('',#11837);
#11992 = STYLED_ITEM('color',(#11993),#3054);
#11993 = PRESENTATION_STYLE_ASSIGNMENT((#11994));
#11994 = SURFACE_STYLE_USAGE(.BOTH.,#11995);
#11995 = SURFACE_SIDE_STYLE('',(#11996));
#11996 = SURFACE_STYLE_FILL_AREA(#11997);
#11997 = FILL_AREA_STYLE('',(#11998));
#11998 = FILL_AREA_STYLE_COLOUR('',#11837);
#11999 = STYLED_ITEM('color',(#12000),#3071);
#12000 = PRESENTATION_STYLE_ASSIGNMENT((#12001));
#12001 = SURFACE_STYLE_USAGE(.BOTH.,#12002);
#12002 = SURFACE_SIDE_STYLE('',(#12003));
#12003 = SURFACE_STYLE_FILL_AREA(#12004);
#12004 = FILL_AREA_STYLE('',(#12005));
#12005 = FILL_AREA_STYLE_COLOUR('',#11837);
#12006 = STYLED_ITEM('color',(#12007),#3102);
#12007 = PRESENTATION_STYLE_ASSIGNMENT((#12008));
#12008 = SURFACE_STYLE_USAGE(.BOTH.,#12009);
#12009 = SURFACE_SIDE_STYLE('',(#12010));
#12010 = SURFACE_STYLE_FILL_AREA(#12011);
#12011 = FILL_AREA_STYLE('',(#12012));
#12012 = FILL_AREA_STYLE_COLOUR('',#11837);
#12013 = STYLED_ITEM('color',(#12014),#3126);
#12014 = PRESENTATION_STYLE_ASSIGNMENT((#12015));
#12015 = SURFACE_STYLE_USAGE(.BOTH.,#12016);
#12016 = SURFACE_SIDE_STYLE('',(#12017));
#12017 = SURFACE_STYLE_FILL_AREA(#12018);
#12018 = FILL_AREA_STYLE('',(#12019));
#12019 = FILL_AREA_STYLE_COLOUR('',#11837);
#12020 = STYLED_ITEM('color',(#12021),#3150);
#12021 = PRESENTATION_STYLE_ASSIGNMENT((#12022));
#12022 = SURFACE_STYLE_USAGE(.BOTH.,#12023);
#12023 = SURFACE_SIDE_STYLE('',(#12024));
#12024 = SURFACE_STYLE_FILL_AREA(#12025);
#12025 = FILL_AREA_STYLE('',(#12026));
#12026 = FILL_AREA_STYLE_COLOUR('',#11837);
#12027 = STYLED_ITEM('color',(#12028),#3167);
#12028 = PRESENTATION_STYLE_ASSIGNMENT((#12029));
#12029 = SURFACE_STYLE_USAGE(.BOTH.,#12030);
#12030 = SURFACE_SIDE_STYLE('',(#12031));
#12031 = SURFACE_STYLE_FILL_AREA(#12032);
#12032 = FILL_AREA_STYLE('',(#12033));
#12033 = FILL_AREA_STYLE_COLOUR('',#11837);
#12034 = STYLED_ITEM('color',(#12035),#3198);
#12035 = PRESENTATION_STYLE_ASSIGNMENT((#12036));
#12036 = SURFACE_STYLE_USAGE(.BOTH.,#12037);
#12037 = SURFACE_SIDE_STYLE('',(#12038));
#12038 = SURFACE_STYLE_FILL_AREA(#12039);
#12039 = FILL_AREA_STYLE('',(#12040));
#12040 = FILL_AREA_STYLE_COLOUR('',#11837);
#12041 = STYLED_ITEM('color',(#12042),#3222);
#12042 = PRESENTATION_STYLE_ASSIGNMENT((#12043));
#12043 = SURFACE_STYLE_USAGE(.BOTH.,#12044);
#12044 = SURFACE_SIDE_STYLE('',(#12045));
#12045 = SURFACE_STYLE_FILL_AREA(#12046);
#12046 = FILL_AREA_STYLE('',(#12047));
#12047 = FILL_AREA_STYLE_COLOUR('',#11837);
#12048 = STYLED_ITEM('color',(#12049),#3246);
#12049 = PRESENTATION_STYLE_ASSIGNMENT((#12050));
#12050 = SURFACE_STYLE_USAGE(.BOTH.,#12051);
#12051 = SURFACE_SIDE_STYLE('',(#12052));
#12052 = SURFACE_STYLE_FILL_AREA(#12053);
#12053 = FILL_AREA_STYLE('',(#12054));
#12054 = FILL_AREA_STYLE_COLOUR('',#11837);
#12055 = STYLED_ITEM('color',(#12056),#3263);
#12056 = PRESENTATION_STYLE_ASSIGNMENT((#12057));
#12057 = SURFACE_STYLE_USAGE(.BOTH.,#12058);
#12058 = SURFACE_SIDE_STYLE('',(#12059));
#12059 = SURFACE_STYLE_FILL_AREA(#12060);
#12060 = FILL_AREA_STYLE('',(#12061));
#12061 = FILL_AREA_STYLE_COLOUR('',#11837);
#12062 = STYLED_ITEM('color',(#12063),#3294);
#12063 = PRESENTATION_STYLE_ASSIGNMENT((#12064));
#12064 = SURFACE_STYLE_USAGE(.BOTH.,#12065);
#12065 = SURFACE_SIDE_STYLE('',(#12066));
#12066 = SURFACE_STYLE_FILL_AREA(#12067);
#12067 = FILL_AREA_STYLE('',(#12068));
#12068 = FILL_AREA_STYLE_COLOUR('',#11837);
#12069 = STYLED_ITEM('color',(#12070),#3318);
#12070 = PRESENTATION_STYLE_ASSIGNMENT((#12071));
#12071 = SURFACE_STYLE_USAGE(.BOTH.,#12072);
#12072 = SURFACE_SIDE_STYLE('',(#12073));
#12073 = SURFACE_STYLE_FILL_AREA(#12074);
#12074 = FILL_AREA_STYLE('',(#12075));
#12075 = FILL_AREA_STYLE_COLOUR('',#11837);
#12076 = STYLED_ITEM('color',(#12077),#3342);
#12077 = PRESENTATION_STYLE_ASSIGNMENT((#12078));
#12078 = SURFACE_STYLE_USAGE(.BOTH.,#12079);
#12079 = SURFACE_SIDE_STYLE('',(#12080));
#12080 = SURFACE_STYLE_FILL_AREA(#12081);
#12081 = FILL_AREA_STYLE('',(#12082));
#12082 = FILL_AREA_STYLE_COLOUR('',#11837);
#12083 = STYLED_ITEM('color',(#12084),#3359);
#12084 = PRESENTATION_STYLE_ASSIGNMENT((#12085));
#12085 = SURFACE_STYLE_USAGE(.BOTH.,#12086);
#12086 = SURFACE_SIDE_STYLE('',(#12087));
#12087 = SURFACE_STYLE_FILL_AREA(#12088);
#12088 = FILL_AREA_STYLE('',(#12089));
#12089 = FILL_AREA_STYLE_COLOUR('',#11837);
#12090 = STYLED_ITEM('color',(#12091),#3390);
#12091 = PRESENTATION_STYLE_ASSIGNMENT((#12092));
#12092 = SURFACE_STYLE_USAGE(.BOTH.,#12093);
#12093 = SURFACE_SIDE_STYLE('',(#12094));
#12094 = SURFACE_STYLE_FILL_AREA(#12095);
#12095 = FILL_AREA_STYLE('',(#12096));
#12096 = FILL_AREA_STYLE_COLOUR('',#11837);
#12097 = STYLED_ITEM('color',(#12098),#3414);
#12098 = PRESENTATION_STYLE_ASSIGNMENT((#12099));
#12099 = SURFACE_STYLE_USAGE(.BOTH.,#12100);
#12100 = SURFACE_SIDE_STYLE('',(#12101));
#12101 = SURFACE_STYLE_FILL_AREA(#12102);
#12102 = FILL_AREA_STYLE('',(#12103));
#12103 = FILL_AREA_STYLE_COLOUR('',#11837);
#12104 = STYLED_ITEM('color',(#12105),#3438);
#12105 = PRESENTATION_STYLE_ASSIGNMENT((#12106));
#12106 = SURFACE_STYLE_USAGE(.BOTH.,#12107);
#12107 = SURFACE_SIDE_STYLE('',(#12108));
#12108 = SURFACE_STYLE_FILL_AREA(#12109);
#12109 = FILL_AREA_STYLE('',(#12110));
#12110 = FILL_AREA_STYLE_COLOUR('',#11837);
#12111 = STYLED_ITEM('color',(#12112),#3455);
#12112 = PRESENTATION_STYLE_ASSIGNMENT((#12113));
#12113 = SURFACE_STYLE_USAGE(.BOTH.,#12114);
#12114 = SURFACE_SIDE_STYLE('',(#12115));
#12115 = SURFACE_STYLE_FILL_AREA(#12116);
#12116 = FILL_AREA_STYLE('',(#12117));
#12117 = FILL_AREA_STYLE_COLOUR('',#11837);
#12118 = STYLED_ITEM('color',(#12119),#3486);
#12119 = PRESENTATION_STYLE_ASSIGNMENT((#12120));
#12120 = SURFACE_STYLE_USAGE(.BOTH.,#12121);
#12121 = SURFACE_SIDE_STYLE('',(#12122));
#12122 = SURFACE_STYLE_FILL_AREA(#12123);
#12123 = FILL_AREA_STYLE('',(#12124));
#12124 = FILL_AREA_STYLE_COLOUR('',#11837);
#12125 = STYLED_ITEM('color',(#12126),#3510);
#12126 = PRESENTATION_STYLE_ASSIGNMENT((#12127));
#12127 = SURFACE_STYLE_USAGE(.BOTH.,#12128);
#12128 = SURFACE_SIDE_STYLE('',(#12129));
#12129 = SURFACE_STYLE_FILL_AREA(#12130);
#12130 = FILL_AREA_STYLE('',(#12131));
#12131 = FILL_AREA_STYLE_COLOUR('',#11837);
#12132 = STYLED_ITEM('color',(#12133),#3534);
#12133 = PRESENTATION_STYLE_ASSIGNMENT((#12134));
#12134 = SURFACE_STYLE_USAGE(.BOTH.,#12135);
#12135 = SURFACE_SIDE_STYLE('',(#12136));
#12136 = SURFACE_STYLE_FILL_AREA(#12137);
#12137 = FILL_AREA_STYLE('',(#12138));
#12138 = FILL_AREA_STYLE_COLOUR('',#11837);
#12139 = STYLED_ITEM('color',(#12140),#3551);
#12140 = PRESENTATION_STYLE_ASSIGNMENT((#12141));
#12141 = SURFACE_STYLE_USAGE(.BOTH.,#12142);
#12142 = SURFACE_SIDE_STYLE('',(#12143));
#12143 = SURFACE_STYLE_FILL_AREA(#12144);
#12144 = FILL_AREA_STYLE('',(#12145));
#12145 = FILL_AREA_STYLE_COLOUR('',#11837);
#12146 = STYLED_ITEM('color',(#12147),#3582);
#12147 = PRESENTATION_STYLE_ASSIGNMENT((#12148));
#12148 = SURFACE_STYLE_USAGE(.BOTH.,#12149);
#12149 = SURFACE_SIDE_STYLE('',(#12150));
#12150 = SURFACE_STYLE_FILL_AREA(#12151);
#12151 = FILL_AREA_STYLE('',(#12152));
#12152 = FILL_AREA_STYLE_COLOUR('',#11837);
#12153 = STYLED_ITEM('color',(#12154),#3606);
#12154 = PRESENTATION_STYLE_ASSIGNMENT((#12155));
#12155 = SURFACE_STYLE_USAGE(.BOTH.,#12156);
#12156 = SURFACE_SIDE_STYLE('',(#12157));
#12157 = SURFACE_STYLE_FILL_AREA(#12158);
#12158 = FILL_AREA_STYLE('',(#12159));
#12159 = FILL_AREA_STYLE_COLOUR('',#11837);
#12160 = STYLED_ITEM('color',(#12161),#3630);
#12161 = PRESENTATION_STYLE_ASSIGNMENT((#12162));
#12162 = SURFACE_STYLE_USAGE(.BOTH.,#12163);
#12163 = SURFACE_SIDE_STYLE('',(#12164));
#12164 = SURFACE_STYLE_FILL_AREA(#12165);
#12165 = FILL_AREA_STYLE('',(#12166));
#12166 = FILL_AREA_STYLE_COLOUR('',#11837);
#12167 = STYLED_ITEM('color',(#12168),#3647);
#12168 = PRESENTATION_STYLE_ASSIGNMENT((#12169));
#12169 = SURFACE_STYLE_USAGE(.BOTH.,#12170);
#12170 = SURFACE_SIDE_STYLE('',(#12171));
#12171 = SURFACE_STYLE_FILL_AREA(#12172);
#12172 = FILL_AREA_STYLE('',(#12173));
#12173 = FILL_AREA_STYLE_COLOUR('',#11837);
#12174 = STYLED_ITEM('color',(#12175),#3659);
#12175 = PRESENTATION_STYLE_ASSIGNMENT((#12176));
#12176 = SURFACE_STYLE_USAGE(.BOTH.,#12177);
#12177 = SURFACE_SIDE_STYLE('',(#12178));
#12178 = SURFACE_STYLE_FILL_AREA(#12179);
#12179 = FILL_AREA_STYLE('',(#12180));
#12180 = FILL_AREA_STYLE_COLOUR('',#11837);
#12181 = STYLED_ITEM('color',(#12182),#3671);
#12182 = PRESENTATION_STYLE_ASSIGNMENT((#12183));
#12183 = SURFACE_STYLE_USAGE(.BOTH.,#12184);
#12184 = SURFACE_SIDE_STYLE('',(#12185));
#12185 = SURFACE_STYLE_FILL_AREA(#12186);
#12186 = FILL_AREA_STYLE('',(#12187));
#12187 = FILL_AREA_STYLE_COLOUR('',#11837);
#12188 = STYLED_ITEM('color',(#12189),#3683);
#12189 = PRESENTATION_STYLE_ASSIGNMENT((#12190));
#12190 = SURFACE_STYLE_USAGE(.BOTH.,#12191);
#12191 = SURFACE_SIDE_STYLE('',(#12192));
#12192 = SURFACE_STYLE_FILL_AREA(#12193);
#12193 = FILL_AREA_STYLE('',(#12194));
#12194 = FILL_AREA_STYLE_COLOUR('',#11837);
#12195 = STYLED_ITEM('color',(#12196),#3695);
#12196 = PRESENTATION_STYLE_ASSIGNMENT((#12197));
#12197 = SURFACE_STYLE_USAGE(.BOTH.,#12198);
#12198 = SURFACE_SIDE_STYLE('',(#12199));
#12199 = SURFACE_STYLE_FILL_AREA(#12200);
#12200 = FILL_AREA_STYLE('',(#12201));
#12201 = FILL_AREA_STYLE_COLOUR('',#11837);
#12202 = STYLED_ITEM('color',(#12203),#3707);
#12203 = PRESENTATION_STYLE_ASSIGNMENT((#12204));
#12204 = SURFACE_STYLE_USAGE(.BOTH.,#12205);
#12205 = SURFACE_SIDE_STYLE('',(#12206));
#12206 = SURFACE_STYLE_FILL_AREA(#12207);
#12207 = FILL_AREA_STYLE('',(#12208));
#12208 = FILL_AREA_STYLE_COLOUR('',#11837);
#12209 = MECHANICAL_DESIGN_GEOMETRIC_PRESENTATION_REPRESENTATION('',(
    #12210),#11303);
#12210 = STYLED_ITEM('color',(#12211),#10529);
#12211 = PRESENTATION_STYLE_ASSIGNMENT((#12212));
#12212 = SURFACE_STYLE_USAGE(.BOTH.,#12213);
#12213 = SURFACE_SIDE_STYLE('',(#12214));
#12214 = SURFACE_STYLE_FILL_AREA(#12215);
#12215 = FILL_AREA_STYLE('',(#12216));
#12216 = FILL_AREA_STYLE_COLOUR('',#12217);
#12217 = COLOUR_RGB('',0.313304153717,0.484529207832,0.410020903123);
ENDSEC;
END-ISO-10303-21;
