ISO-10303-21;
HEADER;
FILE_DESCRIPTION(('KiCad electronic assembly'),'2;1');
FILE_NAME('Sensor2.step','2025-09-26T14:01:08',('Pcbnew'),('Kicad'),
  'Open CASCADE STEP processor 7.9','KiCad to STEP converter','Unknown'
  );
FILE_SCHEMA(('AUTOMOTIVE_DESIGN { 1 0 10303 214 1 1 1 1 }'));
ENDSEC;
DATA;
#1 = APPLICATION_PROTOCOL_DEFINITION('international standard',
  'automotive_design',2000,#2);
#2 = APPLICATION_CONTEXT(
  'core data for automotive mechanical design processes');
#3 = SHAPE_DEFINITION_REPRESENTATION(#4,#10);
#4 = PRODUCT_DEFINITION_SHAPE('','',#5);
#5 = PRODUCT_DEFINITION('design','',#6,#9);
#6 = PRODUCT_DEFINITION_FORMATION('','',#7);
#7 = PRODUCT('Sensor2 1','Sensor2 1','',(#8));
#8 = PRODUCT_CONTEXT('',#2,'mechanical');
#9 = PRODUCT_DEFINITION_CONTEXT('part definition',#2,'design');
#10 = SHAPE_REPRESENTATION('',(#11,#15,#19,#23,#27,#31),#35);
#11 = AXIS2_PLACEMENT_3D('',#12,#13,#14);
#12 = CARTESIAN_POINT('',(0.,0.,0.));
#13 = DIRECTION('',(0.,0.,1.));
#14 = DIRECTION('',(1.,0.,-0.));
#15 = AXIS2_PLACEMENT_3D('',#16,#17,#18);
#16 = CARTESIAN_POINT('',(149.96,-83.6,1.595));
#17 = DIRECTION('',(-0.,0.,1.));
#18 = DIRECTION('',(1.110223024625E-16,-1.,0.));
#19 = AXIS2_PLACEMENT_3D('',#20,#21,#22);
#20 = CARTESIAN_POINT('',(153.4,-73.1,1.595));
#21 = DIRECTION('',(0.,0.,1.));
#22 = DIRECTION('',(1.,0.,0.));
#23 = AXIS2_PLACEMENT_3D('',#24,#25,#26);
#24 = CARTESIAN_POINT('',(157.3,-83.1,1.595));
#25 = DIRECTION('',(0.,-0.,1.));
#26 = DIRECTION('',(1.110223024625E-16,1.,0.));
#27 = AXIS2_PLACEMENT_3D('',#28,#29,#30);
#28 = CARTESIAN_POINT('',(147.91,-78.08,-8.5E-02));
#29 = DIRECTION('',(0.,1.,-2.334869823773E-16));
#30 = DIRECTION('',(1.,0.,0.));
#31 = AXIS2_PLACEMENT_3D('',#32,#33,#34);
#32 = CARTESIAN_POINT('',(0.,0.,0.));
#33 = DIRECTION('',(0.,0.,1.));
#34 = DIRECTION('',(1.,0.,-0.));
#35 = ( GEOMETRIC_REPRESENTATION_CONTEXT(3) 
GLOBAL_UNCERTAINTY_ASSIGNED_CONTEXT((#39)) GLOBAL_UNIT_ASSIGNED_CONTEXT(
(#36,#37,#38)) REPRESENTATION_CONTEXT('Context #1',
  '3D Context with UNIT and UNCERTAINTY') );
#36 = ( LENGTH_UNIT() NAMED_UNIT(*) SI_UNIT(.MILLI.,.METRE.) );
#37 = ( NAMED_UNIT(*) PLANE_ANGLE_UNIT() SI_UNIT($,.RADIAN.) );
#38 = ( NAMED_UNIT(*) SI_UNIT($,.STERADIAN.) SOLID_ANGLE_UNIT() );
#39 = UNCERTAINTY_MEASURE_WITH_UNIT(LENGTH_MEASURE(2.E-06),#36,
  'distance_accuracy_value','confusion accuracy');
#40 = PRODUCT_RELATED_PRODUCT_CATEGORY('part',$,(#7));
#41 = SHAPE_DEFINITION_REPRESENTATION(#42,#48);
#42 = PRODUCT_DEFINITION_SHAPE('','',#43);
#43 = PRODUCT_DEFINITION('design','',#44,#47);
#44 = PRODUCT_DEFINITION_FORMATION('','',#45);
#45 = PRODUCT('PinHeader_1x03_P2.54mm_Vertical',
  'PinHeader_1x03_P2.54mm_Vertical','',(#46));
#46 = PRODUCT_CONTEXT('',#2,'mechanical');
#47 = PRODUCT_DEFINITION_CONTEXT('part definition',#2,'design');
#48 = ADVANCED_BREP_SHAPE_REPRESENTATION('',(#11,#49),#2155);
#49 = MANIFOLD_SOLID_BREP('',#50);
#50 = CLOSED_SHELL('',(#51,#91,#122,#153,#400,#647,#664,#681,#698,#715,
    #732,#749,#766,#783,#800,#817,#834,#851,#868,#885,#902,#919,#931,
    #962,#986,#1010,#1027,#1058,#1082,#1106,#1123,#1154,#1178,#1202,
    #1219,#1250,#1274,#1298,#1315,#1346,#1370,#1394,#1411,#1442,#1466,
    #1490,#1507,#1538,#1562,#1586,#1603,#1634,#1658,#1682,#1699,#1730,
    #1754,#1778,#1795,#1826,#1850,#1874,#1891,#1922,#1946,#1970,#1987,
    #2018,#2042,#2066,#2083,#2095,#2107,#2119,#2131,#2143));
#51 = ADVANCED_FACE('',(#52),#86,.F.);
#52 = FACE_BOUND('',#53,.F.);
#53 = EDGE_LOOP('',(#54,#64,#72,#80));
#54 = ORIENTED_EDGE('',*,*,#55,.T.);
#55 = EDGE_CURVE('',#56,#58,#60,.T.);
#56 = VERTEX_POINT('',#57);
#57 = CARTESIAN_POINT('',(-1.016,1.27,0.));
#58 = VERTEX_POINT('',#59);
#59 = CARTESIAN_POINT('',(-1.016,1.27,2.54));
#60 = LINE('',#61,#62);
#61 = CARTESIAN_POINT('',(-1.016,1.27,0.));
#62 = VECTOR('',#63,1.);
#63 = DIRECTION('',(0.,0.,1.));
#64 = ORIENTED_EDGE('',*,*,#65,.T.);
#65 = EDGE_CURVE('',#58,#66,#68,.T.);
#66 = VERTEX_POINT('',#67);
#67 = CARTESIAN_POINT('',(-1.27,1.016,2.54));
#68 = LINE('',#69,#70);
#69 = CARTESIAN_POINT('',(-1.016,1.27,2.54));
#70 = VECTOR('',#71,1.);
#71 = DIRECTION('',(-0.707106781187,-0.707106781187,0.));
#72 = ORIENTED_EDGE('',*,*,#73,.F.);
#73 = EDGE_CURVE('',#74,#66,#76,.T.);
#74 = VERTEX_POINT('',#75);
#75 = CARTESIAN_POINT('',(-1.27,1.016,0.));
#76 = LINE('',#77,#78);
#77 = CARTESIAN_POINT('',(-1.27,1.016,0.));
#78 = VECTOR('',#79,1.);
#79 = DIRECTION('',(0.,0.,1.));
#80 = ORIENTED_EDGE('',*,*,#81,.F.);
#81 = EDGE_CURVE('',#56,#74,#82,.T.);
#82 = LINE('',#83,#84);
#83 = CARTESIAN_POINT('',(-1.016,1.27,0.));
#84 = VECTOR('',#85,1.);
#85 = DIRECTION('',(-0.707106781187,-0.707106781187,0.));
#86 = PLANE('',#87);
#87 = AXIS2_PLACEMENT_3D('',#88,#89,#90);
#88 = CARTESIAN_POINT('',(-1.016,1.27,0.));
#89 = DIRECTION('',(0.707106781187,-0.707106781187,0.));
#90 = DIRECTION('',(-0.707106781187,-0.707106781187,0.));
#91 = ADVANCED_FACE('',(#92),#117,.F.);
#92 = FACE_BOUND('',#93,.F.);
#93 = EDGE_LOOP('',(#94,#104,#110,#111));
#94 = ORIENTED_EDGE('',*,*,#95,.T.);
#95 = EDGE_CURVE('',#96,#98,#100,.T.);
#96 = VERTEX_POINT('',#97);
#97 = CARTESIAN_POINT('',(1.016,1.27,0.));
#98 = VERTEX_POINT('',#99);
#99 = CARTESIAN_POINT('',(1.016,1.27,2.54));
#100 = LINE('',#101,#102);
#101 = CARTESIAN_POINT('',(1.016,1.27,0.));
#102 = VECTOR('',#103,1.);
#103 = DIRECTION('',(0.,0.,1.));
#104 = ORIENTED_EDGE('',*,*,#105,.T.);
#105 = EDGE_CURVE('',#98,#58,#106,.T.);
#106 = LINE('',#107,#108);
#107 = CARTESIAN_POINT('',(1.016,1.27,2.54));
#108 = VECTOR('',#109,1.);
#109 = DIRECTION('',(-1.,0.,0.));
#110 = ORIENTED_EDGE('',*,*,#55,.F.);
#111 = ORIENTED_EDGE('',*,*,#112,.F.);
#112 = EDGE_CURVE('',#96,#56,#113,.T.);
#113 = LINE('',#114,#115);
#114 = CARTESIAN_POINT('',(1.016,1.27,0.));
#115 = VECTOR('',#116,1.);
#116 = DIRECTION('',(-1.,0.,0.));
#117 = PLANE('',#118);
#118 = AXIS2_PLACEMENT_3D('',#119,#120,#121);
#119 = CARTESIAN_POINT('',(1.016,1.27,0.));
#120 = DIRECTION('',(0.,-1.,0.));
#121 = DIRECTION('',(-1.,0.,0.));
#122 = ADVANCED_FACE('',(#123),#148,.F.);
#123 = FACE_BOUND('',#124,.F.);
#124 = EDGE_LOOP('',(#125,#126,#134,#142));
#125 = ORIENTED_EDGE('',*,*,#73,.T.);
#126 = ORIENTED_EDGE('',*,*,#127,.T.);
#127 = EDGE_CURVE('',#66,#128,#130,.T.);
#128 = VERTEX_POINT('',#129);
#129 = CARTESIAN_POINT('',(-1.27,-1.016,2.54));
#130 = LINE('',#131,#132);
#131 = CARTESIAN_POINT('',(-1.27,1.016,2.54));
#132 = VECTOR('',#133,1.);
#133 = DIRECTION('',(0.,-1.,0.));
#134 = ORIENTED_EDGE('',*,*,#135,.F.);
#135 = EDGE_CURVE('',#136,#128,#138,.T.);
#136 = VERTEX_POINT('',#137);
#137 = CARTESIAN_POINT('',(-1.27,-1.016,0.));
#138 = LINE('',#139,#140);
#139 = CARTESIAN_POINT('',(-1.27,-1.016,0.));
#140 = VECTOR('',#141,1.);
#141 = DIRECTION('',(0.,0.,1.));
#142 = ORIENTED_EDGE('',*,*,#143,.F.);
#143 = EDGE_CURVE('',#74,#136,#144,.T.);
#144 = LINE('',#145,#146);
#145 = CARTESIAN_POINT('',(-1.27,1.016,0.));
#146 = VECTOR('',#147,1.);
#147 = DIRECTION('',(0.,-1.,0.));
#148 = PLANE('',#149);
#149 = AXIS2_PLACEMENT_3D('',#150,#151,#152);
#150 = CARTESIAN_POINT('',(-1.27,1.016,0.));
#151 = DIRECTION('',(1.,0.,0.));
#152 = DIRECTION('',(0.,-1.,0.));
#153 = ADVANCED_FACE('',(#154,#293,#327,#361),#395,.F.);
#154 = FACE_BOUND('',#155,.F.);
#155 = EDGE_LOOP('',(#156,#157,#158,#166,#174,#182,#190,#198,#206,#214,
    #222,#230,#238,#246,#254,#262,#270,#278,#286,#292));
#156 = ORIENTED_EDGE('',*,*,#81,.T.);
#157 = ORIENTED_EDGE('',*,*,#143,.T.);
#158 = ORIENTED_EDGE('',*,*,#159,.T.);
#159 = EDGE_CURVE('',#136,#160,#162,.T.);
#160 = VERTEX_POINT('',#161);
#161 = CARTESIAN_POINT('',(-1.016,-1.27,0.));
#162 = LINE('',#163,#164);
#163 = CARTESIAN_POINT('',(-1.27,-1.016,0.));
#164 = VECTOR('',#165,1.);
#165 = DIRECTION('',(0.707106781187,-0.707106781187,0.));
#166 = ORIENTED_EDGE('',*,*,#167,.T.);
#167 = EDGE_CURVE('',#160,#168,#170,.T.);
#168 = VERTEX_POINT('',#169);
#169 = CARTESIAN_POINT('',(-1.27,-1.524,0.));
#170 = LINE('',#171,#172);
#171 = CARTESIAN_POINT('',(-1.016,-1.27,0.));
#172 = VECTOR('',#173,1.);
#173 = DIRECTION('',(-0.707106781187,-0.707106781187,0.));
#174 = ORIENTED_EDGE('',*,*,#175,.T.);
#175 = EDGE_CURVE('',#168,#176,#178,.T.);
#176 = VERTEX_POINT('',#177);
#177 = CARTESIAN_POINT('',(-1.27,-3.556,0.));
#178 = LINE('',#179,#180);
#179 = CARTESIAN_POINT('',(-1.27,-1.524,0.));
#180 = VECTOR('',#181,1.);
#181 = DIRECTION('',(0.,-1.,0.));
#182 = ORIENTED_EDGE('',*,*,#183,.T.);
#183 = EDGE_CURVE('',#176,#184,#186,.T.);
#184 = VERTEX_POINT('',#185);
#185 = CARTESIAN_POINT('',(-1.016,-3.81,0.));
#186 = LINE('',#187,#188);
#187 = CARTESIAN_POINT('',(-1.27,-3.556,0.));
#188 = VECTOR('',#189,1.);
#189 = DIRECTION('',(0.707106781187,-0.707106781187,0.));
#190 = ORIENTED_EDGE('',*,*,#191,.T.);
#191 = EDGE_CURVE('',#184,#192,#194,.T.);
#192 = VERTEX_POINT('',#193);
#193 = CARTESIAN_POINT('',(-1.27,-4.064,0.));
#194 = LINE('',#195,#196);
#195 = CARTESIAN_POINT('',(-1.016,-3.81,0.));
#196 = VECTOR('',#197,1.);
#197 = DIRECTION('',(-0.707106781187,-0.707106781187,0.));
#198 = ORIENTED_EDGE('',*,*,#199,.T.);
#199 = EDGE_CURVE('',#192,#200,#202,.T.);
#200 = VERTEX_POINT('',#201);
#201 = CARTESIAN_POINT('',(-1.27,-6.096,0.));
#202 = LINE('',#203,#204);
#203 = CARTESIAN_POINT('',(-1.27,-4.064,0.));
#204 = VECTOR('',#205,1.);
#205 = DIRECTION('',(0.,-1.,0.));
#206 = ORIENTED_EDGE('',*,*,#207,.T.);
#207 = EDGE_CURVE('',#200,#208,#210,.T.);
#208 = VERTEX_POINT('',#209);
#209 = CARTESIAN_POINT('',(-1.016,-6.35,0.));
#210 = LINE('',#211,#212);
#211 = CARTESIAN_POINT('',(-1.27,-6.096,0.));
#212 = VECTOR('',#213,1.);
#213 = DIRECTION('',(0.707106781187,-0.707106781187,0.));
#214 = ORIENTED_EDGE('',*,*,#215,.T.);
#215 = EDGE_CURVE('',#208,#216,#218,.T.);
#216 = VERTEX_POINT('',#217);
#217 = CARTESIAN_POINT('',(1.016,-6.35,0.));
#218 = LINE('',#219,#220);
#219 = CARTESIAN_POINT('',(-1.016,-6.35,0.));
#220 = VECTOR('',#221,1.);
#221 = DIRECTION('',(1.,0.,0.));
#222 = ORIENTED_EDGE('',*,*,#223,.T.);
#223 = EDGE_CURVE('',#216,#224,#226,.T.);
#224 = VERTEX_POINT('',#225);
#225 = CARTESIAN_POINT('',(1.27,-6.096,0.));
#226 = LINE('',#227,#228);
#227 = CARTESIAN_POINT('',(1.016,-6.35,0.));
#228 = VECTOR('',#229,1.);
#229 = DIRECTION('',(0.707106781187,0.707106781187,0.));
#230 = ORIENTED_EDGE('',*,*,#231,.T.);
#231 = EDGE_CURVE('',#224,#232,#234,.T.);
#232 = VERTEX_POINT('',#233);
#233 = CARTESIAN_POINT('',(1.27,-4.064,0.));
#234 = LINE('',#235,#236);
#235 = CARTESIAN_POINT('',(1.27,-6.096,0.));
#236 = VECTOR('',#237,1.);
#237 = DIRECTION('',(0.,1.,0.));
#238 = ORIENTED_EDGE('',*,*,#239,.T.);
#239 = EDGE_CURVE('',#232,#240,#242,.T.);
#240 = VERTEX_POINT('',#241);
#241 = CARTESIAN_POINT('',(1.016,-3.81,0.));
#242 = LINE('',#243,#244);
#243 = CARTESIAN_POINT('',(1.27,-4.064,0.));
#244 = VECTOR('',#245,1.);
#245 = DIRECTION('',(-0.707106781187,0.707106781187,0.));
#246 = ORIENTED_EDGE('',*,*,#247,.T.);
#247 = EDGE_CURVE('',#240,#248,#250,.T.);
#248 = VERTEX_POINT('',#249);
#249 = CARTESIAN_POINT('',(1.27,-3.556,0.));
#250 = LINE('',#251,#252);
#251 = CARTESIAN_POINT('',(1.016,-3.81,0.));
#252 = VECTOR('',#253,1.);
#253 = DIRECTION('',(0.707106781187,0.707106781187,0.));
#254 = ORIENTED_EDGE('',*,*,#255,.T.);
#255 = EDGE_CURVE('',#248,#256,#258,.T.);
#256 = VERTEX_POINT('',#257);
#257 = CARTESIAN_POINT('',(1.27,-1.524,0.));
#258 = LINE('',#259,#260);
#259 = CARTESIAN_POINT('',(1.27,-3.556,0.));
#260 = VECTOR('',#261,1.);
#261 = DIRECTION('',(0.,1.,0.));
#262 = ORIENTED_EDGE('',*,*,#263,.T.);
#263 = EDGE_CURVE('',#256,#264,#266,.T.);
#264 = VERTEX_POINT('',#265);
#265 = CARTESIAN_POINT('',(1.016,-1.27,0.));
#266 = LINE('',#267,#268);
#267 = CARTESIAN_POINT('',(1.27,-1.524,0.));
#268 = VECTOR('',#269,1.);
#269 = DIRECTION('',(-0.707106781187,0.707106781187,0.));
#270 = ORIENTED_EDGE('',*,*,#271,.T.);
#271 = EDGE_CURVE('',#264,#272,#274,.T.);
#272 = VERTEX_POINT('',#273);
#273 = CARTESIAN_POINT('',(1.27,-1.016,0.));
#274 = LINE('',#275,#276);
#275 = CARTESIAN_POINT('',(1.016,-1.27,0.));
#276 = VECTOR('',#277,1.);
#277 = DIRECTION('',(0.707106781187,0.707106781187,0.));
#278 = ORIENTED_EDGE('',*,*,#279,.T.);
#279 = EDGE_CURVE('',#272,#280,#282,.T.);
#280 = VERTEX_POINT('',#281);
#281 = CARTESIAN_POINT('',(1.27,1.016,0.));
#282 = LINE('',#283,#284);
#283 = CARTESIAN_POINT('',(1.27,-1.016,0.));
#284 = VECTOR('',#285,1.);
#285 = DIRECTION('',(0.,1.,0.));
#286 = ORIENTED_EDGE('',*,*,#287,.T.);
#287 = EDGE_CURVE('',#280,#96,#288,.T.);
#288 = LINE('',#289,#290);
#289 = CARTESIAN_POINT('',(1.27,1.016,0.));
#290 = VECTOR('',#291,1.);
#291 = DIRECTION('',(-0.707106781187,0.707106781187,0.));
#292 = ORIENTED_EDGE('',*,*,#112,.T.);
#293 = FACE_BOUND('',#294,.F.);
#294 = EDGE_LOOP('',(#295,#305,#313,#321));
#295 = ORIENTED_EDGE('',*,*,#296,.F.);
#296 = EDGE_CURVE('',#297,#299,#301,.T.);
#297 = VERTEX_POINT('',#298);
#298 = CARTESIAN_POINT('',(0.32,-0.32,0.));
#299 = VERTEX_POINT('',#300);
#300 = CARTESIAN_POINT('',(0.32,0.32,0.));
#301 = LINE('',#302,#303);
#302 = CARTESIAN_POINT('',(0.32,-1.43,0.));
#303 = VECTOR('',#304,1.);
#304 = DIRECTION('',(0.,1.,0.));
#305 = ORIENTED_EDGE('',*,*,#306,.T.);
#306 = EDGE_CURVE('',#297,#307,#309,.T.);
#307 = VERTEX_POINT('',#308);
#308 = CARTESIAN_POINT('',(-0.32,-0.32,0.));
#309 = LINE('',#310,#311);
#310 = CARTESIAN_POINT('',(-0.16,-0.32,0.));
#311 = VECTOR('',#312,1.);
#312 = DIRECTION('',(-1.,0.,0.));
#313 = ORIENTED_EDGE('',*,*,#314,.T.);
#314 = EDGE_CURVE('',#307,#315,#317,.T.);
#315 = VERTEX_POINT('',#316);
#316 = CARTESIAN_POINT('',(-0.32,0.32,0.));
#317 = LINE('',#318,#319);
#318 = CARTESIAN_POINT('',(-0.32,-1.43,0.));
#319 = VECTOR('',#320,1.);
#320 = DIRECTION('',(0.,1.,0.));
#321 = ORIENTED_EDGE('',*,*,#322,.F.);
#322 = EDGE_CURVE('',#299,#315,#323,.T.);
#323 = LINE('',#324,#325);
#324 = CARTESIAN_POINT('',(-0.16,0.32,0.));
#325 = VECTOR('',#326,1.);
#326 = DIRECTION('',(-1.,0.,0.));
#327 = FACE_BOUND('',#328,.F.);
#328 = EDGE_LOOP('',(#329,#339,#347,#355));
#329 = ORIENTED_EDGE('',*,*,#330,.T.);
#330 = EDGE_CURVE('',#331,#333,#335,.T.);
#331 = VERTEX_POINT('',#332);
#332 = CARTESIAN_POINT('',(0.32,-2.86,0.));
#333 = VERTEX_POINT('',#334);
#334 = CARTESIAN_POINT('',(-0.32,-2.86,0.));
#335 = LINE('',#336,#337);
#336 = CARTESIAN_POINT('',(-0.16,-2.86,0.));
#337 = VECTOR('',#338,1.);
#338 = DIRECTION('',(-1.,0.,0.));
#339 = ORIENTED_EDGE('',*,*,#340,.T.);
#340 = EDGE_CURVE('',#333,#341,#343,.T.);
#341 = VERTEX_POINT('',#342);
#342 = CARTESIAN_POINT('',(-0.32,-2.22,0.));
#343 = LINE('',#344,#345);
#344 = CARTESIAN_POINT('',(-0.32,-2.7,0.));
#345 = VECTOR('',#346,1.);
#346 = DIRECTION('',(0.,1.,0.));
#347 = ORIENTED_EDGE('',*,*,#348,.F.);
#348 = EDGE_CURVE('',#349,#341,#351,.T.);
#349 = VERTEX_POINT('',#350);
#350 = CARTESIAN_POINT('',(0.32,-2.22,0.));
#351 = LINE('',#352,#353);
#352 = CARTESIAN_POINT('',(-0.16,-2.22,0.));
#353 = VECTOR('',#354,1.);
#354 = DIRECTION('',(-1.,0.,0.));
#355 = ORIENTED_EDGE('',*,*,#356,.F.);
#356 = EDGE_CURVE('',#331,#349,#357,.T.);
#357 = LINE('',#358,#359);
#358 = CARTESIAN_POINT('',(0.32,-2.7,0.));
#359 = VECTOR('',#360,1.);
#360 = DIRECTION('',(0.,1.,0.));
#361 = FACE_BOUND('',#362,.F.);
#362 = EDGE_LOOP('',(#363,#373,#381,#389));
#363 = ORIENTED_EDGE('',*,*,#364,.F.);
#364 = EDGE_CURVE('',#365,#367,#369,.T.);
#365 = VERTEX_POINT('',#366);
#366 = CARTESIAN_POINT('',(0.32,-4.76,0.));
#367 = VERTEX_POINT('',#368);
#368 = CARTESIAN_POINT('',(-0.32,-4.76,0.));
#369 = LINE('',#370,#371);
#370 = CARTESIAN_POINT('',(-0.16,-4.76,0.));
#371 = VECTOR('',#372,1.);
#372 = DIRECTION('',(-1.,0.,0.));
#373 = ORIENTED_EDGE('',*,*,#374,.F.);
#374 = EDGE_CURVE('',#375,#365,#377,.T.);
#375 = VERTEX_POINT('',#376);
#376 = CARTESIAN_POINT('',(0.32,-5.4,0.));
#377 = LINE('',#378,#379);
#378 = CARTESIAN_POINT('',(0.32,-3.97,0.));
#379 = VECTOR('',#380,1.);
#380 = DIRECTION('',(0.,1.,0.));
#381 = ORIENTED_EDGE('',*,*,#382,.T.);
#382 = EDGE_CURVE('',#375,#383,#385,.T.);
#383 = VERTEX_POINT('',#384);
#384 = CARTESIAN_POINT('',(-0.32,-5.4,0.));
#385 = LINE('',#386,#387);
#386 = CARTESIAN_POINT('',(-0.16,-5.4,0.));
#387 = VECTOR('',#388,1.);
#388 = DIRECTION('',(-1.,0.,0.));
#389 = ORIENTED_EDGE('',*,*,#390,.T.);
#390 = EDGE_CURVE('',#383,#367,#391,.T.);
#391 = LINE('',#392,#393);
#392 = CARTESIAN_POINT('',(-0.32,-3.97,0.));
#393 = VECTOR('',#394,1.);
#394 = DIRECTION('',(0.,1.,0.));
#395 = PLANE('',#396);
#396 = AXIS2_PLACEMENT_3D('',#397,#398,#399);
#397 = CARTESIAN_POINT('',(5.398204781459E-17,-2.54,0.));
#398 = DIRECTION('',(0.,0.,1.));
#399 = DIRECTION('',(1.,0.,-0.));
#400 = ADVANCED_FACE('',(#401,#540,#574,#608),#642,.T.);
#401 = FACE_BOUND('',#402,.T.);
#402 = EDGE_LOOP('',(#403,#404,#405,#413,#421,#429,#437,#445,#453,#461,
    #469,#477,#485,#493,#501,#509,#517,#525,#533,#539));
#403 = ORIENTED_EDGE('',*,*,#65,.T.);
#404 = ORIENTED_EDGE('',*,*,#127,.T.);
#405 = ORIENTED_EDGE('',*,*,#406,.T.);
#406 = EDGE_CURVE('',#128,#407,#409,.T.);
#407 = VERTEX_POINT('',#408);
#408 = CARTESIAN_POINT('',(-1.016,-1.27,2.54));
#409 = LINE('',#410,#411);
#410 = CARTESIAN_POINT('',(-1.27,-1.016,2.54));
#411 = VECTOR('',#412,1.);
#412 = DIRECTION('',(0.707106781187,-0.707106781187,0.));
#413 = ORIENTED_EDGE('',*,*,#414,.T.);
#414 = EDGE_CURVE('',#407,#415,#417,.T.);
#415 = VERTEX_POINT('',#416);
#416 = CARTESIAN_POINT('',(-1.27,-1.524,2.54));
#417 = LINE('',#418,#419);
#418 = CARTESIAN_POINT('',(-1.016,-1.27,2.54));
#419 = VECTOR('',#420,1.);
#420 = DIRECTION('',(-0.707106781187,-0.707106781187,0.));
#421 = ORIENTED_EDGE('',*,*,#422,.T.);
#422 = EDGE_CURVE('',#415,#423,#425,.T.);
#423 = VERTEX_POINT('',#424);
#424 = CARTESIAN_POINT('',(-1.27,-3.556,2.54));
#425 = LINE('',#426,#427);
#426 = CARTESIAN_POINT('',(-1.27,-1.524,2.54));
#427 = VECTOR('',#428,1.);
#428 = DIRECTION('',(0.,-1.,0.));
#429 = ORIENTED_EDGE('',*,*,#430,.T.);
#430 = EDGE_CURVE('',#423,#431,#433,.T.);
#431 = VERTEX_POINT('',#432);
#432 = CARTESIAN_POINT('',(-1.016,-3.81,2.54));
#433 = LINE('',#434,#435);
#434 = CARTESIAN_POINT('',(-1.27,-3.556,2.54));
#435 = VECTOR('',#436,1.);
#436 = DIRECTION('',(0.707106781187,-0.707106781187,0.));
#437 = ORIENTED_EDGE('',*,*,#438,.T.);
#438 = EDGE_CURVE('',#431,#439,#441,.T.);
#439 = VERTEX_POINT('',#440);
#440 = CARTESIAN_POINT('',(-1.27,-4.064,2.54));
#441 = LINE('',#442,#443);
#442 = CARTESIAN_POINT('',(-1.016,-3.81,2.54));
#443 = VECTOR('',#444,1.);
#444 = DIRECTION('',(-0.707106781187,-0.707106781187,0.));
#445 = ORIENTED_EDGE('',*,*,#446,.T.);
#446 = EDGE_CURVE('',#439,#447,#449,.T.);
#447 = VERTEX_POINT('',#448);
#448 = CARTESIAN_POINT('',(-1.27,-6.096,2.54));
#449 = LINE('',#450,#451);
#450 = CARTESIAN_POINT('',(-1.27,-4.064,2.54));
#451 = VECTOR('',#452,1.);
#452 = DIRECTION('',(0.,-1.,0.));
#453 = ORIENTED_EDGE('',*,*,#454,.T.);
#454 = EDGE_CURVE('',#447,#455,#457,.T.);
#455 = VERTEX_POINT('',#456);
#456 = CARTESIAN_POINT('',(-1.016,-6.35,2.54));
#457 = LINE('',#458,#459);
#458 = CARTESIAN_POINT('',(-1.27,-6.096,2.54));
#459 = VECTOR('',#460,1.);
#460 = DIRECTION('',(0.707106781187,-0.707106781187,0.));
#461 = ORIENTED_EDGE('',*,*,#462,.T.);
#462 = EDGE_CURVE('',#455,#463,#465,.T.);
#463 = VERTEX_POINT('',#464);
#464 = CARTESIAN_POINT('',(1.016,-6.35,2.54));
#465 = LINE('',#466,#467);
#466 = CARTESIAN_POINT('',(-1.016,-6.35,2.54));
#467 = VECTOR('',#468,1.);
#468 = DIRECTION('',(1.,0.,0.));
#469 = ORIENTED_EDGE('',*,*,#470,.T.);
#470 = EDGE_CURVE('',#463,#471,#473,.T.);
#471 = VERTEX_POINT('',#472);
#472 = CARTESIAN_POINT('',(1.27,-6.096,2.54));
#473 = LINE('',#474,#475);
#474 = CARTESIAN_POINT('',(1.016,-6.35,2.54));
#475 = VECTOR('',#476,1.);
#476 = DIRECTION('',(0.707106781187,0.707106781187,0.));
#477 = ORIENTED_EDGE('',*,*,#478,.T.);
#478 = EDGE_CURVE('',#471,#479,#481,.T.);
#479 = VERTEX_POINT('',#480);
#480 = CARTESIAN_POINT('',(1.27,-4.064,2.54));
#481 = LINE('',#482,#483);
#482 = CARTESIAN_POINT('',(1.27,-6.096,2.54));
#483 = VECTOR('',#484,1.);
#484 = DIRECTION('',(0.,1.,0.));
#485 = ORIENTED_EDGE('',*,*,#486,.T.);
#486 = EDGE_CURVE('',#479,#487,#489,.T.);
#487 = VERTEX_POINT('',#488);
#488 = CARTESIAN_POINT('',(1.016,-3.81,2.54));
#489 = LINE('',#490,#491);
#490 = CARTESIAN_POINT('',(1.27,-4.064,2.54));
#491 = VECTOR('',#492,1.);
#492 = DIRECTION('',(-0.707106781187,0.707106781187,0.));
#493 = ORIENTED_EDGE('',*,*,#494,.T.);
#494 = EDGE_CURVE('',#487,#495,#497,.T.);
#495 = VERTEX_POINT('',#496);
#496 = CARTESIAN_POINT('',(1.27,-3.556,2.54));
#497 = LINE('',#498,#499);
#498 = CARTESIAN_POINT('',(1.016,-3.81,2.54));
#499 = VECTOR('',#500,1.);
#500 = DIRECTION('',(0.707106781187,0.707106781187,0.));
#501 = ORIENTED_EDGE('',*,*,#502,.T.);
#502 = EDGE_CURVE('',#495,#503,#505,.T.);
#503 = VERTEX_POINT('',#504);
#504 = CARTESIAN_POINT('',(1.27,-1.524,2.54));
#505 = LINE('',#506,#507);
#506 = CARTESIAN_POINT('',(1.27,-3.556,2.54));
#507 = VECTOR('',#508,1.);
#508 = DIRECTION('',(0.,1.,0.));
#509 = ORIENTED_EDGE('',*,*,#510,.T.);
#510 = EDGE_CURVE('',#503,#511,#513,.T.);
#511 = VERTEX_POINT('',#512);
#512 = CARTESIAN_POINT('',(1.016,-1.27,2.54));
#513 = LINE('',#514,#515);
#514 = CARTESIAN_POINT('',(1.27,-1.524,2.54));
#515 = VECTOR('',#516,1.);
#516 = DIRECTION('',(-0.707106781187,0.707106781187,0.));
#517 = ORIENTED_EDGE('',*,*,#518,.T.);
#518 = EDGE_CURVE('',#511,#519,#521,.T.);
#519 = VERTEX_POINT('',#520);
#520 = CARTESIAN_POINT('',(1.27,-1.016,2.54));
#521 = LINE('',#522,#523);
#522 = CARTESIAN_POINT('',(1.016,-1.27,2.54));
#523 = VECTOR('',#524,1.);
#524 = DIRECTION('',(0.707106781187,0.707106781187,0.));
#525 = ORIENTED_EDGE('',*,*,#526,.T.);
#526 = EDGE_CURVE('',#519,#527,#529,.T.);
#527 = VERTEX_POINT('',#528);
#528 = CARTESIAN_POINT('',(1.27,1.016,2.54));
#529 = LINE('',#530,#531);
#530 = CARTESIAN_POINT('',(1.27,-1.016,2.54));
#531 = VECTOR('',#532,1.);
#532 = DIRECTION('',(0.,1.,0.));
#533 = ORIENTED_EDGE('',*,*,#534,.T.);
#534 = EDGE_CURVE('',#527,#98,#535,.T.);
#535 = LINE('',#536,#537);
#536 = CARTESIAN_POINT('',(1.27,1.016,2.54));
#537 = VECTOR('',#538,1.);
#538 = DIRECTION('',(-0.707106781187,0.707106781187,0.));
#539 = ORIENTED_EDGE('',*,*,#105,.T.);
#540 = FACE_BOUND('',#541,.T.);
#541 = EDGE_LOOP('',(#542,#552,#560,#568));
#542 = ORIENTED_EDGE('',*,*,#543,.F.);
#543 = EDGE_CURVE('',#544,#546,#548,.T.);
#544 = VERTEX_POINT('',#545);
#545 = CARTESIAN_POINT('',(0.32,-0.32,2.54));
#546 = VERTEX_POINT('',#547);
#547 = CARTESIAN_POINT('',(0.32,0.32,2.54));
#548 = LINE('',#549,#550);
#549 = CARTESIAN_POINT('',(0.32,-1.43,2.54));
#550 = VECTOR('',#551,1.);
#551 = DIRECTION('',(0.,1.,0.));
#552 = ORIENTED_EDGE('',*,*,#553,.T.);
#553 = EDGE_CURVE('',#544,#554,#556,.T.);
#554 = VERTEX_POINT('',#555);
#555 = CARTESIAN_POINT('',(-0.32,-0.32,2.54));
#556 = LINE('',#557,#558);
#557 = CARTESIAN_POINT('',(-0.16,-0.32,2.54));
#558 = VECTOR('',#559,1.);
#559 = DIRECTION('',(-1.,0.,0.));
#560 = ORIENTED_EDGE('',*,*,#561,.T.);
#561 = EDGE_CURVE('',#554,#562,#564,.T.);
#562 = VERTEX_POINT('',#563);
#563 = CARTESIAN_POINT('',(-0.32,0.32,2.54));
#564 = LINE('',#565,#566);
#565 = CARTESIAN_POINT('',(-0.32,-1.43,2.54));
#566 = VECTOR('',#567,1.);
#567 = DIRECTION('',(0.,1.,0.));
#568 = ORIENTED_EDGE('',*,*,#569,.F.);
#569 = EDGE_CURVE('',#546,#562,#570,.T.);
#570 = LINE('',#571,#572);
#571 = CARTESIAN_POINT('',(-0.16,0.32,2.54));
#572 = VECTOR('',#573,1.);
#573 = DIRECTION('',(-1.,0.,0.));
#574 = FACE_BOUND('',#575,.T.);
#575 = EDGE_LOOP('',(#576,#586,#594,#602));
#576 = ORIENTED_EDGE('',*,*,#577,.T.);
#577 = EDGE_CURVE('',#578,#580,#582,.T.);
#578 = VERTEX_POINT('',#579);
#579 = CARTESIAN_POINT('',(0.32,-2.86,2.54));
#580 = VERTEX_POINT('',#581);
#581 = CARTESIAN_POINT('',(-0.32,-2.86,2.54));
#582 = LINE('',#583,#584);
#583 = CARTESIAN_POINT('',(-0.16,-2.86,2.54));
#584 = VECTOR('',#585,1.);
#585 = DIRECTION('',(-1.,0.,0.));
#586 = ORIENTED_EDGE('',*,*,#587,.T.);
#587 = EDGE_CURVE('',#580,#588,#590,.T.);
#588 = VERTEX_POINT('',#589);
#589 = CARTESIAN_POINT('',(-0.32,-2.22,2.54));
#590 = LINE('',#591,#592);
#591 = CARTESIAN_POINT('',(-0.32,-2.7,2.54));
#592 = VECTOR('',#593,1.);
#593 = DIRECTION('',(0.,1.,0.));
#594 = ORIENTED_EDGE('',*,*,#595,.F.);
#595 = EDGE_CURVE('',#596,#588,#598,.T.);
#596 = VERTEX_POINT('',#597);
#597 = CARTESIAN_POINT('',(0.32,-2.22,2.54));
#598 = LINE('',#599,#600);
#599 = CARTESIAN_POINT('',(-0.16,-2.22,2.54));
#600 = VECTOR('',#601,1.);
#601 = DIRECTION('',(-1.,0.,0.));
#602 = ORIENTED_EDGE('',*,*,#603,.F.);
#603 = EDGE_CURVE('',#578,#596,#604,.T.);
#604 = LINE('',#605,#606);
#605 = CARTESIAN_POINT('',(0.32,-2.7,2.54));
#606 = VECTOR('',#607,1.);
#607 = DIRECTION('',(0.,1.,0.));
#608 = FACE_BOUND('',#609,.T.);
#609 = EDGE_LOOP('',(#610,#620,#628,#636));
#610 = ORIENTED_EDGE('',*,*,#611,.F.);
#611 = EDGE_CURVE('',#612,#614,#616,.T.);
#612 = VERTEX_POINT('',#613);
#613 = CARTESIAN_POINT('',(0.32,-4.76,2.54));
#614 = VERTEX_POINT('',#615);
#615 = CARTESIAN_POINT('',(-0.32,-4.76,2.54));
#616 = LINE('',#617,#618);
#617 = CARTESIAN_POINT('',(-0.16,-4.76,2.54));
#618 = VECTOR('',#619,1.);
#619 = DIRECTION('',(-1.,0.,0.));
#620 = ORIENTED_EDGE('',*,*,#621,.F.);
#621 = EDGE_CURVE('',#622,#612,#624,.T.);
#622 = VERTEX_POINT('',#623);
#623 = CARTESIAN_POINT('',(0.32,-5.4,2.54));
#624 = LINE('',#625,#626);
#625 = CARTESIAN_POINT('',(0.32,-3.97,2.54));
#626 = VECTOR('',#627,1.);
#627 = DIRECTION('',(0.,1.,0.));
#628 = ORIENTED_EDGE('',*,*,#629,.T.);
#629 = EDGE_CURVE('',#622,#630,#632,.T.);
#630 = VERTEX_POINT('',#631);
#631 = CARTESIAN_POINT('',(-0.32,-5.4,2.54));
#632 = LINE('',#633,#634);
#633 = CARTESIAN_POINT('',(-0.16,-5.4,2.54));
#634 = VECTOR('',#635,1.);
#635 = DIRECTION('',(-1.,0.,0.));
#636 = ORIENTED_EDGE('',*,*,#637,.T.);
#637 = EDGE_CURVE('',#630,#614,#638,.T.);
#638 = LINE('',#639,#640);
#639 = CARTESIAN_POINT('',(-0.32,-3.97,2.54));
#640 = VECTOR('',#641,1.);
#641 = DIRECTION('',(0.,1.,0.));
#642 = PLANE('',#643);
#643 = AXIS2_PLACEMENT_3D('',#644,#645,#646);
#644 = CARTESIAN_POINT('',(5.398204781459E-17,-2.54,2.54));
#645 = DIRECTION('',(0.,0.,1.));
#646 = DIRECTION('',(1.,0.,-0.));
#647 = ADVANCED_FACE('',(#648),#659,.F.);
#648 = FACE_BOUND('',#649,.F.);
#649 = EDGE_LOOP('',(#650,#656,#657,#658));
#650 = ORIENTED_EDGE('',*,*,#651,.T.);
#651 = EDGE_CURVE('',#280,#527,#652,.T.);
#652 = LINE('',#653,#654);
#653 = CARTESIAN_POINT('',(1.27,1.016,0.));
#654 = VECTOR('',#655,1.);
#655 = DIRECTION('',(0.,0.,1.));
#656 = ORIENTED_EDGE('',*,*,#534,.T.);
#657 = ORIENTED_EDGE('',*,*,#95,.F.);
#658 = ORIENTED_EDGE('',*,*,#287,.F.);
#659 = PLANE('',#660);
#660 = AXIS2_PLACEMENT_3D('',#661,#662,#663);
#661 = CARTESIAN_POINT('',(1.27,1.016,0.));
#662 = DIRECTION('',(-0.707106781187,-0.707106781187,0.));
#663 = DIRECTION('',(-0.707106781187,0.707106781187,0.));
#664 = ADVANCED_FACE('',(#665),#676,.F.);
#665 = FACE_BOUND('',#666,.F.);
#666 = EDGE_LOOP('',(#667,#668,#669,#675));
#667 = ORIENTED_EDGE('',*,*,#135,.T.);
#668 = ORIENTED_EDGE('',*,*,#406,.T.);
#669 = ORIENTED_EDGE('',*,*,#670,.F.);
#670 = EDGE_CURVE('',#160,#407,#671,.T.);
#671 = LINE('',#672,#673);
#672 = CARTESIAN_POINT('',(-1.016,-1.27,0.));
#673 = VECTOR('',#674,1.);
#674 = DIRECTION('',(0.,0.,1.));
#675 = ORIENTED_EDGE('',*,*,#159,.F.);
#676 = PLANE('',#677);
#677 = AXIS2_PLACEMENT_3D('',#678,#679,#680);
#678 = CARTESIAN_POINT('',(-1.27,-1.016,0.));
#679 = DIRECTION('',(0.707106781187,0.707106781187,0.));
#680 = DIRECTION('',(0.707106781187,-0.707106781187,0.));
#681 = ADVANCED_FACE('',(#682),#693,.F.);
#682 = FACE_BOUND('',#683,.F.);
#683 = EDGE_LOOP('',(#684,#690,#691,#692));
#684 = ORIENTED_EDGE('',*,*,#685,.T.);
#685 = EDGE_CURVE('',#272,#519,#686,.T.);
#686 = LINE('',#687,#688);
#687 = CARTESIAN_POINT('',(1.27,-1.016,0.));
#688 = VECTOR('',#689,1.);
#689 = DIRECTION('',(0.,0.,1.));
#690 = ORIENTED_EDGE('',*,*,#526,.T.);
#691 = ORIENTED_EDGE('',*,*,#651,.F.);
#692 = ORIENTED_EDGE('',*,*,#279,.F.);
#693 = PLANE('',#694);
#694 = AXIS2_PLACEMENT_3D('',#695,#696,#697);
#695 = CARTESIAN_POINT('',(1.27,-1.016,0.));
#696 = DIRECTION('',(-1.,0.,0.));
#697 = DIRECTION('',(0.,1.,0.));
#698 = ADVANCED_FACE('',(#699),#710,.F.);
#699 = FACE_BOUND('',#700,.F.);
#700 = EDGE_LOOP('',(#701,#702,#703,#709));
#701 = ORIENTED_EDGE('',*,*,#670,.T.);
#702 = ORIENTED_EDGE('',*,*,#414,.T.);
#703 = ORIENTED_EDGE('',*,*,#704,.F.);
#704 = EDGE_CURVE('',#168,#415,#705,.T.);
#705 = LINE('',#706,#707);
#706 = CARTESIAN_POINT('',(-1.27,-1.524,0.));
#707 = VECTOR('',#708,1.);
#708 = DIRECTION('',(0.,0.,1.));
#709 = ORIENTED_EDGE('',*,*,#167,.F.);
#710 = PLANE('',#711);
#711 = AXIS2_PLACEMENT_3D('',#712,#713,#714);
#712 = CARTESIAN_POINT('',(-1.016,-1.27,0.));
#713 = DIRECTION('',(0.707106781187,-0.707106781187,0.));
#714 = DIRECTION('',(-0.707106781187,-0.707106781187,0.));
#715 = ADVANCED_FACE('',(#716),#727,.F.);
#716 = FACE_BOUND('',#717,.F.);
#717 = EDGE_LOOP('',(#718,#724,#725,#726));
#718 = ORIENTED_EDGE('',*,*,#719,.T.);
#719 = EDGE_CURVE('',#264,#511,#720,.T.);
#720 = LINE('',#721,#722);
#721 = CARTESIAN_POINT('',(1.016,-1.27,0.));
#722 = VECTOR('',#723,1.);
#723 = DIRECTION('',(0.,0.,1.));
#724 = ORIENTED_EDGE('',*,*,#518,.T.);
#725 = ORIENTED_EDGE('',*,*,#685,.F.);
#726 = ORIENTED_EDGE('',*,*,#271,.F.);
#727 = PLANE('',#728);
#728 = AXIS2_PLACEMENT_3D('',#729,#730,#731);
#729 = CARTESIAN_POINT('',(1.016,-1.27,0.));
#730 = DIRECTION('',(-0.707106781187,0.707106781187,0.));
#731 = DIRECTION('',(0.707106781187,0.707106781187,0.));
#732 = ADVANCED_FACE('',(#733),#744,.F.);
#733 = FACE_BOUND('',#734,.F.);
#734 = EDGE_LOOP('',(#735,#736,#737,#743));
#735 = ORIENTED_EDGE('',*,*,#704,.T.);
#736 = ORIENTED_EDGE('',*,*,#422,.T.);
#737 = ORIENTED_EDGE('',*,*,#738,.F.);
#738 = EDGE_CURVE('',#176,#423,#739,.T.);
#739 = LINE('',#740,#741);
#740 = CARTESIAN_POINT('',(-1.27,-3.556,0.));
#741 = VECTOR('',#742,1.);
#742 = DIRECTION('',(0.,0.,1.));
#743 = ORIENTED_EDGE('',*,*,#175,.F.);
#744 = PLANE('',#745);
#745 = AXIS2_PLACEMENT_3D('',#746,#747,#748);
#746 = CARTESIAN_POINT('',(-1.27,-1.524,0.));
#747 = DIRECTION('',(1.,0.,0.));
#748 = DIRECTION('',(0.,-1.,0.));
#749 = ADVANCED_FACE('',(#750),#761,.F.);
#750 = FACE_BOUND('',#751,.F.);
#751 = EDGE_LOOP('',(#752,#758,#759,#760));
#752 = ORIENTED_EDGE('',*,*,#753,.T.);
#753 = EDGE_CURVE('',#256,#503,#754,.T.);
#754 = LINE('',#755,#756);
#755 = CARTESIAN_POINT('',(1.27,-1.524,0.));
#756 = VECTOR('',#757,1.);
#757 = DIRECTION('',(0.,0.,1.));
#758 = ORIENTED_EDGE('',*,*,#510,.T.);
#759 = ORIENTED_EDGE('',*,*,#719,.F.);
#760 = ORIENTED_EDGE('',*,*,#263,.F.);
#761 = PLANE('',#762);
#762 = AXIS2_PLACEMENT_3D('',#763,#764,#765);
#763 = CARTESIAN_POINT('',(1.27,-1.524,0.));
#764 = DIRECTION('',(-0.707106781187,-0.707106781187,0.));
#765 = DIRECTION('',(-0.707106781187,0.707106781187,0.));
#766 = ADVANCED_FACE('',(#767),#778,.F.);
#767 = FACE_BOUND('',#768,.F.);
#768 = EDGE_LOOP('',(#769,#770,#771,#777));
#769 = ORIENTED_EDGE('',*,*,#738,.T.);
#770 = ORIENTED_EDGE('',*,*,#430,.T.);
#771 = ORIENTED_EDGE('',*,*,#772,.F.);
#772 = EDGE_CURVE('',#184,#431,#773,.T.);
#773 = LINE('',#774,#775);
#774 = CARTESIAN_POINT('',(-1.016,-3.81,0.));
#775 = VECTOR('',#776,1.);
#776 = DIRECTION('',(0.,0.,1.));
#777 = ORIENTED_EDGE('',*,*,#183,.F.);
#778 = PLANE('',#779);
#779 = AXIS2_PLACEMENT_3D('',#780,#781,#782);
#780 = CARTESIAN_POINT('',(-1.27,-3.556,0.));
#781 = DIRECTION('',(0.707106781187,0.707106781187,0.));
#782 = DIRECTION('',(0.707106781187,-0.707106781187,0.));
#783 = ADVANCED_FACE('',(#784),#795,.F.);
#784 = FACE_BOUND('',#785,.F.);
#785 = EDGE_LOOP('',(#786,#792,#793,#794));
#786 = ORIENTED_EDGE('',*,*,#787,.T.);
#787 = EDGE_CURVE('',#248,#495,#788,.T.);
#788 = LINE('',#789,#790);
#789 = CARTESIAN_POINT('',(1.27,-3.556,0.));
#790 = VECTOR('',#791,1.);
#791 = DIRECTION('',(0.,0.,1.));
#792 = ORIENTED_EDGE('',*,*,#502,.T.);
#793 = ORIENTED_EDGE('',*,*,#753,.F.);
#794 = ORIENTED_EDGE('',*,*,#255,.F.);
#795 = PLANE('',#796);
#796 = AXIS2_PLACEMENT_3D('',#797,#798,#799);
#797 = CARTESIAN_POINT('',(1.27,-3.556,0.));
#798 = DIRECTION('',(-1.,0.,0.));
#799 = DIRECTION('',(0.,1.,0.));
#800 = ADVANCED_FACE('',(#801),#812,.F.);
#801 = FACE_BOUND('',#802,.F.);
#802 = EDGE_LOOP('',(#803,#804,#805,#811));
#803 = ORIENTED_EDGE('',*,*,#772,.T.);
#804 = ORIENTED_EDGE('',*,*,#438,.T.);
#805 = ORIENTED_EDGE('',*,*,#806,.F.);
#806 = EDGE_CURVE('',#192,#439,#807,.T.);
#807 = LINE('',#808,#809);
#808 = CARTESIAN_POINT('',(-1.27,-4.064,0.));
#809 = VECTOR('',#810,1.);
#810 = DIRECTION('',(0.,0.,1.));
#811 = ORIENTED_EDGE('',*,*,#191,.F.);
#812 = PLANE('',#813);
#813 = AXIS2_PLACEMENT_3D('',#814,#815,#816);
#814 = CARTESIAN_POINT('',(-1.016,-3.81,0.));
#815 = DIRECTION('',(0.707106781187,-0.707106781187,0.));
#816 = DIRECTION('',(-0.707106781187,-0.707106781187,0.));
#817 = ADVANCED_FACE('',(#818),#829,.F.);
#818 = FACE_BOUND('',#819,.F.);
#819 = EDGE_LOOP('',(#820,#826,#827,#828));
#820 = ORIENTED_EDGE('',*,*,#821,.T.);
#821 = EDGE_CURVE('',#240,#487,#822,.T.);
#822 = LINE('',#823,#824);
#823 = CARTESIAN_POINT('',(1.016,-3.81,0.));
#824 = VECTOR('',#825,1.);
#825 = DIRECTION('',(0.,0.,1.));
#826 = ORIENTED_EDGE('',*,*,#494,.T.);
#827 = ORIENTED_EDGE('',*,*,#787,.F.);
#828 = ORIENTED_EDGE('',*,*,#247,.F.);
#829 = PLANE('',#830);
#830 = AXIS2_PLACEMENT_3D('',#831,#832,#833);
#831 = CARTESIAN_POINT('',(1.016,-3.81,0.));
#832 = DIRECTION('',(-0.707106781187,0.707106781187,0.));
#833 = DIRECTION('',(0.707106781187,0.707106781187,0.));
#834 = ADVANCED_FACE('',(#835),#846,.F.);
#835 = FACE_BOUND('',#836,.F.);
#836 = EDGE_LOOP('',(#837,#838,#839,#845));
#837 = ORIENTED_EDGE('',*,*,#806,.T.);
#838 = ORIENTED_EDGE('',*,*,#446,.T.);
#839 = ORIENTED_EDGE('',*,*,#840,.F.);
#840 = EDGE_CURVE('',#200,#447,#841,.T.);
#841 = LINE('',#842,#843);
#842 = CARTESIAN_POINT('',(-1.27,-6.096,0.));
#843 = VECTOR('',#844,1.);
#844 = DIRECTION('',(0.,0.,1.));
#845 = ORIENTED_EDGE('',*,*,#199,.F.);
#846 = PLANE('',#847);
#847 = AXIS2_PLACEMENT_3D('',#848,#849,#850);
#848 = CARTESIAN_POINT('',(-1.27,-4.064,0.));
#849 = DIRECTION('',(1.,0.,0.));
#850 = DIRECTION('',(0.,-1.,0.));
#851 = ADVANCED_FACE('',(#852),#863,.F.);
#852 = FACE_BOUND('',#853,.F.);
#853 = EDGE_LOOP('',(#854,#860,#861,#862));
#854 = ORIENTED_EDGE('',*,*,#855,.T.);
#855 = EDGE_CURVE('',#232,#479,#856,.T.);
#856 = LINE('',#857,#858);
#857 = CARTESIAN_POINT('',(1.27,-4.064,0.));
#858 = VECTOR('',#859,1.);
#859 = DIRECTION('',(0.,0.,1.));
#860 = ORIENTED_EDGE('',*,*,#486,.T.);
#861 = ORIENTED_EDGE('',*,*,#821,.F.);
#862 = ORIENTED_EDGE('',*,*,#239,.F.);
#863 = PLANE('',#864);
#864 = AXIS2_PLACEMENT_3D('',#865,#866,#867);
#865 = CARTESIAN_POINT('',(1.27,-4.064,0.));
#866 = DIRECTION('',(-0.707106781187,-0.707106781187,0.));
#867 = DIRECTION('',(-0.707106781187,0.707106781187,0.));
#868 = ADVANCED_FACE('',(#869),#880,.F.);
#869 = FACE_BOUND('',#870,.F.);
#870 = EDGE_LOOP('',(#871,#872,#873,#879));
#871 = ORIENTED_EDGE('',*,*,#840,.T.);
#872 = ORIENTED_EDGE('',*,*,#454,.T.);
#873 = ORIENTED_EDGE('',*,*,#874,.F.);
#874 = EDGE_CURVE('',#208,#455,#875,.T.);
#875 = LINE('',#876,#877);
#876 = CARTESIAN_POINT('',(-1.016,-6.35,0.));
#877 = VECTOR('',#878,1.);
#878 = DIRECTION('',(0.,0.,1.));
#879 = ORIENTED_EDGE('',*,*,#207,.F.);
#880 = PLANE('',#881);
#881 = AXIS2_PLACEMENT_3D('',#882,#883,#884);
#882 = CARTESIAN_POINT('',(-1.27,-6.096,0.));
#883 = DIRECTION('',(0.707106781187,0.707106781187,0.));
#884 = DIRECTION('',(0.707106781187,-0.707106781187,0.));
#885 = ADVANCED_FACE('',(#886),#897,.F.);
#886 = FACE_BOUND('',#887,.F.);
#887 = EDGE_LOOP('',(#888,#894,#895,#896));
#888 = ORIENTED_EDGE('',*,*,#889,.T.);
#889 = EDGE_CURVE('',#224,#471,#890,.T.);
#890 = LINE('',#891,#892);
#891 = CARTESIAN_POINT('',(1.27,-6.096,0.));
#892 = VECTOR('',#893,1.);
#893 = DIRECTION('',(0.,0.,1.));
#894 = ORIENTED_EDGE('',*,*,#478,.T.);
#895 = ORIENTED_EDGE('',*,*,#855,.F.);
#896 = ORIENTED_EDGE('',*,*,#231,.F.);
#897 = PLANE('',#898);
#898 = AXIS2_PLACEMENT_3D('',#899,#900,#901);
#899 = CARTESIAN_POINT('',(1.27,-6.096,0.));
#900 = DIRECTION('',(-1.,0.,0.));
#901 = DIRECTION('',(0.,1.,0.));
#902 = ADVANCED_FACE('',(#903),#914,.F.);
#903 = FACE_BOUND('',#904,.F.);
#904 = EDGE_LOOP('',(#905,#906,#907,#913));
#905 = ORIENTED_EDGE('',*,*,#874,.T.);
#906 = ORIENTED_EDGE('',*,*,#462,.T.);
#907 = ORIENTED_EDGE('',*,*,#908,.F.);
#908 = EDGE_CURVE('',#216,#463,#909,.T.);
#909 = LINE('',#910,#911);
#910 = CARTESIAN_POINT('',(1.016,-6.35,0.));
#911 = VECTOR('',#912,1.);
#912 = DIRECTION('',(0.,0.,1.));
#913 = ORIENTED_EDGE('',*,*,#215,.F.);
#914 = PLANE('',#915);
#915 = AXIS2_PLACEMENT_3D('',#916,#917,#918);
#916 = CARTESIAN_POINT('',(-1.016,-6.35,0.));
#917 = DIRECTION('',(0.,1.,0.));
#918 = DIRECTION('',(1.,0.,0.));
#919 = ADVANCED_FACE('',(#920),#926,.F.);
#920 = FACE_BOUND('',#921,.F.);
#921 = EDGE_LOOP('',(#922,#923,#924,#925));
#922 = ORIENTED_EDGE('',*,*,#908,.T.);
#923 = ORIENTED_EDGE('',*,*,#470,.T.);
#924 = ORIENTED_EDGE('',*,*,#889,.F.);
#925 = ORIENTED_EDGE('',*,*,#223,.F.);
#926 = PLANE('',#927);
#927 = AXIS2_PLACEMENT_3D('',#928,#929,#930);
#928 = CARTESIAN_POINT('',(1.016,-6.35,0.));
#929 = DIRECTION('',(-0.707106781187,0.707106781187,0.));
#930 = DIRECTION('',(0.707106781187,0.707106781187,0.));
#931 = ADVANCED_FACE('',(#932),#957,.T.);
#932 = FACE_BOUND('',#933,.T.);
#933 = EDGE_LOOP('',(#934,#942,#950,#956));
#934 = ORIENTED_EDGE('',*,*,#935,.F.);
#935 = EDGE_CURVE('',#936,#297,#938,.T.);
#936 = VERTEX_POINT('',#937);
#937 = CARTESIAN_POINT('',(0.32,-0.32,-2.84));
#938 = LINE('',#939,#940);
#939 = CARTESIAN_POINT('',(0.32,-0.32,-3.));
#940 = VECTOR('',#941,1.);
#941 = DIRECTION('',(0.,0.,1.));
#942 = ORIENTED_EDGE('',*,*,#943,.T.);
#943 = EDGE_CURVE('',#936,#944,#946,.T.);
#944 = VERTEX_POINT('',#945);
#945 = CARTESIAN_POINT('',(0.32,0.32,-2.84));
#946 = LINE('',#947,#948);
#947 = CARTESIAN_POINT('',(0.32,-0.32,-2.84));
#948 = VECTOR('',#949,1.);
#949 = DIRECTION('',(0.,1.,0.));
#950 = ORIENTED_EDGE('',*,*,#951,.T.);
#951 = EDGE_CURVE('',#944,#299,#952,.T.);
#952 = LINE('',#953,#954);
#953 = CARTESIAN_POINT('',(0.32,0.32,-3.));
#954 = VECTOR('',#955,1.);
#955 = DIRECTION('',(0.,0.,1.));
#956 = ORIENTED_EDGE('',*,*,#296,.F.);
#957 = PLANE('',#958);
#958 = AXIS2_PLACEMENT_3D('',#959,#960,#961);
#959 = CARTESIAN_POINT('',(0.32,-0.32,-3.));
#960 = DIRECTION('',(1.,0.,0.));
#961 = DIRECTION('',(0.,0.,1.));
#962 = ADVANCED_FACE('',(#963),#981,.T.);
#963 = FACE_BOUND('',#964,.T.);
#964 = EDGE_LOOP('',(#965,#966,#974,#980));
#965 = ORIENTED_EDGE('',*,*,#951,.F.);
#966 = ORIENTED_EDGE('',*,*,#967,.F.);
#967 = EDGE_CURVE('',#968,#944,#970,.T.);
#968 = VERTEX_POINT('',#969);
#969 = CARTESIAN_POINT('',(-0.32,0.32,-2.84));
#970 = LINE('',#971,#972);
#971 = CARTESIAN_POINT('',(-0.32,0.32,-2.84));
#972 = VECTOR('',#973,1.);
#973 = DIRECTION('',(1.,0.,0.));
#974 = ORIENTED_EDGE('',*,*,#975,.T.);
#975 = EDGE_CURVE('',#968,#315,#976,.T.);
#976 = LINE('',#977,#978);
#977 = CARTESIAN_POINT('',(-0.32,0.32,-3.));
#978 = VECTOR('',#979,1.);
#979 = DIRECTION('',(0.,0.,1.));
#980 = ORIENTED_EDGE('',*,*,#322,.F.);
#981 = PLANE('',#982);
#982 = AXIS2_PLACEMENT_3D('',#983,#984,#985);
#983 = CARTESIAN_POINT('',(-0.32,0.32,-3.));
#984 = DIRECTION('',(0.,1.,0.));
#985 = DIRECTION('',(0.,-0.,1.));
#986 = ADVANCED_FACE('',(#987),#1005,.F.);
#987 = FACE_BOUND('',#988,.F.);
#988 = EDGE_LOOP('',(#989,#997,#1003,#1004));
#989 = ORIENTED_EDGE('',*,*,#990,.F.);
#990 = EDGE_CURVE('',#991,#307,#993,.T.);
#991 = VERTEX_POINT('',#992);
#992 = CARTESIAN_POINT('',(-0.32,-0.32,-2.84));
#993 = LINE('',#994,#995);
#994 = CARTESIAN_POINT('',(-0.32,-0.32,-3.));
#995 = VECTOR('',#996,1.);
#996 = DIRECTION('',(0.,0.,1.));
#997 = ORIENTED_EDGE('',*,*,#998,.T.);
#998 = EDGE_CURVE('',#991,#968,#999,.T.);
#999 = LINE('',#1000,#1001);
#1000 = CARTESIAN_POINT('',(-0.32,-0.32,-2.84));
#1001 = VECTOR('',#1002,1.);
#1002 = DIRECTION('',(0.,1.,0.));
#1003 = ORIENTED_EDGE('',*,*,#975,.T.);
#1004 = ORIENTED_EDGE('',*,*,#314,.F.);
#1005 = PLANE('',#1006);
#1006 = AXIS2_PLACEMENT_3D('',#1007,#1008,#1009);
#1007 = CARTESIAN_POINT('',(-0.32,-0.32,-3.));
#1008 = DIRECTION('',(1.,0.,0.));
#1009 = DIRECTION('',(0.,0.,1.));
#1010 = ADVANCED_FACE('',(#1011),#1022,.F.);
#1011 = FACE_BOUND('',#1012,.F.);
#1012 = EDGE_LOOP('',(#1013,#1014,#1020,#1021));
#1013 = ORIENTED_EDGE('',*,*,#935,.F.);
#1014 = ORIENTED_EDGE('',*,*,#1015,.F.);
#1015 = EDGE_CURVE('',#991,#936,#1016,.T.);
#1016 = LINE('',#1017,#1018);
#1017 = CARTESIAN_POINT('',(-0.32,-0.32,-2.84));
#1018 = VECTOR('',#1019,1.);
#1019 = DIRECTION('',(1.,0.,0.));
#1020 = ORIENTED_EDGE('',*,*,#990,.T.);
#1021 = ORIENTED_EDGE('',*,*,#306,.F.);
#1022 = PLANE('',#1023);
#1023 = AXIS2_PLACEMENT_3D('',#1024,#1025,#1026);
#1024 = CARTESIAN_POINT('',(-0.32,-0.32,-3.));
#1025 = DIRECTION('',(0.,1.,0.));
#1026 = DIRECTION('',(0.,-0.,1.));
#1027 = ADVANCED_FACE('',(#1028),#1053,.F.);
#1028 = FACE_BOUND('',#1029,.F.);
#1029 = EDGE_LOOP('',(#1030,#1038,#1046,#1052));
#1030 = ORIENTED_EDGE('',*,*,#1031,.F.);
#1031 = EDGE_CURVE('',#1032,#331,#1034,.T.);
#1032 = VERTEX_POINT('',#1033);
#1033 = CARTESIAN_POINT('',(0.32,-2.86,-2.84));
#1034 = LINE('',#1035,#1036);
#1035 = CARTESIAN_POINT('',(0.32,-2.86,-3.));
#1036 = VECTOR('',#1037,1.);
#1037 = DIRECTION('',(0.,0.,1.));
#1038 = ORIENTED_EDGE('',*,*,#1039,.F.);
#1039 = EDGE_CURVE('',#1040,#1032,#1042,.T.);
#1040 = VERTEX_POINT('',#1041);
#1041 = CARTESIAN_POINT('',(-0.32,-2.86,-2.84));
#1042 = LINE('',#1043,#1044);
#1043 = CARTESIAN_POINT('',(-0.32,-2.86,-2.84));
#1044 = VECTOR('',#1045,1.);
#1045 = DIRECTION('',(1.,0.,0.));
#1046 = ORIENTED_EDGE('',*,*,#1047,.T.);
#1047 = EDGE_CURVE('',#1040,#333,#1048,.T.);
#1048 = LINE('',#1049,#1050);
#1049 = CARTESIAN_POINT('',(-0.32,-2.86,-3.));
#1050 = VECTOR('',#1051,1.);
#1051 = DIRECTION('',(0.,0.,1.));
#1052 = ORIENTED_EDGE('',*,*,#330,.F.);
#1053 = PLANE('',#1054);
#1054 = AXIS2_PLACEMENT_3D('',#1055,#1056,#1057);
#1055 = CARTESIAN_POINT('',(-0.32,-2.86,-3.));
#1056 = DIRECTION('',(0.,1.,0.));
#1057 = DIRECTION('',(0.,-0.,1.));
#1058 = ADVANCED_FACE('',(#1059),#1077,.T.);
#1059 = FACE_BOUND('',#1060,.T.);
#1060 = EDGE_LOOP('',(#1061,#1062,#1070,#1076));
#1061 = ORIENTED_EDGE('',*,*,#1031,.F.);
#1062 = ORIENTED_EDGE('',*,*,#1063,.T.);
#1063 = EDGE_CURVE('',#1032,#1064,#1066,.T.);
#1064 = VERTEX_POINT('',#1065);
#1065 = CARTESIAN_POINT('',(0.32,-2.22,-2.84));
#1066 = LINE('',#1067,#1068);
#1067 = CARTESIAN_POINT('',(0.32,-2.86,-2.84));
#1068 = VECTOR('',#1069,1.);
#1069 = DIRECTION('',(0.,1.,0.));
#1070 = ORIENTED_EDGE('',*,*,#1071,.T.);
#1071 = EDGE_CURVE('',#1064,#349,#1072,.T.);
#1072 = LINE('',#1073,#1074);
#1073 = CARTESIAN_POINT('',(0.32,-2.22,-3.));
#1074 = VECTOR('',#1075,1.);
#1075 = DIRECTION('',(0.,0.,1.));
#1076 = ORIENTED_EDGE('',*,*,#356,.F.);
#1077 = PLANE('',#1078);
#1078 = AXIS2_PLACEMENT_3D('',#1079,#1080,#1081);
#1079 = CARTESIAN_POINT('',(0.32,-2.86,-3.));
#1080 = DIRECTION('',(1.,0.,0.));
#1081 = DIRECTION('',(0.,0.,1.));
#1082 = ADVANCED_FACE('',(#1083),#1101,.T.);
#1083 = FACE_BOUND('',#1084,.T.);
#1084 = EDGE_LOOP('',(#1085,#1086,#1094,#1100));
#1085 = ORIENTED_EDGE('',*,*,#1071,.F.);
#1086 = ORIENTED_EDGE('',*,*,#1087,.F.);
#1087 = EDGE_CURVE('',#1088,#1064,#1090,.T.);
#1088 = VERTEX_POINT('',#1089);
#1089 = CARTESIAN_POINT('',(-0.32,-2.22,-2.84));
#1090 = LINE('',#1091,#1092);
#1091 = CARTESIAN_POINT('',(-0.32,-2.22,-2.84));
#1092 = VECTOR('',#1093,1.);
#1093 = DIRECTION('',(1.,0.,0.));
#1094 = ORIENTED_EDGE('',*,*,#1095,.T.);
#1095 = EDGE_CURVE('',#1088,#341,#1096,.T.);
#1096 = LINE('',#1097,#1098);
#1097 = CARTESIAN_POINT('',(-0.32,-2.22,-3.));
#1098 = VECTOR('',#1099,1.);
#1099 = DIRECTION('',(0.,0.,1.));
#1100 = ORIENTED_EDGE('',*,*,#348,.F.);
#1101 = PLANE('',#1102);
#1102 = AXIS2_PLACEMENT_3D('',#1103,#1104,#1105);
#1103 = CARTESIAN_POINT('',(-0.32,-2.22,-3.));
#1104 = DIRECTION('',(0.,1.,0.));
#1105 = DIRECTION('',(0.,-0.,1.));
#1106 = ADVANCED_FACE('',(#1107),#1118,.F.);
#1107 = FACE_BOUND('',#1108,.F.);
#1108 = EDGE_LOOP('',(#1109,#1110,#1116,#1117));
#1109 = ORIENTED_EDGE('',*,*,#1047,.F.);
#1110 = ORIENTED_EDGE('',*,*,#1111,.T.);
#1111 = EDGE_CURVE('',#1040,#1088,#1112,.T.);
#1112 = LINE('',#1113,#1114);
#1113 = CARTESIAN_POINT('',(-0.32,-2.86,-2.84));
#1114 = VECTOR('',#1115,1.);
#1115 = DIRECTION('',(0.,1.,0.));
#1116 = ORIENTED_EDGE('',*,*,#1095,.T.);
#1117 = ORIENTED_EDGE('',*,*,#340,.F.);
#1118 = PLANE('',#1119);
#1119 = AXIS2_PLACEMENT_3D('',#1120,#1121,#1122);
#1120 = CARTESIAN_POINT('',(-0.32,-2.86,-3.));
#1121 = DIRECTION('',(1.,0.,0.));
#1122 = DIRECTION('',(0.,0.,1.));
#1123 = ADVANCED_FACE('',(#1124),#1149,.T.);
#1124 = FACE_BOUND('',#1125,.T.);
#1125 = EDGE_LOOP('',(#1126,#1134,#1142,#1148));
#1126 = ORIENTED_EDGE('',*,*,#1127,.F.);
#1127 = EDGE_CURVE('',#1128,#365,#1130,.T.);
#1128 = VERTEX_POINT('',#1129);
#1129 = CARTESIAN_POINT('',(0.32,-4.76,-2.84));
#1130 = LINE('',#1131,#1132);
#1131 = CARTESIAN_POINT('',(0.32,-4.76,-3.));
#1132 = VECTOR('',#1133,1.);
#1133 = DIRECTION('',(0.,0.,1.));
#1134 = ORIENTED_EDGE('',*,*,#1135,.F.);
#1135 = EDGE_CURVE('',#1136,#1128,#1138,.T.);
#1136 = VERTEX_POINT('',#1137);
#1137 = CARTESIAN_POINT('',(-0.32,-4.76,-2.84));
#1138 = LINE('',#1139,#1140);
#1139 = CARTESIAN_POINT('',(-0.32,-4.76,-2.84));
#1140 = VECTOR('',#1141,1.);
#1141 = DIRECTION('',(1.,0.,0.));
#1142 = ORIENTED_EDGE('',*,*,#1143,.T.);
#1143 = EDGE_CURVE('',#1136,#367,#1144,.T.);
#1144 = LINE('',#1145,#1146);
#1145 = CARTESIAN_POINT('',(-0.32,-4.76,-3.));
#1146 = VECTOR('',#1147,1.);
#1147 = DIRECTION('',(0.,0.,1.));
#1148 = ORIENTED_EDGE('',*,*,#364,.F.);
#1149 = PLANE('',#1150);
#1150 = AXIS2_PLACEMENT_3D('',#1151,#1152,#1153);
#1151 = CARTESIAN_POINT('',(-0.32,-4.76,-3.));
#1152 = DIRECTION('',(0.,1.,0.));
#1153 = DIRECTION('',(0.,-0.,1.));
#1154 = ADVANCED_FACE('',(#1155),#1173,.F.);
#1155 = FACE_BOUND('',#1156,.F.);
#1156 = EDGE_LOOP('',(#1157,#1165,#1171,#1172));
#1157 = ORIENTED_EDGE('',*,*,#1158,.F.);
#1158 = EDGE_CURVE('',#1159,#383,#1161,.T.);
#1159 = VERTEX_POINT('',#1160);
#1160 = CARTESIAN_POINT('',(-0.32,-5.4,-2.84));
#1161 = LINE('',#1162,#1163);
#1162 = CARTESIAN_POINT('',(-0.32,-5.4,-3.));
#1163 = VECTOR('',#1164,1.);
#1164 = DIRECTION('',(0.,0.,1.));
#1165 = ORIENTED_EDGE('',*,*,#1166,.T.);
#1166 = EDGE_CURVE('',#1159,#1136,#1167,.T.);
#1167 = LINE('',#1168,#1169);
#1168 = CARTESIAN_POINT('',(-0.32,-5.4,-2.84));
#1169 = VECTOR('',#1170,1.);
#1170 = DIRECTION('',(0.,1.,0.));
#1171 = ORIENTED_EDGE('',*,*,#1143,.T.);
#1172 = ORIENTED_EDGE('',*,*,#390,.F.);
#1173 = PLANE('',#1174);
#1174 = AXIS2_PLACEMENT_3D('',#1175,#1176,#1177);
#1175 = CARTESIAN_POINT('',(-0.32,-5.4,-3.));
#1176 = DIRECTION('',(1.,0.,0.));
#1177 = DIRECTION('',(0.,0.,1.));
#1178 = ADVANCED_FACE('',(#1179),#1197,.F.);
#1179 = FACE_BOUND('',#1180,.F.);
#1180 = EDGE_LOOP('',(#1181,#1189,#1195,#1196));
#1181 = ORIENTED_EDGE('',*,*,#1182,.F.);
#1182 = EDGE_CURVE('',#1183,#375,#1185,.T.);
#1183 = VERTEX_POINT('',#1184);
#1184 = CARTESIAN_POINT('',(0.32,-5.4,-2.84));
#1185 = LINE('',#1186,#1187);
#1186 = CARTESIAN_POINT('',(0.32,-5.4,-3.));
#1187 = VECTOR('',#1188,1.);
#1188 = DIRECTION('',(0.,0.,1.));
#1189 = ORIENTED_EDGE('',*,*,#1190,.F.);
#1190 = EDGE_CURVE('',#1159,#1183,#1191,.T.);
#1191 = LINE('',#1192,#1193);
#1192 = CARTESIAN_POINT('',(-0.32,-5.4,-2.84));
#1193 = VECTOR('',#1194,1.);
#1194 = DIRECTION('',(1.,0.,0.));
#1195 = ORIENTED_EDGE('',*,*,#1158,.T.);
#1196 = ORIENTED_EDGE('',*,*,#382,.F.);
#1197 = PLANE('',#1198);
#1198 = AXIS2_PLACEMENT_3D('',#1199,#1200,#1201);
#1199 = CARTESIAN_POINT('',(-0.32,-5.4,-3.));
#1200 = DIRECTION('',(0.,1.,0.));
#1201 = DIRECTION('',(0.,-0.,1.));
#1202 = ADVANCED_FACE('',(#1203),#1214,.T.);
#1203 = FACE_BOUND('',#1204,.T.);
#1204 = EDGE_LOOP('',(#1205,#1206,#1212,#1213));
#1205 = ORIENTED_EDGE('',*,*,#1182,.F.);
#1206 = ORIENTED_EDGE('',*,*,#1207,.T.);
#1207 = EDGE_CURVE('',#1183,#1128,#1208,.T.);
#1208 = LINE('',#1209,#1210);
#1209 = CARTESIAN_POINT('',(0.32,-5.4,-2.84));
#1210 = VECTOR('',#1211,1.);
#1211 = DIRECTION('',(0.,1.,0.));
#1212 = ORIENTED_EDGE('',*,*,#1127,.T.);
#1213 = ORIENTED_EDGE('',*,*,#374,.F.);
#1214 = PLANE('',#1215);
#1215 = AXIS2_PLACEMENT_3D('',#1216,#1217,#1218);
#1216 = CARTESIAN_POINT('',(0.32,-5.4,-3.));
#1217 = DIRECTION('',(1.,0.,0.));
#1218 = DIRECTION('',(0.,0.,1.));
#1219 = ADVANCED_FACE('',(#1220),#1245,.T.);
#1220 = FACE_BOUND('',#1221,.T.);
#1221 = EDGE_LOOP('',(#1222,#1230,#1231,#1239));
#1222 = ORIENTED_EDGE('',*,*,#1223,.F.);
#1223 = EDGE_CURVE('',#544,#1224,#1226,.T.);
#1224 = VERTEX_POINT('',#1225);
#1225 = CARTESIAN_POINT('',(0.32,-0.32,8.38));
#1226 = LINE('',#1227,#1228);
#1227 = CARTESIAN_POINT('',(0.32,-0.32,-3.));
#1228 = VECTOR('',#1229,1.);
#1229 = DIRECTION('',(0.,0.,1.));
#1230 = ORIENTED_EDGE('',*,*,#543,.T.);
#1231 = ORIENTED_EDGE('',*,*,#1232,.T.);
#1232 = EDGE_CURVE('',#546,#1233,#1235,.T.);
#1233 = VERTEX_POINT('',#1234);
#1234 = CARTESIAN_POINT('',(0.32,0.32,8.38));
#1235 = LINE('',#1236,#1237);
#1236 = CARTESIAN_POINT('',(0.32,0.32,-3.));
#1237 = VECTOR('',#1238,1.);
#1238 = DIRECTION('',(0.,0.,1.));
#1239 = ORIENTED_EDGE('',*,*,#1240,.F.);
#1240 = EDGE_CURVE('',#1224,#1233,#1241,.T.);
#1241 = LINE('',#1242,#1243);
#1242 = CARTESIAN_POINT('',(0.32,-0.32,8.38));
#1243 = VECTOR('',#1244,1.);
#1244 = DIRECTION('',(0.,1.,0.));
#1245 = PLANE('',#1246);
#1246 = AXIS2_PLACEMENT_3D('',#1247,#1248,#1249);
#1247 = CARTESIAN_POINT('',(0.32,-0.32,-3.));
#1248 = DIRECTION('',(1.,0.,0.));
#1249 = DIRECTION('',(0.,0.,1.));
#1250 = ADVANCED_FACE('',(#1251),#1269,.T.);
#1251 = FACE_BOUND('',#1252,.T.);
#1252 = EDGE_LOOP('',(#1253,#1254,#1255,#1263));
#1253 = ORIENTED_EDGE('',*,*,#1232,.F.);
#1254 = ORIENTED_EDGE('',*,*,#569,.T.);
#1255 = ORIENTED_EDGE('',*,*,#1256,.T.);
#1256 = EDGE_CURVE('',#562,#1257,#1259,.T.);
#1257 = VERTEX_POINT('',#1258);
#1258 = CARTESIAN_POINT('',(-0.32,0.32,8.38));
#1259 = LINE('',#1260,#1261);
#1260 = CARTESIAN_POINT('',(-0.32,0.32,-3.));
#1261 = VECTOR('',#1262,1.);
#1262 = DIRECTION('',(0.,0.,1.));
#1263 = ORIENTED_EDGE('',*,*,#1264,.T.);
#1264 = EDGE_CURVE('',#1257,#1233,#1265,.T.);
#1265 = LINE('',#1266,#1267);
#1266 = CARTESIAN_POINT('',(-0.32,0.32,8.38));
#1267 = VECTOR('',#1268,1.);
#1268 = DIRECTION('',(1.,0.,0.));
#1269 = PLANE('',#1270);
#1270 = AXIS2_PLACEMENT_3D('',#1271,#1272,#1273);
#1271 = CARTESIAN_POINT('',(-0.32,0.32,-3.));
#1272 = DIRECTION('',(0.,1.,0.));
#1273 = DIRECTION('',(0.,-0.,1.));
#1274 = ADVANCED_FACE('',(#1275),#1293,.F.);
#1275 = FACE_BOUND('',#1276,.F.);
#1276 = EDGE_LOOP('',(#1277,#1285,#1286,#1287));
#1277 = ORIENTED_EDGE('',*,*,#1278,.F.);
#1278 = EDGE_CURVE('',#554,#1279,#1281,.T.);
#1279 = VERTEX_POINT('',#1280);
#1280 = CARTESIAN_POINT('',(-0.32,-0.32,8.38));
#1281 = LINE('',#1282,#1283);
#1282 = CARTESIAN_POINT('',(-0.32,-0.32,-3.));
#1283 = VECTOR('',#1284,1.);
#1284 = DIRECTION('',(0.,0.,1.));
#1285 = ORIENTED_EDGE('',*,*,#561,.T.);
#1286 = ORIENTED_EDGE('',*,*,#1256,.T.);
#1287 = ORIENTED_EDGE('',*,*,#1288,.F.);
#1288 = EDGE_CURVE('',#1279,#1257,#1289,.T.);
#1289 = LINE('',#1290,#1291);
#1290 = CARTESIAN_POINT('',(-0.32,-0.32,8.38));
#1291 = VECTOR('',#1292,1.);
#1292 = DIRECTION('',(0.,1.,0.));
#1293 = PLANE('',#1294);
#1294 = AXIS2_PLACEMENT_3D('',#1295,#1296,#1297);
#1295 = CARTESIAN_POINT('',(-0.32,-0.32,-3.));
#1296 = DIRECTION('',(1.,0.,0.));
#1297 = DIRECTION('',(0.,0.,1.));
#1298 = ADVANCED_FACE('',(#1299),#1310,.F.);
#1299 = FACE_BOUND('',#1300,.F.);
#1300 = EDGE_LOOP('',(#1301,#1302,#1303,#1304));
#1301 = ORIENTED_EDGE('',*,*,#1223,.F.);
#1302 = ORIENTED_EDGE('',*,*,#553,.T.);
#1303 = ORIENTED_EDGE('',*,*,#1278,.T.);
#1304 = ORIENTED_EDGE('',*,*,#1305,.T.);
#1305 = EDGE_CURVE('',#1279,#1224,#1306,.T.);
#1306 = LINE('',#1307,#1308);
#1307 = CARTESIAN_POINT('',(-0.32,-0.32,8.38));
#1308 = VECTOR('',#1309,1.);
#1309 = DIRECTION('',(1.,0.,0.));
#1310 = PLANE('',#1311);
#1311 = AXIS2_PLACEMENT_3D('',#1312,#1313,#1314);
#1312 = CARTESIAN_POINT('',(-0.32,-0.32,-3.));
#1313 = DIRECTION('',(0.,1.,0.));
#1314 = DIRECTION('',(0.,-0.,1.));
#1315 = ADVANCED_FACE('',(#1316),#1341,.F.);
#1316 = FACE_BOUND('',#1317,.F.);
#1317 = EDGE_LOOP('',(#1318,#1326,#1327,#1335));
#1318 = ORIENTED_EDGE('',*,*,#1319,.F.);
#1319 = EDGE_CURVE('',#578,#1320,#1322,.T.);
#1320 = VERTEX_POINT('',#1321);
#1321 = CARTESIAN_POINT('',(0.32,-2.86,8.38));
#1322 = LINE('',#1323,#1324);
#1323 = CARTESIAN_POINT('',(0.32,-2.86,-3.));
#1324 = VECTOR('',#1325,1.);
#1325 = DIRECTION('',(0.,0.,1.));
#1326 = ORIENTED_EDGE('',*,*,#577,.T.);
#1327 = ORIENTED_EDGE('',*,*,#1328,.T.);
#1328 = EDGE_CURVE('',#580,#1329,#1331,.T.);
#1329 = VERTEX_POINT('',#1330);
#1330 = CARTESIAN_POINT('',(-0.32,-2.86,8.38));
#1331 = LINE('',#1332,#1333);
#1332 = CARTESIAN_POINT('',(-0.32,-2.86,-3.));
#1333 = VECTOR('',#1334,1.);
#1334 = DIRECTION('',(0.,0.,1.));
#1335 = ORIENTED_EDGE('',*,*,#1336,.T.);
#1336 = EDGE_CURVE('',#1329,#1320,#1337,.T.);
#1337 = LINE('',#1338,#1339);
#1338 = CARTESIAN_POINT('',(-0.32,-2.86,8.38));
#1339 = VECTOR('',#1340,1.);
#1340 = DIRECTION('',(1.,0.,0.));
#1341 = PLANE('',#1342);
#1342 = AXIS2_PLACEMENT_3D('',#1343,#1344,#1345);
#1343 = CARTESIAN_POINT('',(-0.32,-2.86,-3.));
#1344 = DIRECTION('',(0.,1.,0.));
#1345 = DIRECTION('',(0.,-0.,1.));
#1346 = ADVANCED_FACE('',(#1347),#1365,.T.);
#1347 = FACE_BOUND('',#1348,.T.);
#1348 = EDGE_LOOP('',(#1349,#1350,#1351,#1359));
#1349 = ORIENTED_EDGE('',*,*,#1319,.F.);
#1350 = ORIENTED_EDGE('',*,*,#603,.T.);
#1351 = ORIENTED_EDGE('',*,*,#1352,.T.);
#1352 = EDGE_CURVE('',#596,#1353,#1355,.T.);
#1353 = VERTEX_POINT('',#1354);
#1354 = CARTESIAN_POINT('',(0.32,-2.22,8.38));
#1355 = LINE('',#1356,#1357);
#1356 = CARTESIAN_POINT('',(0.32,-2.22,-3.));
#1357 = VECTOR('',#1358,1.);
#1358 = DIRECTION('',(0.,0.,1.));
#1359 = ORIENTED_EDGE('',*,*,#1360,.F.);
#1360 = EDGE_CURVE('',#1320,#1353,#1361,.T.);
#1361 = LINE('',#1362,#1363);
#1362 = CARTESIAN_POINT('',(0.32,-2.86,8.38));
#1363 = VECTOR('',#1364,1.);
#1364 = DIRECTION('',(0.,1.,0.));
#1365 = PLANE('',#1366);
#1366 = AXIS2_PLACEMENT_3D('',#1367,#1368,#1369);
#1367 = CARTESIAN_POINT('',(0.32,-2.86,-3.));
#1368 = DIRECTION('',(1.,0.,0.));
#1369 = DIRECTION('',(0.,0.,1.));
#1370 = ADVANCED_FACE('',(#1371),#1389,.T.);
#1371 = FACE_BOUND('',#1372,.T.);
#1372 = EDGE_LOOP('',(#1373,#1374,#1375,#1383));
#1373 = ORIENTED_EDGE('',*,*,#1352,.F.);
#1374 = ORIENTED_EDGE('',*,*,#595,.T.);
#1375 = ORIENTED_EDGE('',*,*,#1376,.T.);
#1376 = EDGE_CURVE('',#588,#1377,#1379,.T.);
#1377 = VERTEX_POINT('',#1378);
#1378 = CARTESIAN_POINT('',(-0.32,-2.22,8.38));
#1379 = LINE('',#1380,#1381);
#1380 = CARTESIAN_POINT('',(-0.32,-2.22,-3.));
#1381 = VECTOR('',#1382,1.);
#1382 = DIRECTION('',(0.,0.,1.));
#1383 = ORIENTED_EDGE('',*,*,#1384,.T.);
#1384 = EDGE_CURVE('',#1377,#1353,#1385,.T.);
#1385 = LINE('',#1386,#1387);
#1386 = CARTESIAN_POINT('',(-0.32,-2.22,8.38));
#1387 = VECTOR('',#1388,1.);
#1388 = DIRECTION('',(1.,0.,0.));
#1389 = PLANE('',#1390);
#1390 = AXIS2_PLACEMENT_3D('',#1391,#1392,#1393);
#1391 = CARTESIAN_POINT('',(-0.32,-2.22,-3.));
#1392 = DIRECTION('',(0.,1.,0.));
#1393 = DIRECTION('',(0.,-0.,1.));
#1394 = ADVANCED_FACE('',(#1395),#1406,.F.);
#1395 = FACE_BOUND('',#1396,.F.);
#1396 = EDGE_LOOP('',(#1397,#1398,#1399,#1400));
#1397 = ORIENTED_EDGE('',*,*,#1328,.F.);
#1398 = ORIENTED_EDGE('',*,*,#587,.T.);
#1399 = ORIENTED_EDGE('',*,*,#1376,.T.);
#1400 = ORIENTED_EDGE('',*,*,#1401,.F.);
#1401 = EDGE_CURVE('',#1329,#1377,#1402,.T.);
#1402 = LINE('',#1403,#1404);
#1403 = CARTESIAN_POINT('',(-0.32,-2.86,8.38));
#1404 = VECTOR('',#1405,1.);
#1405 = DIRECTION('',(0.,1.,0.));
#1406 = PLANE('',#1407);
#1407 = AXIS2_PLACEMENT_3D('',#1408,#1409,#1410);
#1408 = CARTESIAN_POINT('',(-0.32,-2.86,-3.));
#1409 = DIRECTION('',(1.,0.,0.));
#1410 = DIRECTION('',(0.,0.,1.));
#1411 = ADVANCED_FACE('',(#1412),#1437,.T.);
#1412 = FACE_BOUND('',#1413,.T.);
#1413 = EDGE_LOOP('',(#1414,#1422,#1423,#1431));
#1414 = ORIENTED_EDGE('',*,*,#1415,.F.);
#1415 = EDGE_CURVE('',#612,#1416,#1418,.T.);
#1416 = VERTEX_POINT('',#1417);
#1417 = CARTESIAN_POINT('',(0.32,-4.76,8.38));
#1418 = LINE('',#1419,#1420);
#1419 = CARTESIAN_POINT('',(0.32,-4.76,-3.));
#1420 = VECTOR('',#1421,1.);
#1421 = DIRECTION('',(0.,0.,1.));
#1422 = ORIENTED_EDGE('',*,*,#611,.T.);
#1423 = ORIENTED_EDGE('',*,*,#1424,.T.);
#1424 = EDGE_CURVE('',#614,#1425,#1427,.T.);
#1425 = VERTEX_POINT('',#1426);
#1426 = CARTESIAN_POINT('',(-0.32,-4.76,8.38));
#1427 = LINE('',#1428,#1429);
#1428 = CARTESIAN_POINT('',(-0.32,-4.76,-3.));
#1429 = VECTOR('',#1430,1.);
#1430 = DIRECTION('',(0.,0.,1.));
#1431 = ORIENTED_EDGE('',*,*,#1432,.T.);
#1432 = EDGE_CURVE('',#1425,#1416,#1433,.T.);
#1433 = LINE('',#1434,#1435);
#1434 = CARTESIAN_POINT('',(-0.32,-4.76,8.38));
#1435 = VECTOR('',#1436,1.);
#1436 = DIRECTION('',(1.,0.,0.));
#1437 = PLANE('',#1438);
#1438 = AXIS2_PLACEMENT_3D('',#1439,#1440,#1441);
#1439 = CARTESIAN_POINT('',(-0.32,-4.76,-3.));
#1440 = DIRECTION('',(0.,1.,0.));
#1441 = DIRECTION('',(0.,-0.,1.));
#1442 = ADVANCED_FACE('',(#1443),#1461,.F.);
#1443 = FACE_BOUND('',#1444,.F.);
#1444 = EDGE_LOOP('',(#1445,#1453,#1454,#1455));
#1445 = ORIENTED_EDGE('',*,*,#1446,.F.);
#1446 = EDGE_CURVE('',#630,#1447,#1449,.T.);
#1447 = VERTEX_POINT('',#1448);
#1448 = CARTESIAN_POINT('',(-0.32,-5.4,8.38));
#1449 = LINE('',#1450,#1451);
#1450 = CARTESIAN_POINT('',(-0.32,-5.4,-3.));
#1451 = VECTOR('',#1452,1.);
#1452 = DIRECTION('',(0.,0.,1.));
#1453 = ORIENTED_EDGE('',*,*,#637,.T.);
#1454 = ORIENTED_EDGE('',*,*,#1424,.T.);
#1455 = ORIENTED_EDGE('',*,*,#1456,.F.);
#1456 = EDGE_CURVE('',#1447,#1425,#1457,.T.);
#1457 = LINE('',#1458,#1459);
#1458 = CARTESIAN_POINT('',(-0.32,-5.4,8.38));
#1459 = VECTOR('',#1460,1.);
#1460 = DIRECTION('',(0.,1.,0.));
#1461 = PLANE('',#1462);
#1462 = AXIS2_PLACEMENT_3D('',#1463,#1464,#1465);
#1463 = CARTESIAN_POINT('',(-0.32,-5.4,-3.));
#1464 = DIRECTION('',(1.,0.,0.));
#1465 = DIRECTION('',(0.,0.,1.));
#1466 = ADVANCED_FACE('',(#1467),#1485,.F.);
#1467 = FACE_BOUND('',#1468,.F.);
#1468 = EDGE_LOOP('',(#1469,#1477,#1478,#1479));
#1469 = ORIENTED_EDGE('',*,*,#1470,.F.);
#1470 = EDGE_CURVE('',#622,#1471,#1473,.T.);
#1471 = VERTEX_POINT('',#1472);
#1472 = CARTESIAN_POINT('',(0.32,-5.4,8.38));
#1473 = LINE('',#1474,#1475);
#1474 = CARTESIAN_POINT('',(0.32,-5.4,-3.));
#1475 = VECTOR('',#1476,1.);
#1476 = DIRECTION('',(0.,0.,1.));
#1477 = ORIENTED_EDGE('',*,*,#629,.T.);
#1478 = ORIENTED_EDGE('',*,*,#1446,.T.);
#1479 = ORIENTED_EDGE('',*,*,#1480,.T.);
#1480 = EDGE_CURVE('',#1447,#1471,#1481,.T.);
#1481 = LINE('',#1482,#1483);
#1482 = CARTESIAN_POINT('',(-0.32,-5.4,8.38));
#1483 = VECTOR('',#1484,1.);
#1484 = DIRECTION('',(1.,0.,0.));
#1485 = PLANE('',#1486);
#1486 = AXIS2_PLACEMENT_3D('',#1487,#1488,#1489);
#1487 = CARTESIAN_POINT('',(-0.32,-5.4,-3.));
#1488 = DIRECTION('',(0.,1.,0.));
#1489 = DIRECTION('',(0.,-0.,1.));
#1490 = ADVANCED_FACE('',(#1491),#1502,.T.);
#1491 = FACE_BOUND('',#1492,.T.);
#1492 = EDGE_LOOP('',(#1493,#1494,#1495,#1496));
#1493 = ORIENTED_EDGE('',*,*,#1470,.F.);
#1494 = ORIENTED_EDGE('',*,*,#621,.T.);
#1495 = ORIENTED_EDGE('',*,*,#1415,.T.);
#1496 = ORIENTED_EDGE('',*,*,#1497,.F.);
#1497 = EDGE_CURVE('',#1471,#1416,#1498,.T.);
#1498 = LINE('',#1499,#1500);
#1499 = CARTESIAN_POINT('',(0.32,-5.4,8.38));
#1500 = VECTOR('',#1501,1.);
#1501 = DIRECTION('',(0.,1.,0.));
#1502 = PLANE('',#1503);
#1503 = AXIS2_PLACEMENT_3D('',#1504,#1505,#1506);
#1504 = CARTESIAN_POINT('',(0.32,-5.4,-3.));
#1505 = DIRECTION('',(1.,0.,0.));
#1506 = DIRECTION('',(0.,0.,1.));
#1507 = ADVANCED_FACE('',(#1508),#1533,.F.);
#1508 = FACE_BOUND('',#1509,.F.);
#1509 = EDGE_LOOP('',(#1510,#1518,#1519,#1527));
#1510 = ORIENTED_EDGE('',*,*,#1511,.F.);
#1511 = EDGE_CURVE('',#936,#1512,#1514,.T.);
#1512 = VERTEX_POINT('',#1513);
#1513 = CARTESIAN_POINT('',(0.16,-0.16,-3.));
#1514 = LINE('',#1515,#1516);
#1515 = CARTESIAN_POINT('',(0.16,-0.16,-3.));
#1516 = VECTOR('',#1517,1.);
#1517 = DIRECTION('',(-0.57735026919,0.57735026919,-0.57735026919));
#1518 = ORIENTED_EDGE('',*,*,#943,.T.);
#1519 = ORIENTED_EDGE('',*,*,#1520,.T.);
#1520 = EDGE_CURVE('',#944,#1521,#1523,.T.);
#1521 = VERTEX_POINT('',#1522);
#1522 = CARTESIAN_POINT('',(0.16,0.16,-3.));
#1523 = LINE('',#1524,#1525);
#1524 = CARTESIAN_POINT('',(5.333333333333E-02,5.333333333333E-02,
    -3.106666666667));
#1525 = VECTOR('',#1526,1.);
#1526 = DIRECTION('',(-0.57735026919,-0.57735026919,-0.57735026919));
#1527 = ORIENTED_EDGE('',*,*,#1528,.F.);
#1528 = EDGE_CURVE('',#1512,#1521,#1529,.T.);
#1529 = LINE('',#1530,#1531);
#1530 = CARTESIAN_POINT('',(0.16,-0.32,-3.));
#1531 = VECTOR('',#1532,1.);
#1532 = DIRECTION('',(0.,1.,0.));
#1533 = PLANE('',#1534);
#1534 = AXIS2_PLACEMENT_3D('',#1535,#1536,#1537);
#1535 = CARTESIAN_POINT('',(0.24,-0.32,-2.92));
#1536 = DIRECTION('',(-0.707106781187,1.735167508357E-18,0.707106781187)
  );
#1537 = DIRECTION('',(1.226948711654E-18,1.,-1.226948711654E-18));
#1538 = ADVANCED_FACE('',(#1539),#1557,.F.);
#1539 = FACE_BOUND('',#1540,.T.);
#1540 = EDGE_LOOP('',(#1541,#1549,#1550,#1551));
#1541 = ORIENTED_EDGE('',*,*,#1542,.F.);
#1542 = EDGE_CURVE('',#968,#1543,#1545,.T.);
#1543 = VERTEX_POINT('',#1544);
#1544 = CARTESIAN_POINT('',(-0.16,0.16,-3.));
#1545 = LINE('',#1546,#1547);
#1546 = CARTESIAN_POINT('',(-0.16,0.16,-3.));
#1547 = VECTOR('',#1548,1.);
#1548 = DIRECTION('',(0.57735026919,-0.57735026919,-0.57735026919));
#1549 = ORIENTED_EDGE('',*,*,#967,.T.);
#1550 = ORIENTED_EDGE('',*,*,#1520,.T.);
#1551 = ORIENTED_EDGE('',*,*,#1552,.F.);
#1552 = EDGE_CURVE('',#1543,#1521,#1553,.T.);
#1553 = LINE('',#1554,#1555);
#1554 = CARTESIAN_POINT('',(-0.32,0.16,-3.));
#1555 = VECTOR('',#1556,1.);
#1556 = DIRECTION('',(1.,0.,0.));
#1557 = PLANE('',#1558);
#1558 = AXIS2_PLACEMENT_3D('',#1559,#1560,#1561);
#1559 = CARTESIAN_POINT('',(-0.32,0.24,-2.92));
#1560 = DIRECTION('',(-1.735167508357E-18,-0.707106781187,0.707106781187
    ));
#1561 = DIRECTION('',(-1.,1.226948711654E-18,-1.226948711654E-18));
#1562 = ADVANCED_FACE('',(#1563),#1581,.T.);
#1563 = FACE_BOUND('',#1564,.T.);
#1564 = EDGE_LOOP('',(#1565,#1573,#1574,#1575));
#1565 = ORIENTED_EDGE('',*,*,#1566,.F.);
#1566 = EDGE_CURVE('',#991,#1567,#1569,.T.);
#1567 = VERTEX_POINT('',#1568);
#1568 = CARTESIAN_POINT('',(-0.16,-0.16,-3.));
#1569 = LINE('',#1570,#1571);
#1570 = CARTESIAN_POINT('',(-0.266666666667,-0.266666666667,
    -2.893333333333));
#1571 = VECTOR('',#1572,1.);
#1572 = DIRECTION('',(0.57735026919,0.57735026919,-0.57735026919));
#1573 = ORIENTED_EDGE('',*,*,#998,.T.);
#1574 = ORIENTED_EDGE('',*,*,#1542,.T.);
#1575 = ORIENTED_EDGE('',*,*,#1576,.F.);
#1576 = EDGE_CURVE('',#1567,#1543,#1577,.T.);
#1577 = LINE('',#1578,#1579);
#1578 = CARTESIAN_POINT('',(-0.16,-0.32,-3.));
#1579 = VECTOR('',#1580,1.);
#1580 = DIRECTION('',(0.,1.,0.));
#1581 = PLANE('',#1582);
#1582 = AXIS2_PLACEMENT_3D('',#1583,#1584,#1585);
#1583 = CARTESIAN_POINT('',(-0.24,-0.32,-2.92));
#1584 = DIRECTION('',(-0.707106781187,-1.735167508357E-18,
    -0.707106781187));
#1585 = DIRECTION('',(-1.226948711654E-18,1.,-1.226948711654E-18));
#1586 = ADVANCED_FACE('',(#1587),#1598,.T.);
#1587 = FACE_BOUND('',#1588,.F.);
#1588 = EDGE_LOOP('',(#1589,#1590,#1591,#1592));
#1589 = ORIENTED_EDGE('',*,*,#1566,.F.);
#1590 = ORIENTED_EDGE('',*,*,#1015,.T.);
#1591 = ORIENTED_EDGE('',*,*,#1511,.T.);
#1592 = ORIENTED_EDGE('',*,*,#1593,.F.);
#1593 = EDGE_CURVE('',#1567,#1512,#1594,.T.);
#1594 = LINE('',#1595,#1596);
#1595 = CARTESIAN_POINT('',(-0.32,-0.16,-3.));
#1596 = VECTOR('',#1597,1.);
#1597 = DIRECTION('',(1.,0.,0.));
#1598 = PLANE('',#1599);
#1599 = AXIS2_PLACEMENT_3D('',#1600,#1601,#1602);
#1600 = CARTESIAN_POINT('',(-0.32,-0.24,-2.92));
#1601 = DIRECTION('',(1.735167508357E-18,-0.707106781187,-0.707106781187
    ));
#1602 = DIRECTION('',(-1.,-1.226948711654E-18,-1.226948711654E-18));
#1603 = ADVANCED_FACE('',(#1604),#1629,.T.);
#1604 = FACE_BOUND('',#1605,.F.);
#1605 = EDGE_LOOP('',(#1606,#1614,#1615,#1623));
#1606 = ORIENTED_EDGE('',*,*,#1607,.F.);
#1607 = EDGE_CURVE('',#1040,#1608,#1610,.T.);
#1608 = VERTEX_POINT('',#1609);
#1609 = CARTESIAN_POINT('',(-0.16,-2.7,-3.));
#1610 = LINE('',#1611,#1612);
#1611 = CARTESIAN_POINT('',(-0.266666666667,-2.806666666667,
    -2.893333333333));
#1612 = VECTOR('',#1613,1.);
#1613 = DIRECTION('',(0.57735026919,0.57735026919,-0.57735026919));
#1614 = ORIENTED_EDGE('',*,*,#1039,.T.);
#1615 = ORIENTED_EDGE('',*,*,#1616,.T.);
#1616 = EDGE_CURVE('',#1032,#1617,#1619,.T.);
#1617 = VERTEX_POINT('',#1618);
#1618 = CARTESIAN_POINT('',(0.16,-2.7,-3.));
#1619 = LINE('',#1620,#1621);
#1620 = CARTESIAN_POINT('',(0.16,-2.7,-3.));
#1621 = VECTOR('',#1622,1.);
#1622 = DIRECTION('',(-0.57735026919,0.57735026919,-0.57735026919));
#1623 = ORIENTED_EDGE('',*,*,#1624,.F.);
#1624 = EDGE_CURVE('',#1608,#1617,#1625,.T.);
#1625 = LINE('',#1626,#1627);
#1626 = CARTESIAN_POINT('',(-0.32,-2.7,-3.));
#1627 = VECTOR('',#1628,1.);
#1628 = DIRECTION('',(1.,0.,0.));
#1629 = PLANE('',#1630);
#1630 = AXIS2_PLACEMENT_3D('',#1631,#1632,#1633);
#1631 = CARTESIAN_POINT('',(-0.32,-2.78,-2.92));
#1632 = DIRECTION('',(1.735167508357E-18,-0.707106781187,-0.707106781187
    ));
#1633 = DIRECTION('',(-1.,-1.226948711654E-18,-1.226948711654E-18));
#1634 = ADVANCED_FACE('',(#1635),#1653,.F.);
#1635 = FACE_BOUND('',#1636,.F.);
#1636 = EDGE_LOOP('',(#1637,#1638,#1639,#1647));
#1637 = ORIENTED_EDGE('',*,*,#1616,.F.);
#1638 = ORIENTED_EDGE('',*,*,#1063,.T.);
#1639 = ORIENTED_EDGE('',*,*,#1640,.T.);
#1640 = EDGE_CURVE('',#1064,#1641,#1643,.T.);
#1641 = VERTEX_POINT('',#1642);
#1642 = CARTESIAN_POINT('',(0.16,-2.38,-3.));
#1643 = LINE('',#1644,#1645);
#1644 = CARTESIAN_POINT('',(5.333333333333E-02,-2.486666666667,
    -3.106666666667));
#1645 = VECTOR('',#1646,1.);
#1646 = DIRECTION('',(-0.57735026919,-0.57735026919,-0.57735026919));
#1647 = ORIENTED_EDGE('',*,*,#1648,.F.);
#1648 = EDGE_CURVE('',#1617,#1641,#1649,.T.);
#1649 = LINE('',#1650,#1651);
#1650 = CARTESIAN_POINT('',(0.16,-2.86,-3.));
#1651 = VECTOR('',#1652,1.);
#1652 = DIRECTION('',(0.,1.,0.));
#1653 = PLANE('',#1654);
#1654 = AXIS2_PLACEMENT_3D('',#1655,#1656,#1657);
#1655 = CARTESIAN_POINT('',(0.24,-2.86,-2.92));
#1656 = DIRECTION('',(-0.707106781187,1.735167508357E-18,0.707106781187)
  );
#1657 = DIRECTION('',(1.226948711654E-18,1.,-1.226948711654E-18));
#1658 = ADVANCED_FACE('',(#1659),#1677,.F.);
#1659 = FACE_BOUND('',#1660,.T.);
#1660 = EDGE_LOOP('',(#1661,#1669,#1670,#1671));
#1661 = ORIENTED_EDGE('',*,*,#1662,.F.);
#1662 = EDGE_CURVE('',#1088,#1663,#1665,.T.);
#1663 = VERTEX_POINT('',#1664);
#1664 = CARTESIAN_POINT('',(-0.16,-2.38,-3.));
#1665 = LINE('',#1666,#1667);
#1666 = CARTESIAN_POINT('',(-0.16,-2.38,-3.));
#1667 = VECTOR('',#1668,1.);
#1668 = DIRECTION('',(0.57735026919,-0.57735026919,-0.57735026919));
#1669 = ORIENTED_EDGE('',*,*,#1087,.T.);
#1670 = ORIENTED_EDGE('',*,*,#1640,.T.);
#1671 = ORIENTED_EDGE('',*,*,#1672,.F.);
#1672 = EDGE_CURVE('',#1663,#1641,#1673,.T.);
#1673 = LINE('',#1674,#1675);
#1674 = CARTESIAN_POINT('',(-0.32,-2.38,-3.));
#1675 = VECTOR('',#1676,1.);
#1676 = DIRECTION('',(1.,0.,0.));
#1677 = PLANE('',#1678);
#1678 = AXIS2_PLACEMENT_3D('',#1679,#1680,#1681);
#1679 = CARTESIAN_POINT('',(-0.32,-2.3,-2.92));
#1680 = DIRECTION('',(-1.735167508357E-18,-0.707106781187,0.707106781187
    ));
#1681 = DIRECTION('',(-1.,1.226948711654E-18,-1.226948711654E-18));
#1682 = ADVANCED_FACE('',(#1683),#1694,.T.);
#1683 = FACE_BOUND('',#1684,.T.);
#1684 = EDGE_LOOP('',(#1685,#1686,#1687,#1688));
#1685 = ORIENTED_EDGE('',*,*,#1607,.F.);
#1686 = ORIENTED_EDGE('',*,*,#1111,.T.);
#1687 = ORIENTED_EDGE('',*,*,#1662,.T.);
#1688 = ORIENTED_EDGE('',*,*,#1689,.F.);
#1689 = EDGE_CURVE('',#1608,#1663,#1690,.T.);
#1690 = LINE('',#1691,#1692);
#1691 = CARTESIAN_POINT('',(-0.16,-2.86,-3.));
#1692 = VECTOR('',#1693,1.);
#1693 = DIRECTION('',(0.,1.,0.));
#1694 = PLANE('',#1695);
#1695 = AXIS2_PLACEMENT_3D('',#1696,#1697,#1698);
#1696 = CARTESIAN_POINT('',(-0.24,-2.86,-2.92));
#1697 = DIRECTION('',(-0.707106781187,-1.735167508357E-18,
    -0.707106781187));
#1698 = DIRECTION('',(-1.226948711654E-18,1.,-1.226948711654E-18));
#1699 = ADVANCED_FACE('',(#1700),#1725,.F.);
#1700 = FACE_BOUND('',#1701,.T.);
#1701 = EDGE_LOOP('',(#1702,#1710,#1711,#1719));
#1702 = ORIENTED_EDGE('',*,*,#1703,.F.);
#1703 = EDGE_CURVE('',#1136,#1704,#1706,.T.);
#1704 = VERTEX_POINT('',#1705);
#1705 = CARTESIAN_POINT('',(-0.16,-4.92,-3.));
#1706 = LINE('',#1707,#1708);
#1707 = CARTESIAN_POINT('',(-0.16,-4.92,-3.));
#1708 = VECTOR('',#1709,1.);
#1709 = DIRECTION('',(0.57735026919,-0.57735026919,-0.57735026919));
#1710 = ORIENTED_EDGE('',*,*,#1135,.T.);
#1711 = ORIENTED_EDGE('',*,*,#1712,.T.);
#1712 = EDGE_CURVE('',#1128,#1713,#1715,.T.);
#1713 = VERTEX_POINT('',#1714);
#1714 = CARTESIAN_POINT('',(0.16,-4.92,-3.));
#1715 = LINE('',#1716,#1717);
#1716 = CARTESIAN_POINT('',(5.333333333333E-02,-5.026666666667,
    -3.106666666667));
#1717 = VECTOR('',#1718,1.);
#1718 = DIRECTION('',(-0.57735026919,-0.57735026919,-0.57735026919));
#1719 = ORIENTED_EDGE('',*,*,#1720,.F.);
#1720 = EDGE_CURVE('',#1704,#1713,#1721,.T.);
#1721 = LINE('',#1722,#1723);
#1722 = CARTESIAN_POINT('',(-0.32,-4.92,-3.));
#1723 = VECTOR('',#1724,1.);
#1724 = DIRECTION('',(1.,0.,0.));
#1725 = PLANE('',#1726);
#1726 = AXIS2_PLACEMENT_3D('',#1727,#1728,#1729);
#1727 = CARTESIAN_POINT('',(-0.32,-4.84,-2.92));
#1728 = DIRECTION('',(-1.735167508357E-18,-0.707106781187,0.707106781187
    ));
#1729 = DIRECTION('',(-1.,1.226948711654E-18,-1.226948711654E-18));
#1730 = ADVANCED_FACE('',(#1731),#1749,.T.);
#1731 = FACE_BOUND('',#1732,.T.);
#1732 = EDGE_LOOP('',(#1733,#1741,#1742,#1743));
#1733 = ORIENTED_EDGE('',*,*,#1734,.F.);
#1734 = EDGE_CURVE('',#1159,#1735,#1737,.T.);
#1735 = VERTEX_POINT('',#1736);
#1736 = CARTESIAN_POINT('',(-0.16,-5.24,-3.));
#1737 = LINE('',#1738,#1739);
#1738 = CARTESIAN_POINT('',(-0.266666666667,-5.346666666667,
    -2.893333333333));
#1739 = VECTOR('',#1740,1.);
#1740 = DIRECTION('',(0.57735026919,0.57735026919,-0.57735026919));
#1741 = ORIENTED_EDGE('',*,*,#1166,.T.);
#1742 = ORIENTED_EDGE('',*,*,#1703,.T.);
#1743 = ORIENTED_EDGE('',*,*,#1744,.F.);
#1744 = EDGE_CURVE('',#1735,#1704,#1745,.T.);
#1745 = LINE('',#1746,#1747);
#1746 = CARTESIAN_POINT('',(-0.16,-5.4,-3.));
#1747 = VECTOR('',#1748,1.);
#1748 = DIRECTION('',(0.,1.,0.));
#1749 = PLANE('',#1750);
#1750 = AXIS2_PLACEMENT_3D('',#1751,#1752,#1753);
#1751 = CARTESIAN_POINT('',(-0.24,-5.4,-2.92));
#1752 = DIRECTION('',(-0.707106781187,-1.735167508357E-18,
    -0.707106781187));
#1753 = DIRECTION('',(-1.226948711654E-18,1.,-1.226948711654E-18));
#1754 = ADVANCED_FACE('',(#1755),#1773,.T.);
#1755 = FACE_BOUND('',#1756,.F.);
#1756 = EDGE_LOOP('',(#1757,#1758,#1759,#1767));
#1757 = ORIENTED_EDGE('',*,*,#1734,.F.);
#1758 = ORIENTED_EDGE('',*,*,#1190,.T.);
#1759 = ORIENTED_EDGE('',*,*,#1760,.T.);
#1760 = EDGE_CURVE('',#1183,#1761,#1763,.T.);
#1761 = VERTEX_POINT('',#1762);
#1762 = CARTESIAN_POINT('',(0.16,-5.24,-3.));
#1763 = LINE('',#1764,#1765);
#1764 = CARTESIAN_POINT('',(0.16,-5.24,-3.));
#1765 = VECTOR('',#1766,1.);
#1766 = DIRECTION('',(-0.57735026919,0.57735026919,-0.57735026919));
#1767 = ORIENTED_EDGE('',*,*,#1768,.F.);
#1768 = EDGE_CURVE('',#1735,#1761,#1769,.T.);
#1769 = LINE('',#1770,#1771);
#1770 = CARTESIAN_POINT('',(-0.32,-5.24,-3.));
#1771 = VECTOR('',#1772,1.);
#1772 = DIRECTION('',(1.,0.,0.));
#1773 = PLANE('',#1774);
#1774 = AXIS2_PLACEMENT_3D('',#1775,#1776,#1777);
#1775 = CARTESIAN_POINT('',(-0.32,-5.32,-2.92));
#1776 = DIRECTION('',(1.735167508357E-18,-0.707106781187,-0.707106781187
    ));
#1777 = DIRECTION('',(-1.,-1.226948711654E-18,-1.226948711654E-18));
#1778 = ADVANCED_FACE('',(#1779),#1790,.F.);
#1779 = FACE_BOUND('',#1780,.F.);
#1780 = EDGE_LOOP('',(#1781,#1782,#1783,#1784));
#1781 = ORIENTED_EDGE('',*,*,#1760,.F.);
#1782 = ORIENTED_EDGE('',*,*,#1207,.T.);
#1783 = ORIENTED_EDGE('',*,*,#1712,.T.);
#1784 = ORIENTED_EDGE('',*,*,#1785,.F.);
#1785 = EDGE_CURVE('',#1761,#1713,#1786,.T.);
#1786 = LINE('',#1787,#1788);
#1787 = CARTESIAN_POINT('',(0.16,-5.4,-3.));
#1788 = VECTOR('',#1789,1.);
#1789 = DIRECTION('',(0.,1.,0.));
#1790 = PLANE('',#1791);
#1791 = AXIS2_PLACEMENT_3D('',#1792,#1793,#1794);
#1792 = CARTESIAN_POINT('',(0.24,-5.4,-2.92));
#1793 = DIRECTION('',(-0.707106781187,1.735167508357E-18,0.707106781187)
  );
#1794 = DIRECTION('',(1.226948711654E-18,1.,-1.226948711654E-18));
#1795 = ADVANCED_FACE('',(#1796),#1821,.T.);
#1796 = FACE_BOUND('',#1797,.T.);
#1797 = EDGE_LOOP('',(#1798,#1806,#1807,#1815));
#1798 = ORIENTED_EDGE('',*,*,#1799,.F.);
#1799 = EDGE_CURVE('',#1224,#1800,#1802,.T.);
#1800 = VERTEX_POINT('',#1801);
#1801 = CARTESIAN_POINT('',(0.16,-0.16,8.54));
#1802 = LINE('',#1803,#1804);
#1803 = CARTESIAN_POINT('',(0.16,-0.16,8.54));
#1804 = VECTOR('',#1805,1.);
#1805 = DIRECTION('',(-0.57735026919,0.57735026919,0.57735026919));
#1806 = ORIENTED_EDGE('',*,*,#1240,.T.);
#1807 = ORIENTED_EDGE('',*,*,#1808,.T.);
#1808 = EDGE_CURVE('',#1233,#1809,#1811,.T.);
#1809 = VERTEX_POINT('',#1810);
#1810 = CARTESIAN_POINT('',(0.16,0.16,8.54));
#1811 = LINE('',#1812,#1813);
#1812 = CARTESIAN_POINT('',(5.333333333333E-02,5.333333333333E-02,
    8.646666666667));
#1813 = VECTOR('',#1814,1.);
#1814 = DIRECTION('',(-0.57735026919,-0.57735026919,0.57735026919));
#1815 = ORIENTED_EDGE('',*,*,#1816,.F.);
#1816 = EDGE_CURVE('',#1800,#1809,#1817,.T.);
#1817 = LINE('',#1818,#1819);
#1818 = CARTESIAN_POINT('',(0.16,-0.32,8.54));
#1819 = VECTOR('',#1820,1.);
#1820 = DIRECTION('',(0.,1.,0.));
#1821 = PLANE('',#1822);
#1822 = AXIS2_PLACEMENT_3D('',#1823,#1824,#1825);
#1823 = CARTESIAN_POINT('',(0.24,-0.32,8.46));
#1824 = DIRECTION('',(0.707106781187,-1.735167508357E-18,0.707106781187)
  );
#1825 = DIRECTION('',(1.226948711654E-18,1.,1.226948711654E-18));
#1826 = ADVANCED_FACE('',(#1827),#1845,.T.);
#1827 = FACE_BOUND('',#1828,.F.);
#1828 = EDGE_LOOP('',(#1829,#1837,#1838,#1839));
#1829 = ORIENTED_EDGE('',*,*,#1830,.F.);
#1830 = EDGE_CURVE('',#1257,#1831,#1833,.T.);
#1831 = VERTEX_POINT('',#1832);
#1832 = CARTESIAN_POINT('',(-0.16,0.16,8.54));
#1833 = LINE('',#1834,#1835);
#1834 = CARTESIAN_POINT('',(-0.16,0.16,8.54));
#1835 = VECTOR('',#1836,1.);
#1836 = DIRECTION('',(0.57735026919,-0.57735026919,0.57735026919));
#1837 = ORIENTED_EDGE('',*,*,#1264,.T.);
#1838 = ORIENTED_EDGE('',*,*,#1808,.T.);
#1839 = ORIENTED_EDGE('',*,*,#1840,.F.);
#1840 = EDGE_CURVE('',#1831,#1809,#1841,.T.);
#1841 = LINE('',#1842,#1843);
#1842 = CARTESIAN_POINT('',(-0.32,0.16,8.54));
#1843 = VECTOR('',#1844,1.);
#1844 = DIRECTION('',(1.,0.,0.));
#1845 = PLANE('',#1846);
#1846 = AXIS2_PLACEMENT_3D('',#1847,#1848,#1849);
#1847 = CARTESIAN_POINT('',(-0.32,0.24,8.46));
#1848 = DIRECTION('',(1.735167508357E-18,0.707106781187,0.707106781187)
  );
#1849 = DIRECTION('',(-1.,1.226948711654E-18,1.226948711654E-18));
#1850 = ADVANCED_FACE('',(#1851),#1869,.F.);
#1851 = FACE_BOUND('',#1852,.F.);
#1852 = EDGE_LOOP('',(#1853,#1861,#1862,#1863));
#1853 = ORIENTED_EDGE('',*,*,#1854,.F.);
#1854 = EDGE_CURVE('',#1279,#1855,#1857,.T.);
#1855 = VERTEX_POINT('',#1856);
#1856 = CARTESIAN_POINT('',(-0.16,-0.16,8.54));
#1857 = LINE('',#1858,#1859);
#1858 = CARTESIAN_POINT('',(-0.266666666667,-0.266666666667,
    8.433333333333));
#1859 = VECTOR('',#1860,1.);
#1860 = DIRECTION('',(0.57735026919,0.57735026919,0.57735026919));
#1861 = ORIENTED_EDGE('',*,*,#1288,.T.);
#1862 = ORIENTED_EDGE('',*,*,#1830,.T.);
#1863 = ORIENTED_EDGE('',*,*,#1864,.F.);
#1864 = EDGE_CURVE('',#1855,#1831,#1865,.T.);
#1865 = LINE('',#1866,#1867);
#1866 = CARTESIAN_POINT('',(-0.16,-0.32,8.54));
#1867 = VECTOR('',#1868,1.);
#1868 = DIRECTION('',(0.,1.,0.));
#1869 = PLANE('',#1870);
#1870 = AXIS2_PLACEMENT_3D('',#1871,#1872,#1873);
#1871 = CARTESIAN_POINT('',(-0.24,-0.32,8.46));
#1872 = DIRECTION('',(0.707106781187,1.735167508357E-18,-0.707106781187)
  );
#1873 = DIRECTION('',(-1.226948711654E-18,1.,1.226948711654E-18));
#1874 = ADVANCED_FACE('',(#1875),#1886,.F.);
#1875 = FACE_BOUND('',#1876,.T.);
#1876 = EDGE_LOOP('',(#1877,#1878,#1879,#1880));
#1877 = ORIENTED_EDGE('',*,*,#1854,.F.);
#1878 = ORIENTED_EDGE('',*,*,#1305,.T.);
#1879 = ORIENTED_EDGE('',*,*,#1799,.T.);
#1880 = ORIENTED_EDGE('',*,*,#1881,.F.);
#1881 = EDGE_CURVE('',#1855,#1800,#1882,.T.);
#1882 = LINE('',#1883,#1884);
#1883 = CARTESIAN_POINT('',(-0.32,-0.16,8.54));
#1884 = VECTOR('',#1885,1.);
#1885 = DIRECTION('',(1.,0.,0.));
#1886 = PLANE('',#1887);
#1887 = AXIS2_PLACEMENT_3D('',#1888,#1889,#1890);
#1888 = CARTESIAN_POINT('',(-0.32,-0.24,8.46));
#1889 = DIRECTION('',(-1.735167508357E-18,0.707106781187,-0.707106781187
    ));
#1890 = DIRECTION('',(-1.,-1.226948711654E-18,1.226948711654E-18));
#1891 = ADVANCED_FACE('',(#1892),#1917,.F.);
#1892 = FACE_BOUND('',#1893,.T.);
#1893 = EDGE_LOOP('',(#1894,#1902,#1903,#1911));
#1894 = ORIENTED_EDGE('',*,*,#1895,.F.);
#1895 = EDGE_CURVE('',#1329,#1896,#1898,.T.);
#1896 = VERTEX_POINT('',#1897);
#1897 = CARTESIAN_POINT('',(-0.16,-2.7,8.54));
#1898 = LINE('',#1899,#1900);
#1899 = CARTESIAN_POINT('',(-0.266666666667,-2.806666666667,
    8.433333333333));
#1900 = VECTOR('',#1901,1.);
#1901 = DIRECTION('',(0.57735026919,0.57735026919,0.57735026919));
#1902 = ORIENTED_EDGE('',*,*,#1336,.T.);
#1903 = ORIENTED_EDGE('',*,*,#1904,.T.);
#1904 = EDGE_CURVE('',#1320,#1905,#1907,.T.);
#1905 = VERTEX_POINT('',#1906);
#1906 = CARTESIAN_POINT('',(0.16,-2.7,8.54));
#1907 = LINE('',#1908,#1909);
#1908 = CARTESIAN_POINT('',(0.16,-2.7,8.54));
#1909 = VECTOR('',#1910,1.);
#1910 = DIRECTION('',(-0.57735026919,0.57735026919,0.57735026919));
#1911 = ORIENTED_EDGE('',*,*,#1912,.F.);
#1912 = EDGE_CURVE('',#1896,#1905,#1913,.T.);
#1913 = LINE('',#1914,#1915);
#1914 = CARTESIAN_POINT('',(-0.32,-2.7,8.54));
#1915 = VECTOR('',#1916,1.);
#1916 = DIRECTION('',(1.,0.,0.));
#1917 = PLANE('',#1918);
#1918 = AXIS2_PLACEMENT_3D('',#1919,#1920,#1921);
#1919 = CARTESIAN_POINT('',(-0.32,-2.78,8.46));
#1920 = DIRECTION('',(-1.735167508357E-18,0.707106781187,-0.707106781187
    ));
#1921 = DIRECTION('',(-1.,-1.226948711654E-18,1.226948711654E-18));
#1922 = ADVANCED_FACE('',(#1923),#1941,.T.);
#1923 = FACE_BOUND('',#1924,.T.);
#1924 = EDGE_LOOP('',(#1925,#1926,#1927,#1935));
#1925 = ORIENTED_EDGE('',*,*,#1904,.F.);
#1926 = ORIENTED_EDGE('',*,*,#1360,.T.);
#1927 = ORIENTED_EDGE('',*,*,#1928,.T.);
#1928 = EDGE_CURVE('',#1353,#1929,#1931,.T.);
#1929 = VERTEX_POINT('',#1930);
#1930 = CARTESIAN_POINT('',(0.16,-2.38,8.54));
#1931 = LINE('',#1932,#1933);
#1932 = CARTESIAN_POINT('',(5.333333333333E-02,-2.486666666667,
    8.646666666667));
#1933 = VECTOR('',#1934,1.);
#1934 = DIRECTION('',(-0.57735026919,-0.57735026919,0.57735026919));
#1935 = ORIENTED_EDGE('',*,*,#1936,.F.);
#1936 = EDGE_CURVE('',#1905,#1929,#1937,.T.);
#1937 = LINE('',#1938,#1939);
#1938 = CARTESIAN_POINT('',(0.16,-2.86,8.54));
#1939 = VECTOR('',#1940,1.);
#1940 = DIRECTION('',(0.,1.,0.));
#1941 = PLANE('',#1942);
#1942 = AXIS2_PLACEMENT_3D('',#1943,#1944,#1945);
#1943 = CARTESIAN_POINT('',(0.24,-2.86,8.46));
#1944 = DIRECTION('',(0.707106781187,-1.735167508357E-18,0.707106781187)
  );
#1945 = DIRECTION('',(1.226948711654E-18,1.,1.226948711654E-18));
#1946 = ADVANCED_FACE('',(#1947),#1965,.T.);
#1947 = FACE_BOUND('',#1948,.F.);
#1948 = EDGE_LOOP('',(#1949,#1957,#1958,#1959));
#1949 = ORIENTED_EDGE('',*,*,#1950,.F.);
#1950 = EDGE_CURVE('',#1377,#1951,#1953,.T.);
#1951 = VERTEX_POINT('',#1952);
#1952 = CARTESIAN_POINT('',(-0.16,-2.38,8.54));
#1953 = LINE('',#1954,#1955);
#1954 = CARTESIAN_POINT('',(-0.16,-2.38,8.54));
#1955 = VECTOR('',#1956,1.);
#1956 = DIRECTION('',(0.57735026919,-0.57735026919,0.57735026919));
#1957 = ORIENTED_EDGE('',*,*,#1384,.T.);
#1958 = ORIENTED_EDGE('',*,*,#1928,.T.);
#1959 = ORIENTED_EDGE('',*,*,#1960,.F.);
#1960 = EDGE_CURVE('',#1951,#1929,#1961,.T.);
#1961 = LINE('',#1962,#1963);
#1962 = CARTESIAN_POINT('',(-0.32,-2.38,8.54));
#1963 = VECTOR('',#1964,1.);
#1964 = DIRECTION('',(1.,0.,0.));
#1965 = PLANE('',#1966);
#1966 = AXIS2_PLACEMENT_3D('',#1967,#1968,#1969);
#1967 = CARTESIAN_POINT('',(-0.32,-2.3,8.46));
#1968 = DIRECTION('',(1.735167508357E-18,0.707106781187,0.707106781187)
  );
#1969 = DIRECTION('',(-1.,1.226948711654E-18,1.226948711654E-18));
#1970 = ADVANCED_FACE('',(#1971),#1982,.F.);
#1971 = FACE_BOUND('',#1972,.F.);
#1972 = EDGE_LOOP('',(#1973,#1974,#1975,#1976));
#1973 = ORIENTED_EDGE('',*,*,#1895,.F.);
#1974 = ORIENTED_EDGE('',*,*,#1401,.T.);
#1975 = ORIENTED_EDGE('',*,*,#1950,.T.);
#1976 = ORIENTED_EDGE('',*,*,#1977,.F.);
#1977 = EDGE_CURVE('',#1896,#1951,#1978,.T.);
#1978 = LINE('',#1979,#1980);
#1979 = CARTESIAN_POINT('',(-0.16,-2.86,8.54));
#1980 = VECTOR('',#1981,1.);
#1981 = DIRECTION('',(0.,1.,0.));
#1982 = PLANE('',#1983);
#1983 = AXIS2_PLACEMENT_3D('',#1984,#1985,#1986);
#1984 = CARTESIAN_POINT('',(-0.24,-2.86,8.46));
#1985 = DIRECTION('',(0.707106781187,1.735167508357E-18,-0.707106781187)
  );
#1986 = DIRECTION('',(-1.226948711654E-18,1.,1.226948711654E-18));
#1987 = ADVANCED_FACE('',(#1988),#2013,.T.);
#1988 = FACE_BOUND('',#1989,.F.);
#1989 = EDGE_LOOP('',(#1990,#1998,#1999,#2007));
#1990 = ORIENTED_EDGE('',*,*,#1991,.F.);
#1991 = EDGE_CURVE('',#1425,#1992,#1994,.T.);
#1992 = VERTEX_POINT('',#1993);
#1993 = CARTESIAN_POINT('',(-0.16,-4.92,8.54));
#1994 = LINE('',#1995,#1996);
#1995 = CARTESIAN_POINT('',(-0.16,-4.92,8.54));
#1996 = VECTOR('',#1997,1.);
#1997 = DIRECTION('',(0.57735026919,-0.57735026919,0.57735026919));
#1998 = ORIENTED_EDGE('',*,*,#1432,.T.);
#1999 = ORIENTED_EDGE('',*,*,#2000,.T.);
#2000 = EDGE_CURVE('',#1416,#2001,#2003,.T.);
#2001 = VERTEX_POINT('',#2002);
#2002 = CARTESIAN_POINT('',(0.16,-4.92,8.54));
#2003 = LINE('',#2004,#2005);
#2004 = CARTESIAN_POINT('',(5.333333333333E-02,-5.026666666667,
    8.646666666667));
#2005 = VECTOR('',#2006,1.);
#2006 = DIRECTION('',(-0.57735026919,-0.57735026919,0.57735026919));
#2007 = ORIENTED_EDGE('',*,*,#2008,.F.);
#2008 = EDGE_CURVE('',#1992,#2001,#2009,.T.);
#2009 = LINE('',#2010,#2011);
#2010 = CARTESIAN_POINT('',(-0.32,-4.92,8.54));
#2011 = VECTOR('',#2012,1.);
#2012 = DIRECTION('',(1.,0.,0.));
#2013 = PLANE('',#2014);
#2014 = AXIS2_PLACEMENT_3D('',#2015,#2016,#2017);
#2015 = CARTESIAN_POINT('',(-0.32,-4.84,8.46));
#2016 = DIRECTION('',(1.735167508357E-18,0.707106781187,0.707106781187)
  );
#2017 = DIRECTION('',(-1.,1.226948711654E-18,1.226948711654E-18));
#2018 = ADVANCED_FACE('',(#2019),#2037,.F.);
#2019 = FACE_BOUND('',#2020,.F.);
#2020 = EDGE_LOOP('',(#2021,#2029,#2030,#2031));
#2021 = ORIENTED_EDGE('',*,*,#2022,.F.);
#2022 = EDGE_CURVE('',#1447,#2023,#2025,.T.);
#2023 = VERTEX_POINT('',#2024);
#2024 = CARTESIAN_POINT('',(-0.16,-5.24,8.54));
#2025 = LINE('',#2026,#2027);
#2026 = CARTESIAN_POINT('',(-0.266666666667,-5.346666666667,
    8.433333333333));
#2027 = VECTOR('',#2028,1.);
#2028 = DIRECTION('',(0.57735026919,0.57735026919,0.57735026919));
#2029 = ORIENTED_EDGE('',*,*,#1456,.T.);
#2030 = ORIENTED_EDGE('',*,*,#1991,.T.);
#2031 = ORIENTED_EDGE('',*,*,#2032,.F.);
#2032 = EDGE_CURVE('',#2023,#1992,#2033,.T.);
#2033 = LINE('',#2034,#2035);
#2034 = CARTESIAN_POINT('',(-0.16,-5.4,8.54));
#2035 = VECTOR('',#2036,1.);
#2036 = DIRECTION('',(0.,1.,0.));
#2037 = PLANE('',#2038);
#2038 = AXIS2_PLACEMENT_3D('',#2039,#2040,#2041);
#2039 = CARTESIAN_POINT('',(-0.24,-5.4,8.46));
#2040 = DIRECTION('',(0.707106781187,1.735167508357E-18,-0.707106781187)
  );
#2041 = DIRECTION('',(-1.226948711654E-18,1.,1.226948711654E-18));
#2042 = ADVANCED_FACE('',(#2043),#2061,.F.);
#2043 = FACE_BOUND('',#2044,.T.);
#2044 = EDGE_LOOP('',(#2045,#2046,#2047,#2055));
#2045 = ORIENTED_EDGE('',*,*,#2022,.F.);
#2046 = ORIENTED_EDGE('',*,*,#1480,.T.);
#2047 = ORIENTED_EDGE('',*,*,#2048,.T.);
#2048 = EDGE_CURVE('',#1471,#2049,#2051,.T.);
#2049 = VERTEX_POINT('',#2050);
#2050 = CARTESIAN_POINT('',(0.16,-5.24,8.54));
#2051 = LINE('',#2052,#2053);
#2052 = CARTESIAN_POINT('',(0.16,-5.24,8.54));
#2053 = VECTOR('',#2054,1.);
#2054 = DIRECTION('',(-0.57735026919,0.57735026919,0.57735026919));
#2055 = ORIENTED_EDGE('',*,*,#2056,.F.);
#2056 = EDGE_CURVE('',#2023,#2049,#2057,.T.);
#2057 = LINE('',#2058,#2059);
#2058 = CARTESIAN_POINT('',(-0.32,-5.24,8.54));
#2059 = VECTOR('',#2060,1.);
#2060 = DIRECTION('',(1.,0.,0.));
#2061 = PLANE('',#2062);
#2062 = AXIS2_PLACEMENT_3D('',#2063,#2064,#2065);
#2063 = CARTESIAN_POINT('',(-0.32,-5.32,8.46));
#2064 = DIRECTION('',(-1.735167508357E-18,0.707106781187,-0.707106781187
    ));
#2065 = DIRECTION('',(-1.,-1.226948711654E-18,1.226948711654E-18));
#2066 = ADVANCED_FACE('',(#2067),#2078,.T.);
#2067 = FACE_BOUND('',#2068,.T.);
#2068 = EDGE_LOOP('',(#2069,#2070,#2071,#2072));
#2069 = ORIENTED_EDGE('',*,*,#2048,.F.);
#2070 = ORIENTED_EDGE('',*,*,#1497,.T.);
#2071 = ORIENTED_EDGE('',*,*,#2000,.T.);
#2072 = ORIENTED_EDGE('',*,*,#2073,.F.);
#2073 = EDGE_CURVE('',#2049,#2001,#2074,.T.);
#2074 = LINE('',#2075,#2076);
#2075 = CARTESIAN_POINT('',(0.16,-5.4,8.54));
#2076 = VECTOR('',#2077,1.);
#2077 = DIRECTION('',(0.,1.,0.));
#2078 = PLANE('',#2079);
#2079 = AXIS2_PLACEMENT_3D('',#2080,#2081,#2082);
#2080 = CARTESIAN_POINT('',(0.24,-5.4,8.46));
#2081 = DIRECTION('',(0.707106781187,-1.735167508357E-18,0.707106781187)
  );
#2082 = DIRECTION('',(1.226948711654E-18,1.,1.226948711654E-18));
#2083 = ADVANCED_FACE('',(#2084),#2090,.F.);
#2084 = FACE_BOUND('',#2085,.F.);
#2085 = EDGE_LOOP('',(#2086,#2087,#2088,#2089));
#2086 = ORIENTED_EDGE('',*,*,#1552,.F.);
#2087 = ORIENTED_EDGE('',*,*,#1576,.F.);
#2088 = ORIENTED_EDGE('',*,*,#1593,.T.);
#2089 = ORIENTED_EDGE('',*,*,#1528,.T.);
#2090 = PLANE('',#2091);
#2091 = AXIS2_PLACEMENT_3D('',#2092,#2093,#2094);
#2092 = CARTESIAN_POINT('',(-0.32,-0.32,-3.));
#2093 = DIRECTION('',(0.,0.,1.));
#2094 = DIRECTION('',(1.,0.,-0.));
#2095 = ADVANCED_FACE('',(#2096),#2102,.F.);
#2096 = FACE_BOUND('',#2097,.F.);
#2097 = EDGE_LOOP('',(#2098,#2099,#2100,#2101));
#2098 = ORIENTED_EDGE('',*,*,#1672,.F.);
#2099 = ORIENTED_EDGE('',*,*,#1689,.F.);
#2100 = ORIENTED_EDGE('',*,*,#1624,.T.);
#2101 = ORIENTED_EDGE('',*,*,#1648,.T.);
#2102 = PLANE('',#2103);
#2103 = AXIS2_PLACEMENT_3D('',#2104,#2105,#2106);
#2104 = CARTESIAN_POINT('',(-0.32,-2.86,-3.));
#2105 = DIRECTION('',(0.,0.,1.));
#2106 = DIRECTION('',(1.,0.,-0.));
#2107 = ADVANCED_FACE('',(#2108),#2114,.F.);
#2108 = FACE_BOUND('',#2109,.F.);
#2109 = EDGE_LOOP('',(#2110,#2111,#2112,#2113));
#2110 = ORIENTED_EDGE('',*,*,#1720,.F.);
#2111 = ORIENTED_EDGE('',*,*,#1744,.F.);
#2112 = ORIENTED_EDGE('',*,*,#1768,.T.);
#2113 = ORIENTED_EDGE('',*,*,#1785,.T.);
#2114 = PLANE('',#2115);
#2115 = AXIS2_PLACEMENT_3D('',#2116,#2117,#2118);
#2116 = CARTESIAN_POINT('',(-0.32,-5.4,-3.));
#2117 = DIRECTION('',(0.,0.,1.));
#2118 = DIRECTION('',(1.,0.,-0.));
#2119 = ADVANCED_FACE('',(#2120),#2126,.T.);
#2120 = FACE_BOUND('',#2121,.T.);
#2121 = EDGE_LOOP('',(#2122,#2123,#2124,#2125));
#2122 = ORIENTED_EDGE('',*,*,#1881,.T.);
#2123 = ORIENTED_EDGE('',*,*,#1816,.T.);
#2124 = ORIENTED_EDGE('',*,*,#1840,.F.);
#2125 = ORIENTED_EDGE('',*,*,#1864,.F.);
#2126 = PLANE('',#2127);
#2127 = AXIS2_PLACEMENT_3D('',#2128,#2129,#2130);
#2128 = CARTESIAN_POINT('',(-0.32,-0.32,8.54));
#2129 = DIRECTION('',(0.,0.,1.));
#2130 = DIRECTION('',(1.,0.,-0.));
#2131 = ADVANCED_FACE('',(#2132),#2138,.T.);
#2132 = FACE_BOUND('',#2133,.T.);
#2133 = EDGE_LOOP('',(#2134,#2135,#2136,#2137));
#2134 = ORIENTED_EDGE('',*,*,#1912,.T.);
#2135 = ORIENTED_EDGE('',*,*,#1936,.T.);
#2136 = ORIENTED_EDGE('',*,*,#1960,.F.);
#2137 = ORIENTED_EDGE('',*,*,#1977,.F.);
#2138 = PLANE('',#2139);
#2139 = AXIS2_PLACEMENT_3D('',#2140,#2141,#2142);
#2140 = CARTESIAN_POINT('',(-0.32,-2.86,8.54));
#2141 = DIRECTION('',(0.,0.,1.));
#2142 = DIRECTION('',(1.,0.,-0.));
#2143 = ADVANCED_FACE('',(#2144),#2150,.T.);
#2144 = FACE_BOUND('',#2145,.T.);
#2145 = EDGE_LOOP('',(#2146,#2147,#2148,#2149));
#2146 = ORIENTED_EDGE('',*,*,#2056,.T.);
#2147 = ORIENTED_EDGE('',*,*,#2073,.T.);
#2148 = ORIENTED_EDGE('',*,*,#2008,.F.);
#2149 = ORIENTED_EDGE('',*,*,#2032,.F.);
#2150 = PLANE('',#2151);
#2151 = AXIS2_PLACEMENT_3D('',#2152,#2153,#2154);
#2152 = CARTESIAN_POINT('',(-0.32,-5.4,8.54));
#2153 = DIRECTION('',(0.,0.,1.));
#2154 = DIRECTION('',(1.,0.,-0.));
#2155 = ( GEOMETRIC_REPRESENTATION_CONTEXT(3) 
GLOBAL_UNCERTAINTY_ASSIGNED_CONTEXT((#2159)) 
GLOBAL_UNIT_ASSIGNED_CONTEXT((#2156,#2157,#2158)) REPRESENTATION_CONTEXT
('Context #1','3D Context with UNIT and UNCERTAINTY') );
#2156 = ( LENGTH_UNIT() NAMED_UNIT(*) SI_UNIT(.MILLI.,.METRE.) );
#2157 = ( NAMED_UNIT(*) PLANE_ANGLE_UNIT() SI_UNIT($,.RADIAN.) );
#2158 = ( NAMED_UNIT(*) SI_UNIT($,.STERADIAN.) SOLID_ANGLE_UNIT() );
#2159 = UNCERTAINTY_MEASURE_WITH_UNIT(LENGTH_MEASURE(1.E-07),#2156,
  'distance_accuracy_value','confusion accuracy');
#2160 = CONTEXT_DEPENDENT_SHAPE_REPRESENTATION(#2161,#2163);
#2161 = ( REPRESENTATION_RELATIONSHIP('','',#48,#10) 
REPRESENTATION_RELATIONSHIP_WITH_TRANSFORMATION(#2162) 
SHAPE_REPRESENTATION_RELATIONSHIP() );
#2162 = ITEM_DEFINED_TRANSFORMATION('','',#11,#15);
#2163 = PRODUCT_DEFINITION_SHAPE('Placement','Placement of an item',
  #2164);
#2164 = NEXT_ASSEMBLY_USAGE_OCCURRENCE('1','J1','',#5,#43,$);
#2165 = PRODUCT_RELATED_PRODUCT_CATEGORY('part',$,(#45));
#2166 = SHAPE_DEFINITION_REPRESENTATION(#2167,#2173);
#2167 = PRODUCT_DEFINITION_SHAPE('','',#2168);
#2168 = PRODUCT_DEFINITION('design','',#2169,#2172);
#2169 = PRODUCT_DEFINITION_FORMATION('','',#2170);
#2170 = PRODUCT('R_0805_2012Metric','R_0805_2012Metric','',(#2171));
#2171 = PRODUCT_CONTEXT('',#2,'mechanical');
#2172 = PRODUCT_DEFINITION_CONTEXT('part definition',#2,'design');
#2173 = ADVANCED_BREP_SHAPE_REPRESENTATION('',(#11,#2174),#2964);
#2174 = MANIFOLD_SOLID_BREP('',#2175);
#2175 = CLOSED_SHELL('',(#2176,#2216,#2299,#2324,#2349,#2416,#2433,#2450
    ,#2499,#2516,#2533,#2582,#2599,#2668,#2699,#2723,#2792,#2816,#2833,
    #2850,#2867,#2884,#2901,#2918,#2935,#2952));
#2176 = ADVANCED_FACE('',(#2177),#2211,.F.);
#2177 = FACE_BOUND('',#2178,.F.);
#2178 = EDGE_LOOP('',(#2179,#2189,#2197,#2205));
#2179 = ORIENTED_EDGE('',*,*,#2180,.F.);
#2180 = EDGE_CURVE('',#2181,#2183,#2185,.T.);
#2181 = VERTEX_POINT('',#2182);
#2182 = CARTESIAN_POINT('',(-1.,-0.6,4.5E-02));
#2183 = VERTEX_POINT('',#2184);
#2184 = CARTESIAN_POINT('',(-1.,-0.6,0.405));
#2185 = LINE('',#2186,#2187);
#2186 = CARTESIAN_POINT('',(-1.,-0.6,0.));
#2187 = VECTOR('',#2188,1.);
#2188 = DIRECTION('',(0.,0.,1.));
#2189 = ORIENTED_EDGE('',*,*,#2190,.T.);
#2190 = EDGE_CURVE('',#2181,#2191,#2193,.T.);
#2191 = VERTEX_POINT('',#2192);
#2192 = CARTESIAN_POINT('',(-1.,0.6,4.5E-02));
#2193 = LINE('',#2194,#2195);
#2194 = CARTESIAN_POINT('',(-1.,-0.6,4.5E-02));
#2195 = VECTOR('',#2196,1.);
#2196 = DIRECTION('',(0.,1.,0.));
#2197 = ORIENTED_EDGE('',*,*,#2198,.T.);
#2198 = EDGE_CURVE('',#2191,#2199,#2201,.T.);
#2199 = VERTEX_POINT('',#2200);
#2200 = CARTESIAN_POINT('',(-1.,0.6,0.405));
#2201 = LINE('',#2202,#2203);
#2202 = CARTESIAN_POINT('',(-1.,0.6,0.));
#2203 = VECTOR('',#2204,1.);
#2204 = DIRECTION('',(0.,0.,1.));
#2205 = ORIENTED_EDGE('',*,*,#2206,.F.);
#2206 = EDGE_CURVE('',#2183,#2199,#2207,.T.);
#2207 = LINE('',#2208,#2209);
#2208 = CARTESIAN_POINT('',(-1.,-0.6,0.405));
#2209 = VECTOR('',#2210,1.);
#2210 = DIRECTION('',(0.,1.,0.));
#2211 = PLANE('',#2212);
#2212 = AXIS2_PLACEMENT_3D('',#2213,#2214,#2215);
#2213 = CARTESIAN_POINT('',(-1.,-0.6,0.));
#2214 = DIRECTION('',(1.,0.,0.));
#2215 = DIRECTION('',(0.,0.,1.));
#2216 = ADVANCED_FACE('',(#2217),#2294,.F.);
#2217 = FACE_BOUND('',#2218,.F.);
#2218 = EDGE_LOOP('',(#2219,#2229,#2236,#2237,#2246,#2254,#2263,#2271,
    #2279,#2287));
#2219 = ORIENTED_EDGE('',*,*,#2220,.F.);
#2220 = EDGE_CURVE('',#2221,#2223,#2225,.T.);
#2221 = VERTEX_POINT('',#2222);
#2222 = CARTESIAN_POINT('',(-0.955,-0.6,-2.775557561563E-17));
#2223 = VERTEX_POINT('',#2224);
#2224 = CARTESIAN_POINT('',(-0.745,-0.6,-2.775557561563E-17));
#2225 = LINE('',#2226,#2227);
#2226 = CARTESIAN_POINT('',(-1.,-0.6,0.));
#2227 = VECTOR('',#2228,1.);
#2228 = DIRECTION('',(1.,0.,0.));
#2229 = ORIENTED_EDGE('',*,*,#2230,.F.);
#2230 = EDGE_CURVE('',#2181,#2221,#2231,.T.);
#2231 = CIRCLE('',#2232,4.5E-02);
#2232 = AXIS2_PLACEMENT_3D('',#2233,#2234,#2235);
#2233 = CARTESIAN_POINT('',(-0.955,-0.6,4.5E-02));
#2234 = DIRECTION('',(0.,-1.,0.));
#2235 = DIRECTION('',(0.,0.,1.));
#2236 = ORIENTED_EDGE('',*,*,#2180,.T.);
#2237 = ORIENTED_EDGE('',*,*,#2238,.T.);
#2238 = EDGE_CURVE('',#2183,#2239,#2241,.T.);
#2239 = VERTEX_POINT('',#2240);
#2240 = CARTESIAN_POINT('',(-0.955,-0.6,0.45));
#2241 = CIRCLE('',#2242,4.5E-02);
#2242 = AXIS2_PLACEMENT_3D('',#2243,#2244,#2245);
#2243 = CARTESIAN_POINT('',(-0.955,-0.6,0.405));
#2244 = DIRECTION('',(0.,1.,0.));
#2245 = DIRECTION('',(0.,-0.,1.));
#2246 = ORIENTED_EDGE('',*,*,#2247,.T.);
#2247 = EDGE_CURVE('',#2239,#2248,#2250,.T.);
#2248 = VERTEX_POINT('',#2249);
#2249 = CARTESIAN_POINT('',(-0.745,-0.6,0.45));
#2250 = LINE('',#2251,#2252);
#2251 = CARTESIAN_POINT('',(-1.,-0.6,0.45));
#2252 = VECTOR('',#2253,1.);
#2253 = DIRECTION('',(1.,0.,0.));
#2254 = ORIENTED_EDGE('',*,*,#2255,.F.);
#2255 = EDGE_CURVE('',#2256,#2248,#2258,.T.);
#2256 = VERTEX_POINT('',#2257);
#2257 = CARTESIAN_POINT('',(-0.7,-0.6,0.405));
#2258 = CIRCLE('',#2259,4.5E-02);
#2259 = AXIS2_PLACEMENT_3D('',#2260,#2261,#2262);
#2260 = CARTESIAN_POINT('',(-0.745,-0.6,0.405));
#2261 = DIRECTION('',(0.,-1.,0.));
#2262 = DIRECTION('',(0.,0.,1.));
#2263 = ORIENTED_EDGE('',*,*,#2264,.F.);
#2264 = EDGE_CURVE('',#2265,#2256,#2267,.T.);
#2265 = VERTEX_POINT('',#2266);
#2266 = CARTESIAN_POINT('',(-0.955,-0.6,0.405));
#2267 = LINE('',#2268,#2269);
#2268 = CARTESIAN_POINT('',(-0.955,-0.6,0.405));
#2269 = VECTOR('',#2270,1.);
#2270 = DIRECTION('',(1.,0.,0.));
#2271 = ORIENTED_EDGE('',*,*,#2272,.F.);
#2272 = EDGE_CURVE('',#2273,#2265,#2275,.T.);
#2273 = VERTEX_POINT('',#2274);
#2274 = CARTESIAN_POINT('',(-0.955,-0.6,4.5E-02));
#2275 = LINE('',#2276,#2277);
#2276 = CARTESIAN_POINT('',(-0.955,-0.6,4.5E-02));
#2277 = VECTOR('',#2278,1.);
#2278 = DIRECTION('',(0.,0.,1.));
#2279 = ORIENTED_EDGE('',*,*,#2280,.T.);
#2280 = EDGE_CURVE('',#2273,#2281,#2283,.T.);
#2281 = VERTEX_POINT('',#2282);
#2282 = CARTESIAN_POINT('',(-0.7,-0.6,4.5E-02));
#2283 = LINE('',#2284,#2285);
#2284 = CARTESIAN_POINT('',(-0.955,-0.6,4.5E-02));
#2285 = VECTOR('',#2286,1.);
#2286 = DIRECTION('',(1.,0.,0.));
#2287 = ORIENTED_EDGE('',*,*,#2288,.T.);
#2288 = EDGE_CURVE('',#2281,#2223,#2289,.T.);
#2289 = CIRCLE('',#2290,4.5E-02);
#2290 = AXIS2_PLACEMENT_3D('',#2291,#2292,#2293);
#2291 = CARTESIAN_POINT('',(-0.745,-0.6,4.5E-02));
#2292 = DIRECTION('',(0.,1.,0.));
#2293 = DIRECTION('',(0.,-0.,1.));
#2294 = PLANE('',#2295);
#2295 = AXIS2_PLACEMENT_3D('',#2296,#2297,#2298);
#2296 = CARTESIAN_POINT('',(-1.,-0.6,0.));
#2297 = DIRECTION('',(0.,1.,0.));
#2298 = DIRECTION('',(0.,-0.,1.));
#2299 = ADVANCED_FACE('',(#2300),#2319,.T.);
#2300 = FACE_BOUND('',#2301,.T.);
#2301 = EDGE_LOOP('',(#2302,#2303,#2312,#2318));
#2302 = ORIENTED_EDGE('',*,*,#2190,.T.);
#2303 = ORIENTED_EDGE('',*,*,#2304,.T.);
#2304 = EDGE_CURVE('',#2191,#2305,#2307,.T.);
#2305 = VERTEX_POINT('',#2306);
#2306 = CARTESIAN_POINT('',(-0.955,0.6,-2.775557561563E-17));
#2307 = CIRCLE('',#2308,4.5E-02);
#2308 = AXIS2_PLACEMENT_3D('',#2309,#2310,#2311);
#2309 = CARTESIAN_POINT('',(-0.955,0.6,4.5E-02));
#2310 = DIRECTION('',(0.,-1.,0.));
#2311 = DIRECTION('',(0.,0.,1.));
#2312 = ORIENTED_EDGE('',*,*,#2313,.F.);
#2313 = EDGE_CURVE('',#2221,#2305,#2314,.T.);
#2314 = LINE('',#2315,#2316);
#2315 = CARTESIAN_POINT('',(-0.955,-0.6,-2.775557561563E-17));
#2316 = VECTOR('',#2317,1.);
#2317 = DIRECTION('',(0.,1.,0.));
#2318 = ORIENTED_EDGE('',*,*,#2230,.F.);
#2319 = CYLINDRICAL_SURFACE('',#2320,4.5E-02);
#2320 = AXIS2_PLACEMENT_3D('',#2321,#2322,#2323);
#2321 = CARTESIAN_POINT('',(-0.955,-0.6,4.5E-02));
#2322 = DIRECTION('',(0.,1.,0.));
#2323 = DIRECTION('',(-1.,0.,0.));
#2324 = ADVANCED_FACE('',(#2325),#2344,.T.);
#2325 = FACE_BOUND('',#2326,.T.);
#2326 = EDGE_LOOP('',(#2327,#2328,#2336,#2343));
#2327 = ORIENTED_EDGE('',*,*,#2238,.T.);
#2328 = ORIENTED_EDGE('',*,*,#2329,.T.);
#2329 = EDGE_CURVE('',#2239,#2330,#2332,.T.);
#2330 = VERTEX_POINT('',#2331);
#2331 = CARTESIAN_POINT('',(-0.955,0.6,0.45));
#2332 = LINE('',#2333,#2334);
#2333 = CARTESIAN_POINT('',(-0.955,-0.6,0.45));
#2334 = VECTOR('',#2335,1.);
#2335 = DIRECTION('',(0.,1.,0.));
#2336 = ORIENTED_EDGE('',*,*,#2337,.F.);
#2337 = EDGE_CURVE('',#2199,#2330,#2338,.T.);
#2338 = CIRCLE('',#2339,4.5E-02);
#2339 = AXIS2_PLACEMENT_3D('',#2340,#2341,#2342);
#2340 = CARTESIAN_POINT('',(-0.955,0.6,0.405));
#2341 = DIRECTION('',(0.,1.,0.));
#2342 = DIRECTION('',(0.,-0.,1.));
#2343 = ORIENTED_EDGE('',*,*,#2206,.F.);
#2344 = CYLINDRICAL_SURFACE('',#2345,4.5E-02);
#2345 = AXIS2_PLACEMENT_3D('',#2346,#2347,#2348);
#2346 = CARTESIAN_POINT('',(-0.955,-0.6,0.405));
#2347 = DIRECTION('',(0.,1.,0.));
#2348 = DIRECTION('',(-1.,0.,0.));
#2349 = ADVANCED_FACE('',(#2350),#2411,.T.);
#2350 = FACE_BOUND('',#2351,.T.);
#2351 = EDGE_LOOP('',(#2352,#2360,#2361,#2362,#2363,#2371,#2380,#2388,
    #2396,#2404));
#2352 = ORIENTED_EDGE('',*,*,#2353,.F.);
#2353 = EDGE_CURVE('',#2305,#2354,#2356,.T.);
#2354 = VERTEX_POINT('',#2355);
#2355 = CARTESIAN_POINT('',(-0.745,0.6,-2.775557561563E-17));
#2356 = LINE('',#2357,#2358);
#2357 = CARTESIAN_POINT('',(-1.,0.6,0.));
#2358 = VECTOR('',#2359,1.);
#2359 = DIRECTION('',(1.,0.,0.));
#2360 = ORIENTED_EDGE('',*,*,#2304,.F.);
#2361 = ORIENTED_EDGE('',*,*,#2198,.T.);
#2362 = ORIENTED_EDGE('',*,*,#2337,.T.);
#2363 = ORIENTED_EDGE('',*,*,#2364,.T.);
#2364 = EDGE_CURVE('',#2330,#2365,#2367,.T.);
#2365 = VERTEX_POINT('',#2366);
#2366 = CARTESIAN_POINT('',(-0.745,0.6,0.45));
#2367 = LINE('',#2368,#2369);
#2368 = CARTESIAN_POINT('',(-1.,0.6,0.45));
#2369 = VECTOR('',#2370,1.);
#2370 = DIRECTION('',(1.,0.,0.));
#2371 = ORIENTED_EDGE('',*,*,#2372,.F.);
#2372 = EDGE_CURVE('',#2373,#2365,#2375,.T.);
#2373 = VERTEX_POINT('',#2374);
#2374 = CARTESIAN_POINT('',(-0.7,0.6,0.405));
#2375 = CIRCLE('',#2376,4.5E-02);
#2376 = AXIS2_PLACEMENT_3D('',#2377,#2378,#2379);
#2377 = CARTESIAN_POINT('',(-0.745,0.6,0.405));
#2378 = DIRECTION('',(0.,-1.,0.));
#2379 = DIRECTION('',(0.,0.,1.));
#2380 = ORIENTED_EDGE('',*,*,#2381,.F.);
#2381 = EDGE_CURVE('',#2382,#2373,#2384,.T.);
#2382 = VERTEX_POINT('',#2383);
#2383 = CARTESIAN_POINT('',(-0.955,0.6,0.405));
#2384 = LINE('',#2385,#2386);
#2385 = CARTESIAN_POINT('',(-0.955,0.6,0.405));
#2386 = VECTOR('',#2387,1.);
#2387 = DIRECTION('',(1.,0.,0.));
#2388 = ORIENTED_EDGE('',*,*,#2389,.F.);
#2389 = EDGE_CURVE('',#2390,#2382,#2392,.T.);
#2390 = VERTEX_POINT('',#2391);
#2391 = CARTESIAN_POINT('',(-0.955,0.6,4.5E-02));
#2392 = LINE('',#2393,#2394);
#2393 = CARTESIAN_POINT('',(-0.955,0.6,4.5E-02));
#2394 = VECTOR('',#2395,1.);
#2395 = DIRECTION('',(0.,0.,1.));
#2396 = ORIENTED_EDGE('',*,*,#2397,.T.);
#2397 = EDGE_CURVE('',#2390,#2398,#2400,.T.);
#2398 = VERTEX_POINT('',#2399);
#2399 = CARTESIAN_POINT('',(-0.7,0.6,4.5E-02));
#2400 = LINE('',#2401,#2402);
#2401 = CARTESIAN_POINT('',(-0.955,0.6,4.5E-02));
#2402 = VECTOR('',#2403,1.);
#2403 = DIRECTION('',(1.,0.,0.));
#2404 = ORIENTED_EDGE('',*,*,#2405,.T.);
#2405 = EDGE_CURVE('',#2398,#2354,#2406,.T.);
#2406 = CIRCLE('',#2407,4.5E-02);
#2407 = AXIS2_PLACEMENT_3D('',#2408,#2409,#2410);
#2408 = CARTESIAN_POINT('',(-0.745,0.6,4.5E-02));
#2409 = DIRECTION('',(0.,1.,0.));
#2410 = DIRECTION('',(0.,-0.,1.));
#2411 = PLANE('',#2412);
#2412 = AXIS2_PLACEMENT_3D('',#2413,#2414,#2415);
#2413 = CARTESIAN_POINT('',(-1.,0.6,0.));
#2414 = DIRECTION('',(0.,1.,0.));
#2415 = DIRECTION('',(0.,-0.,1.));
#2416 = ADVANCED_FACE('',(#2417),#2428,.F.);
#2417 = FACE_BOUND('',#2418,.F.);
#2418 = EDGE_LOOP('',(#2419,#2420,#2421,#2422));
#2419 = ORIENTED_EDGE('',*,*,#2353,.F.);
#2420 = ORIENTED_EDGE('',*,*,#2313,.F.);
#2421 = ORIENTED_EDGE('',*,*,#2220,.T.);
#2422 = ORIENTED_EDGE('',*,*,#2423,.T.);
#2423 = EDGE_CURVE('',#2223,#2354,#2424,.T.);
#2424 = LINE('',#2425,#2426);
#2425 = CARTESIAN_POINT('',(-0.745,-0.6,-2.775557561563E-17));
#2426 = VECTOR('',#2427,1.);
#2427 = DIRECTION('',(0.,1.,0.));
#2428 = PLANE('',#2429);
#2429 = AXIS2_PLACEMENT_3D('',#2430,#2431,#2432);
#2430 = CARTESIAN_POINT('',(-1.,-0.6,0.));
#2431 = DIRECTION('',(0.,0.,1.));
#2432 = DIRECTION('',(1.,0.,-0.));
#2433 = ADVANCED_FACE('',(#2434),#2445,.T.);
#2434 = FACE_BOUND('',#2435,.T.);
#2435 = EDGE_LOOP('',(#2436,#2437,#2438,#2439));
#2436 = ORIENTED_EDGE('',*,*,#2288,.T.);
#2437 = ORIENTED_EDGE('',*,*,#2423,.T.);
#2438 = ORIENTED_EDGE('',*,*,#2405,.F.);
#2439 = ORIENTED_EDGE('',*,*,#2440,.F.);
#2440 = EDGE_CURVE('',#2281,#2398,#2441,.T.);
#2441 = LINE('',#2442,#2443);
#2442 = CARTESIAN_POINT('',(-0.7,-0.6,4.5E-02));
#2443 = VECTOR('',#2444,1.);
#2444 = DIRECTION('',(0.,1.,0.));
#2445 = CYLINDRICAL_SURFACE('',#2446,4.5E-02);
#2446 = AXIS2_PLACEMENT_3D('',#2447,#2448,#2449);
#2447 = CARTESIAN_POINT('',(-0.745,-0.6,4.5E-02));
#2448 = DIRECTION('',(0.,1.,0.));
#2449 = DIRECTION('',(1.,0.,0.));
#2450 = ADVANCED_FACE('',(#2451),#2494,.F.);
#2451 = FACE_BOUND('',#2452,.F.);
#2452 = EDGE_LOOP('',(#2453,#2454,#2455,#2456,#2464,#2472,#2480,#2488));
#2453 = ORIENTED_EDGE('',*,*,#2280,.F.);
#2454 = ORIENTED_EDGE('',*,*,#2272,.T.);
#2455 = ORIENTED_EDGE('',*,*,#2264,.T.);
#2456 = ORIENTED_EDGE('',*,*,#2457,.T.);
#2457 = EDGE_CURVE('',#2256,#2458,#2460,.T.);
#2458 = VERTEX_POINT('',#2459);
#2459 = CARTESIAN_POINT('',(0.7,-0.6,0.405));
#2460 = LINE('',#2461,#2462);
#2461 = CARTESIAN_POINT('',(-0.7,-0.6,0.405));
#2462 = VECTOR('',#2463,1.);
#2463 = DIRECTION('',(1.,0.,0.));
#2464 = ORIENTED_EDGE('',*,*,#2465,.T.);
#2465 = EDGE_CURVE('',#2458,#2466,#2468,.T.);
#2466 = VERTEX_POINT('',#2467);
#2467 = CARTESIAN_POINT('',(0.955,-0.6,0.405));
#2468 = LINE('',#2469,#2470);
#2469 = CARTESIAN_POINT('',(-0.955,-0.6,0.405));
#2470 = VECTOR('',#2471,1.);
#2471 = DIRECTION('',(1.,0.,0.));
#2472 = ORIENTED_EDGE('',*,*,#2473,.F.);
#2473 = EDGE_CURVE('',#2474,#2466,#2476,.T.);
#2474 = VERTEX_POINT('',#2475);
#2475 = CARTESIAN_POINT('',(0.955,-0.6,4.5E-02));
#2476 = LINE('',#2477,#2478);
#2477 = CARTESIAN_POINT('',(0.955,-0.6,4.5E-02));
#2478 = VECTOR('',#2479,1.);
#2479 = DIRECTION('',(0.,0.,1.));
#2480 = ORIENTED_EDGE('',*,*,#2481,.F.);
#2481 = EDGE_CURVE('',#2482,#2474,#2484,.T.);
#2482 = VERTEX_POINT('',#2483);
#2483 = CARTESIAN_POINT('',(0.7,-0.6,4.5E-02));
#2484 = LINE('',#2485,#2486);
#2485 = CARTESIAN_POINT('',(-0.955,-0.6,4.5E-02));
#2486 = VECTOR('',#2487,1.);
#2487 = DIRECTION('',(1.,0.,0.));
#2488 = ORIENTED_EDGE('',*,*,#2489,.F.);
#2489 = EDGE_CURVE('',#2281,#2482,#2490,.T.);
#2490 = LINE('',#2491,#2492);
#2491 = CARTESIAN_POINT('',(-0.955,-0.6,4.5E-02));
#2492 = VECTOR('',#2493,1.);
#2493 = DIRECTION('',(1.,0.,0.));
#2494 = PLANE('',#2495);
#2495 = AXIS2_PLACEMENT_3D('',#2496,#2497,#2498);
#2496 = CARTESIAN_POINT('',(-0.955,-0.6,4.5E-02));
#2497 = DIRECTION('',(0.,1.,0.));
#2498 = DIRECTION('',(0.,-0.,1.));
#2499 = ADVANCED_FACE('',(#2500),#2511,.T.);
#2500 = FACE_BOUND('',#2501,.T.);
#2501 = EDGE_LOOP('',(#2502,#2503,#2504,#2505));
#2502 = ORIENTED_EDGE('',*,*,#2364,.F.);
#2503 = ORIENTED_EDGE('',*,*,#2329,.F.);
#2504 = ORIENTED_EDGE('',*,*,#2247,.T.);
#2505 = ORIENTED_EDGE('',*,*,#2506,.T.);
#2506 = EDGE_CURVE('',#2248,#2365,#2507,.T.);
#2507 = LINE('',#2508,#2509);
#2508 = CARTESIAN_POINT('',(-0.745,-0.6,0.45));
#2509 = VECTOR('',#2510,1.);
#2510 = DIRECTION('',(0.,1.,0.));
#2511 = PLANE('',#2512);
#2512 = AXIS2_PLACEMENT_3D('',#2513,#2514,#2515);
#2513 = CARTESIAN_POINT('',(-1.,-0.6,0.45));
#2514 = DIRECTION('',(0.,0.,1.));
#2515 = DIRECTION('',(1.,0.,-0.));
#2516 = ADVANCED_FACE('',(#2517),#2528,.T.);
#2517 = FACE_BOUND('',#2518,.T.);
#2518 = EDGE_LOOP('',(#2519,#2525,#2526,#2527));
#2519 = ORIENTED_EDGE('',*,*,#2520,.T.);
#2520 = EDGE_CURVE('',#2256,#2373,#2521,.T.);
#2521 = LINE('',#2522,#2523);
#2522 = CARTESIAN_POINT('',(-0.7,-0.6,0.405));
#2523 = VECTOR('',#2524,1.);
#2524 = DIRECTION('',(0.,1.,0.));
#2525 = ORIENTED_EDGE('',*,*,#2372,.T.);
#2526 = ORIENTED_EDGE('',*,*,#2506,.F.);
#2527 = ORIENTED_EDGE('',*,*,#2255,.F.);
#2528 = CYLINDRICAL_SURFACE('',#2529,4.5E-02);
#2529 = AXIS2_PLACEMENT_3D('',#2530,#2531,#2532);
#2530 = CARTESIAN_POINT('',(-0.745,-0.6,0.405));
#2531 = DIRECTION('',(0.,1.,0.));
#2532 = DIRECTION('',(1.,0.,0.));
#2533 = ADVANCED_FACE('',(#2534),#2577,.T.);
#2534 = FACE_BOUND('',#2535,.T.);
#2535 = EDGE_LOOP('',(#2536,#2537,#2538,#2539,#2547,#2555,#2563,#2571));
#2536 = ORIENTED_EDGE('',*,*,#2397,.F.);
#2537 = ORIENTED_EDGE('',*,*,#2389,.T.);
#2538 = ORIENTED_EDGE('',*,*,#2381,.T.);
#2539 = ORIENTED_EDGE('',*,*,#2540,.T.);
#2540 = EDGE_CURVE('',#2373,#2541,#2543,.T.);
#2541 = VERTEX_POINT('',#2542);
#2542 = CARTESIAN_POINT('',(0.7,0.6,0.405));
#2543 = LINE('',#2544,#2545);
#2544 = CARTESIAN_POINT('',(-0.7,0.6,0.405));
#2545 = VECTOR('',#2546,1.);
#2546 = DIRECTION('',(1.,0.,0.));
#2547 = ORIENTED_EDGE('',*,*,#2548,.T.);
#2548 = EDGE_CURVE('',#2541,#2549,#2551,.T.);
#2549 = VERTEX_POINT('',#2550);
#2550 = CARTESIAN_POINT('',(0.955,0.6,0.405));
#2551 = LINE('',#2552,#2553);
#2552 = CARTESIAN_POINT('',(-0.955,0.6,0.405));
#2553 = VECTOR('',#2554,1.);
#2554 = DIRECTION('',(1.,0.,0.));
#2555 = ORIENTED_EDGE('',*,*,#2556,.F.);
#2556 = EDGE_CURVE('',#2557,#2549,#2559,.T.);
#2557 = VERTEX_POINT('',#2558);
#2558 = CARTESIAN_POINT('',(0.955,0.6,4.5E-02));
#2559 = LINE('',#2560,#2561);
#2560 = CARTESIAN_POINT('',(0.955,0.6,4.5E-02));
#2561 = VECTOR('',#2562,1.);
#2562 = DIRECTION('',(0.,0.,1.));
#2563 = ORIENTED_EDGE('',*,*,#2564,.F.);
#2564 = EDGE_CURVE('',#2565,#2557,#2567,.T.);
#2565 = VERTEX_POINT('',#2566);
#2566 = CARTESIAN_POINT('',(0.7,0.6,4.5E-02));
#2567 = LINE('',#2568,#2569);
#2568 = CARTESIAN_POINT('',(-0.955,0.6,4.5E-02));
#2569 = VECTOR('',#2570,1.);
#2570 = DIRECTION('',(1.,0.,0.));
#2571 = ORIENTED_EDGE('',*,*,#2572,.F.);
#2572 = EDGE_CURVE('',#2398,#2565,#2573,.T.);
#2573 = LINE('',#2574,#2575);
#2574 = CARTESIAN_POINT('',(-0.955,0.6,4.5E-02));
#2575 = VECTOR('',#2576,1.);
#2576 = DIRECTION('',(1.,0.,0.));
#2577 = PLANE('',#2578);
#2578 = AXIS2_PLACEMENT_3D('',#2579,#2580,#2581);
#2579 = CARTESIAN_POINT('',(-0.955,0.6,4.5E-02));
#2580 = DIRECTION('',(0.,1.,0.));
#2581 = DIRECTION('',(0.,-0.,1.));
#2582 = ADVANCED_FACE('',(#2583),#2594,.F.);
#2583 = FACE_BOUND('',#2584,.F.);
#2584 = EDGE_LOOP('',(#2585,#2586,#2587,#2593));
#2585 = ORIENTED_EDGE('',*,*,#2440,.F.);
#2586 = ORIENTED_EDGE('',*,*,#2489,.T.);
#2587 = ORIENTED_EDGE('',*,*,#2588,.T.);
#2588 = EDGE_CURVE('',#2482,#2565,#2589,.T.);
#2589 = LINE('',#2590,#2591);
#2590 = CARTESIAN_POINT('',(0.7,-0.6,4.5E-02));
#2591 = VECTOR('',#2592,1.);
#2592 = DIRECTION('',(0.,1.,0.));
#2593 = ORIENTED_EDGE('',*,*,#2572,.F.);
#2594 = PLANE('',#2595);
#2595 = AXIS2_PLACEMENT_3D('',#2596,#2597,#2598);
#2596 = CARTESIAN_POINT('',(-0.955,-0.6,4.5E-02));
#2597 = DIRECTION('',(0.,0.,1.));
#2598 = DIRECTION('',(1.,0.,-0.));
#2599 = ADVANCED_FACE('',(#2600),#2663,.F.);
#2600 = FACE_BOUND('',#2601,.F.);
#2601 = EDGE_LOOP('',(#2602,#2612,#2619,#2620,#2621,#2622,#2631,#2639,
    #2648,#2656));
#2602 = ORIENTED_EDGE('',*,*,#2603,.F.);
#2603 = EDGE_CURVE('',#2604,#2606,#2608,.T.);
#2604 = VERTEX_POINT('',#2605);
#2605 = CARTESIAN_POINT('',(0.745,-0.6,-2.775557561563E-17));
#2606 = VERTEX_POINT('',#2607);
#2607 = CARTESIAN_POINT('',(0.955,-0.6,-2.775557561563E-17));
#2608 = LINE('',#2609,#2610);
#2609 = CARTESIAN_POINT('',(0.7,-0.6,0.));
#2610 = VECTOR('',#2611,1.);
#2611 = DIRECTION('',(1.,0.,0.));
#2612 = ORIENTED_EDGE('',*,*,#2613,.F.);
#2613 = EDGE_CURVE('',#2482,#2604,#2614,.T.);
#2614 = CIRCLE('',#2615,4.5E-02);
#2615 = AXIS2_PLACEMENT_3D('',#2616,#2617,#2618);
#2616 = CARTESIAN_POINT('',(0.745,-0.6,4.5E-02));
#2617 = DIRECTION('',(0.,-1.,0.));
#2618 = DIRECTION('',(0.,0.,1.));
#2619 = ORIENTED_EDGE('',*,*,#2481,.T.);
#2620 = ORIENTED_EDGE('',*,*,#2473,.T.);
#2621 = ORIENTED_EDGE('',*,*,#2465,.F.);
#2622 = ORIENTED_EDGE('',*,*,#2623,.T.);
#2623 = EDGE_CURVE('',#2458,#2624,#2626,.T.);
#2624 = VERTEX_POINT('',#2625);
#2625 = CARTESIAN_POINT('',(0.745,-0.6,0.45));
#2626 = CIRCLE('',#2627,4.5E-02);
#2627 = AXIS2_PLACEMENT_3D('',#2628,#2629,#2630);
#2628 = CARTESIAN_POINT('',(0.745,-0.6,0.405));
#2629 = DIRECTION('',(0.,1.,0.));
#2630 = DIRECTION('',(0.,-0.,1.));
#2631 = ORIENTED_EDGE('',*,*,#2632,.T.);
#2632 = EDGE_CURVE('',#2624,#2633,#2635,.T.);
#2633 = VERTEX_POINT('',#2634);
#2634 = CARTESIAN_POINT('',(0.955,-0.6,0.45));
#2635 = LINE('',#2636,#2637);
#2636 = CARTESIAN_POINT('',(0.7,-0.6,0.45));
#2637 = VECTOR('',#2638,1.);
#2638 = DIRECTION('',(1.,0.,0.));
#2639 = ORIENTED_EDGE('',*,*,#2640,.F.);
#2640 = EDGE_CURVE('',#2641,#2633,#2643,.T.);
#2641 = VERTEX_POINT('',#2642);
#2642 = CARTESIAN_POINT('',(1.,-0.6,0.405));
#2643 = CIRCLE('',#2644,4.5E-02);
#2644 = AXIS2_PLACEMENT_3D('',#2645,#2646,#2647);
#2645 = CARTESIAN_POINT('',(0.955,-0.6,0.405));
#2646 = DIRECTION('',(0.,-1.,0.));
#2647 = DIRECTION('',(0.,0.,1.));
#2648 = ORIENTED_EDGE('',*,*,#2649,.F.);
#2649 = EDGE_CURVE('',#2650,#2641,#2652,.T.);
#2650 = VERTEX_POINT('',#2651);
#2651 = CARTESIAN_POINT('',(1.,-0.6,4.5E-02));
#2652 = LINE('',#2653,#2654);
#2653 = CARTESIAN_POINT('',(1.,-0.6,0.));
#2654 = VECTOR('',#2655,1.);
#2655 = DIRECTION('',(0.,0.,1.));
#2656 = ORIENTED_EDGE('',*,*,#2657,.T.);
#2657 = EDGE_CURVE('',#2650,#2606,#2658,.T.);
#2658 = CIRCLE('',#2659,4.5E-02);
#2659 = AXIS2_PLACEMENT_3D('',#2660,#2661,#2662);
#2660 = CARTESIAN_POINT('',(0.955,-0.6,4.5E-02));
#2661 = DIRECTION('',(0.,1.,0.));
#2662 = DIRECTION('',(0.,-0.,1.));
#2663 = PLANE('',#2664);
#2664 = AXIS2_PLACEMENT_3D('',#2665,#2666,#2667);
#2665 = CARTESIAN_POINT('',(0.7,-0.6,0.));
#2666 = DIRECTION('',(0.,1.,0.));
#2667 = DIRECTION('',(0.,-0.,1.));
#2668 = ADVANCED_FACE('',(#2669),#2694,.F.);
#2669 = FACE_BOUND('',#2670,.F.);
#2670 = EDGE_LOOP('',(#2671,#2672,#2680,#2688));
#2671 = ORIENTED_EDGE('',*,*,#2457,.F.);
#2672 = ORIENTED_EDGE('',*,*,#2673,.T.);
#2673 = EDGE_CURVE('',#2256,#2674,#2676,.T.);
#2674 = VERTEX_POINT('',#2675);
#2675 = CARTESIAN_POINT('',(-0.7,-0.6,0.45));
#2676 = LINE('',#2677,#2678);
#2677 = CARTESIAN_POINT('',(-0.7,-0.6,0.405));
#2678 = VECTOR('',#2679,1.);
#2679 = DIRECTION('',(0.,0.,1.));
#2680 = ORIENTED_EDGE('',*,*,#2681,.T.);
#2681 = EDGE_CURVE('',#2674,#2682,#2684,.T.);
#2682 = VERTEX_POINT('',#2683);
#2683 = CARTESIAN_POINT('',(0.7,-0.6,0.45));
#2684 = LINE('',#2685,#2686);
#2685 = CARTESIAN_POINT('',(-0.7,-0.6,0.45));
#2686 = VECTOR('',#2687,1.);
#2687 = DIRECTION('',(1.,0.,0.));
#2688 = ORIENTED_EDGE('',*,*,#2689,.F.);
#2689 = EDGE_CURVE('',#2458,#2682,#2690,.T.);
#2690 = LINE('',#2691,#2692);
#2691 = CARTESIAN_POINT('',(0.7,-0.6,0.405));
#2692 = VECTOR('',#2693,1.);
#2693 = DIRECTION('',(0.,0.,1.));
#2694 = PLANE('',#2695);
#2695 = AXIS2_PLACEMENT_3D('',#2696,#2697,#2698);
#2696 = CARTESIAN_POINT('',(-0.7,-0.6,0.405));
#2697 = DIRECTION('',(0.,1.,0.));
#2698 = DIRECTION('',(0.,-0.,1.));
#2699 = ADVANCED_FACE('',(#2700),#2718,.F.);
#2700 = FACE_BOUND('',#2701,.F.);
#2701 = EDGE_LOOP('',(#2702,#2703,#2704,#2712));
#2702 = ORIENTED_EDGE('',*,*,#2673,.F.);
#2703 = ORIENTED_EDGE('',*,*,#2520,.T.);
#2704 = ORIENTED_EDGE('',*,*,#2705,.T.);
#2705 = EDGE_CURVE('',#2373,#2706,#2708,.T.);
#2706 = VERTEX_POINT('',#2707);
#2707 = CARTESIAN_POINT('',(-0.7,0.6,0.45));
#2708 = LINE('',#2709,#2710);
#2709 = CARTESIAN_POINT('',(-0.7,0.6,0.405));
#2710 = VECTOR('',#2711,1.);
#2711 = DIRECTION('',(0.,0.,1.));
#2712 = ORIENTED_EDGE('',*,*,#2713,.F.);
#2713 = EDGE_CURVE('',#2674,#2706,#2714,.T.);
#2714 = LINE('',#2715,#2716);
#2715 = CARTESIAN_POINT('',(-0.7,-0.6,0.45));
#2716 = VECTOR('',#2717,1.);
#2717 = DIRECTION('',(0.,1.,0.));
#2718 = PLANE('',#2719);
#2719 = AXIS2_PLACEMENT_3D('',#2720,#2721,#2722);
#2720 = CARTESIAN_POINT('',(-0.7,-0.6,0.405));
#2721 = DIRECTION('',(1.,0.,0.));
#2722 = DIRECTION('',(0.,0.,1.));
#2723 = ADVANCED_FACE('',(#2724),#2787,.T.);
#2724 = FACE_BOUND('',#2725,.T.);
#2725 = EDGE_LOOP('',(#2726,#2736,#2743,#2744,#2745,#2746,#2755,#2763,
    #2772,#2780));
#2726 = ORIENTED_EDGE('',*,*,#2727,.F.);
#2727 = EDGE_CURVE('',#2728,#2730,#2732,.T.);
#2728 = VERTEX_POINT('',#2729);
#2729 = CARTESIAN_POINT('',(0.745,0.6,-2.775557561563E-17));
#2730 = VERTEX_POINT('',#2731);
#2731 = CARTESIAN_POINT('',(0.955,0.6,-2.775557561563E-17));
#2732 = LINE('',#2733,#2734);
#2733 = CARTESIAN_POINT('',(0.7,0.6,0.));
#2734 = VECTOR('',#2735,1.);
#2735 = DIRECTION('',(1.,0.,0.));
#2736 = ORIENTED_EDGE('',*,*,#2737,.F.);
#2737 = EDGE_CURVE('',#2565,#2728,#2738,.T.);
#2738 = CIRCLE('',#2739,4.5E-02);
#2739 = AXIS2_PLACEMENT_3D('',#2740,#2741,#2742);
#2740 = CARTESIAN_POINT('',(0.745,0.6,4.5E-02));
#2741 = DIRECTION('',(0.,-1.,0.));
#2742 = DIRECTION('',(0.,0.,1.));
#2743 = ORIENTED_EDGE('',*,*,#2564,.T.);
#2744 = ORIENTED_EDGE('',*,*,#2556,.T.);
#2745 = ORIENTED_EDGE('',*,*,#2548,.F.);
#2746 = ORIENTED_EDGE('',*,*,#2747,.T.);
#2747 = EDGE_CURVE('',#2541,#2748,#2750,.T.);
#2748 = VERTEX_POINT('',#2749);
#2749 = CARTESIAN_POINT('',(0.745,0.6,0.45));
#2750 = CIRCLE('',#2751,4.5E-02);
#2751 = AXIS2_PLACEMENT_3D('',#2752,#2753,#2754);
#2752 = CARTESIAN_POINT('',(0.745,0.6,0.405));
#2753 = DIRECTION('',(0.,1.,0.));
#2754 = DIRECTION('',(0.,-0.,1.));
#2755 = ORIENTED_EDGE('',*,*,#2756,.T.);
#2756 = EDGE_CURVE('',#2748,#2757,#2759,.T.);
#2757 = VERTEX_POINT('',#2758);
#2758 = CARTESIAN_POINT('',(0.955,0.6,0.45));
#2759 = LINE('',#2760,#2761);
#2760 = CARTESIAN_POINT('',(0.7,0.6,0.45));
#2761 = VECTOR('',#2762,1.);
#2762 = DIRECTION('',(1.,0.,0.));
#2763 = ORIENTED_EDGE('',*,*,#2764,.F.);
#2764 = EDGE_CURVE('',#2765,#2757,#2767,.T.);
#2765 = VERTEX_POINT('',#2766);
#2766 = CARTESIAN_POINT('',(1.,0.6,0.405));
#2767 = CIRCLE('',#2768,4.5E-02);
#2768 = AXIS2_PLACEMENT_3D('',#2769,#2770,#2771);
#2769 = CARTESIAN_POINT('',(0.955,0.6,0.405));
#2770 = DIRECTION('',(0.,-1.,0.));
#2771 = DIRECTION('',(0.,0.,1.));
#2772 = ORIENTED_EDGE('',*,*,#2773,.F.);
#2773 = EDGE_CURVE('',#2774,#2765,#2776,.T.);
#2774 = VERTEX_POINT('',#2775);
#2775 = CARTESIAN_POINT('',(1.,0.6,4.5E-02));
#2776 = LINE('',#2777,#2778);
#2777 = CARTESIAN_POINT('',(1.,0.6,0.));
#2778 = VECTOR('',#2779,1.);
#2779 = DIRECTION('',(0.,0.,1.));
#2780 = ORIENTED_EDGE('',*,*,#2781,.T.);
#2781 = EDGE_CURVE('',#2774,#2730,#2782,.T.);
#2782 = CIRCLE('',#2783,4.5E-02);
#2783 = AXIS2_PLACEMENT_3D('',#2784,#2785,#2786);
#2784 = CARTESIAN_POINT('',(0.955,0.6,4.5E-02));
#2785 = DIRECTION('',(0.,1.,0.));
#2786 = DIRECTION('',(0.,-0.,1.));
#2787 = PLANE('',#2788);
#2788 = AXIS2_PLACEMENT_3D('',#2789,#2790,#2791);
#2789 = CARTESIAN_POINT('',(0.7,0.6,0.));
#2790 = DIRECTION('',(0.,1.,0.));
#2791 = DIRECTION('',(0.,-0.,1.));
#2792 = ADVANCED_FACE('',(#2793),#2811,.T.);
#2793 = FACE_BOUND('',#2794,.T.);
#2794 = EDGE_LOOP('',(#2795,#2796,#2797,#2805));
#2795 = ORIENTED_EDGE('',*,*,#2540,.F.);
#2796 = ORIENTED_EDGE('',*,*,#2705,.T.);
#2797 = ORIENTED_EDGE('',*,*,#2798,.T.);
#2798 = EDGE_CURVE('',#2706,#2799,#2801,.T.);
#2799 = VERTEX_POINT('',#2800);
#2800 = CARTESIAN_POINT('',(0.7,0.6,0.45));
#2801 = LINE('',#2802,#2803);
#2802 = CARTESIAN_POINT('',(-0.7,0.6,0.45));
#2803 = VECTOR('',#2804,1.);
#2804 = DIRECTION('',(1.,0.,0.));
#2805 = ORIENTED_EDGE('',*,*,#2806,.F.);
#2806 = EDGE_CURVE('',#2541,#2799,#2807,.T.);
#2807 = LINE('',#2808,#2809);
#2808 = CARTESIAN_POINT('',(0.7,0.6,0.405));
#2809 = VECTOR('',#2810,1.);
#2810 = DIRECTION('',(0.,0.,1.));
#2811 = PLANE('',#2812);
#2812 = AXIS2_PLACEMENT_3D('',#2813,#2814,#2815);
#2813 = CARTESIAN_POINT('',(-0.7,0.6,0.405));
#2814 = DIRECTION('',(0.,1.,0.));
#2815 = DIRECTION('',(0.,-0.,1.));
#2816 = ADVANCED_FACE('',(#2817),#2828,.T.);
#2817 = FACE_BOUND('',#2818,.T.);
#2818 = EDGE_LOOP('',(#2819,#2820,#2821,#2827));
#2819 = ORIENTED_EDGE('',*,*,#2588,.T.);
#2820 = ORIENTED_EDGE('',*,*,#2737,.T.);
#2821 = ORIENTED_EDGE('',*,*,#2822,.F.);
#2822 = EDGE_CURVE('',#2604,#2728,#2823,.T.);
#2823 = LINE('',#2824,#2825);
#2824 = CARTESIAN_POINT('',(0.745,-0.6,-2.775557561563E-17));
#2825 = VECTOR('',#2826,1.);
#2826 = DIRECTION('',(0.,1.,0.));
#2827 = ORIENTED_EDGE('',*,*,#2613,.F.);
#2828 = CYLINDRICAL_SURFACE('',#2829,4.5E-02);
#2829 = AXIS2_PLACEMENT_3D('',#2830,#2831,#2832);
#2830 = CARTESIAN_POINT('',(0.745,-0.6,4.5E-02));
#2831 = DIRECTION('',(0.,1.,0.));
#2832 = DIRECTION('',(-1.,0.,0.));
#2833 = ADVANCED_FACE('',(#2834),#2845,.F.);
#2834 = FACE_BOUND('',#2835,.F.);
#2835 = EDGE_LOOP('',(#2836,#2837,#2838,#2839));
#2836 = ORIENTED_EDGE('',*,*,#2727,.F.);
#2837 = ORIENTED_EDGE('',*,*,#2822,.F.);
#2838 = ORIENTED_EDGE('',*,*,#2603,.T.);
#2839 = ORIENTED_EDGE('',*,*,#2840,.T.);
#2840 = EDGE_CURVE('',#2606,#2730,#2841,.T.);
#2841 = LINE('',#2842,#2843);
#2842 = CARTESIAN_POINT('',(0.955,-0.6,-2.775557561563E-17));
#2843 = VECTOR('',#2844,1.);
#2844 = DIRECTION('',(0.,1.,0.));
#2845 = PLANE('',#2846);
#2846 = AXIS2_PLACEMENT_3D('',#2847,#2848,#2849);
#2847 = CARTESIAN_POINT('',(0.7,-0.6,0.));
#2848 = DIRECTION('',(0.,0.,1.));
#2849 = DIRECTION('',(1.,0.,-0.));
#2850 = ADVANCED_FACE('',(#2851),#2862,.T.);
#2851 = FACE_BOUND('',#2852,.T.);
#2852 = EDGE_LOOP('',(#2853,#2854,#2855,#2856));
#2853 = ORIENTED_EDGE('',*,*,#2657,.T.);
#2854 = ORIENTED_EDGE('',*,*,#2840,.T.);
#2855 = ORIENTED_EDGE('',*,*,#2781,.F.);
#2856 = ORIENTED_EDGE('',*,*,#2857,.F.);
#2857 = EDGE_CURVE('',#2650,#2774,#2858,.T.);
#2858 = LINE('',#2859,#2860);
#2859 = CARTESIAN_POINT('',(1.,-0.6,4.5E-02));
#2860 = VECTOR('',#2861,1.);
#2861 = DIRECTION('',(0.,1.,0.));
#2862 = CYLINDRICAL_SURFACE('',#2863,4.5E-02);
#2863 = AXIS2_PLACEMENT_3D('',#2864,#2865,#2866);
#2864 = CARTESIAN_POINT('',(0.955,-0.6,4.5E-02));
#2865 = DIRECTION('',(0.,1.,0.));
#2866 = DIRECTION('',(1.,0.,0.));
#2867 = ADVANCED_FACE('',(#2868),#2879,.T.);
#2868 = FACE_BOUND('',#2869,.T.);
#2869 = EDGE_LOOP('',(#2870,#2871,#2872,#2873));
#2870 = ORIENTED_EDGE('',*,*,#2649,.F.);
#2871 = ORIENTED_EDGE('',*,*,#2857,.T.);
#2872 = ORIENTED_EDGE('',*,*,#2773,.T.);
#2873 = ORIENTED_EDGE('',*,*,#2874,.F.);
#2874 = EDGE_CURVE('',#2641,#2765,#2875,.T.);
#2875 = LINE('',#2876,#2877);
#2876 = CARTESIAN_POINT('',(1.,-0.6,0.405));
#2877 = VECTOR('',#2878,1.);
#2878 = DIRECTION('',(0.,1.,0.));
#2879 = PLANE('',#2880);
#2880 = AXIS2_PLACEMENT_3D('',#2881,#2882,#2883);
#2881 = CARTESIAN_POINT('',(1.,-0.6,0.));
#2882 = DIRECTION('',(1.,0.,0.));
#2883 = DIRECTION('',(0.,0.,1.));
#2884 = ADVANCED_FACE('',(#2885),#2896,.T.);
#2885 = FACE_BOUND('',#2886,.T.);
#2886 = EDGE_LOOP('',(#2887,#2888,#2889,#2895));
#2887 = ORIENTED_EDGE('',*,*,#2874,.T.);
#2888 = ORIENTED_EDGE('',*,*,#2764,.T.);
#2889 = ORIENTED_EDGE('',*,*,#2890,.F.);
#2890 = EDGE_CURVE('',#2633,#2757,#2891,.T.);
#2891 = LINE('',#2892,#2893);
#2892 = CARTESIAN_POINT('',(0.955,-0.6,0.45));
#2893 = VECTOR('',#2894,1.);
#2894 = DIRECTION('',(0.,1.,0.));
#2895 = ORIENTED_EDGE('',*,*,#2640,.F.);
#2896 = CYLINDRICAL_SURFACE('',#2897,4.5E-02);
#2897 = AXIS2_PLACEMENT_3D('',#2898,#2899,#2900);
#2898 = CARTESIAN_POINT('',(0.955,-0.6,0.405));
#2899 = DIRECTION('',(0.,1.,0.));
#2900 = DIRECTION('',(1.,0.,0.));
#2901 = ADVANCED_FACE('',(#2902),#2913,.T.);
#2902 = FACE_BOUND('',#2903,.T.);
#2903 = EDGE_LOOP('',(#2904,#2905,#2911,#2912));
#2904 = ORIENTED_EDGE('',*,*,#2756,.F.);
#2905 = ORIENTED_EDGE('',*,*,#2906,.F.);
#2906 = EDGE_CURVE('',#2624,#2748,#2907,.T.);
#2907 = LINE('',#2908,#2909);
#2908 = CARTESIAN_POINT('',(0.745,-0.6,0.45));
#2909 = VECTOR('',#2910,1.);
#2910 = DIRECTION('',(0.,1.,0.));
#2911 = ORIENTED_EDGE('',*,*,#2632,.T.);
#2912 = ORIENTED_EDGE('',*,*,#2890,.T.);
#2913 = PLANE('',#2914);
#2914 = AXIS2_PLACEMENT_3D('',#2915,#2916,#2917);
#2915 = CARTESIAN_POINT('',(0.7,-0.6,0.45));
#2916 = DIRECTION('',(0.,0.,1.));
#2917 = DIRECTION('',(1.,0.,-0.));
#2918 = ADVANCED_FACE('',(#2919),#2930,.T.);
#2919 = FACE_BOUND('',#2920,.T.);
#2920 = EDGE_LOOP('',(#2921,#2922,#2923,#2924));
#2921 = ORIENTED_EDGE('',*,*,#2623,.T.);
#2922 = ORIENTED_EDGE('',*,*,#2906,.T.);
#2923 = ORIENTED_EDGE('',*,*,#2747,.F.);
#2924 = ORIENTED_EDGE('',*,*,#2925,.F.);
#2925 = EDGE_CURVE('',#2458,#2541,#2926,.T.);
#2926 = LINE('',#2927,#2928);
#2927 = CARTESIAN_POINT('',(0.7,-0.6,0.405));
#2928 = VECTOR('',#2929,1.);
#2929 = DIRECTION('',(0.,1.,0.));
#2930 = CYLINDRICAL_SURFACE('',#2931,4.5E-02);
#2931 = AXIS2_PLACEMENT_3D('',#2932,#2933,#2934);
#2932 = CARTESIAN_POINT('',(0.745,-0.6,0.405));
#2933 = DIRECTION('',(0.,1.,0.));
#2934 = DIRECTION('',(-1.,0.,0.));
#2935 = ADVANCED_FACE('',(#2936),#2947,.T.);
#2936 = FACE_BOUND('',#2937,.T.);
#2937 = EDGE_LOOP('',(#2938,#2939,#2940,#2941));
#2938 = ORIENTED_EDGE('',*,*,#2689,.F.);
#2939 = ORIENTED_EDGE('',*,*,#2925,.T.);
#2940 = ORIENTED_EDGE('',*,*,#2806,.T.);
#2941 = ORIENTED_EDGE('',*,*,#2942,.F.);
#2942 = EDGE_CURVE('',#2682,#2799,#2943,.T.);
#2943 = LINE('',#2944,#2945);
#2944 = CARTESIAN_POINT('',(0.7,-0.6,0.45));
#2945 = VECTOR('',#2946,1.);
#2946 = DIRECTION('',(0.,1.,0.));
#2947 = PLANE('',#2948);
#2948 = AXIS2_PLACEMENT_3D('',#2949,#2950,#2951);
#2949 = CARTESIAN_POINT('',(0.7,-0.6,0.405));
#2950 = DIRECTION('',(1.,0.,0.));
#2951 = DIRECTION('',(0.,0.,1.));
#2952 = ADVANCED_FACE('',(#2953),#2959,.T.);
#2953 = FACE_BOUND('',#2954,.T.);
#2954 = EDGE_LOOP('',(#2955,#2956,#2957,#2958));
#2955 = ORIENTED_EDGE('',*,*,#2713,.F.);
#2956 = ORIENTED_EDGE('',*,*,#2681,.T.);
#2957 = ORIENTED_EDGE('',*,*,#2942,.T.);
#2958 = ORIENTED_EDGE('',*,*,#2798,.F.);
#2959 = PLANE('',#2960);
#2960 = AXIS2_PLACEMENT_3D('',#2961,#2962,#2963);
#2961 = CARTESIAN_POINT('',(-0.7,-0.6,0.45));
#2962 = DIRECTION('',(0.,0.,1.));
#2963 = DIRECTION('',(1.,0.,-0.));
#2964 = ( GEOMETRIC_REPRESENTATION_CONTEXT(3) 
GLOBAL_UNCERTAINTY_ASSIGNED_CONTEXT((#2968)) 
GLOBAL_UNIT_ASSIGNED_CONTEXT((#2965,#2966,#2967)) REPRESENTATION_CONTEXT
('Context #1','3D Context with UNIT and UNCERTAINTY') );
#2965 = ( LENGTH_UNIT() NAMED_UNIT(*) SI_UNIT(.MILLI.,.METRE.) );
#2966 = ( NAMED_UNIT(*) PLANE_ANGLE_UNIT() SI_UNIT($,.RADIAN.) );
#2967 = ( NAMED_UNIT(*) SI_UNIT($,.STERADIAN.) SOLID_ANGLE_UNIT() );
#2968 = UNCERTAINTY_MEASURE_WITH_UNIT(LENGTH_MEASURE(1.E-07),#2965,
  'distance_accuracy_value','confusion accuracy');
#2969 = CONTEXT_DEPENDENT_SHAPE_REPRESENTATION(#2970,#2972);
#2970 = ( REPRESENTATION_RELATIONSHIP('','',#2173,#10) 
REPRESENTATION_RELATIONSHIP_WITH_TRANSFORMATION(#2971) 
SHAPE_REPRESENTATION_RELATIONSHIP() );
#2971 = ITEM_DEFINED_TRANSFORMATION('','',#11,#19);
#2972 = PRODUCT_DEFINITION_SHAPE('Placement','Placement of an item',
  #2973);
#2973 = NEXT_ASSEMBLY_USAGE_OCCURRENCE('2','R1','',#5,#2168,$);
#2974 = PRODUCT_RELATED_PRODUCT_CATEGORY('part',$,(#2170));
#2975 = SHAPE_DEFINITION_REPRESENTATION(#2976,#2982);
#2976 = PRODUCT_DEFINITION_SHAPE('','',#2977);
#2977 = PRODUCT_DEFINITION('design','',#2978,#2981);
#2978 = PRODUCT_DEFINITION_FORMATION('','',#2979);
#2979 = PRODUCT('C_1206_3216Metric','C_1206_3216Metric','',(#2980));
#2980 = PRODUCT_CONTEXT('',#2,'mechanical');
#2981 = PRODUCT_DEFINITION_CONTEXT('part definition',#2,'design');
#2982 = ADVANCED_BREP_SHAPE_REPRESENTATION('',(#11,#2983),#3837);
#2983 = MANIFOLD_SOLID_BREP('',#2984);
#2984 = CLOSED_SHELL('',(#2985,#3061,#3092,#3117,#3142,#3166,#3190,#3215
    ,#3240,#3257,#3343,#3375,#3399,#3424,#3448,#3473,#3497,#3522,#3539,
    #3625,#3656,#3681,#3706,#3730,#3754,#3779,#3804,#3821));
#2985 = ADVANCED_FACE('',(#2986),#3056,.F.);
#2986 = FACE_BOUND('',#2987,.F.);
#2987 = EDGE_LOOP('',(#2988,#2998,#3007,#3015,#3024,#3032,#3041,#3049));
#2988 = ORIENTED_EDGE('',*,*,#2989,.F.);
#2989 = EDGE_CURVE('',#2990,#2992,#2994,.T.);
#2990 = VERTEX_POINT('',#2991);
#2991 = CARTESIAN_POINT('',(-1.6,-0.8,4.E-02));
#2992 = VERTEX_POINT('',#2993);
#2993 = CARTESIAN_POINT('',(-1.6,-0.8,1.56));
#2994 = LINE('',#2995,#2996);
#2995 = CARTESIAN_POINT('',(-1.6,-0.8,0.));
#2996 = VECTOR('',#2997,1.);
#2997 = DIRECTION('',(0.,0.,1.));
#2998 = ORIENTED_EDGE('',*,*,#2999,.T.);
#2999 = EDGE_CURVE('',#2990,#3000,#3002,.T.);
#3000 = VERTEX_POINT('',#3001);
#3001 = CARTESIAN_POINT('',(-1.6,-0.76,0.));
#3002 = CIRCLE('',#3003,4.E-02);
#3003 = AXIS2_PLACEMENT_3D('',#3004,#3005,#3006);
#3004 = CARTESIAN_POINT('',(-1.6,-0.76,4.E-02));
#3005 = DIRECTION('',(1.,0.,-0.));
#3006 = DIRECTION('',(0.,0.,1.));
#3007 = ORIENTED_EDGE('',*,*,#3008,.T.);
#3008 = EDGE_CURVE('',#3000,#3009,#3011,.T.);
#3009 = VERTEX_POINT('',#3010);
#3010 = CARTESIAN_POINT('',(-1.6,0.76,0.));
#3011 = LINE('',#3012,#3013);
#3012 = CARTESIAN_POINT('',(-1.6,-0.8,0.));
#3013 = VECTOR('',#3014,1.);
#3014 = DIRECTION('',(0.,1.,0.));
#3015 = ORIENTED_EDGE('',*,*,#3016,.F.);
#3016 = EDGE_CURVE('',#3017,#3009,#3019,.T.);
#3017 = VERTEX_POINT('',#3018);
#3018 = CARTESIAN_POINT('',(-1.6,0.8,4.E-02));
#3019 = CIRCLE('',#3020,4.E-02);
#3020 = AXIS2_PLACEMENT_3D('',#3021,#3022,#3023);
#3021 = CARTESIAN_POINT('',(-1.6,0.76,4.E-02));
#3022 = DIRECTION('',(-1.,0.,0.));
#3023 = DIRECTION('',(0.,0.,1.));
#3024 = ORIENTED_EDGE('',*,*,#3025,.T.);
#3025 = EDGE_CURVE('',#3017,#3026,#3028,.T.);
#3026 = VERTEX_POINT('',#3027);
#3027 = CARTESIAN_POINT('',(-1.6,0.8,1.56));
#3028 = LINE('',#3029,#3030);
#3029 = CARTESIAN_POINT('',(-1.6,0.8,0.));
#3030 = VECTOR('',#3031,1.);
#3031 = DIRECTION('',(0.,0.,1.));
#3032 = ORIENTED_EDGE('',*,*,#3033,.T.);
#3033 = EDGE_CURVE('',#3026,#3034,#3036,.T.);
#3034 = VERTEX_POINT('',#3035);
#3035 = CARTESIAN_POINT('',(-1.6,0.76,1.6));
#3036 = CIRCLE('',#3037,4.E-02);
#3037 = AXIS2_PLACEMENT_3D('',#3038,#3039,#3040);
#3038 = CARTESIAN_POINT('',(-1.6,0.76,1.56));
#3039 = DIRECTION('',(1.,0.,-0.));
#3040 = DIRECTION('',(0.,0.,1.));
#3041 = ORIENTED_EDGE('',*,*,#3042,.F.);
#3042 = EDGE_CURVE('',#3043,#3034,#3045,.T.);
#3043 = VERTEX_POINT('',#3044);
#3044 = CARTESIAN_POINT('',(-1.6,-0.76,1.6));
#3045 = LINE('',#3046,#3047);
#3046 = CARTESIAN_POINT('',(-1.6,-0.8,1.6));
#3047 = VECTOR('',#3048,1.);
#3048 = DIRECTION('',(0.,1.,0.));
#3049 = ORIENTED_EDGE('',*,*,#3050,.F.);
#3050 = EDGE_CURVE('',#2992,#3043,#3051,.T.);
#3051 = CIRCLE('',#3052,4.E-02);
#3052 = AXIS2_PLACEMENT_3D('',#3053,#3054,#3055);
#3053 = CARTESIAN_POINT('',(-1.6,-0.76,1.56));
#3054 = DIRECTION('',(-1.,0.,0.));
#3055 = DIRECTION('',(0.,0.,1.));
#3056 = PLANE('',#3057);
#3057 = AXIS2_PLACEMENT_3D('',#3058,#3059,#3060);
#3058 = CARTESIAN_POINT('',(-1.6,-0.8,0.));
#3059 = DIRECTION('',(1.,0.,0.));
#3060 = DIRECTION('',(0.,0.,1.));
#3061 = ADVANCED_FACE('',(#3062),#3087,.F.);
#3062 = FACE_BOUND('',#3063,.F.);
#3063 = EDGE_LOOP('',(#3064,#3074,#3080,#3081));
#3064 = ORIENTED_EDGE('',*,*,#3065,.F.);
#3065 = EDGE_CURVE('',#3066,#3068,#3070,.T.);
#3066 = VERTEX_POINT('',#3067);
#3067 = CARTESIAN_POINT('',(-1.2,-0.8,4.E-02));
#3068 = VERTEX_POINT('',#3069);
#3069 = CARTESIAN_POINT('',(-1.2,-0.8,1.56));
#3070 = LINE('',#3071,#3072);
#3071 = CARTESIAN_POINT('',(-1.2,-0.8,0.));
#3072 = VECTOR('',#3073,1.);
#3073 = DIRECTION('',(0.,0.,1.));
#3074 = ORIENTED_EDGE('',*,*,#3075,.F.);
#3075 = EDGE_CURVE('',#2990,#3066,#3076,.T.);
#3076 = LINE('',#3077,#3078);
#3077 = CARTESIAN_POINT('',(-1.6,-0.8,4.E-02));
#3078 = VECTOR('',#3079,1.);
#3079 = DIRECTION('',(1.,0.,0.));
#3080 = ORIENTED_EDGE('',*,*,#2989,.T.);
#3081 = ORIENTED_EDGE('',*,*,#3082,.T.);
#3082 = EDGE_CURVE('',#2992,#3068,#3083,.T.);
#3083 = LINE('',#3084,#3085);
#3084 = CARTESIAN_POINT('',(-1.6,-0.8,1.56));
#3085 = VECTOR('',#3086,1.);
#3086 = DIRECTION('',(1.,0.,0.));
#3087 = PLANE('',#3088);
#3088 = AXIS2_PLACEMENT_3D('',#3089,#3090,#3091);
#3089 = CARTESIAN_POINT('',(-1.6,-0.8,0.));
#3090 = DIRECTION('',(0.,1.,0.));
#3091 = DIRECTION('',(0.,-0.,1.));
#3092 = ADVANCED_FACE('',(#3093),#3112,.T.);
#3093 = FACE_BOUND('',#3094,.T.);
#3094 = EDGE_LOOP('',(#3095,#3096,#3104,#3111));
#3095 = ORIENTED_EDGE('',*,*,#2999,.T.);
#3096 = ORIENTED_EDGE('',*,*,#3097,.T.);
#3097 = EDGE_CURVE('',#3000,#3098,#3100,.T.);
#3098 = VERTEX_POINT('',#3099);
#3099 = CARTESIAN_POINT('',(-1.2,-0.76,0.));
#3100 = LINE('',#3101,#3102);
#3101 = CARTESIAN_POINT('',(-1.6,-0.76,0.));
#3102 = VECTOR('',#3103,1.);
#3103 = DIRECTION('',(1.,0.,0.));
#3104 = ORIENTED_EDGE('',*,*,#3105,.F.);
#3105 = EDGE_CURVE('',#3066,#3098,#3106,.T.);
#3106 = CIRCLE('',#3107,4.E-02);
#3107 = AXIS2_PLACEMENT_3D('',#3108,#3109,#3110);
#3108 = CARTESIAN_POINT('',(-1.2,-0.76,4.E-02));
#3109 = DIRECTION('',(1.,0.,-0.));
#3110 = DIRECTION('',(0.,0.,1.));
#3111 = ORIENTED_EDGE('',*,*,#3075,.F.);
#3112 = CYLINDRICAL_SURFACE('',#3113,4.E-02);
#3113 = AXIS2_PLACEMENT_3D('',#3114,#3115,#3116);
#3114 = CARTESIAN_POINT('',(-1.6,-0.76,4.E-02));
#3115 = DIRECTION('',(1.,0.,0.));
#3116 = DIRECTION('',(0.,-1.,0.));
#3117 = ADVANCED_FACE('',(#3118),#3137,.T.);
#3118 = FACE_BOUND('',#3119,.T.);
#3119 = EDGE_LOOP('',(#3120,#3121,#3130,#3136));
#3120 = ORIENTED_EDGE('',*,*,#3082,.T.);
#3121 = ORIENTED_EDGE('',*,*,#3122,.T.);
#3122 = EDGE_CURVE('',#3068,#3123,#3125,.T.);
#3123 = VERTEX_POINT('',#3124);
#3124 = CARTESIAN_POINT('',(-1.2,-0.76,1.6));
#3125 = CIRCLE('',#3126,4.E-02);
#3126 = AXIS2_PLACEMENT_3D('',#3127,#3128,#3129);
#3127 = CARTESIAN_POINT('',(-1.2,-0.76,1.56));
#3128 = DIRECTION('',(-1.,0.,0.));
#3129 = DIRECTION('',(0.,0.,1.));
#3130 = ORIENTED_EDGE('',*,*,#3131,.F.);
#3131 = EDGE_CURVE('',#3043,#3123,#3132,.T.);
#3132 = LINE('',#3133,#3134);
#3133 = CARTESIAN_POINT('',(-1.6,-0.76,1.6));
#3134 = VECTOR('',#3135,1.);
#3135 = DIRECTION('',(1.,0.,0.));
#3136 = ORIENTED_EDGE('',*,*,#3050,.F.);
#3137 = CYLINDRICAL_SURFACE('',#3138,4.E-02);
#3138 = AXIS2_PLACEMENT_3D('',#3139,#3140,#3141);
#3139 = CARTESIAN_POINT('',(-1.6,-0.76,1.56));
#3140 = DIRECTION('',(1.,0.,0.));
#3141 = DIRECTION('',(0.,-1.,0.));
#3142 = ADVANCED_FACE('',(#3143),#3161,.F.);
#3143 = FACE_BOUND('',#3144,.F.);
#3144 = EDGE_LOOP('',(#3145,#3146,#3147,#3155));
#3145 = ORIENTED_EDGE('',*,*,#3008,.F.);
#3146 = ORIENTED_EDGE('',*,*,#3097,.T.);
#3147 = ORIENTED_EDGE('',*,*,#3148,.T.);
#3148 = EDGE_CURVE('',#3098,#3149,#3151,.T.);
#3149 = VERTEX_POINT('',#3150);
#3150 = CARTESIAN_POINT('',(-1.2,0.76,0.));
#3151 = LINE('',#3152,#3153);
#3152 = CARTESIAN_POINT('',(-1.2,-0.8,0.));
#3153 = VECTOR('',#3154,1.);
#3154 = DIRECTION('',(0.,1.,0.));
#3155 = ORIENTED_EDGE('',*,*,#3156,.F.);
#3156 = EDGE_CURVE('',#3009,#3149,#3157,.T.);
#3157 = LINE('',#3158,#3159);
#3158 = CARTESIAN_POINT('',(-1.6,0.76,0.));
#3159 = VECTOR('',#3160,1.);
#3160 = DIRECTION('',(1.,0.,0.));
#3161 = PLANE('',#3162);
#3162 = AXIS2_PLACEMENT_3D('',#3163,#3164,#3165);
#3163 = CARTESIAN_POINT('',(-1.6,-0.8,0.));
#3164 = DIRECTION('',(0.,0.,1.));
#3165 = DIRECTION('',(1.,0.,-0.));
#3166 = ADVANCED_FACE('',(#3167),#3185,.T.);
#3167 = FACE_BOUND('',#3168,.T.);
#3168 = EDGE_LOOP('',(#3169,#3170,#3171,#3179));
#3169 = ORIENTED_EDGE('',*,*,#3042,.F.);
#3170 = ORIENTED_EDGE('',*,*,#3131,.T.);
#3171 = ORIENTED_EDGE('',*,*,#3172,.T.);
#3172 = EDGE_CURVE('',#3123,#3173,#3175,.T.);
#3173 = VERTEX_POINT('',#3174);
#3174 = CARTESIAN_POINT('',(-1.2,0.76,1.6));
#3175 = LINE('',#3176,#3177);
#3176 = CARTESIAN_POINT('',(-1.2,-0.8,1.6));
#3177 = VECTOR('',#3178,1.);
#3178 = DIRECTION('',(0.,1.,0.));
#3179 = ORIENTED_EDGE('',*,*,#3180,.F.);
#3180 = EDGE_CURVE('',#3034,#3173,#3181,.T.);
#3181 = LINE('',#3182,#3183);
#3182 = CARTESIAN_POINT('',(-1.6,0.76,1.6));
#3183 = VECTOR('',#3184,1.);
#3184 = DIRECTION('',(1.,0.,0.));
#3185 = PLANE('',#3186);
#3186 = AXIS2_PLACEMENT_3D('',#3187,#3188,#3189);
#3187 = CARTESIAN_POINT('',(-1.6,-0.8,1.6));
#3188 = DIRECTION('',(0.,0.,1.));
#3189 = DIRECTION('',(1.,0.,-0.));
#3190 = ADVANCED_FACE('',(#3191),#3210,.T.);
#3191 = FACE_BOUND('',#3192,.T.);
#3192 = EDGE_LOOP('',(#3193,#3201,#3208,#3209));
#3193 = ORIENTED_EDGE('',*,*,#3194,.T.);
#3194 = EDGE_CURVE('',#3017,#3195,#3197,.T.);
#3195 = VERTEX_POINT('',#3196);
#3196 = CARTESIAN_POINT('',(-1.2,0.8,4.E-02));
#3197 = LINE('',#3198,#3199);
#3198 = CARTESIAN_POINT('',(-1.6,0.8,4.E-02));
#3199 = VECTOR('',#3200,1.);
#3200 = DIRECTION('',(1.,0.,0.));
#3201 = ORIENTED_EDGE('',*,*,#3202,.T.);
#3202 = EDGE_CURVE('',#3195,#3149,#3203,.T.);
#3203 = CIRCLE('',#3204,4.E-02);
#3204 = AXIS2_PLACEMENT_3D('',#3205,#3206,#3207);
#3205 = CARTESIAN_POINT('',(-1.2,0.76,4.E-02));
#3206 = DIRECTION('',(-1.,0.,0.));
#3207 = DIRECTION('',(0.,0.,1.));
#3208 = ORIENTED_EDGE('',*,*,#3156,.F.);
#3209 = ORIENTED_EDGE('',*,*,#3016,.F.);
#3210 = CYLINDRICAL_SURFACE('',#3211,4.E-02);
#3211 = AXIS2_PLACEMENT_3D('',#3212,#3213,#3214);
#3212 = CARTESIAN_POINT('',(-1.6,0.76,4.E-02));
#3213 = DIRECTION('',(1.,0.,0.));
#3214 = DIRECTION('',(-0.,1.,0.));
#3215 = ADVANCED_FACE('',(#3216),#3235,.T.);
#3216 = FACE_BOUND('',#3217,.T.);
#3217 = EDGE_LOOP('',(#3218,#3219,#3220,#3229));
#3218 = ORIENTED_EDGE('',*,*,#3033,.T.);
#3219 = ORIENTED_EDGE('',*,*,#3180,.T.);
#3220 = ORIENTED_EDGE('',*,*,#3221,.F.);
#3221 = EDGE_CURVE('',#3222,#3173,#3224,.T.);
#3222 = VERTEX_POINT('',#3223);
#3223 = CARTESIAN_POINT('',(-1.2,0.8,1.56));
#3224 = CIRCLE('',#3225,4.E-02);
#3225 = AXIS2_PLACEMENT_3D('',#3226,#3227,#3228);
#3226 = CARTESIAN_POINT('',(-1.2,0.76,1.56));
#3227 = DIRECTION('',(1.,0.,-0.));
#3228 = DIRECTION('',(0.,0.,1.));
#3229 = ORIENTED_EDGE('',*,*,#3230,.F.);
#3230 = EDGE_CURVE('',#3026,#3222,#3231,.T.);
#3231 = LINE('',#3232,#3233);
#3232 = CARTESIAN_POINT('',(-1.6,0.8,1.56));
#3233 = VECTOR('',#3234,1.);
#3234 = DIRECTION('',(1.,0.,0.));
#3235 = CYLINDRICAL_SURFACE('',#3236,4.E-02);
#3236 = AXIS2_PLACEMENT_3D('',#3237,#3238,#3239);
#3237 = CARTESIAN_POINT('',(-1.6,0.76,1.56));
#3238 = DIRECTION('',(1.,0.,0.));
#3239 = DIRECTION('',(-0.,1.,0.));
#3240 = ADVANCED_FACE('',(#3241),#3252,.T.);
#3241 = FACE_BOUND('',#3242,.T.);
#3242 = EDGE_LOOP('',(#3243,#3249,#3250,#3251));
#3243 = ORIENTED_EDGE('',*,*,#3244,.F.);
#3244 = EDGE_CURVE('',#3195,#3222,#3245,.T.);
#3245 = LINE('',#3246,#3247);
#3246 = CARTESIAN_POINT('',(-1.2,0.8,0.));
#3247 = VECTOR('',#3248,1.);
#3248 = DIRECTION('',(0.,0.,1.));
#3249 = ORIENTED_EDGE('',*,*,#3194,.F.);
#3250 = ORIENTED_EDGE('',*,*,#3025,.T.);
#3251 = ORIENTED_EDGE('',*,*,#3230,.T.);
#3252 = PLANE('',#3253);
#3253 = AXIS2_PLACEMENT_3D('',#3254,#3255,#3256);
#3254 = CARTESIAN_POINT('',(-1.6,0.8,0.));
#3255 = DIRECTION('',(0.,1.,0.));
#3256 = DIRECTION('',(0.,-0.,1.));
#3257 = ADVANCED_FACE('',(#3258,#3268),#3338,.T.);
#3258 = FACE_BOUND('',#3259,.T.);
#3259 = EDGE_LOOP('',(#3260,#3261,#3262,#3263,#3264,#3265,#3266,#3267));
#3260 = ORIENTED_EDGE('',*,*,#3065,.F.);
#3261 = ORIENTED_EDGE('',*,*,#3105,.T.);
#3262 = ORIENTED_EDGE('',*,*,#3148,.T.);
#3263 = ORIENTED_EDGE('',*,*,#3202,.F.);
#3264 = ORIENTED_EDGE('',*,*,#3244,.T.);
#3265 = ORIENTED_EDGE('',*,*,#3221,.T.);
#3266 = ORIENTED_EDGE('',*,*,#3172,.F.);
#3267 = ORIENTED_EDGE('',*,*,#3122,.F.);
#3268 = FACE_BOUND('',#3269,.T.);
#3269 = EDGE_LOOP('',(#3270,#3281,#3289,#3298,#3306,#3315,#3323,#3332));
#3270 = ORIENTED_EDGE('',*,*,#3271,.F.);
#3271 = EDGE_CURVE('',#3272,#3274,#3276,.T.);
#3272 = VERTEX_POINT('',#3273);
#3273 = CARTESIAN_POINT('',(-1.2,-0.76,8.E-02));
#3274 = VERTEX_POINT('',#3275);
#3275 = CARTESIAN_POINT('',(-1.2,-0.72,4.E-02));
#3276 = CIRCLE('',#3277,4.E-02);
#3277 = AXIS2_PLACEMENT_3D('',#3278,#3279,#3280);
#3278 = CARTESIAN_POINT('',(-1.2,-0.72,8.E-02));
#3279 = DIRECTION('',(1.,0.,-0.));
#3280 = DIRECTION('',(0.,0.,1.));
#3281 = ORIENTED_EDGE('',*,*,#3282,.T.);
#3282 = EDGE_CURVE('',#3272,#3283,#3285,.T.);
#3283 = VERTEX_POINT('',#3284);
#3284 = CARTESIAN_POINT('',(-1.2,-0.76,1.52));
#3285 = LINE('',#3286,#3287);
#3286 = CARTESIAN_POINT('',(-1.2,-0.76,4.E-02));
#3287 = VECTOR('',#3288,1.);
#3288 = DIRECTION('',(0.,0.,1.));
#3289 = ORIENTED_EDGE('',*,*,#3290,.T.);
#3290 = EDGE_CURVE('',#3283,#3291,#3293,.T.);
#3291 = VERTEX_POINT('',#3292);
#3292 = CARTESIAN_POINT('',(-1.2,-0.72,1.56));
#3293 = CIRCLE('',#3294,4.E-02);
#3294 = AXIS2_PLACEMENT_3D('',#3295,#3296,#3297);
#3295 = CARTESIAN_POINT('',(-1.2,-0.72,1.52));
#3296 = DIRECTION('',(-1.,0.,0.));
#3297 = DIRECTION('',(0.,0.,1.));
#3298 = ORIENTED_EDGE('',*,*,#3299,.T.);
#3299 = EDGE_CURVE('',#3291,#3300,#3302,.T.);
#3300 = VERTEX_POINT('',#3301);
#3301 = CARTESIAN_POINT('',(-1.2,0.72,1.56));
#3302 = LINE('',#3303,#3304);
#3303 = CARTESIAN_POINT('',(-1.2,-0.76,1.56));
#3304 = VECTOR('',#3305,1.);
#3305 = DIRECTION('',(0.,1.,0.));
#3306 = ORIENTED_EDGE('',*,*,#3307,.F.);
#3307 = EDGE_CURVE('',#3308,#3300,#3310,.T.);
#3308 = VERTEX_POINT('',#3309);
#3309 = CARTESIAN_POINT('',(-1.2,0.76,1.52));
#3310 = CIRCLE('',#3311,4.E-02);
#3311 = AXIS2_PLACEMENT_3D('',#3312,#3313,#3314);
#3312 = CARTESIAN_POINT('',(-1.2,0.72,1.52));
#3313 = DIRECTION('',(1.,0.,-0.));
#3314 = DIRECTION('',(0.,0.,1.));
#3315 = ORIENTED_EDGE('',*,*,#3316,.F.);
#3316 = EDGE_CURVE('',#3317,#3308,#3319,.T.);
#3317 = VERTEX_POINT('',#3318);
#3318 = CARTESIAN_POINT('',(-1.2,0.76,8.E-02));
#3319 = LINE('',#3320,#3321);
#3320 = CARTESIAN_POINT('',(-1.2,0.76,4.E-02));
#3321 = VECTOR('',#3322,1.);
#3322 = DIRECTION('',(0.,0.,1.));
#3323 = ORIENTED_EDGE('',*,*,#3324,.T.);
#3324 = EDGE_CURVE('',#3317,#3325,#3327,.T.);
#3325 = VERTEX_POINT('',#3326);
#3326 = CARTESIAN_POINT('',(-1.2,0.72,4.E-02));
#3327 = CIRCLE('',#3328,4.E-02);
#3328 = AXIS2_PLACEMENT_3D('',#3329,#3330,#3331);
#3329 = CARTESIAN_POINT('',(-1.2,0.72,8.E-02));
#3330 = DIRECTION('',(-1.,0.,0.));
#3331 = DIRECTION('',(0.,0.,1.));
#3332 = ORIENTED_EDGE('',*,*,#3333,.F.);
#3333 = EDGE_CURVE('',#3274,#3325,#3334,.T.);
#3334 = LINE('',#3335,#3336);
#3335 = CARTESIAN_POINT('',(-1.2,-0.76,4.E-02));
#3336 = VECTOR('',#3337,1.);
#3337 = DIRECTION('',(0.,1.,0.));
#3338 = PLANE('',#3339);
#3339 = AXIS2_PLACEMENT_3D('',#3340,#3341,#3342);
#3340 = CARTESIAN_POINT('',(-1.2,-0.8,0.));
#3341 = DIRECTION('',(1.,0.,0.));
#3342 = DIRECTION('',(0.,0.,1.));
#3343 = ADVANCED_FACE('',(#3344),#3370,.T.);
#3344 = FACE_BOUND('',#3345,.T.);
#3345 = EDGE_LOOP('',(#3346,#3347,#3355,#3364));
#3346 = ORIENTED_EDGE('',*,*,#3271,.T.);
#3347 = ORIENTED_EDGE('',*,*,#3348,.T.);
#3348 = EDGE_CURVE('',#3274,#3349,#3351,.T.);
#3349 = VERTEX_POINT('',#3350);
#3350 = CARTESIAN_POINT('',(1.2,-0.72,4.E-02));
#3351 = LINE('',#3352,#3353);
#3352 = CARTESIAN_POINT('',(-1.2,-0.72,4.E-02));
#3353 = VECTOR('',#3354,1.);
#3354 = DIRECTION('',(1.,0.,0.));
#3355 = ORIENTED_EDGE('',*,*,#3356,.F.);
#3356 = EDGE_CURVE('',#3357,#3349,#3359,.T.);
#3357 = VERTEX_POINT('',#3358);
#3358 = CARTESIAN_POINT('',(1.2,-0.76,8.E-02));
#3359 = CIRCLE('',#3360,4.E-02);
#3360 = AXIS2_PLACEMENT_3D('',#3361,#3362,#3363);
#3361 = CARTESIAN_POINT('',(1.2,-0.72,8.E-02));
#3362 = DIRECTION('',(1.,0.,-0.));
#3363 = DIRECTION('',(0.,0.,1.));
#3364 = ORIENTED_EDGE('',*,*,#3365,.F.);
#3365 = EDGE_CURVE('',#3272,#3357,#3366,.T.);
#3366 = LINE('',#3367,#3368);
#3367 = CARTESIAN_POINT('',(-1.2,-0.76,8.E-02));
#3368 = VECTOR('',#3369,1.);
#3369 = DIRECTION('',(1.,0.,0.));
#3370 = CYLINDRICAL_SURFACE('',#3371,4.E-02);
#3371 = AXIS2_PLACEMENT_3D('',#3372,#3373,#3374);
#3372 = CARTESIAN_POINT('',(-1.2,-0.72,8.E-02));
#3373 = DIRECTION('',(1.,0.,0.));
#3374 = DIRECTION('',(0.,-1.,0.));
#3375 = ADVANCED_FACE('',(#3376),#3394,.F.);
#3376 = FACE_BOUND('',#3377,.F.);
#3377 = EDGE_LOOP('',(#3378,#3379,#3380,#3388));
#3378 = ORIENTED_EDGE('',*,*,#3333,.F.);
#3379 = ORIENTED_EDGE('',*,*,#3348,.T.);
#3380 = ORIENTED_EDGE('',*,*,#3381,.T.);
#3381 = EDGE_CURVE('',#3349,#3382,#3384,.T.);
#3382 = VERTEX_POINT('',#3383);
#3383 = CARTESIAN_POINT('',(1.2,0.72,4.E-02));
#3384 = LINE('',#3385,#3386);
#3385 = CARTESIAN_POINT('',(1.2,-0.76,4.E-02));
#3386 = VECTOR('',#3387,1.);
#3387 = DIRECTION('',(0.,1.,0.));
#3388 = ORIENTED_EDGE('',*,*,#3389,.F.);
#3389 = EDGE_CURVE('',#3325,#3382,#3390,.T.);
#3390 = LINE('',#3391,#3392);
#3391 = CARTESIAN_POINT('',(-1.2,0.72,4.E-02));
#3392 = VECTOR('',#3393,1.);
#3393 = DIRECTION('',(1.,0.,0.));
#3394 = PLANE('',#3395);
#3395 = AXIS2_PLACEMENT_3D('',#3396,#3397,#3398);
#3396 = CARTESIAN_POINT('',(-1.2,-0.76,4.E-02));
#3397 = DIRECTION('',(0.,0.,1.));
#3398 = DIRECTION('',(1.,0.,-0.));
#3399 = ADVANCED_FACE('',(#3400),#3419,.T.);
#3400 = FACE_BOUND('',#3401,.T.);
#3401 = EDGE_LOOP('',(#3402,#3410,#3417,#3418));
#3402 = ORIENTED_EDGE('',*,*,#3403,.T.);
#3403 = EDGE_CURVE('',#3317,#3404,#3406,.T.);
#3404 = VERTEX_POINT('',#3405);
#3405 = CARTESIAN_POINT('',(1.2,0.76,8.E-02));
#3406 = LINE('',#3407,#3408);
#3407 = CARTESIAN_POINT('',(-1.2,0.76,8.E-02));
#3408 = VECTOR('',#3409,1.);
#3409 = DIRECTION('',(1.,0.,0.));
#3410 = ORIENTED_EDGE('',*,*,#3411,.T.);
#3411 = EDGE_CURVE('',#3404,#3382,#3412,.T.);
#3412 = CIRCLE('',#3413,4.E-02);
#3413 = AXIS2_PLACEMENT_3D('',#3414,#3415,#3416);
#3414 = CARTESIAN_POINT('',(1.2,0.72,8.E-02));
#3415 = DIRECTION('',(-1.,0.,0.));
#3416 = DIRECTION('',(0.,0.,1.));
#3417 = ORIENTED_EDGE('',*,*,#3389,.F.);
#3418 = ORIENTED_EDGE('',*,*,#3324,.F.);
#3419 = CYLINDRICAL_SURFACE('',#3420,4.E-02);
#3420 = AXIS2_PLACEMENT_3D('',#3421,#3422,#3423);
#3421 = CARTESIAN_POINT('',(-1.2,0.72,8.E-02));
#3422 = DIRECTION('',(1.,0.,0.));
#3423 = DIRECTION('',(-0.,1.,0.));
#3424 = ADVANCED_FACE('',(#3425),#3443,.T.);
#3425 = FACE_BOUND('',#3426,.T.);
#3426 = EDGE_LOOP('',(#3427,#3435,#3436,#3437));
#3427 = ORIENTED_EDGE('',*,*,#3428,.F.);
#3428 = EDGE_CURVE('',#3404,#3429,#3431,.T.);
#3429 = VERTEX_POINT('',#3430);
#3430 = CARTESIAN_POINT('',(1.2,0.76,1.52));
#3431 = LINE('',#3432,#3433);
#3432 = CARTESIAN_POINT('',(1.2,0.76,4.E-02));
#3433 = VECTOR('',#3434,1.);
#3434 = DIRECTION('',(0.,0.,1.));
#3435 = ORIENTED_EDGE('',*,*,#3403,.F.);
#3436 = ORIENTED_EDGE('',*,*,#3316,.T.);
#3437 = ORIENTED_EDGE('',*,*,#3438,.T.);
#3438 = EDGE_CURVE('',#3308,#3429,#3439,.T.);
#3439 = LINE('',#3440,#3441);
#3440 = CARTESIAN_POINT('',(-1.2,0.76,1.52));
#3441 = VECTOR('',#3442,1.);
#3442 = DIRECTION('',(1.,0.,0.));
#3443 = PLANE('',#3444);
#3444 = AXIS2_PLACEMENT_3D('',#3445,#3446,#3447);
#3445 = CARTESIAN_POINT('',(-1.2,0.76,4.E-02));
#3446 = DIRECTION('',(0.,1.,0.));
#3447 = DIRECTION('',(0.,-0.,1.));
#3448 = ADVANCED_FACE('',(#3449),#3468,.T.);
#3449 = FACE_BOUND('',#3450,.T.);
#3450 = EDGE_LOOP('',(#3451,#3452,#3460,#3467));
#3451 = ORIENTED_EDGE('',*,*,#3307,.T.);
#3452 = ORIENTED_EDGE('',*,*,#3453,.T.);
#3453 = EDGE_CURVE('',#3300,#3454,#3456,.T.);
#3454 = VERTEX_POINT('',#3455);
#3455 = CARTESIAN_POINT('',(1.2,0.72,1.56));
#3456 = LINE('',#3457,#3458);
#3457 = CARTESIAN_POINT('',(-1.2,0.72,1.56));
#3458 = VECTOR('',#3459,1.);
#3459 = DIRECTION('',(1.,0.,0.));
#3460 = ORIENTED_EDGE('',*,*,#3461,.F.);
#3461 = EDGE_CURVE('',#3429,#3454,#3462,.T.);
#3462 = CIRCLE('',#3463,4.E-02);
#3463 = AXIS2_PLACEMENT_3D('',#3464,#3465,#3466);
#3464 = CARTESIAN_POINT('',(1.2,0.72,1.52));
#3465 = DIRECTION('',(1.,0.,-0.));
#3466 = DIRECTION('',(0.,0.,1.));
#3467 = ORIENTED_EDGE('',*,*,#3438,.F.);
#3468 = CYLINDRICAL_SURFACE('',#3469,4.E-02);
#3469 = AXIS2_PLACEMENT_3D('',#3470,#3471,#3472);
#3470 = CARTESIAN_POINT('',(-1.2,0.72,1.52));
#3471 = DIRECTION('',(1.,0.,0.));
#3472 = DIRECTION('',(-0.,1.,0.));
#3473 = ADVANCED_FACE('',(#3474),#3492,.T.);
#3474 = FACE_BOUND('',#3475,.T.);
#3475 = EDGE_LOOP('',(#3476,#3477,#3485,#3491));
#3476 = ORIENTED_EDGE('',*,*,#3299,.F.);
#3477 = ORIENTED_EDGE('',*,*,#3478,.T.);
#3478 = EDGE_CURVE('',#3291,#3479,#3481,.T.);
#3479 = VERTEX_POINT('',#3480);
#3480 = CARTESIAN_POINT('',(1.2,-0.72,1.56));
#3481 = LINE('',#3482,#3483);
#3482 = CARTESIAN_POINT('',(-1.2,-0.72,1.56));
#3483 = VECTOR('',#3484,1.);
#3484 = DIRECTION('',(1.,0.,0.));
#3485 = ORIENTED_EDGE('',*,*,#3486,.T.);
#3486 = EDGE_CURVE('',#3479,#3454,#3487,.T.);
#3487 = LINE('',#3488,#3489);
#3488 = CARTESIAN_POINT('',(1.2,-0.76,1.56));
#3489 = VECTOR('',#3490,1.);
#3490 = DIRECTION('',(0.,1.,0.));
#3491 = ORIENTED_EDGE('',*,*,#3453,.F.);
#3492 = PLANE('',#3493);
#3493 = AXIS2_PLACEMENT_3D('',#3494,#3495,#3496);
#3494 = CARTESIAN_POINT('',(-1.2,-0.76,1.56));
#3495 = DIRECTION('',(0.,0.,1.));
#3496 = DIRECTION('',(1.,0.,-0.));
#3497 = ADVANCED_FACE('',(#3498),#3517,.T.);
#3498 = FACE_BOUND('',#3499,.T.);
#3499 = EDGE_LOOP('',(#3500,#3508,#3515,#3516));
#3500 = ORIENTED_EDGE('',*,*,#3501,.T.);
#3501 = EDGE_CURVE('',#3283,#3502,#3504,.T.);
#3502 = VERTEX_POINT('',#3503);
#3503 = CARTESIAN_POINT('',(1.2,-0.76,1.52));
#3504 = LINE('',#3505,#3506);
#3505 = CARTESIAN_POINT('',(-1.2,-0.76,1.52));
#3506 = VECTOR('',#3507,1.);
#3507 = DIRECTION('',(1.,0.,0.));
#3508 = ORIENTED_EDGE('',*,*,#3509,.T.);
#3509 = EDGE_CURVE('',#3502,#3479,#3510,.T.);
#3510 = CIRCLE('',#3511,4.E-02);
#3511 = AXIS2_PLACEMENT_3D('',#3512,#3513,#3514);
#3512 = CARTESIAN_POINT('',(1.2,-0.72,1.52));
#3513 = DIRECTION('',(-1.,0.,0.));
#3514 = DIRECTION('',(0.,0.,1.));
#3515 = ORIENTED_EDGE('',*,*,#3478,.F.);
#3516 = ORIENTED_EDGE('',*,*,#3290,.F.);
#3517 = CYLINDRICAL_SURFACE('',#3518,4.E-02);
#3518 = AXIS2_PLACEMENT_3D('',#3519,#3520,#3521);
#3519 = CARTESIAN_POINT('',(-1.2,-0.72,1.52));
#3520 = DIRECTION('',(1.,0.,0.));
#3521 = DIRECTION('',(0.,-1.,0.));
#3522 = ADVANCED_FACE('',(#3523),#3534,.F.);
#3523 = FACE_BOUND('',#3524,.F.);
#3524 = EDGE_LOOP('',(#3525,#3531,#3532,#3533));
#3525 = ORIENTED_EDGE('',*,*,#3526,.F.);
#3526 = EDGE_CURVE('',#3357,#3502,#3527,.T.);
#3527 = LINE('',#3528,#3529);
#3528 = CARTESIAN_POINT('',(1.2,-0.76,4.E-02));
#3529 = VECTOR('',#3530,1.);
#3530 = DIRECTION('',(0.,0.,1.));
#3531 = ORIENTED_EDGE('',*,*,#3365,.F.);
#3532 = ORIENTED_EDGE('',*,*,#3282,.T.);
#3533 = ORIENTED_EDGE('',*,*,#3501,.T.);
#3534 = PLANE('',#3535);
#3535 = AXIS2_PLACEMENT_3D('',#3536,#3537,#3538);
#3536 = CARTESIAN_POINT('',(-1.2,-0.76,4.E-02));
#3537 = DIRECTION('',(0.,1.,0.));
#3538 = DIRECTION('',(0.,-0.,1.));
#3539 = ADVANCED_FACE('',(#3540,#3610),#3620,.F.);
#3540 = FACE_BOUND('',#3541,.F.);
#3541 = EDGE_LOOP('',(#3542,#3552,#3561,#3569,#3578,#3586,#3595,#3603));
#3542 = ORIENTED_EDGE('',*,*,#3543,.F.);
#3543 = EDGE_CURVE('',#3544,#3546,#3548,.T.);
#3544 = VERTEX_POINT('',#3545);
#3545 = CARTESIAN_POINT('',(1.2,-0.8,4.E-02));
#3546 = VERTEX_POINT('',#3547);
#3547 = CARTESIAN_POINT('',(1.2,-0.8,1.56));
#3548 = LINE('',#3549,#3550);
#3549 = CARTESIAN_POINT('',(1.2,-0.8,0.));
#3550 = VECTOR('',#3551,1.);
#3551 = DIRECTION('',(0.,0.,1.));
#3552 = ORIENTED_EDGE('',*,*,#3553,.T.);
#3553 = EDGE_CURVE('',#3544,#3554,#3556,.T.);
#3554 = VERTEX_POINT('',#3555);
#3555 = CARTESIAN_POINT('',(1.2,-0.76,0.));
#3556 = CIRCLE('',#3557,4.E-02);
#3557 = AXIS2_PLACEMENT_3D('',#3558,#3559,#3560);
#3558 = CARTESIAN_POINT('',(1.2,-0.76,4.E-02));
#3559 = DIRECTION('',(1.,0.,-0.));
#3560 = DIRECTION('',(0.,0.,1.));
#3561 = ORIENTED_EDGE('',*,*,#3562,.T.);
#3562 = EDGE_CURVE('',#3554,#3563,#3565,.T.);
#3563 = VERTEX_POINT('',#3564);
#3564 = CARTESIAN_POINT('',(1.2,0.76,0.));
#3565 = LINE('',#3566,#3567);
#3566 = CARTESIAN_POINT('',(1.2,-0.8,0.));
#3567 = VECTOR('',#3568,1.);
#3568 = DIRECTION('',(0.,1.,0.));
#3569 = ORIENTED_EDGE('',*,*,#3570,.F.);
#3570 = EDGE_CURVE('',#3571,#3563,#3573,.T.);
#3571 = VERTEX_POINT('',#3572);
#3572 = CARTESIAN_POINT('',(1.2,0.8,4.E-02));
#3573 = CIRCLE('',#3574,4.E-02);
#3574 = AXIS2_PLACEMENT_3D('',#3575,#3576,#3577);
#3575 = CARTESIAN_POINT('',(1.2,0.76,4.E-02));
#3576 = DIRECTION('',(-1.,0.,0.));
#3577 = DIRECTION('',(0.,0.,1.));
#3578 = ORIENTED_EDGE('',*,*,#3579,.T.);
#3579 = EDGE_CURVE('',#3571,#3580,#3582,.T.);
#3580 = VERTEX_POINT('',#3581);
#3581 = CARTESIAN_POINT('',(1.2,0.8,1.56));
#3582 = LINE('',#3583,#3584);
#3583 = CARTESIAN_POINT('',(1.2,0.8,0.));
#3584 = VECTOR('',#3585,1.);
#3585 = DIRECTION('',(0.,0.,1.));
#3586 = ORIENTED_EDGE('',*,*,#3587,.T.);
#3587 = EDGE_CURVE('',#3580,#3588,#3590,.T.);
#3588 = VERTEX_POINT('',#3589);
#3589 = CARTESIAN_POINT('',(1.2,0.76,1.6));
#3590 = CIRCLE('',#3591,4.E-02);
#3591 = AXIS2_PLACEMENT_3D('',#3592,#3593,#3594);
#3592 = CARTESIAN_POINT('',(1.2,0.76,1.56));
#3593 = DIRECTION('',(1.,0.,-0.));
#3594 = DIRECTION('',(0.,0.,1.));
#3595 = ORIENTED_EDGE('',*,*,#3596,.F.);
#3596 = EDGE_CURVE('',#3597,#3588,#3599,.T.);
#3597 = VERTEX_POINT('',#3598);
#3598 = CARTESIAN_POINT('',(1.2,-0.76,1.6));
#3599 = LINE('',#3600,#3601);
#3600 = CARTESIAN_POINT('',(1.2,-0.8,1.6));
#3601 = VECTOR('',#3602,1.);
#3602 = DIRECTION('',(0.,1.,0.));
#3603 = ORIENTED_EDGE('',*,*,#3604,.F.);
#3604 = EDGE_CURVE('',#3546,#3597,#3605,.T.);
#3605 = CIRCLE('',#3606,4.E-02);
#3606 = AXIS2_PLACEMENT_3D('',#3607,#3608,#3609);
#3607 = CARTESIAN_POINT('',(1.2,-0.76,1.56));
#3608 = DIRECTION('',(-1.,0.,0.));
#3609 = DIRECTION('',(0.,0.,1.));
#3610 = FACE_BOUND('',#3611,.F.);
#3611 = EDGE_LOOP('',(#3612,#3613,#3614,#3615,#3616,#3617,#3618,#3619));
#3612 = ORIENTED_EDGE('',*,*,#3356,.F.);
#3613 = ORIENTED_EDGE('',*,*,#3526,.T.);
#3614 = ORIENTED_EDGE('',*,*,#3509,.T.);
#3615 = ORIENTED_EDGE('',*,*,#3486,.T.);
#3616 = ORIENTED_EDGE('',*,*,#3461,.F.);
#3617 = ORIENTED_EDGE('',*,*,#3428,.F.);
#3618 = ORIENTED_EDGE('',*,*,#3411,.T.);
#3619 = ORIENTED_EDGE('',*,*,#3381,.F.);
#3620 = PLANE('',#3621);
#3621 = AXIS2_PLACEMENT_3D('',#3622,#3623,#3624);
#3622 = CARTESIAN_POINT('',(1.2,-0.8,0.));
#3623 = DIRECTION('',(1.,0.,0.));
#3624 = DIRECTION('',(0.,0.,1.));
#3625 = ADVANCED_FACE('',(#3626),#3651,.F.);
#3626 = FACE_BOUND('',#3627,.F.);
#3627 = EDGE_LOOP('',(#3628,#3638,#3644,#3645));
#3628 = ORIENTED_EDGE('',*,*,#3629,.F.);
#3629 = EDGE_CURVE('',#3630,#3632,#3634,.T.);
#3630 = VERTEX_POINT('',#3631);
#3631 = CARTESIAN_POINT('',(1.6,-0.8,4.E-02));
#3632 = VERTEX_POINT('',#3633);
#3633 = CARTESIAN_POINT('',(1.6,-0.8,1.56));
#3634 = LINE('',#3635,#3636);
#3635 = CARTESIAN_POINT('',(1.6,-0.8,0.));
#3636 = VECTOR('',#3637,1.);
#3637 = DIRECTION('',(0.,0.,1.));
#3638 = ORIENTED_EDGE('',*,*,#3639,.F.);
#3639 = EDGE_CURVE('',#3544,#3630,#3640,.T.);
#3640 = LINE('',#3641,#3642);
#3641 = CARTESIAN_POINT('',(1.2,-0.8,4.E-02));
#3642 = VECTOR('',#3643,1.);
#3643 = DIRECTION('',(1.,0.,0.));
#3644 = ORIENTED_EDGE('',*,*,#3543,.T.);
#3645 = ORIENTED_EDGE('',*,*,#3646,.T.);
#3646 = EDGE_CURVE('',#3546,#3632,#3647,.T.);
#3647 = LINE('',#3648,#3649);
#3648 = CARTESIAN_POINT('',(1.2,-0.8,1.56));
#3649 = VECTOR('',#3650,1.);
#3650 = DIRECTION('',(1.,0.,0.));
#3651 = PLANE('',#3652);
#3652 = AXIS2_PLACEMENT_3D('',#3653,#3654,#3655);
#3653 = CARTESIAN_POINT('',(1.2,-0.8,0.));
#3654 = DIRECTION('',(0.,1.,0.));
#3655 = DIRECTION('',(0.,-0.,1.));
#3656 = ADVANCED_FACE('',(#3657),#3676,.T.);
#3657 = FACE_BOUND('',#3658,.T.);
#3658 = EDGE_LOOP('',(#3659,#3660,#3668,#3675));
#3659 = ORIENTED_EDGE('',*,*,#3553,.T.);
#3660 = ORIENTED_EDGE('',*,*,#3661,.T.);
#3661 = EDGE_CURVE('',#3554,#3662,#3664,.T.);
#3662 = VERTEX_POINT('',#3663);
#3663 = CARTESIAN_POINT('',(1.6,-0.76,0.));
#3664 = LINE('',#3665,#3666);
#3665 = CARTESIAN_POINT('',(1.2,-0.76,0.));
#3666 = VECTOR('',#3667,1.);
#3667 = DIRECTION('',(1.,0.,0.));
#3668 = ORIENTED_EDGE('',*,*,#3669,.F.);
#3669 = EDGE_CURVE('',#3630,#3662,#3670,.T.);
#3670 = CIRCLE('',#3671,4.E-02);
#3671 = AXIS2_PLACEMENT_3D('',#3672,#3673,#3674);
#3672 = CARTESIAN_POINT('',(1.6,-0.76,4.E-02));
#3673 = DIRECTION('',(1.,0.,-0.));
#3674 = DIRECTION('',(0.,0.,1.));
#3675 = ORIENTED_EDGE('',*,*,#3639,.F.);
#3676 = CYLINDRICAL_SURFACE('',#3677,4.E-02);
#3677 = AXIS2_PLACEMENT_3D('',#3678,#3679,#3680);
#3678 = CARTESIAN_POINT('',(1.2,-0.76,4.E-02));
#3679 = DIRECTION('',(1.,0.,0.));
#3680 = DIRECTION('',(0.,-1.,0.));
#3681 = ADVANCED_FACE('',(#3682),#3701,.T.);
#3682 = FACE_BOUND('',#3683,.T.);
#3683 = EDGE_LOOP('',(#3684,#3685,#3694,#3700));
#3684 = ORIENTED_EDGE('',*,*,#3646,.T.);
#3685 = ORIENTED_EDGE('',*,*,#3686,.T.);
#3686 = EDGE_CURVE('',#3632,#3687,#3689,.T.);
#3687 = VERTEX_POINT('',#3688);
#3688 = CARTESIAN_POINT('',(1.6,-0.76,1.6));
#3689 = CIRCLE('',#3690,4.E-02);
#3690 = AXIS2_PLACEMENT_3D('',#3691,#3692,#3693);
#3691 = CARTESIAN_POINT('',(1.6,-0.76,1.56));
#3692 = DIRECTION('',(-1.,0.,0.));
#3693 = DIRECTION('',(0.,0.,1.));
#3694 = ORIENTED_EDGE('',*,*,#3695,.F.);
#3695 = EDGE_CURVE('',#3597,#3687,#3696,.T.);
#3696 = LINE('',#3697,#3698);
#3697 = CARTESIAN_POINT('',(1.2,-0.76,1.6));
#3698 = VECTOR('',#3699,1.);
#3699 = DIRECTION('',(1.,0.,0.));
#3700 = ORIENTED_EDGE('',*,*,#3604,.F.);
#3701 = CYLINDRICAL_SURFACE('',#3702,4.E-02);
#3702 = AXIS2_PLACEMENT_3D('',#3703,#3704,#3705);
#3703 = CARTESIAN_POINT('',(1.2,-0.76,1.56));
#3704 = DIRECTION('',(1.,0.,0.));
#3705 = DIRECTION('',(0.,-1.,0.));
#3706 = ADVANCED_FACE('',(#3707),#3725,.F.);
#3707 = FACE_BOUND('',#3708,.F.);
#3708 = EDGE_LOOP('',(#3709,#3710,#3711,#3719));
#3709 = ORIENTED_EDGE('',*,*,#3562,.F.);
#3710 = ORIENTED_EDGE('',*,*,#3661,.T.);
#3711 = ORIENTED_EDGE('',*,*,#3712,.T.);
#3712 = EDGE_CURVE('',#3662,#3713,#3715,.T.);
#3713 = VERTEX_POINT('',#3714);
#3714 = CARTESIAN_POINT('',(1.6,0.76,0.));
#3715 = LINE('',#3716,#3717);
#3716 = CARTESIAN_POINT('',(1.6,-0.8,0.));
#3717 = VECTOR('',#3718,1.);
#3718 = DIRECTION('',(0.,1.,0.));
#3719 = ORIENTED_EDGE('',*,*,#3720,.F.);
#3720 = EDGE_CURVE('',#3563,#3713,#3721,.T.);
#3721 = LINE('',#3722,#3723);
#3722 = CARTESIAN_POINT('',(1.2,0.76,0.));
#3723 = VECTOR('',#3724,1.);
#3724 = DIRECTION('',(1.,0.,0.));
#3725 = PLANE('',#3726);
#3726 = AXIS2_PLACEMENT_3D('',#3727,#3728,#3729);
#3727 = CARTESIAN_POINT('',(1.2,-0.8,0.));
#3728 = DIRECTION('',(0.,0.,1.));
#3729 = DIRECTION('',(1.,0.,-0.));
#3730 = ADVANCED_FACE('',(#3731),#3749,.T.);
#3731 = FACE_BOUND('',#3732,.T.);
#3732 = EDGE_LOOP('',(#3733,#3734,#3735,#3743));
#3733 = ORIENTED_EDGE('',*,*,#3596,.F.);
#3734 = ORIENTED_EDGE('',*,*,#3695,.T.);
#3735 = ORIENTED_EDGE('',*,*,#3736,.T.);
#3736 = EDGE_CURVE('',#3687,#3737,#3739,.T.);
#3737 = VERTEX_POINT('',#3738);
#3738 = CARTESIAN_POINT('',(1.6,0.76,1.6));
#3739 = LINE('',#3740,#3741);
#3740 = CARTESIAN_POINT('',(1.6,-0.8,1.6));
#3741 = VECTOR('',#3742,1.);
#3742 = DIRECTION('',(0.,1.,0.));
#3743 = ORIENTED_EDGE('',*,*,#3744,.F.);
#3744 = EDGE_CURVE('',#3588,#3737,#3745,.T.);
#3745 = LINE('',#3746,#3747);
#3746 = CARTESIAN_POINT('',(1.2,0.76,1.6));
#3747 = VECTOR('',#3748,1.);
#3748 = DIRECTION('',(1.,0.,0.));
#3749 = PLANE('',#3750);
#3750 = AXIS2_PLACEMENT_3D('',#3751,#3752,#3753);
#3751 = CARTESIAN_POINT('',(1.2,-0.8,1.6));
#3752 = DIRECTION('',(0.,0.,1.));
#3753 = DIRECTION('',(1.,0.,-0.));
#3754 = ADVANCED_FACE('',(#3755),#3774,.T.);
#3755 = FACE_BOUND('',#3756,.T.);
#3756 = EDGE_LOOP('',(#3757,#3765,#3772,#3773));
#3757 = ORIENTED_EDGE('',*,*,#3758,.T.);
#3758 = EDGE_CURVE('',#3571,#3759,#3761,.T.);
#3759 = VERTEX_POINT('',#3760);
#3760 = CARTESIAN_POINT('',(1.6,0.8,4.E-02));
#3761 = LINE('',#3762,#3763);
#3762 = CARTESIAN_POINT('',(1.2,0.8,4.E-02));
#3763 = VECTOR('',#3764,1.);
#3764 = DIRECTION('',(1.,0.,0.));
#3765 = ORIENTED_EDGE('',*,*,#3766,.T.);
#3766 = EDGE_CURVE('',#3759,#3713,#3767,.T.);
#3767 = CIRCLE('',#3768,4.E-02);
#3768 = AXIS2_PLACEMENT_3D('',#3769,#3770,#3771);
#3769 = CARTESIAN_POINT('',(1.6,0.76,4.E-02));
#3770 = DIRECTION('',(-1.,0.,0.));
#3771 = DIRECTION('',(0.,0.,1.));
#3772 = ORIENTED_EDGE('',*,*,#3720,.F.);
#3773 = ORIENTED_EDGE('',*,*,#3570,.F.);
#3774 = CYLINDRICAL_SURFACE('',#3775,4.E-02);
#3775 = AXIS2_PLACEMENT_3D('',#3776,#3777,#3778);
#3776 = CARTESIAN_POINT('',(1.2,0.76,4.E-02));
#3777 = DIRECTION('',(1.,0.,0.));
#3778 = DIRECTION('',(-0.,1.,0.));
#3779 = ADVANCED_FACE('',(#3780),#3799,.T.);
#3780 = FACE_BOUND('',#3781,.T.);
#3781 = EDGE_LOOP('',(#3782,#3783,#3784,#3793));
#3782 = ORIENTED_EDGE('',*,*,#3587,.T.);
#3783 = ORIENTED_EDGE('',*,*,#3744,.T.);
#3784 = ORIENTED_EDGE('',*,*,#3785,.F.);
#3785 = EDGE_CURVE('',#3786,#3737,#3788,.T.);
#3786 = VERTEX_POINT('',#3787);
#3787 = CARTESIAN_POINT('',(1.6,0.8,1.56));
#3788 = CIRCLE('',#3789,4.E-02);
#3789 = AXIS2_PLACEMENT_3D('',#3790,#3791,#3792);
#3790 = CARTESIAN_POINT('',(1.6,0.76,1.56));
#3791 = DIRECTION('',(1.,0.,-0.));
#3792 = DIRECTION('',(0.,0.,1.));
#3793 = ORIENTED_EDGE('',*,*,#3794,.F.);
#3794 = EDGE_CURVE('',#3580,#3786,#3795,.T.);
#3795 = LINE('',#3796,#3797);
#3796 = CARTESIAN_POINT('',(1.2,0.8,1.56));
#3797 = VECTOR('',#3798,1.);
#3798 = DIRECTION('',(1.,0.,0.));
#3799 = CYLINDRICAL_SURFACE('',#3800,4.E-02);
#3800 = AXIS2_PLACEMENT_3D('',#3801,#3802,#3803);
#3801 = CARTESIAN_POINT('',(1.2,0.76,1.56));
#3802 = DIRECTION('',(1.,0.,0.));
#3803 = DIRECTION('',(-0.,1.,0.));
#3804 = ADVANCED_FACE('',(#3805),#3816,.T.);
#3805 = FACE_BOUND('',#3806,.T.);
#3806 = EDGE_LOOP('',(#3807,#3813,#3814,#3815));
#3807 = ORIENTED_EDGE('',*,*,#3808,.F.);
#3808 = EDGE_CURVE('',#3759,#3786,#3809,.T.);
#3809 = LINE('',#3810,#3811);
#3810 = CARTESIAN_POINT('',(1.6,0.8,0.));
#3811 = VECTOR('',#3812,1.);
#3812 = DIRECTION('',(0.,0.,1.));
#3813 = ORIENTED_EDGE('',*,*,#3758,.F.);
#3814 = ORIENTED_EDGE('',*,*,#3579,.T.);
#3815 = ORIENTED_EDGE('',*,*,#3794,.T.);
#3816 = PLANE('',#3817);
#3817 = AXIS2_PLACEMENT_3D('',#3818,#3819,#3820);
#3818 = CARTESIAN_POINT('',(1.2,0.8,0.));
#3819 = DIRECTION('',(0.,1.,0.));
#3820 = DIRECTION('',(0.,-0.,1.));
#3821 = ADVANCED_FACE('',(#3822),#3832,.T.);
#3822 = FACE_BOUND('',#3823,.T.);
#3823 = EDGE_LOOP('',(#3824,#3825,#3826,#3827,#3828,#3829,#3830,#3831));
#3824 = ORIENTED_EDGE('',*,*,#3629,.F.);
#3825 = ORIENTED_EDGE('',*,*,#3669,.T.);
#3826 = ORIENTED_EDGE('',*,*,#3712,.T.);
#3827 = ORIENTED_EDGE('',*,*,#3766,.F.);
#3828 = ORIENTED_EDGE('',*,*,#3808,.T.);
#3829 = ORIENTED_EDGE('',*,*,#3785,.T.);
#3830 = ORIENTED_EDGE('',*,*,#3736,.F.);
#3831 = ORIENTED_EDGE('',*,*,#3686,.F.);
#3832 = PLANE('',#3833);
#3833 = AXIS2_PLACEMENT_3D('',#3834,#3835,#3836);
#3834 = CARTESIAN_POINT('',(1.6,-0.8,0.));
#3835 = DIRECTION('',(1.,0.,0.));
#3836 = DIRECTION('',(0.,0.,1.));
#3837 = ( GEOMETRIC_REPRESENTATION_CONTEXT(3) 
GLOBAL_UNCERTAINTY_ASSIGNED_CONTEXT((#3841)) 
GLOBAL_UNIT_ASSIGNED_CONTEXT((#3838,#3839,#3840)) REPRESENTATION_CONTEXT
('Context #1','3D Context with UNIT and UNCERTAINTY') );
#3838 = ( LENGTH_UNIT() NAMED_UNIT(*) SI_UNIT(.MILLI.,.METRE.) );
#3839 = ( NAMED_UNIT(*) PLANE_ANGLE_UNIT() SI_UNIT($,.RADIAN.) );
#3840 = ( NAMED_UNIT(*) SI_UNIT($,.STERADIAN.) SOLID_ANGLE_UNIT() );
#3841 = UNCERTAINTY_MEASURE_WITH_UNIT(LENGTH_MEASURE(1.E-07),#3838,
  'distance_accuracy_value','confusion accuracy');
#3842 = CONTEXT_DEPENDENT_SHAPE_REPRESENTATION(#3843,#3845);
#3843 = ( REPRESENTATION_RELATIONSHIP('','',#2982,#10) 
REPRESENTATION_RELATIONSHIP_WITH_TRANSFORMATION(#3844) 
SHAPE_REPRESENTATION_RELATIONSHIP() );
#3844 = ITEM_DEFINED_TRANSFORMATION('','',#11,#23);
#3845 = PRODUCT_DEFINITION_SHAPE('Placement','Placement of an item',
  #3846);
#3846 = NEXT_ASSEMBLY_USAGE_OCCURRENCE('3','C1','',#5,#2977,$);
#3847 = PRODUCT_RELATED_PRODUCT_CATEGORY('part',$,(#2979));
#3848 = SHAPE_DEFINITION_REPRESENTATION(#3849,#3855);
#3849 = PRODUCT_DEFINITION_SHAPE('','',#3850);
#3850 = PRODUCT_DEFINITION('design','',#3851,#3854);
#3851 = PRODUCT_DEFINITION_FORMATION('','',#3852);
#3852 = PRODUCT('TCRT5000','TCRT5000','',(#3853));
#3853 = PRODUCT_CONTEXT('',#2,'mechanical');
#3854 = PRODUCT_DEFINITION_CONTEXT('part definition',#2,'design');
#3855 = SHAPE_REPRESENTATION('',(#11,#3856,#4274,#4692,#5106,#5520,#5934
    ,#6348),#10628);
#3856 = MANIFOLD_SOLID_BREP('',#3857);
#3857 = CLOSED_SHELL('',(#3858,#3918,#3941,#3964,#3989,#4112,#4130,#4147
    ,#4262));
#3858 = ADVANCED_FACE('',(#3859),#3913,.F.);
#3859 = FACE_BOUND('',#3860,.T.);
#3860 = EDGE_LOOP('',(#3861,#3871,#3880,#3889,#3897,#3906));
#3861 = ORIENTED_EDGE('',*,*,#3862,.T.);
#3862 = EDGE_CURVE('',#3863,#3865,#3867,.T.);
#3863 = VERTEX_POINT('',#3864);
#3864 = CARTESIAN_POINT('',(2.525,4.4,-1.5));
#3865 = VERTEX_POINT('',#3866);
#3866 = CARTESIAN_POINT('',(2.578733341286,4.4,-1.5));
#3867 = LINE('',#3868,#3869);
#3868 = CARTESIAN_POINT('',(4.175,4.4,-1.5));
#3869 = VECTOR('',#3870,1.);
#3870 = DIRECTION('',(1.,-0.,-0.));
#3871 = ORIENTED_EDGE('',*,*,#3872,.T.);
#3872 = EDGE_CURVE('',#3865,#3873,#3875,.T.);
#3873 = VERTEX_POINT('',#3874);
#3874 = CARTESIAN_POINT('',(4.175,4.4,0.));
#3875 = ( BOUNDED_CURVE() B_SPLINE_CURVE(3,(#3876,#3877,#3878,#3879),
.UNSPECIFIED.,.F.,.F.) B_SPLINE_CURVE_WITH_KNOTS((4,4),(4.712388980385,
6.28318530718),.PIECEWISE_BEZIER_KNOTS.) CURVE() 
GEOMETRIC_REPRESENTATION_ITEM() RATIONAL_B_SPLINE_CURVE((1.,
0.804737854124,0.804737854124,1.)) REPRESENTATION_ITEM('') );
#3876 = CARTESIAN_POINT('',(2.578733341286,4.4,-1.5));
#3877 = CARTESIAN_POINT('',(3.513804700797,4.4,-1.5));
#3878 = CARTESIAN_POINT('',(4.175,4.4,-0.87867965644));
#3879 = CARTESIAN_POINT('',(4.175,4.4,0.));
#3880 = ORIENTED_EDGE('',*,*,#3881,.T.);
#3881 = EDGE_CURVE('',#3873,#3882,#3884,.T.);
#3882 = VERTEX_POINT('',#3883);
#3883 = CARTESIAN_POINT('',(2.578733341286,4.4,1.5));
#3884 = ( BOUNDED_CURVE() B_SPLINE_CURVE(3,(#3885,#3886,#3887,#3888),
.UNSPECIFIED.,.F.,.F.) B_SPLINE_CURVE_WITH_KNOTS((4,4),(3.14159265359,
4.712388980385),.PIECEWISE_BEZIER_KNOTS.) CURVE() 
GEOMETRIC_REPRESENTATION_ITEM() RATIONAL_B_SPLINE_CURVE((1.,
0.804737854124,0.804737854124,1.)) REPRESENTATION_ITEM('') );
#3885 = CARTESIAN_POINT('',(4.175,4.4,0.));
#3886 = CARTESIAN_POINT('',(4.175,4.4,0.87867965644));
#3887 = CARTESIAN_POINT('',(3.513804700797,4.4,1.5));
#3888 = CARTESIAN_POINT('',(2.578733341286,4.4,1.5));
#3889 = ORIENTED_EDGE('',*,*,#3890,.F.);
#3890 = EDGE_CURVE('',#3891,#3882,#3893,.T.);
#3891 = VERTEX_POINT('',#3892);
#3892 = CARTESIAN_POINT('',(2.525,4.4,1.5));
#3893 = LINE('',#3894,#3895);
#3894 = CARTESIAN_POINT('',(4.175,4.4,1.5));
#3895 = VECTOR('',#3896,1.);
#3896 = DIRECTION('',(1.,-0.,-0.));
#3897 = ORIENTED_EDGE('',*,*,#3898,.T.);
#3898 = EDGE_CURVE('',#3891,#3899,#3901,.T.);
#3899 = VERTEX_POINT('',#3900);
#3900 = CARTESIAN_POINT('',(1.025,4.4,0.));
#3901 = CIRCLE('',#3902,1.5);
#3902 = AXIS2_PLACEMENT_3D('',#3903,#3904,#3905);
#3903 = CARTESIAN_POINT('',(2.525,4.4,0.));
#3904 = DIRECTION('',(0.,-1.,0.));
#3905 = DIRECTION('',(0.,0.,1.));
#3906 = ORIENTED_EDGE('',*,*,#3907,.T.);
#3907 = EDGE_CURVE('',#3899,#3863,#3908,.T.);
#3908 = CIRCLE('',#3909,1.5);
#3909 = AXIS2_PLACEMENT_3D('',#3910,#3911,#3912);
#3910 = CARTESIAN_POINT('',(2.525,4.4,0.));
#3911 = DIRECTION('',(0.,-1.,0.));
#3912 = DIRECTION('',(0.,0.,1.));
#3913 = PLANE('',#3914);
#3914 = AXIS2_PLACEMENT_3D('',#3915,#3916,#3917);
#3915 = CARTESIAN_POINT('',(4.175,4.4,1.5));
#3916 = DIRECTION('',(0.,1.,-0.));
#3917 = DIRECTION('',(0.,0.,1.));
#3918 = ADVANCED_FACE('',(#3919),#3936,.F.);
#3919 = FACE_BOUND('',#3920,.T.);
#3920 = EDGE_LOOP('',(#3921,#3922,#3930));
#3921 = ORIENTED_EDGE('',*,*,#3890,.T.);
#3922 = ORIENTED_EDGE('',*,*,#3923,.T.);
#3923 = EDGE_CURVE('',#3882,#3924,#3926,.T.);
#3924 = VERTEX_POINT('',#3925);
#3925 = CARTESIAN_POINT('',(2.525,4.547631141855,1.5));
#3926 = LINE('',#3927,#3928);
#3927 = CARTESIAN_POINT('',(2.212588037159,5.40597595533,1.5));
#3928 = VECTOR('',#3929,1.);
#3929 = DIRECTION('',(-0.342020143326,0.939692620786,0.));
#3930 = ORIENTED_EDGE('',*,*,#3931,.T.);
#3931 = EDGE_CURVE('',#3924,#3891,#3932,.T.);
#3932 = LINE('',#3933,#3934);
#3933 = CARTESIAN_POINT('',(2.525,5.461062613475,1.5));
#3934 = VECTOR('',#3935,1.);
#3935 = DIRECTION('',(0.,-1.,0.));
#3936 = PLANE('',#3937);
#3937 = AXIS2_PLACEMENT_3D('',#3938,#3939,#3940);
#3938 = CARTESIAN_POINT('',(2.363937386525,5.461062613475,1.5));
#3939 = DIRECTION('',(-0.,0.,-1.));
#3940 = DIRECTION('',(-1.,0.,0.));
#3941 = ADVANCED_FACE('',(#3942),#3959,.T.);
#3942 = FACE_BOUND('',#3943,.T.);
#3943 = EDGE_LOOP('',(#3944,#3952,#3958));
#3944 = ORIENTED_EDGE('',*,*,#3945,.T.);
#3945 = EDGE_CURVE('',#3863,#3946,#3948,.T.);
#3946 = VERTEX_POINT('',#3947);
#3947 = CARTESIAN_POINT('',(2.525,4.547631141855,-1.5));
#3948 = LINE('',#3949,#3950);
#3949 = CARTESIAN_POINT('',(2.525,5.461062613475,-1.5));
#3950 = VECTOR('',#3951,1.);
#3951 = DIRECTION('',(-0.,1.,-0.));
#3952 = ORIENTED_EDGE('',*,*,#3953,.T.);
#3953 = EDGE_CURVE('',#3946,#3865,#3954,.T.);
#3954 = LINE('',#3955,#3956);
#3955 = CARTESIAN_POINT('',(2.765461068821,3.886969785011,-1.5));
#3956 = VECTOR('',#3957,1.);
#3957 = DIRECTION('',(0.342020143326,-0.939692620786,-0.));
#3958 = ORIENTED_EDGE('',*,*,#3862,.F.);
#3959 = PLANE('',#3960);
#3960 = AXIS2_PLACEMENT_3D('',#3961,#3962,#3963);
#3961 = CARTESIAN_POINT('',(2.363937386525,5.461062613475,-1.5));
#3962 = DIRECTION('',(-0.,0.,-1.));
#3963 = DIRECTION('',(-1.,0.,0.));
#3964 = ADVANCED_FACE('',(#3965),#3984,.T.);
#3965 = FACE_BOUND('',#3966,.T.);
#3966 = EDGE_LOOP('',(#3967,#3976,#3982,#3983));
#3967 = ORIENTED_EDGE('',*,*,#3968,.F.);
#3968 = EDGE_CURVE('',#3969,#3924,#3971,.T.);
#3969 = VERTEX_POINT('',#3970);
#3970 = CARTESIAN_POINT('',(1.025,5.461062613475,0.));
#3971 = ( BOUNDED_CURVE() B_SPLINE_CURVE(3,(#3972,#3973,#3974,#3975),
.UNSPECIFIED.,.F.,.F.) B_SPLINE_CURVE_WITH_KNOTS((4,4),(3.14159265359,
4.712388980385),.PIECEWISE_BEZIER_KNOTS.) CURVE() 
GEOMETRIC_REPRESENTATION_ITEM() RATIONAL_B_SPLINE_CURVE((1.,
0.804737854124,0.804737854124,1.)) REPRESENTATION_ITEM('') );
#3972 = CARTESIAN_POINT('',(1.025,5.461062613475,0.));
#3973 = CARTESIAN_POINT('',(1.025,5.461062613475,0.87867965644));
#3974 = CARTESIAN_POINT('',(1.64632034356,5.082706909632,1.5));
#3975 = CARTESIAN_POINT('',(2.525,4.547631141855,1.5));
#3976 = ORIENTED_EDGE('',*,*,#3977,.F.);
#3977 = EDGE_CURVE('',#3899,#3969,#3978,.T.);
#3978 = LINE('',#3979,#3980);
#3979 = CARTESIAN_POINT('',(1.025,4.4,0.));
#3980 = VECTOR('',#3981,1.);
#3981 = DIRECTION('',(-0.,1.,-0.));
#3982 = ORIENTED_EDGE('',*,*,#3898,.F.);
#3983 = ORIENTED_EDGE('',*,*,#3931,.F.);
#3984 = CYLINDRICAL_SURFACE('',#3985,1.5);
#3985 = AXIS2_PLACEMENT_3D('',#3986,#3987,#3988);
#3986 = CARTESIAN_POINT('',(2.525,5.461062613475,0.));
#3987 = DIRECTION('',(0.,-1.,0.));
#3988 = DIRECTION('',(0.,0.,-1.));
#3989 = ADVANCED_FACE('',(#3990),#4009,.T.);
#3990 = FACE_BOUND('',#3991,.T.);
#3991 = EDGE_LOOP('',(#3992,#4001,#4002));
#3992 = ORIENTED_EDGE('',*,*,#3993,.F.);
#3993 = EDGE_CURVE('',#3969,#3994,#3996,.T.);
#3994 = VERTEX_POINT('',#3995);
#3995 = CARTESIAN_POINT('',(3.622126968337,5.919006170318,0.));
#3996 = CIRCLE('',#3997,1.338937386525);
#3997 = AXIS2_PLACEMENT_3D('',#3998,#3999,#4000);
#3998 = CARTESIAN_POINT('',(2.363937386525,5.461062613475,0.));
#3999 = DIRECTION('',(0.,0.,-1.));
#4000 = DIRECTION('',(-1.,0.,0.));
#4001 = ORIENTED_EDGE('',*,*,#3968,.T.);
#4002 = ORIENTED_EDGE('',*,*,#4003,.F.);
#4003 = EDGE_CURVE('',#3994,#3924,#4004,.T.);
#4004 = ( BOUNDED_CURVE() B_SPLINE_CURVE(3,(#4005,#4006,#4007,#4008),
.UNSPECIFIED.,.F.,.F.) B_SPLINE_CURVE_WITH_KNOTS((4,4),(3.14159265359,
4.712388980385),.PIECEWISE_BEZIER_KNOTS.) CURVE() 
GEOMETRIC_REPRESENTATION_ITEM() RATIONAL_B_SPLINE_CURVE((1.,
0.804737854124,0.804737854124,1.)) REPRESENTATION_ITEM('') );
#4005 = CARTESIAN_POINT('',(3.622126968337,5.919006170318,0.));
#4006 = CARTESIAN_POINT('',(3.622126968337,5.919006170318,0.87867965644)
  );
#4007 = CARTESIAN_POINT('',(3.167682098407,5.350964034429,1.5));
#4008 = CARTESIAN_POINT('',(2.525,4.547631141855,1.5));
#4009 = ( BOUNDED_SURFACE() B_SPLINE_SURFACE(3,2,(
    (#4010,#4011,#4012)
    ,(#4013,#4014,#4015)
    ,(#4016,#4017,#4018)
    ,(#4019,#4020,#4021)
    ,(#4022,#4023,#4024)
    ,(#4025,#4026,#4027)
    ,(#4028,#4029,#4030)
    ,(#4031,#4032,#4033)
    ,(#4034,#4035,#4036)
    ,(#4037,#4038,#4039)
    ,(#4040,#4041,#4042)
    ,(#4043,#4044,#4045)
    ,(#4046,#4047,#4048)
    ,(#4049,#4050,#4051)
    ,(#4052,#4053,#4054)
    ,(#4055,#4056,#4057)
    ,(#4058,#4059,#4060)
    ,(#4061,#4062,#4063)
    ,(#4064,#4065,#4066)
    ,(#4067,#4068,#4069)
    ,(#4070,#4071,#4072)
    ,(#4073,#4074,#4075)
    ,(#4076,#4077,#4078)
    ,(#4079,#4080,#4081)
    ,(#4082,#4083,#4084)
    ,(#4085,#4086,#4087)
    ,(#4088,#4089,#4090)
    ,(#4091,#4092,#4093)
    ,(#4094,#4095,#4096)
    ,(#4097,#4098,#4099)
    ,(#4100,#4101,#4102)
    ,(#4103,#4104,#4105)
    ,(#4106,#4107,#4108)
    ,(#4109,#4110,#4111
)),.UNSPECIFIED.,.F.,.F.,.F.) B_SPLINE_SURFACE_WITH_KNOTS((4,2,2,2,2,2,2
    ,2,2,2,2,2,2,2,2,2,4),(3,3),(1.570796326795,1.963495408494,
    2.159844949343,2.356194490192,2.552544031042,2.650718801466,
    2.748893571891,2.847068342316,2.896155727528,2.94524311274,
    2.994330497953,3.018874190559,3.043417883165,3.067961575771,
    3.092505268377,3.117048960984,3.14159265359),(0.,1.),.UNSPECIFIED.) 
GEOMETRIC_REPRESENTATION_ITEM() RATIONAL_B_SPLINE_SURFACE((
    (1.,1.,1.)
    ,(1.,1.000131127444,1.)
    ,(1.,0.974723772114,1.)
    ,(1.,0.902037594454,1.)
    ,(1.,0.872078246289,1.)
    ,(1.,0.802017213674,1.)
    ,(1.,0.761911250211,1.)
    ,(1.,0.673465835859,1.)
    ,(1.,0.625106802452,1.)
    ,(1.,0.548484212072,1.)
    ,(1.,0.522269948632,1.)
    ,(1.,0.469028138674,1.)
    ,(1.,0.441993003994,1.)
    ,(1.,0.387909143032,1.)
    ,(1.,0.360839629077,1.)
    ,(1.,0.321302666671,1.)
    ,(1.,0.308307078504,1.)
    ,(1.,0.283006045521,1.)
    ,(1.,0.270695741388,1.)
    ,(1.,0.247247370842,1.)
    ,(1.,0.236102021778,1.)
    ,(1.,0.220810635211,1.)
    ,(1.,0.215950372317,1.)
    ,(1.,0.206831977671,1.)
    ,(1.,0.202568562385,1.)
    ,(1.,0.194779406328,1.)
    ,(1.,0.191247449586,1.)
    ,(1.,0.185062266181,1.)
    ,(1.,0.182402564114,1.)
    ,(1.,0.178090027445,1.)
    ,(1.,0.176431641638,1.)
    ,(1.,0.174212341824,1.)
    ,(1.,0.173646648733,1.)
,(1.,0.173648177667,1.))) REPRESENTATION_ITEM('') SURFACE() );
#4010 = CARTESIAN_POINT('',(2.525,4.547631141855,1.5));
#4011 = CARTESIAN_POINT('',(2.525,4.547631141855,1.5));
#4012 = CARTESIAN_POINT('',(2.525,4.547631141855,1.5));
#4013 = CARTESIAN_POINT('',(2.668639454961,4.727176050805,1.5));
#4014 = CARTESIAN_POINT('',(2.49856684957,4.697540987323,1.499999997828)
  );
#4015 = CARTESIAN_POINT('',(2.328615088627,4.667220580922,1.5));
#4016 = CARTESIAN_POINT('',(2.812170692796,4.906585691668,1.460958998036
    ));
#4017 = CARTESIAN_POINT('',(2.471064260191,4.853515922461,1.529198949353
    ));
#4018 = CARTESIAN_POINT('',(2.1323781325,4.786719922003,1.460958998036)
  );
#4019 = CARTESIAN_POINT('',(3.011193124578,5.155357621377,1.348249449133
    ));
#4020 = CARTESIAN_POINT('',(2.431465892023,5.078089427937,1.623772253476
    ));
#4021 = CARTESIAN_POINT('',(1.860273210929,4.952419387966,1.348249449133
    ));
#4022 = CARTESIAN_POINT('',(3.07482593632,5.234896682519,1.301747383454)
  );
#4023 = CARTESIAN_POINT('',(2.417499172128,5.15729863256,1.667519562439)
  );
#4024 = CARTESIAN_POINT('',(1.773273966203,5.005397953393,1.301747383454
    ));
#4025 = CARTESIAN_POINT('',(3.194236234582,5.384155889433,1.192661453454
    ));
#4026 = CARTESIAN_POINT('',(2.388287219525,5.322967848271,1.783022097051
    ));
#4027 = CARTESIAN_POINT('',(1.610015334738,5.104815001388,1.192661453454
    ));
#4028 = CARTESIAN_POINT('',(3.250010868559,5.453872469613,1.130080191578
    ));
#4029 = CARTESIAN_POINT('',(2.372558037596,5.412172471783,1.858973298972
    ));
#4030 = CARTESIAN_POINT('',(1.533759848019,5.151251109024,1.130080191578
    ));
#4031 = CARTESIAN_POINT('',(3.35156096971,5.580806978449,0.991240151981)
  );
#4032 = CARTESIAN_POINT('',(2.336597140242,5.616116855164,2.057256261084
    ));
#4033 = CARTESIAN_POINT('',(1.394919808422,5.235798350149,0.991240151981
    ));
#4034 = CARTESIAN_POINT('',(3.397334042212,5.638021913837,0.914984639839
    ));
#4035 = CARTESIAN_POINT('',(2.315322275798,5.736772607101,2.189182866314
    ));
#4036 = CARTESIAN_POINT('',(1.332338529559,5.273907489914,0.914984639839
    ));
#4037 = CARTESIAN_POINT('',(3.45717458141,5.712820750721,0.792540704375)
  );
#4038 = CARTESIAN_POINT('',(2.274317635718,5.969321476905,2.436982660136
    ));
#4039 = CARTESIAN_POINT('',(1.25052410754,5.323728735184,0.792540704375)
  );
#4040 = CARTESIAN_POINT('',(3.47565487266,5.735920547436,0.75038627993)
  );
#4041 = CARTESIAN_POINT('',(2.25755743177,6.064373316847,2.536903896689)
  );
#4042 = CARTESIAN_POINT('',(1.225257718438,5.339114811837,0.75038627993)
  );
#4043 = CARTESIAN_POINT('',(3.509504333474,5.77823133427,0.663803930548)
  );
#4044 = CARTESIAN_POINT('',(2.216259585279,6.298585042843,2.765634325176
    ));
#4045 = CARTESIAN_POINT('',(1.178978488517,5.367296748566,0.663803930548
    ));
#4046 = CARTESIAN_POINT('',(3.524873531226,5.797442359624,0.619375928024
    ));
#4047 = CARTESIAN_POINT('',(2.190725540309,6.443395807865,2.898611819761
    ));
#4048 = CARTESIAN_POINT('',(1.157965609156,5.38009263211,0.619375928024)
  );
#4049 = CARTESIAN_POINT('',(3.55235277,5.831790564475,0.528674369071));
#4050 = CARTESIAN_POINT('',(2.124061444923,6.821466680047,3.195650844202
    ));
#4051 = CARTESIAN_POINT('',(1.12039579331,5.402970933562,0.528674369071)
  );
#4052 = CARTESIAN_POINT('',(3.564462861725,5.84692780735,0.482400633426)
  );
#4053 = CARTESIAN_POINT('',(2.080589483464,7.068008424731,3.365387876262
    ));
#4054 = CARTESIAN_POINT('',(1.103838787501,5.413053393683,0.482400633426
    ));
#4055 = CARTESIAN_POINT('',(3.58009614327,5.866468929336,0.41194020711)
  );
#4056 = CARTESIAN_POINT('',(1.994624190549,7.555541827562,3.608120570722
    ));
#4057 = CARTESIAN_POINT('',(1.082464850852,5.426069144621,0.41194020711)
  );
#4058 = CARTESIAN_POINT('',(3.584885550858,5.872455541785,0.388278365986
    ));
#4059 = CARTESIAN_POINT('',(1.9598771717,7.752601963842,3.691145245066)
  );
#4060 = CARTESIAN_POINT('',(1.075916737836,5.430056646294,0.388278365986
    ));
#4061 = CARTESIAN_POINT('',(3.593609345162,5.883360016844,0.340662173724
    ));
#4062 = CARTESIAN_POINT('',(1.878082570289,8.216482199769,3.837018531842
    ));
#4063 = CARTESIAN_POINT('',(1.06398950258,5.437319787662,0.340662173724)
  );
#4064 = CARTESIAN_POINT('',(3.597543788844,5.888277950659,0.316707505923
    ));
#4065 = CARTESIAN_POINT('',(1.830080518889,8.488715361179,3.897939276461
    ));
#4066 = CARTESIAN_POINT('',(1.058610302458,5.440595474784,0.316707505923
    ));
#4067 = CARTESIAN_POINT('',(3.604548173714,5.89703321671,0.268563460125)
  );
#4068 = CARTESIAN_POINT('',(1.718046001367,9.124094683568,3.957312351014
    ));
#4069 = CARTESIAN_POINT('',(1.049033856333,5.446427092969,0.268563460125
    ));
#4070 = CARTESIAN_POINT('',(3.607618174357,5.900870623264,0.244373663715
    ));
#4071 = CARTESIAN_POINT('',(1.652893379709,9.493593562283,3.949742878628
    ));
#4072 = CARTESIAN_POINT('',(1.044836529043,5.448983073531,0.244373663715
    ));
#4073 = CARTESIAN_POINT('',(3.611569251114,5.905809347912,0.207956735667
    ));
#4074 = CARTESIAN_POINT('',(1.545833393002,10.100760918498,3.8323648694)
  );
#4075 = CARTESIAN_POINT('',(1.039434588058,5.4522726088,0.207956735667)
  );
#4076 = CARTESIAN_POINT('',(3.612777327956,5.907319406876,0.195795516304
    ));
#4077 = CARTESIAN_POINT('',(1.507344689203,10.319041204614,
    3.772153611667));
#4078 = CARTESIAN_POINT('',(1.037782896581,5.453278413451,0.195795516304
    ));
#4079 = CARTESIAN_POINT('',(3.614974797907,5.910066176853,0.171436509294
    ));
#4080 = CARTESIAN_POINT('',(1.42783188,10.769980753876,3.599150239052));
#4081 = CARTESIAN_POINT('',(1.034778499623,5.455107953941,0.171436509294
    ));
#4082 = CARTESIAN_POINT('',(3.615964219375,5.911302923312,0.159238404561
    ));
#4083 = CARTESIAN_POINT('',(1.386826202001,11.00253551001,3.485063990556
    ));
#4084 = CARTESIAN_POINT('',(1.033425755369,5.45593171339,0.159238404561)
  );
#4085 = CARTESIAN_POINT('',(3.617723784845,5.91350232613,0.134813016427)
  );
#4086 = CARTESIAN_POINT('',(1.305116795542,11.465932581357,
    3.190562845892));
#4087 = CARTESIAN_POINT('',(1.031020064614,5.457396669155,0.134813016427
    ));
#4088 = CARTESIAN_POINT('',(3.618493954485,5.914465014537,0.12258537363)
  );
#4089 = CARTESIAN_POINT('',(1.26455152278,11.69598967528,3.008982094582)
  );
#4090 = CARTESIAN_POINT('',(1.02996708306,5.458037886816,0.12258537363)
  );
#4091 = CARTESIAN_POINT('',(3.619814556091,5.916115726001,
    9.81083171686E-02));
#4092 = CARTESIAN_POINT('',(1.188255712039,12.128684719649,2.57205789764
    ));
#4093 = CARTESIAN_POINT('',(1.028161546904,5.459137375847,
    9.81083171686E-02));
#4094 = CARTESIAN_POINT('',(3.620365009445,5.916803775795,
    8.585850272878E-02));
#4095 = CARTESIAN_POINT('',(1.152786231023,12.329842142485,
    2.316179162301));
#4096 = CARTESIAN_POINT('',(1.027408963059,5.459595665026,
    8.585850272878E-02));
#4097 = CARTESIAN_POINT('',(3.621245852266,5.917904802279,
    6.134452025347E-02));
#4098 = CARTESIAN_POINT('',(1.092337276745,12.672665197894,
    1.737089305412));
#4099 = CARTESIAN_POINT('',(1.026204668325,5.460329025501,
    6.134452025347E-02));
#4100 = CARTESIAN_POINT('',(3.621576257233,5.918317798345,
    4.907991571441E-02));
#4101 = CARTESIAN_POINT('',(1.067670591816,12.812556919684,
    1.414487277221));
#4102 = CARTESIAN_POINT('',(1.025752936242,5.460604109702,
    4.907991571441E-02));
#4103 = CARTESIAN_POINT('',(3.62201681118,5.918868477254,
    2.454376985433E-02));
#4104 = CARTESIAN_POINT('',(1.033891550568,13.004127382199,
    0.727097323166));
#4105 = CARTESIAN_POINT('',(1.025150607669,5.460970900285,
    2.454376985433E-02));
#4106 = CARTESIAN_POINT('',(3.62212696849,5.919006169898,
    1.2271788264E-02));
#4107 = CARTESIAN_POINT('',(1.025016544,13.054460045598,0.3644472094));
#4108 = CARTESIAN_POINT('',(1.025,5.461062613028,1.2271788264E-02));
#4109 = CARTESIAN_POINT('',(3.622126968337,5.919006170318,
    -1.148570609678E-15));
#4110 = CARTESIAN_POINT('',(1.025,13.054553871282,-3.412390181357E-14));
#4111 = CARTESIAN_POINT('',(1.025,5.461062613475,-1.148570609678E-15));
#4112 = ADVANCED_FACE('',(#4113),#4125,.T.);
#4113 = FACE_BOUND('',#4114,.T.);
#4114 = EDGE_LOOP('',(#4115,#4116,#4117,#4124));
#4115 = ORIENTED_EDGE('',*,*,#3907,.F.);
#4116 = ORIENTED_EDGE('',*,*,#3977,.T.);
#4117 = ORIENTED_EDGE('',*,*,#4118,.F.);
#4118 = EDGE_CURVE('',#3946,#3969,#4119,.T.);
#4119 = ( BOUNDED_CURVE() B_SPLINE_CURVE(3,(#4120,#4121,#4122,#4123),
.UNSPECIFIED.,.F.,.F.) B_SPLINE_CURVE_WITH_KNOTS((4,4),(1.570796326795,
3.14159265359),.PIECEWISE_BEZIER_KNOTS.) CURVE() 
GEOMETRIC_REPRESENTATION_ITEM() RATIONAL_B_SPLINE_CURVE((1.,
0.804737854124,0.804737854124,1.)) REPRESENTATION_ITEM('') );
#4120 = CARTESIAN_POINT('',(2.525,4.547631141855,-1.5));
#4121 = CARTESIAN_POINT('',(1.64632034356,5.082706909632,-1.5));
#4122 = CARTESIAN_POINT('',(1.025,5.461062613475,-0.87867965644));
#4123 = CARTESIAN_POINT('',(1.025,5.461062613475,0.));
#4124 = ORIENTED_EDGE('',*,*,#3945,.F.);
#4125 = CYLINDRICAL_SURFACE('',#4126,1.5);
#4126 = AXIS2_PLACEMENT_3D('',#4127,#4128,#4129);
#4127 = CARTESIAN_POINT('',(2.525,4.4,0.));
#4128 = DIRECTION('',(0.,1.,0.));
#4129 = DIRECTION('',(0.,-0.,1.));
#4130 = ADVANCED_FACE('',(#4131),#4142,.T.);
#4131 = FACE_BOUND('',#4132,.T.);
#4132 = EDGE_LOOP('',(#4133,#4134,#4135,#4141));
#4133 = ORIENTED_EDGE('',*,*,#3923,.F.);
#4134 = ORIENTED_EDGE('',*,*,#3881,.F.);
#4135 = ORIENTED_EDGE('',*,*,#4136,.F.);
#4136 = EDGE_CURVE('',#3994,#3873,#4137,.T.);
#4137 = LINE('',#4138,#4139);
#4138 = CARTESIAN_POINT('',(4.175,4.4,0.));
#4139 = VECTOR('',#4140,1.);
#4140 = DIRECTION('',(0.342020143326,-0.939692620786,-0.));
#4141 = ORIENTED_EDGE('',*,*,#4003,.T.);
#4142 = CYLINDRICAL_SURFACE('',#4143,1.5);
#4143 = AXIS2_PLACEMENT_3D('',#4144,#4145,#4146);
#4144 = CARTESIAN_POINT('',(2.212588037159,5.40597595533,0.));
#4145 = DIRECTION('',(-0.342020143326,0.939692620786,0.));
#4146 = DIRECTION('',(-0.939692620786,-0.342020143326,0.));
#4147 = ADVANCED_FACE('',(#4148),#4159,.T.);
#4148 = FACE_BOUND('',#4149,.T.);
#4149 = EDGE_LOOP('',(#4150,#4151,#4152));
#4150 = ORIENTED_EDGE('',*,*,#4118,.T.);
#4151 = ORIENTED_EDGE('',*,*,#3993,.T.);
#4152 = ORIENTED_EDGE('',*,*,#4153,.F.);
#4153 = EDGE_CURVE('',#3946,#3994,#4154,.T.);
#4154 = ( BOUNDED_CURVE() B_SPLINE_CURVE(3,(#4155,#4156,#4157,#4158),
.UNSPECIFIED.,.F.,.F.) B_SPLINE_CURVE_WITH_KNOTS((4,4),(1.570796326795,
3.14159265359),.PIECEWISE_BEZIER_KNOTS.) CURVE() 
GEOMETRIC_REPRESENTATION_ITEM() RATIONAL_B_SPLINE_CURVE((1.,
0.804737854124,0.804737854124,1.)) REPRESENTATION_ITEM('') );
#4155 = CARTESIAN_POINT('',(2.525,4.547631141855,-1.5));
#4156 = CARTESIAN_POINT('',(3.167682098407,5.350964034429,-1.5));
#4157 = CARTESIAN_POINT('',(3.622126968337,5.919006170318,-0.87867965644
    ));
#4158 = CARTESIAN_POINT('',(3.622126968337,5.919006170318,0.));
#4159 = ( BOUNDED_SURFACE() B_SPLINE_SURFACE(3,2,(
    (#4160,#4161,#4162)
    ,(#4163,#4164,#4165)
    ,(#4166,#4167,#4168)
    ,(#4169,#4170,#4171)
    ,(#4172,#4173,#4174)
    ,(#4175,#4176,#4177)
    ,(#4178,#4179,#4180)
    ,(#4181,#4182,#4183)
    ,(#4184,#4185,#4186)
    ,(#4187,#4188,#4189)
    ,(#4190,#4191,#4192)
    ,(#4193,#4194,#4195)
    ,(#4196,#4197,#4198)
    ,(#4199,#4200,#4201)
    ,(#4202,#4203,#4204)
    ,(#4205,#4206,#4207)
    ,(#4208,#4209,#4210)
    ,(#4211,#4212,#4213)
    ,(#4214,#4215,#4216)
    ,(#4217,#4218,#4219)
    ,(#4220,#4221,#4222)
    ,(#4223,#4224,#4225)
    ,(#4226,#4227,#4228)
    ,(#4229,#4230,#4231)
    ,(#4232,#4233,#4234)
    ,(#4235,#4236,#4237)
    ,(#4238,#4239,#4240)
    ,(#4241,#4242,#4243)
    ,(#4244,#4245,#4246)
    ,(#4247,#4248,#4249)
    ,(#4250,#4251,#4252)
    ,(#4253,#4254,#4255)
    ,(#4256,#4257,#4258)
    ,(#4259,#4260,#4261
)),.UNSPECIFIED.,.F.,.F.,.F.) B_SPLINE_SURFACE_WITH_KNOTS((4,2,2,2,2,2,2
    ,2,2,2,2,2,2,2,2,2,4),(3,3),(1.570796326795,1.963495408494,
    2.159844949343,2.356194490192,2.552544031042,2.650718801466,
    2.748893571891,2.847068342316,2.896155727528,2.94524311274,
    2.994330497953,3.018874190559,3.043417883165,3.067961575771,
    3.092505268377,3.117048960984,3.14159265359),(0.,1.),.UNSPECIFIED.) 
GEOMETRIC_REPRESENTATION_ITEM() RATIONAL_B_SPLINE_SURFACE((
    (1.,1.,1.)
    ,(1.,1.000131127444,1.)
    ,(1.,0.974723772114,1.)
    ,(1.,0.902037594454,1.)
    ,(1.,0.872078246289,1.)
    ,(1.,0.802017213674,1.)
    ,(1.,0.761911250211,1.)
    ,(1.,0.673465835859,1.)
    ,(1.,0.625106802452,1.)
    ,(1.,0.548484212072,1.)
    ,(1.,0.522269948632,1.)
    ,(1.,0.469028138674,1.)
    ,(1.,0.441993003994,1.)
    ,(1.,0.387909143032,1.)
    ,(1.,0.360839629077,1.)
    ,(1.,0.321302666671,1.)
    ,(1.,0.308307078504,1.)
    ,(1.,0.283006045521,1.)
    ,(1.,0.270695741388,1.)
    ,(1.,0.247247370842,1.)
    ,(1.,0.236102021778,1.)
    ,(1.,0.220810635211,1.)
    ,(1.,0.215950372317,1.)
    ,(1.,0.206831977671,1.)
    ,(1.,0.202568562385,1.)
    ,(1.,0.194779406328,1.)
    ,(1.,0.191247449586,1.)
    ,(1.,0.185062266181,1.)
    ,(1.,0.182402564114,1.)
    ,(1.,0.178090027445,1.)
    ,(1.,0.176431641638,1.)
    ,(1.,0.174212341824,1.)
    ,(1.,0.173646648733,1.)
,(1.,0.173648177667,1.))) REPRESENTATION_ITEM('') SURFACE() );
#4160 = CARTESIAN_POINT('',(2.525,4.547631141855,-1.5));
#4161 = CARTESIAN_POINT('',(2.525,4.547631141855,-1.5));
#4162 = CARTESIAN_POINT('',(2.525,4.547631141855,-1.5));
#4163 = CARTESIAN_POINT('',(2.328615088627,4.667220580922,-1.5));
#4164 = CARTESIAN_POINT('',(2.49856684957,4.697540987323,-1.499999997828
    ));
#4165 = CARTESIAN_POINT('',(2.668639454961,4.727176050805,-1.5));
#4166 = CARTESIAN_POINT('',(2.1323781325,4.786719922003,-1.460958998036)
  );
#4167 = CARTESIAN_POINT('',(2.471064260191,4.853515922461,
    -1.529198949353));
#4168 = CARTESIAN_POINT('',(2.812170692796,4.906585691668,
    -1.460958998036));
#4169 = CARTESIAN_POINT('',(1.860273210929,4.952419387966,
    -1.348249449133));
#4170 = CARTESIAN_POINT('',(2.431465892023,5.078089427937,
    -1.623772253476));
#4171 = CARTESIAN_POINT('',(3.011193124578,5.155357621377,
    -1.348249449133));
#4172 = CARTESIAN_POINT('',(1.773273966203,5.005397953393,
    -1.301747383454));
#4173 = CARTESIAN_POINT('',(2.417499172128,5.15729863256,-1.667519562439
    ));
#4174 = CARTESIAN_POINT('',(3.07482593632,5.234896682519,-1.301747383454
    ));
#4175 = CARTESIAN_POINT('',(1.610015334738,5.104815001388,
    -1.192661453454));
#4176 = CARTESIAN_POINT('',(2.388287219525,5.322967848271,
    -1.783022097051));
#4177 = CARTESIAN_POINT('',(3.194236234582,5.384155889433,
    -1.192661453454));
#4178 = CARTESIAN_POINT('',(1.533759848019,5.151251109024,
    -1.130080191578));
#4179 = CARTESIAN_POINT('',(2.372558037596,5.412172471783,
    -1.858973298972));
#4180 = CARTESIAN_POINT('',(3.250010868559,5.453872469613,
    -1.130080191578));
#4181 = CARTESIAN_POINT('',(1.394919808422,5.235798350149,
    -0.991240151981));
#4182 = CARTESIAN_POINT('',(2.336597140242,5.616116855164,
    -2.057256261084));
#4183 = CARTESIAN_POINT('',(3.35156096971,5.580806978449,-0.991240151981
    ));
#4184 = CARTESIAN_POINT('',(1.332338529559,5.273907489914,
    -0.914984639839));
#4185 = CARTESIAN_POINT('',(2.315322275798,5.736772607101,
    -2.189182866314));
#4186 = CARTESIAN_POINT('',(3.397334042212,5.638021913837,
    -0.914984639839));
#4187 = CARTESIAN_POINT('',(1.25052410754,5.323728735184,-0.792540704375
    ));
#4188 = CARTESIAN_POINT('',(2.274317635718,5.969321476905,
    -2.436982660136));
#4189 = CARTESIAN_POINT('',(3.45717458141,5.712820750721,-0.792540704375
    ));
#4190 = CARTESIAN_POINT('',(1.225257718438,5.339114811837,-0.75038627993
    ));
#4191 = CARTESIAN_POINT('',(2.25755743177,6.064373316847,-2.536903896689
    ));
#4192 = CARTESIAN_POINT('',(3.47565487266,5.735920547436,-0.75038627993)
  );
#4193 = CARTESIAN_POINT('',(1.178978488517,5.367296748566,
    -0.663803930548));
#4194 = CARTESIAN_POINT('',(2.216259585279,6.298585042843,
    -2.765634325176));
#4195 = CARTESIAN_POINT('',(3.509504333474,5.77823133427,-0.663803930548
    ));
#4196 = CARTESIAN_POINT('',(1.157965609156,5.38009263211,-0.619375928024
    ));
#4197 = CARTESIAN_POINT('',(2.190725540309,6.443395807865,
    -2.898611819761));
#4198 = CARTESIAN_POINT('',(3.524873531226,5.797442359624,
    -0.619375928024));
#4199 = CARTESIAN_POINT('',(1.12039579331,5.402970933562,-0.528674369071
    ));
#4200 = CARTESIAN_POINT('',(2.124061444923,6.821466680047,
    -3.195650844202));
#4201 = CARTESIAN_POINT('',(3.55235277,5.831790564475,-0.528674369071));
#4202 = CARTESIAN_POINT('',(1.103838787501,5.413053393683,
    -0.482400633426));
#4203 = CARTESIAN_POINT('',(2.080589483464,7.068008424731,
    -3.365387876262));
#4204 = CARTESIAN_POINT('',(3.564462861725,5.84692780735,-0.482400633426
    ));
#4205 = CARTESIAN_POINT('',(1.082464850852,5.426069144621,-0.41194020711
    ));
#4206 = CARTESIAN_POINT('',(1.994624190549,7.555541827562,
    -3.608120570722));
#4207 = CARTESIAN_POINT('',(3.58009614327,5.866468929336,-0.41194020711)
  );
#4208 = CARTESIAN_POINT('',(1.075916737836,5.430056646294,
    -0.388278365986));
#4209 = CARTESIAN_POINT('',(1.9598771717,7.752601963842,-3.691145245066)
  );
#4210 = CARTESIAN_POINT('',(3.584885550858,5.872455541785,
    -0.388278365986));
#4211 = CARTESIAN_POINT('',(1.06398950258,5.437319787662,-0.340662173724
    ));
#4212 = CARTESIAN_POINT('',(1.878082570289,8.216482199769,
    -3.837018531842));
#4213 = CARTESIAN_POINT('',(3.593609345162,5.883360016844,
    -0.340662173724));
#4214 = CARTESIAN_POINT('',(1.058610302458,5.440595474784,
    -0.316707505923));
#4215 = CARTESIAN_POINT('',(1.830080518889,8.488715361179,
    -3.897939276461));
#4216 = CARTESIAN_POINT('',(3.597543788844,5.888277950659,
    -0.316707505923));
#4217 = CARTESIAN_POINT('',(1.049033856333,5.446427092969,
    -0.268563460125));
#4218 = CARTESIAN_POINT('',(1.718046001367,9.124094683568,
    -3.957312351014));
#4219 = CARTESIAN_POINT('',(3.604548173714,5.89703321671,-0.268563460125
    ));
#4220 = CARTESIAN_POINT('',(1.044836529043,5.448983073531,
    -0.244373663715));
#4221 = CARTESIAN_POINT('',(1.652893379709,9.493593562283,
    -3.949742878628));
#4222 = CARTESIAN_POINT('',(3.607618174357,5.900870623264,
    -0.244373663715));
#4223 = CARTESIAN_POINT('',(1.039434588058,5.4522726088,-0.207956735667)
  );
#4224 = CARTESIAN_POINT('',(1.545833393002,10.100760918498,-3.8323648694
    ));
#4225 = CARTESIAN_POINT('',(3.611569251114,5.905809347912,
    -0.207956735667));
#4226 = CARTESIAN_POINT('',(1.037782896581,5.453278413451,
    -0.195795516304));
#4227 = CARTESIAN_POINT('',(1.507344689203,10.319041204614,
    -3.772153611667));
#4228 = CARTESIAN_POINT('',(3.612777327956,5.907319406876,
    -0.195795516304));
#4229 = CARTESIAN_POINT('',(1.034778499623,5.455107953941,
    -0.171436509294));
#4230 = CARTESIAN_POINT('',(1.42783188,10.769980753876,-3.599150239052)
  );
#4231 = CARTESIAN_POINT('',(3.614974797907,5.910066176853,
    -0.171436509294));
#4232 = CARTESIAN_POINT('',(1.033425755369,5.45593171339,-0.159238404561
    ));
#4233 = CARTESIAN_POINT('',(1.386826202001,11.00253551001,
    -3.485063990556));
#4234 = CARTESIAN_POINT('',(3.615964219375,5.911302923312,
    -0.159238404561));
#4235 = CARTESIAN_POINT('',(1.031020064614,5.457396669155,
    -0.134813016427));
#4236 = CARTESIAN_POINT('',(1.305116795542,11.465932581357,
    -3.190562845892));
#4237 = CARTESIAN_POINT('',(3.617723784845,5.91350232613,-0.134813016427
    ));
#4238 = CARTESIAN_POINT('',(1.02996708306,5.458037886816,-0.12258537363)
  );
#4239 = CARTESIAN_POINT('',(1.26455152278,11.69598967528,-3.008982094582
    ));
#4240 = CARTESIAN_POINT('',(3.618493954485,5.914465014537,-0.12258537363
    ));
#4241 = CARTESIAN_POINT('',(1.028161546904,5.459137375847,
    -9.81083171686E-02));
#4242 = CARTESIAN_POINT('',(1.188255712039,12.128684719649,
    -2.57205789764));
#4243 = CARTESIAN_POINT('',(3.619814556091,5.916115726001,
    -9.81083171686E-02));
#4244 = CARTESIAN_POINT('',(1.027408963059,5.459595665026,
    -8.585850272878E-02));
#4245 = CARTESIAN_POINT('',(1.152786231023,12.329842142485,
    -2.316179162301));
#4246 = CARTESIAN_POINT('',(3.620365009445,5.916803775795,
    -8.585850272878E-02));
#4247 = CARTESIAN_POINT('',(1.026204668325,5.460329025501,
    -6.134452025347E-02));
#4248 = CARTESIAN_POINT('',(1.092337276745,12.672665197894,
    -1.737089305412));
#4249 = CARTESIAN_POINT('',(3.621245852266,5.917904802279,
    -6.134452025347E-02));
#4250 = CARTESIAN_POINT('',(1.025752936242,5.460604109702,
    -4.907991571441E-02));
#4251 = CARTESIAN_POINT('',(1.067670591816,12.812556919684,
    -1.414487277221));
#4252 = CARTESIAN_POINT('',(3.621576257233,5.918317798345,
    -4.907991571441E-02));
#4253 = CARTESIAN_POINT('',(1.025150607669,5.460970900285,
    -2.454376985433E-02));
#4254 = CARTESIAN_POINT('',(1.033891550568,13.004127382199,
    -0.727097323166));
#4255 = CARTESIAN_POINT('',(3.62201681118,5.918868477254,
    -2.454376985433E-02));
#4256 = CARTESIAN_POINT('',(1.025,5.461062613028,-1.2271788264E-02));
#4257 = CARTESIAN_POINT('',(1.025016544,13.054460045598,-0.3644472094));
#4258 = CARTESIAN_POINT('',(3.62212696849,5.919006169898,
    -1.2271788264E-02));
#4259 = CARTESIAN_POINT('',(1.025,5.461062613475,1.148570609678E-15));
#4260 = CARTESIAN_POINT('',(1.025,13.054553871282,3.412390181357E-14));
#4261 = CARTESIAN_POINT('',(3.622126968337,5.919006170318,
    1.148570609678E-15));
#4262 = ADVANCED_FACE('',(#4263),#4269,.T.);
#4263 = FACE_BOUND('',#4264,.T.);
#4264 = EDGE_LOOP('',(#4265,#4266,#4267,#4268));
#4265 = ORIENTED_EDGE('',*,*,#3872,.F.);
#4266 = ORIENTED_EDGE('',*,*,#3953,.F.);
#4267 = ORIENTED_EDGE('',*,*,#4153,.T.);
#4268 = ORIENTED_EDGE('',*,*,#4136,.T.);
#4269 = CYLINDRICAL_SURFACE('',#4270,1.5);
#4270 = AXIS2_PLACEMENT_3D('',#4271,#4272,#4273);
#4271 = CARTESIAN_POINT('',(2.765461068821,3.886969785011,0.));
#4272 = DIRECTION('',(0.342020143326,-0.939692620786,0.));
#4273 = DIRECTION('',(0.939692620786,0.342020143326,0.));
#4274 = MANIFOLD_SOLID_BREP('',#4275);
#4275 = CLOSED_SHELL('',(#4276,#4336,#4359,#4382,#4407,#4530,#4548,#4565
    ,#4680));
#4276 = ADVANCED_FACE('',(#4277),#4331,.F.);
#4277 = FACE_BOUND('',#4278,.T.);
#4278 = EDGE_LOOP('',(#4279,#4289,#4298,#4307,#4315,#4324));
#4279 = ORIENTED_EDGE('',*,*,#4280,.F.);
#4280 = EDGE_CURVE('',#4281,#4283,#4285,.T.);
#4281 = VERTEX_POINT('',#4282);
#4282 = CARTESIAN_POINT('',(-0.875,4.4,-1.5));
#4283 = VERTEX_POINT('',#4284);
#4284 = CARTESIAN_POINT('',(-0.928733341286,4.4,-1.5));
#4285 = LINE('',#4286,#4287);
#4286 = CARTESIAN_POINT('',(-2.525,4.4,-1.5));
#4287 = VECTOR('',#4288,1.);
#4288 = DIRECTION('',(-1.,0.,0.));
#4289 = ORIENTED_EDGE('',*,*,#4290,.F.);
#4290 = EDGE_CURVE('',#4291,#4281,#4293,.T.);
#4291 = VERTEX_POINT('',#4292);
#4292 = CARTESIAN_POINT('',(0.625,4.4,0.));
#4293 = CIRCLE('',#4294,1.5);
#4294 = AXIS2_PLACEMENT_3D('',#4295,#4296,#4297);
#4295 = CARTESIAN_POINT('',(-0.875,4.4,0.));
#4296 = DIRECTION('',(0.,1.,0.));
#4297 = DIRECTION('',(0.,-0.,1.));
#4298 = ORIENTED_EDGE('',*,*,#4299,.F.);
#4299 = EDGE_CURVE('',#4300,#4291,#4302,.T.);
#4300 = VERTEX_POINT('',#4301);
#4301 = CARTESIAN_POINT('',(-0.875,4.4,1.5));
#4302 = CIRCLE('',#4303,1.5);
#4303 = AXIS2_PLACEMENT_3D('',#4304,#4305,#4306);
#4304 = CARTESIAN_POINT('',(-0.875,4.4,0.));
#4305 = DIRECTION('',(0.,1.,0.));
#4306 = DIRECTION('',(0.,-0.,1.));
#4307 = ORIENTED_EDGE('',*,*,#4308,.T.);
#4308 = EDGE_CURVE('',#4300,#4309,#4311,.T.);
#4309 = VERTEX_POINT('',#4310);
#4310 = CARTESIAN_POINT('',(-0.928733341286,4.4,1.5));
#4311 = LINE('',#4312,#4313);
#4312 = CARTESIAN_POINT('',(-2.525,4.4,1.5));
#4313 = VECTOR('',#4314,1.);
#4314 = DIRECTION('',(-1.,0.,0.));
#4315 = ORIENTED_EDGE('',*,*,#4316,.F.);
#4316 = EDGE_CURVE('',#4317,#4309,#4319,.T.);
#4317 = VERTEX_POINT('',#4318);
#4318 = CARTESIAN_POINT('',(-2.525,4.4,0.));
#4319 = ( BOUNDED_CURVE() B_SPLINE_CURVE(3,(#4320,#4321,#4322,#4323),
.UNSPECIFIED.,.F.,.F.) B_SPLINE_CURVE_WITH_KNOTS((4,4),(3.14159265359,
4.712388980385),.PIECEWISE_BEZIER_KNOTS.) CURVE() 
GEOMETRIC_REPRESENTATION_ITEM() RATIONAL_B_SPLINE_CURVE((1.,
0.804737854124,0.804737854124,1.)) REPRESENTATION_ITEM('') );
#4320 = CARTESIAN_POINT('',(-2.525,4.4,0.));
#4321 = CARTESIAN_POINT('',(-2.525,4.4,0.87867965644));
#4322 = CARTESIAN_POINT('',(-1.863804700797,4.4,1.5));
#4323 = CARTESIAN_POINT('',(-0.928733341286,4.4,1.5));
#4324 = ORIENTED_EDGE('',*,*,#4325,.F.);
#4325 = EDGE_CURVE('',#4283,#4317,#4326,.T.);
#4326 = ( BOUNDED_CURVE() B_SPLINE_CURVE(3,(#4327,#4328,#4329,#4330),
.UNSPECIFIED.,.F.,.F.) B_SPLINE_CURVE_WITH_KNOTS((4,4),(4.712388980385,
6.28318530718),.PIECEWISE_BEZIER_KNOTS.) CURVE() 
GEOMETRIC_REPRESENTATION_ITEM() RATIONAL_B_SPLINE_CURVE((1.,
0.804737854124,0.804737854124,1.)) REPRESENTATION_ITEM('') );
#4327 = CARTESIAN_POINT('',(-0.928733341286,4.4,-1.5));
#4328 = CARTESIAN_POINT('',(-1.863804700797,4.4,-1.5));
#4329 = CARTESIAN_POINT('',(-2.525,4.4,-0.87867965644));
#4330 = CARTESIAN_POINT('',(-2.525,4.4,0.));
#4331 = PLANE('',#4332);
#4332 = AXIS2_PLACEMENT_3D('',#4333,#4334,#4335);
#4333 = CARTESIAN_POINT('',(-2.525,4.4,1.5));
#4334 = DIRECTION('',(0.,1.,0.));
#4335 = DIRECTION('',(0.,-0.,1.));
#4336 = ADVANCED_FACE('',(#4337),#4354,.F.);
#4337 = FACE_BOUND('',#4338,.T.);
#4338 = EDGE_LOOP('',(#4339,#4340,#4348));
#4339 = ORIENTED_EDGE('',*,*,#4308,.F.);
#4340 = ORIENTED_EDGE('',*,*,#4341,.F.);
#4341 = EDGE_CURVE('',#4342,#4300,#4344,.T.);
#4342 = VERTEX_POINT('',#4343);
#4343 = CARTESIAN_POINT('',(-0.875,4.547631141855,1.5));
#4344 = LINE('',#4345,#4346);
#4345 = CARTESIAN_POINT('',(-0.875,5.461062613475,1.5));
#4346 = VECTOR('',#4347,1.);
#4347 = DIRECTION('',(0.,-1.,0.));
#4348 = ORIENTED_EDGE('',*,*,#4349,.F.);
#4349 = EDGE_CURVE('',#4309,#4342,#4350,.T.);
#4350 = LINE('',#4351,#4352);
#4351 = CARTESIAN_POINT('',(-0.562588037159,5.40597595533,1.5));
#4352 = VECTOR('',#4353,1.);
#4353 = DIRECTION('',(0.342020143326,0.939692620786,0.));
#4354 = PLANE('',#4355);
#4355 = AXIS2_PLACEMENT_3D('',#4356,#4357,#4358);
#4356 = CARTESIAN_POINT('',(-0.713937386525,5.461062613475,1.5));
#4357 = DIRECTION('',(0.,0.,-1.));
#4358 = DIRECTION('',(1.,0.,0.));
#4359 = ADVANCED_FACE('',(#4360),#4377,.T.);
#4360 = FACE_BOUND('',#4361,.T.);
#4361 = EDGE_LOOP('',(#4362,#4370,#4371));
#4362 = ORIENTED_EDGE('',*,*,#4363,.F.);
#4363 = EDGE_CURVE('',#4281,#4364,#4366,.T.);
#4364 = VERTEX_POINT('',#4365);
#4365 = CARTESIAN_POINT('',(-0.875,4.547631141855,-1.5));
#4366 = LINE('',#4367,#4368);
#4367 = CARTESIAN_POINT('',(-0.875,5.461062613475,-1.5));
#4368 = VECTOR('',#4369,1.);
#4369 = DIRECTION('',(-0.,1.,-0.));
#4370 = ORIENTED_EDGE('',*,*,#4280,.T.);
#4371 = ORIENTED_EDGE('',*,*,#4372,.F.);
#4372 = EDGE_CURVE('',#4364,#4283,#4373,.T.);
#4373 = LINE('',#4374,#4375);
#4374 = CARTESIAN_POINT('',(-1.115461068821,3.886969785011,-1.5));
#4375 = VECTOR('',#4376,1.);
#4376 = DIRECTION('',(-0.342020143326,-0.939692620786,-0.));
#4377 = PLANE('',#4378);
#4378 = AXIS2_PLACEMENT_3D('',#4379,#4380,#4381);
#4379 = CARTESIAN_POINT('',(-0.713937386525,5.461062613475,-1.5));
#4380 = DIRECTION('',(0.,0.,-1.));
#4381 = DIRECTION('',(1.,0.,0.));
#4382 = ADVANCED_FACE('',(#4383),#4402,.T.);
#4383 = FACE_BOUND('',#4384,.T.);
#4384 = EDGE_LOOP('',(#4385,#4394,#4395,#4396));
#4385 = ORIENTED_EDGE('',*,*,#4386,.T.);
#4386 = EDGE_CURVE('',#4387,#4342,#4389,.T.);
#4387 = VERTEX_POINT('',#4388);
#4388 = CARTESIAN_POINT('',(0.625,5.461062613475,0.));
#4389 = ( BOUNDED_CURVE() B_SPLINE_CURVE(3,(#4390,#4391,#4392,#4393),
.UNSPECIFIED.,.F.,.F.) B_SPLINE_CURVE_WITH_KNOTS((4,4),(3.14159265359,
4.712388980385),.PIECEWISE_BEZIER_KNOTS.) CURVE() 
GEOMETRIC_REPRESENTATION_ITEM() RATIONAL_B_SPLINE_CURVE((1.,
0.804737854124,0.804737854124,1.)) REPRESENTATION_ITEM('') );
#4390 = CARTESIAN_POINT('',(0.625,5.461062613475,0.));
#4391 = CARTESIAN_POINT('',(0.625,5.461062613475,0.87867965644));
#4392 = CARTESIAN_POINT('',(3.67965644036E-03,5.082706909632,1.5));
#4393 = CARTESIAN_POINT('',(-0.875,4.547631141855,1.5));
#4394 = ORIENTED_EDGE('',*,*,#4341,.T.);
#4395 = ORIENTED_EDGE('',*,*,#4299,.T.);
#4396 = ORIENTED_EDGE('',*,*,#4397,.T.);
#4397 = EDGE_CURVE('',#4291,#4387,#4398,.T.);
#4398 = LINE('',#4399,#4400);
#4399 = CARTESIAN_POINT('',(0.625,4.4,0.));
#4400 = VECTOR('',#4401,1.);
#4401 = DIRECTION('',(-0.,1.,-0.));
#4402 = CYLINDRICAL_SURFACE('',#4403,1.5);
#4403 = AXIS2_PLACEMENT_3D('',#4404,#4405,#4406);
#4404 = CARTESIAN_POINT('',(-0.875,5.461062613475,0.));
#4405 = DIRECTION('',(0.,-1.,0.));
#4406 = DIRECTION('',(0.,0.,-1.));
#4407 = ADVANCED_FACE('',(#4408),#4427,.T.);
#4408 = FACE_BOUND('',#4409,.T.);
#4409 = EDGE_LOOP('',(#4410,#4419,#4426));
#4410 = ORIENTED_EDGE('',*,*,#4411,.T.);
#4411 = EDGE_CURVE('',#4387,#4412,#4414,.T.);
#4412 = VERTEX_POINT('',#4413);
#4413 = CARTESIAN_POINT('',(-1.972126968337,5.919006170318,0.));
#4414 = CIRCLE('',#4415,1.338937386525);
#4415 = AXIS2_PLACEMENT_3D('',#4416,#4417,#4418);
#4416 = CARTESIAN_POINT('',(-0.713937386525,5.461062613475,0.));
#4417 = DIRECTION('',(0.,-0.,1.));
#4418 = DIRECTION('',(1.,0.,0.));
#4419 = ORIENTED_EDGE('',*,*,#4420,.T.);
#4420 = EDGE_CURVE('',#4412,#4342,#4421,.T.);
#4421 = ( BOUNDED_CURVE() B_SPLINE_CURVE(3,(#4422,#4423,#4424,#4425),
.UNSPECIFIED.,.F.,.F.) B_SPLINE_CURVE_WITH_KNOTS((4,4),(3.14159265359,
4.712388980385),.PIECEWISE_BEZIER_KNOTS.) CURVE() 
GEOMETRIC_REPRESENTATION_ITEM() RATIONAL_B_SPLINE_CURVE((1.,
0.804737854124,0.804737854124,1.)) REPRESENTATION_ITEM('') );
#4422 = CARTESIAN_POINT('',(-1.972126968337,5.919006170318,0.));
#4423 = CARTESIAN_POINT('',(-1.972126968337,5.919006170318,0.87867965644
    ));
#4424 = CARTESIAN_POINT('',(-1.517682098407,5.350964034429,1.5));
#4425 = CARTESIAN_POINT('',(-0.875,4.547631141855,1.5));
#4426 = ORIENTED_EDGE('',*,*,#4386,.F.);
#4427 = ( BOUNDED_SURFACE() B_SPLINE_SURFACE(3,2,(
    (#4428,#4429,#4430)
    ,(#4431,#4432,#4433)
    ,(#4434,#4435,#4436)
    ,(#4437,#4438,#4439)
    ,(#4440,#4441,#4442)
    ,(#4443,#4444,#4445)
    ,(#4446,#4447,#4448)
    ,(#4449,#4450,#4451)
    ,(#4452,#4453,#4454)
    ,(#4455,#4456,#4457)
    ,(#4458,#4459,#4460)
    ,(#4461,#4462,#4463)
    ,(#4464,#4465,#4466)
    ,(#4467,#4468,#4469)
    ,(#4470,#4471,#4472)
    ,(#4473,#4474,#4475)
    ,(#4476,#4477,#4478)
    ,(#4479,#4480,#4481)
    ,(#4482,#4483,#4484)
    ,(#4485,#4486,#4487)
    ,(#4488,#4489,#4490)
    ,(#4491,#4492,#4493)
    ,(#4494,#4495,#4496)
    ,(#4497,#4498,#4499)
    ,(#4500,#4501,#4502)
    ,(#4503,#4504,#4505)
    ,(#4506,#4507,#4508)
    ,(#4509,#4510,#4511)
    ,(#4512,#4513,#4514)
    ,(#4515,#4516,#4517)
    ,(#4518,#4519,#4520)
    ,(#4521,#4522,#4523)
    ,(#4524,#4525,#4526)
    ,(#4527,#4528,#4529
)),.UNSPECIFIED.,.F.,.F.,.F.) B_SPLINE_SURFACE_WITH_KNOTS((4,2,2,2,2,2,2
    ,2,2,2,2,2,2,2,2,2,4),(3,3),(1.570796326795,1.963495408494,
    2.159844949343,2.356194490192,2.552544031042,2.650718801466,
    2.748893571891,2.847068342316,2.896155727528,2.94524311274,
    2.994330497953,3.018874190559,3.043417883165,3.067961575771,
    3.092505268377,3.117048960984,3.14159265359),(0.,1.),.UNSPECIFIED.) 
GEOMETRIC_REPRESENTATION_ITEM() RATIONAL_B_SPLINE_SURFACE((
    (1.,1.,1.)
    ,(1.,1.000131127444,1.)
    ,(1.,0.974723772114,1.)
    ,(1.,0.902037594454,1.)
    ,(1.,0.872078246289,1.)
    ,(1.,0.802017213674,1.)
    ,(1.,0.761911250211,1.)
    ,(1.,0.673465835859,1.)
    ,(1.,0.625106802452,1.)
    ,(1.,0.548484212072,1.)
    ,(1.,0.522269948632,1.)
    ,(1.,0.469028138674,1.)
    ,(1.,0.441993003994,1.)
    ,(1.,0.387909143032,1.)
    ,(1.,0.360839629077,1.)
    ,(1.,0.321302666671,1.)
    ,(1.,0.308307078504,1.)
    ,(1.,0.283006045521,1.)
    ,(1.,0.270695741388,1.)
    ,(1.,0.247247370842,1.)
    ,(1.,0.236102021778,1.)
    ,(1.,0.220810635211,1.)
    ,(1.,0.215950372317,1.)
    ,(1.,0.206831977671,1.)
    ,(1.,0.202568562385,1.)
    ,(1.,0.194779406328,1.)
    ,(1.,0.191247449586,1.)
    ,(1.,0.185062266181,1.)
    ,(1.,0.182402564114,1.)
    ,(1.,0.178090027445,1.)
    ,(1.,0.176431641638,1.)
    ,(1.,0.174212341824,1.)
    ,(1.,0.173646648733,1.)
,(1.,0.173648177667,1.))) REPRESENTATION_ITEM('') SURFACE() );
#4428 = CARTESIAN_POINT('',(-0.875,4.547631141855,1.5));
#4429 = CARTESIAN_POINT('',(-0.875,4.547631141855,1.5));
#4430 = CARTESIAN_POINT('',(-0.875,4.547631141855,1.5));
#4431 = CARTESIAN_POINT('',(-0.678615088627,4.667220580922,1.5));
#4432 = CARTESIAN_POINT('',(-0.84856684957,4.697540987323,1.499999997828
    ));
#4433 = CARTESIAN_POINT('',(-1.018639454961,4.727176050805,1.5));
#4434 = CARTESIAN_POINT('',(-0.4823781325,4.786719922003,1.460958998036)
  );
#4435 = CARTESIAN_POINT('',(-0.821064260191,4.853515922461,
    1.529198949353));
#4436 = CARTESIAN_POINT('',(-1.162170692796,4.906585691668,
    1.460958998036));
#4437 = CARTESIAN_POINT('',(-0.210273210929,4.952419387966,
    1.348249449133));
#4438 = CARTESIAN_POINT('',(-0.781465892023,5.078089427937,
    1.623772253476));
#4439 = CARTESIAN_POINT('',(-1.361193124578,5.155357621377,
    1.348249449133));
#4440 = CARTESIAN_POINT('',(-0.123273966203,5.005397953393,
    1.301747383454));
#4441 = CARTESIAN_POINT('',(-0.767499172128,5.15729863256,1.667519562439
    ));
#4442 = CARTESIAN_POINT('',(-1.42482593632,5.234896682519,1.301747383454
    ));
#4443 = CARTESIAN_POINT('',(3.998466526158E-02,5.104815001388,
    1.192661453454));
#4444 = CARTESIAN_POINT('',(-0.738287219525,5.322967848271,
    1.783022097051));
#4445 = CARTESIAN_POINT('',(-1.544236234582,5.384155889433,
    1.192661453454));
#4446 = CARTESIAN_POINT('',(0.116240151981,5.151251109024,1.130080191578
    ));
#4447 = CARTESIAN_POINT('',(-0.722558037596,5.412172471783,
    1.858973298972));
#4448 = CARTESIAN_POINT('',(-1.600010868559,5.453872469613,
    1.130080191578));
#4449 = CARTESIAN_POINT('',(0.255080191578,5.235798350149,0.991240151981
    ));
#4450 = CARTESIAN_POINT('',(-0.686597140242,5.616116855164,
    2.057256261084));
#4451 = CARTESIAN_POINT('',(-1.70156096971,5.580806978449,0.991240151981
    ));
#4452 = CARTESIAN_POINT('',(0.317661470441,5.273907489914,0.914984639839
    ));
#4453 = CARTESIAN_POINT('',(-0.665322275798,5.736772607101,
    2.189182866314));
#4454 = CARTESIAN_POINT('',(-1.747334042212,5.638021913837,
    0.914984639839));
#4455 = CARTESIAN_POINT('',(0.39947589246,5.323728735184,0.792540704375)
  );
#4456 = CARTESIAN_POINT('',(-0.624317635718,5.969321476905,
    2.436982660136));
#4457 = CARTESIAN_POINT('',(-1.80717458141,5.712820750721,0.792540704375
    ));
#4458 = CARTESIAN_POINT('',(0.424742281562,5.339114811837,0.75038627993)
  );
#4459 = CARTESIAN_POINT('',(-0.60755743177,6.064373316847,2.536903896689
    ));
#4460 = CARTESIAN_POINT('',(-1.82565487266,5.735920547436,0.75038627993)
  );
#4461 = CARTESIAN_POINT('',(0.471021511483,5.367296748566,0.663803930548
    ));
#4462 = CARTESIAN_POINT('',(-0.566259585279,6.298585042843,
    2.765634325176));
#4463 = CARTESIAN_POINT('',(-1.859504333474,5.77823133427,0.663803930548
    ));
#4464 = CARTESIAN_POINT('',(0.492034390844,5.38009263211,0.619375928024)
  );
#4465 = CARTESIAN_POINT('',(-0.540725540309,6.443395807865,
    2.898611819761));
#4466 = CARTESIAN_POINT('',(-1.874873531226,5.797442359624,
    0.619375928024));
#4467 = CARTESIAN_POINT('',(0.52960420669,5.402970933562,0.528674369071)
  );
#4468 = CARTESIAN_POINT('',(-0.474061444923,6.821466680047,
    3.195650844202));
#4469 = CARTESIAN_POINT('',(-1.90235277,5.831790564475,0.528674369071));
#4470 = CARTESIAN_POINT('',(0.546161212499,5.413053393683,0.482400633426
    ));
#4471 = CARTESIAN_POINT('',(-0.430589483464,7.068008424731,
    3.365387876262));
#4472 = CARTESIAN_POINT('',(-1.914462861725,5.84692780735,0.482400633426
    ));
#4473 = CARTESIAN_POINT('',(0.567535149148,5.426069144621,0.41194020711)
  );
#4474 = CARTESIAN_POINT('',(-0.344624190549,7.555541827562,
    3.608120570722));
#4475 = CARTESIAN_POINT('',(-1.93009614327,5.866468929336,0.41194020711)
  );
#4476 = CARTESIAN_POINT('',(0.574083262164,5.430056646294,0.388278365986
    ));
#4477 = CARTESIAN_POINT('',(-0.3098771717,7.752601963842,3.691145245066)
  );
#4478 = CARTESIAN_POINT('',(-1.934885550858,5.872455541785,
    0.388278365986));
#4479 = CARTESIAN_POINT('',(0.58601049742,5.437319787662,0.340662173724)
  );
#4480 = CARTESIAN_POINT('',(-0.228082570289,8.216482199769,
    3.837018531842));
#4481 = CARTESIAN_POINT('',(-1.943609345162,5.883360016844,
    0.340662173724));
#4482 = CARTESIAN_POINT('',(0.591389697542,5.440595474784,0.316707505923
    ));
#4483 = CARTESIAN_POINT('',(-0.180080518889,8.488715361179,
    3.897939276461));
#4484 = CARTESIAN_POINT('',(-1.947543788844,5.888277950659,
    0.316707505923));
#4485 = CARTESIAN_POINT('',(0.600966143667,5.446427092969,0.268563460125
    ));
#4486 = CARTESIAN_POINT('',(-6.804600136742E-02,9.124094683568,
    3.957312351014));
#4487 = CARTESIAN_POINT('',(-1.954548173714,5.89703321671,0.268563460125
    ));
#4488 = CARTESIAN_POINT('',(0.605163470957,5.448983073531,0.244373663715
    ));
#4489 = CARTESIAN_POINT('',(-2.893379708564E-03,9.493593562283,
    3.949742878628));
#4490 = CARTESIAN_POINT('',(-1.957618174357,5.900870623264,
    0.244373663715));
#4491 = CARTESIAN_POINT('',(0.610565411942,5.4522726088,0.207956735667)
  );
#4492 = CARTESIAN_POINT('',(0.104166606998,10.100760918498,3.8323648694)
  );
#4493 = CARTESIAN_POINT('',(-1.961569251114,5.905809347912,
    0.207956735667));
#4494 = CARTESIAN_POINT('',(0.612217103419,5.453278413451,0.195795516304
    ));
#4495 = CARTESIAN_POINT('',(0.142655310797,10.319041204614,
    3.772153611667));
#4496 = CARTESIAN_POINT('',(-1.962777327956,5.907319406876,
    0.195795516304));
#4497 = CARTESIAN_POINT('',(0.615221500377,5.455107953941,0.171436509294
    ));
#4498 = CARTESIAN_POINT('',(0.22216812,10.769980753876,3.599150239052));
#4499 = CARTESIAN_POINT('',(-1.964974797907,5.910066176853,
    0.171436509294));
#4500 = CARTESIAN_POINT('',(0.616574244631,5.45593171339,0.159238404561)
  );
#4501 = CARTESIAN_POINT('',(0.263173797999,11.00253551001,3.485063990556
    ));
#4502 = CARTESIAN_POINT('',(-1.965964219375,5.911302923312,
    0.159238404561));
#4503 = CARTESIAN_POINT('',(0.618979935386,5.457396669155,0.134813016427
    ));
#4504 = CARTESIAN_POINT('',(0.344883204458,11.465932581357,
    3.190562845892));
#4505 = CARTESIAN_POINT('',(-1.967723784845,5.91350232613,0.134813016427
    ));
#4506 = CARTESIAN_POINT('',(0.62003291694,5.458037886816,0.12258537363)
  );
#4507 = CARTESIAN_POINT('',(0.38544847722,11.69598967528,3.008982094582)
  );
#4508 = CARTESIAN_POINT('',(-1.968493954485,5.914465014537,0.12258537363
    ));
#4509 = CARTESIAN_POINT('',(0.621838453096,5.459137375847,
    9.81083171686E-02));
#4510 = CARTESIAN_POINT('',(0.461744287961,12.128684719649,2.57205789764
    ));
#4511 = CARTESIAN_POINT('',(-1.969814556091,5.916115726001,
    9.81083171686E-02));
#4512 = CARTESIAN_POINT('',(0.622591036941,5.459595665026,
    8.585850272878E-02));
#4513 = CARTESIAN_POINT('',(0.497213768977,12.329842142485,
    2.316179162301));
#4514 = CARTESIAN_POINT('',(-1.970365009445,5.916803775795,
    8.585850272878E-02));
#4515 = CARTESIAN_POINT('',(0.623795331675,5.460329025501,
    6.134452025347E-02));
#4516 = CARTESIAN_POINT('',(0.557662723255,12.672665197894,
    1.737089305412));
#4517 = CARTESIAN_POINT('',(-1.971245852266,5.917904802279,
    6.134452025347E-02));
#4518 = CARTESIAN_POINT('',(0.624247063758,5.460604109702,
    4.907991571441E-02));
#4519 = CARTESIAN_POINT('',(0.582329408184,12.812556919684,
    1.414487277221));
#4520 = CARTESIAN_POINT('',(-1.971576257233,5.918317798345,
    4.907991571441E-02));
#4521 = CARTESIAN_POINT('',(0.624849392331,5.460970900285,
    2.454376985433E-02));
#4522 = CARTESIAN_POINT('',(0.616108449432,13.004127382199,
    0.727097323166));
#4523 = CARTESIAN_POINT('',(-1.97201681118,5.918868477254,
    2.454376985433E-02));
#4524 = CARTESIAN_POINT('',(0.625,5.461062613028,1.2271788264E-02));
#4525 = CARTESIAN_POINT('',(0.624983456,13.054460045598,0.3644472094));
#4526 = CARTESIAN_POINT('',(-1.97212696849,5.919006169898,
    1.2271788264E-02));
#4527 = CARTESIAN_POINT('',(0.625,5.461062613475,-1.148570609678E-15));
#4528 = CARTESIAN_POINT('',(0.625,13.054553871282,-3.412390181357E-14));
#4529 = CARTESIAN_POINT('',(-1.972126968337,5.919006170318,
    -1.148570609678E-15));
#4530 = ADVANCED_FACE('',(#4531),#4543,.T.);
#4531 = FACE_BOUND('',#4532,.T.);
#4532 = EDGE_LOOP('',(#4533,#4534,#4535,#4542));
#4533 = ORIENTED_EDGE('',*,*,#4290,.T.);
#4534 = ORIENTED_EDGE('',*,*,#4363,.T.);
#4535 = ORIENTED_EDGE('',*,*,#4536,.T.);
#4536 = EDGE_CURVE('',#4364,#4387,#4537,.T.);
#4537 = ( BOUNDED_CURVE() B_SPLINE_CURVE(3,(#4538,#4539,#4540,#4541),
.UNSPECIFIED.,.F.,.F.) B_SPLINE_CURVE_WITH_KNOTS((4,4),(1.570796326795,
3.14159265359),.PIECEWISE_BEZIER_KNOTS.) CURVE() 
GEOMETRIC_REPRESENTATION_ITEM() RATIONAL_B_SPLINE_CURVE((1.,
0.804737854124,0.804737854124,1.)) REPRESENTATION_ITEM('') );
#4538 = CARTESIAN_POINT('',(-0.875,4.547631141855,-1.5));
#4539 = CARTESIAN_POINT('',(3.67965644036E-03,5.082706909632,-1.5));
#4540 = CARTESIAN_POINT('',(0.625,5.461062613475,-0.87867965644));
#4541 = CARTESIAN_POINT('',(0.625,5.461062613475,0.));
#4542 = ORIENTED_EDGE('',*,*,#4397,.F.);
#4543 = CYLINDRICAL_SURFACE('',#4544,1.5);
#4544 = AXIS2_PLACEMENT_3D('',#4545,#4546,#4547);
#4545 = CARTESIAN_POINT('',(-0.875,4.4,0.));
#4546 = DIRECTION('',(0.,1.,0.));
#4547 = DIRECTION('',(0.,-0.,1.));
#4548 = ADVANCED_FACE('',(#4549),#4560,.T.);
#4549 = FACE_BOUND('',#4550,.T.);
#4550 = EDGE_LOOP('',(#4551,#4552,#4553,#4559));
#4551 = ORIENTED_EDGE('',*,*,#4349,.T.);
#4552 = ORIENTED_EDGE('',*,*,#4420,.F.);
#4553 = ORIENTED_EDGE('',*,*,#4554,.T.);
#4554 = EDGE_CURVE('',#4412,#4317,#4555,.T.);
#4555 = LINE('',#4556,#4557);
#4556 = CARTESIAN_POINT('',(-2.525,4.4,0.));
#4557 = VECTOR('',#4558,1.);
#4558 = DIRECTION('',(-0.342020143326,-0.939692620786,-0.));
#4559 = ORIENTED_EDGE('',*,*,#4316,.T.);
#4560 = CYLINDRICAL_SURFACE('',#4561,1.5);
#4561 = AXIS2_PLACEMENT_3D('',#4562,#4563,#4564);
#4562 = CARTESIAN_POINT('',(-0.562588037159,5.40597595533,0.));
#4563 = DIRECTION('',(0.342020143326,0.939692620786,0.));
#4564 = DIRECTION('',(0.939692620786,-0.342020143326,0.));
#4565 = ADVANCED_FACE('',(#4566),#4577,.T.);
#4566 = FACE_BOUND('',#4567,.T.);
#4567 = EDGE_LOOP('',(#4568,#4569,#4576));
#4568 = ORIENTED_EDGE('',*,*,#4536,.F.);
#4569 = ORIENTED_EDGE('',*,*,#4570,.T.);
#4570 = EDGE_CURVE('',#4364,#4412,#4571,.T.);
#4571 = ( BOUNDED_CURVE() B_SPLINE_CURVE(3,(#4572,#4573,#4574,#4575),
.UNSPECIFIED.,.F.,.F.) B_SPLINE_CURVE_WITH_KNOTS((4,4),(1.570796326795,
3.14159265359),.PIECEWISE_BEZIER_KNOTS.) CURVE() 
GEOMETRIC_REPRESENTATION_ITEM() RATIONAL_B_SPLINE_CURVE((1.,
0.804737854124,0.804737854124,1.)) REPRESENTATION_ITEM('') );
#4572 = CARTESIAN_POINT('',(-0.875,4.547631141855,-1.5));
#4573 = CARTESIAN_POINT('',(-1.517682098407,5.350964034429,-1.5));
#4574 = CARTESIAN_POINT('',(-1.972126968337,5.919006170318,
    -0.87867965644));
#4575 = CARTESIAN_POINT('',(-1.972126968337,5.919006170318,0.));
#4576 = ORIENTED_EDGE('',*,*,#4411,.F.);
#4577 = ( BOUNDED_SURFACE() B_SPLINE_SURFACE(3,2,(
    (#4578,#4579,#4580)
    ,(#4581,#4582,#4583)
    ,(#4584,#4585,#4586)
    ,(#4587,#4588,#4589)
    ,(#4590,#4591,#4592)
    ,(#4593,#4594,#4595)
    ,(#4596,#4597,#4598)
    ,(#4599,#4600,#4601)
    ,(#4602,#4603,#4604)
    ,(#4605,#4606,#4607)
    ,(#4608,#4609,#4610)
    ,(#4611,#4612,#4613)
    ,(#4614,#4615,#4616)
    ,(#4617,#4618,#4619)
    ,(#4620,#4621,#4622)
    ,(#4623,#4624,#4625)
    ,(#4626,#4627,#4628)
    ,(#4629,#4630,#4631)
    ,(#4632,#4633,#4634)
    ,(#4635,#4636,#4637)
    ,(#4638,#4639,#4640)
    ,(#4641,#4642,#4643)
    ,(#4644,#4645,#4646)
    ,(#4647,#4648,#4649)
    ,(#4650,#4651,#4652)
    ,(#4653,#4654,#4655)
    ,(#4656,#4657,#4658)
    ,(#4659,#4660,#4661)
    ,(#4662,#4663,#4664)
    ,(#4665,#4666,#4667)
    ,(#4668,#4669,#4670)
    ,(#4671,#4672,#4673)
    ,(#4674,#4675,#4676)
    ,(#4677,#4678,#4679
)),.UNSPECIFIED.,.F.,.F.,.F.) B_SPLINE_SURFACE_WITH_KNOTS((4,2,2,2,2,2,2
    ,2,2,2,2,2,2,2,2,2,4),(3,3),(1.570796326795,1.963495408494,
    2.159844949343,2.356194490192,2.552544031042,2.650718801466,
    2.748893571891,2.847068342316,2.896155727528,2.94524311274,
    2.994330497953,3.018874190559,3.043417883165,3.067961575771,
    3.092505268377,3.117048960984,3.14159265359),(0.,1.),.UNSPECIFIED.) 
GEOMETRIC_REPRESENTATION_ITEM() RATIONAL_B_SPLINE_SURFACE((
    (1.,1.,1.)
    ,(1.,1.000131127444,1.)
    ,(1.,0.974723772114,1.)
    ,(1.,0.902037594454,1.)
    ,(1.,0.872078246289,1.)
    ,(1.,0.802017213674,1.)
    ,(1.,0.761911250211,1.)
    ,(1.,0.673465835859,1.)
    ,(1.,0.625106802452,1.)
    ,(1.,0.548484212072,1.)
    ,(1.,0.522269948632,1.)
    ,(1.,0.469028138674,1.)
    ,(1.,0.441993003994,1.)
    ,(1.,0.387909143032,1.)
    ,(1.,0.360839629077,1.)
    ,(1.,0.321302666671,1.)
    ,(1.,0.308307078504,1.)
    ,(1.,0.283006045521,1.)
    ,(1.,0.270695741388,1.)
    ,(1.,0.247247370842,1.)
    ,(1.,0.236102021778,1.)
    ,(1.,0.220810635211,1.)
    ,(1.,0.215950372317,1.)
    ,(1.,0.206831977671,1.)
    ,(1.,0.202568562385,1.)
    ,(1.,0.194779406328,1.)
    ,(1.,0.191247449586,1.)
    ,(1.,0.185062266181,1.)
    ,(1.,0.182402564114,1.)
    ,(1.,0.178090027445,1.)
    ,(1.,0.176431641638,1.)
    ,(1.,0.174212341824,1.)
    ,(1.,0.173646648733,1.)
,(1.,0.173648177667,1.))) REPRESENTATION_ITEM('') SURFACE() );
#4578 = CARTESIAN_POINT('',(-0.875,4.547631141855,-1.5));
#4579 = CARTESIAN_POINT('',(-0.875,4.547631141855,-1.5));
#4580 = CARTESIAN_POINT('',(-0.875,4.547631141855,-1.5));
#4581 = CARTESIAN_POINT('',(-1.018639454961,4.727176050804,-1.5));
#4582 = CARTESIAN_POINT('',(-0.84856684957,4.697540987323,
    -1.499999997828));
#4583 = CARTESIAN_POINT('',(-0.678615088627,4.667220580922,-1.5));
#4584 = CARTESIAN_POINT('',(-1.162170692796,4.906585691668,
    -1.460958998036));
#4585 = CARTESIAN_POINT('',(-0.821064260191,4.853515922461,
    -1.529198949353));
#4586 = CARTESIAN_POINT('',(-0.4823781325,4.786719922003,-1.460958998036
    ));
#4587 = CARTESIAN_POINT('',(-1.361193124578,5.155357621377,
    -1.348249449133));
#4588 = CARTESIAN_POINT('',(-0.781465892023,5.078089427937,
    -1.623772253476));
#4589 = CARTESIAN_POINT('',(-0.210273210929,4.952419387966,
    -1.348249449133));
#4590 = CARTESIAN_POINT('',(-1.42482593632,5.234896682519,
    -1.301747383454));
#4591 = CARTESIAN_POINT('',(-0.767499172128,5.15729863256,
    -1.667519562439));
#4592 = CARTESIAN_POINT('',(-0.123273966203,5.005397953393,
    -1.301747383454));
#4593 = CARTESIAN_POINT('',(-1.544236234582,5.384155889433,
    -1.192661453454));
#4594 = CARTESIAN_POINT('',(-0.738287219525,5.322967848271,
    -1.783022097051));
#4595 = CARTESIAN_POINT('',(3.998466526158E-02,5.104815001388,
    -1.192661453454));
#4596 = CARTESIAN_POINT('',(-1.600010868559,5.453872469613,
    -1.130080191578));
#4597 = CARTESIAN_POINT('',(-0.722558037596,5.412172471783,
    -1.858973298972));
#4598 = CARTESIAN_POINT('',(0.116240151981,5.151251109024,
    -1.130080191578));
#4599 = CARTESIAN_POINT('',(-1.70156096971,5.580806978449,
    -0.991240151981));
#4600 = CARTESIAN_POINT('',(-0.686597140242,5.616116855164,
    -2.057256261084));
#4601 = CARTESIAN_POINT('',(0.255080191578,5.235798350149,
    -0.991240151981));
#4602 = CARTESIAN_POINT('',(-1.747334042212,5.638021913837,
    -0.914984639839));
#4603 = CARTESIAN_POINT('',(-0.665322275798,5.736772607101,
    -2.189182866314));
#4604 = CARTESIAN_POINT('',(0.317661470441,5.273907489914,
    -0.914984639839));
#4605 = CARTESIAN_POINT('',(-1.80717458141,5.712820750721,
    -0.792540704375));
#4606 = CARTESIAN_POINT('',(-0.624317635718,5.969321476905,
    -2.436982660136));
#4607 = CARTESIAN_POINT('',(0.39947589246,5.323728735184,-0.792540704375
    ));
#4608 = CARTESIAN_POINT('',(-1.82565487266,5.735920547436,-0.75038627993
    ));
#4609 = CARTESIAN_POINT('',(-0.60755743177,6.064373316847,
    -2.536903896689));
#4610 = CARTESIAN_POINT('',(0.424742281562,5.339114811837,-0.75038627993
    ));
#4611 = CARTESIAN_POINT('',(-1.859504333474,5.77823133427,
    -0.663803930548));
#4612 = CARTESIAN_POINT('',(-0.566259585279,6.298585042843,
    -2.765634325176));
#4613 = CARTESIAN_POINT('',(0.471021511483,5.367296748566,
    -0.663803930548));
#4614 = CARTESIAN_POINT('',(-1.874873531226,5.797442359624,
    -0.619375928024));
#4615 = CARTESIAN_POINT('',(-0.540725540309,6.443395807865,
    -2.898611819761));
#4616 = CARTESIAN_POINT('',(0.492034390844,5.38009263211,-0.619375928024
    ));
#4617 = CARTESIAN_POINT('',(-1.90235277,5.831790564475,-0.528674369071)
  );
#4618 = CARTESIAN_POINT('',(-0.474061444923,6.821466680047,
    -3.195650844202));
#4619 = CARTESIAN_POINT('',(0.52960420669,5.402970933562,-0.528674369071
    ));
#4620 = CARTESIAN_POINT('',(-1.914462861725,5.84692780735,
    -0.482400633426));
#4621 = CARTESIAN_POINT('',(-0.430589483464,7.068008424731,
    -3.365387876262));
#4622 = CARTESIAN_POINT('',(0.546161212499,5.413053393683,
    -0.482400633426));
#4623 = CARTESIAN_POINT('',(-1.93009614327,5.866468929336,-0.41194020711
    ));
#4624 = CARTESIAN_POINT('',(-0.344624190549,7.555541827562,
    -3.608120570722));
#4625 = CARTESIAN_POINT('',(0.567535149148,5.426069144621,-0.41194020711
    ));
#4626 = CARTESIAN_POINT('',(-1.934885550858,5.872455541785,
    -0.388278365986));
#4627 = CARTESIAN_POINT('',(-0.3098771717,7.752601963842,-3.691145245066
    ));
#4628 = CARTESIAN_POINT('',(0.574083262164,5.430056646294,
    -0.388278365986));
#4629 = CARTESIAN_POINT('',(-1.943609345162,5.883360016844,
    -0.340662173724));
#4630 = CARTESIAN_POINT('',(-0.228082570289,8.216482199769,
    -3.837018531842));
#4631 = CARTESIAN_POINT('',(0.58601049742,5.437319787662,-0.340662173724
    ));
#4632 = CARTESIAN_POINT('',(-1.947543788844,5.888277950659,
    -0.316707505923));
#4633 = CARTESIAN_POINT('',(-0.180080518889,8.488715361179,
    -3.897939276461));
#4634 = CARTESIAN_POINT('',(0.591389697542,5.440595474784,
    -0.316707505923));
#4635 = CARTESIAN_POINT('',(-1.954548173714,5.89703321671,
    -0.268563460125));
#4636 = CARTESIAN_POINT('',(-6.804600136742E-02,9.124094683568,
    -3.957312351014));
#4637 = CARTESIAN_POINT('',(0.600966143667,5.446427092969,
    -0.268563460125));
#4638 = CARTESIAN_POINT('',(-1.957618174357,5.900870623264,
    -0.244373663715));
#4639 = CARTESIAN_POINT('',(-2.893379708556E-03,9.493593562283,
    -3.949742878628));
#4640 = CARTESIAN_POINT('',(0.605163470957,5.448983073531,
    -0.244373663715));
#4641 = CARTESIAN_POINT('',(-1.961569251114,5.905809347912,
    -0.207956735667));
#4642 = CARTESIAN_POINT('',(0.104166606998,10.100760918498,-3.8323648694
    ));
#4643 = CARTESIAN_POINT('',(0.610565411942,5.4522726088,-0.207956735667)
  );
#4644 = CARTESIAN_POINT('',(-1.962777327956,5.907319406876,
    -0.195795516304));
#4645 = CARTESIAN_POINT('',(0.142655310797,10.319041204614,
    -3.772153611667));
#4646 = CARTESIAN_POINT('',(0.612217103419,5.453278413451,
    -0.195795516304));
#4647 = CARTESIAN_POINT('',(-1.964974797907,5.910066176853,
    -0.171436509294));
#4648 = CARTESIAN_POINT('',(0.22216812,10.769980753876,-3.599150239052)
  );
#4649 = CARTESIAN_POINT('',(0.615221500377,5.455107953941,
    -0.171436509294));
#4650 = CARTESIAN_POINT('',(-1.965964219375,5.911302923312,
    -0.159238404561));
#4651 = CARTESIAN_POINT('',(0.263173797999,11.00253551001,
    -3.485063990556));
#4652 = CARTESIAN_POINT('',(0.616574244631,5.45593171339,-0.159238404561
    ));
#4653 = CARTESIAN_POINT('',(-1.967723784845,5.91350232613,
    -0.134813016427));
#4654 = CARTESIAN_POINT('',(0.344883204458,11.465932581357,
    -3.190562845892));
#4655 = CARTESIAN_POINT('',(0.618979935386,5.457396669155,
    -0.134813016427));
#4656 = CARTESIAN_POINT('',(-1.968493954485,5.914465014537,
    -0.12258537363));
#4657 = CARTESIAN_POINT('',(0.38544847722,11.69598967528,-3.008982094582
    ));
#4658 = CARTESIAN_POINT('',(0.62003291694,5.458037886816,-0.12258537363)
  );
#4659 = CARTESIAN_POINT('',(-1.969814556091,5.916115726001,
    -9.81083171686E-02));
#4660 = CARTESIAN_POINT('',(0.461744287961,12.128684719649,
    -2.57205789764));
#4661 = CARTESIAN_POINT('',(0.621838453096,5.459137375847,
    -9.81083171686E-02));
#4662 = CARTESIAN_POINT('',(-1.970365009445,5.916803775795,
    -8.585850272878E-02));
#4663 = CARTESIAN_POINT('',(0.497213768977,12.329842142485,
    -2.316179162301));
#4664 = CARTESIAN_POINT('',(0.622591036941,5.459595665026,
    -8.585850272878E-02));
#4665 = CARTESIAN_POINT('',(-1.971245852266,5.917904802279,
    -6.134452025347E-02));
#4666 = CARTESIAN_POINT('',(0.557662723255,12.672665197894,
    -1.737089305412));
#4667 = CARTESIAN_POINT('',(0.623795331675,5.460329025501,
    -6.134452025347E-02));
#4668 = CARTESIAN_POINT('',(-1.971576257233,5.918317798345,
    -4.907991571441E-02));
#4669 = CARTESIAN_POINT('',(0.582329408184,12.812556919684,
    -1.414487277221));
#4670 = CARTESIAN_POINT('',(0.624247063758,5.460604109702,
    -4.907991571441E-02));
#4671 = CARTESIAN_POINT('',(-1.97201681118,5.918868477254,
    -2.454376985433E-02));
#4672 = CARTESIAN_POINT('',(0.616108449432,13.004127382199,
    -0.727097323166));
#4673 = CARTESIAN_POINT('',(0.624849392331,5.460970900285,
    -2.454376985433E-02));
#4674 = CARTESIAN_POINT('',(-1.97212696849,5.919006169898,
    -1.2271788264E-02));
#4675 = CARTESIAN_POINT('',(0.624983456,13.054460045598,-0.3644472094));
#4676 = CARTESIAN_POINT('',(0.625,5.461062613028,-1.2271788264E-02));
#4677 = CARTESIAN_POINT('',(-1.972126968337,5.919006170318,
    1.148570609678E-15));
#4678 = CARTESIAN_POINT('',(0.625,13.054553871282,3.412390181357E-14));
#4679 = CARTESIAN_POINT('',(0.625,5.461062613475,1.148570609678E-15));
#4680 = ADVANCED_FACE('',(#4681),#4687,.T.);
#4681 = FACE_BOUND('',#4682,.T.);
#4682 = EDGE_LOOP('',(#4683,#4684,#4685,#4686));
#4683 = ORIENTED_EDGE('',*,*,#4325,.T.);
#4684 = ORIENTED_EDGE('',*,*,#4554,.F.);
#4685 = ORIENTED_EDGE('',*,*,#4570,.F.);
#4686 = ORIENTED_EDGE('',*,*,#4372,.T.);
#4687 = CYLINDRICAL_SURFACE('',#4688,1.5);
#4688 = AXIS2_PLACEMENT_3D('',#4689,#4690,#4691);
#4689 = CARTESIAN_POINT('',(-1.115461068821,3.886969785011,0.));
#4690 = DIRECTION('',(-0.342020143326,-0.939692620786,0.));
#4691 = DIRECTION('',(-0.939692620786,0.342020143326,0.));
#4692 = MANIFOLD_SOLID_BREP('',#4693);
#4693 = CLOSED_SHELL('',(#4694,#4734,#4765,#4796,#4827,#4858,#4889,#4920
    ,#4951,#4982,#5013,#5044,#5066,#5086));
#4694 = ADVANCED_FACE('',(#4695),#4729,.F.);
#4695 = FACE_BOUND('',#4696,.T.);
#4696 = EDGE_LOOP('',(#4697,#4707,#4715,#4723));
#4697 = ORIENTED_EDGE('',*,*,#4698,.T.);
#4698 = EDGE_CURVE('',#4699,#4701,#4703,.T.);
#4699 = VERTEX_POINT('',#4700);
#4700 = CARTESIAN_POINT('',(-1.725,2.23345647532E-14,1.595));
#4701 = VERTEX_POINT('',#4702);
#4702 = CARTESIAN_POINT('',(-1.725,0.5,1.595));
#4703 = LINE('',#4704,#4705);
#4704 = CARTESIAN_POINT('',(-1.725,0.5,1.595));
#4705 = VECTOR('',#4706,1.);
#4706 = DIRECTION('',(-0.,1.,-8.673617379884E-16));
#4707 = ORIENTED_EDGE('',*,*,#4708,.F.);
#4708 = EDGE_CURVE('',#4709,#4701,#4711,.T.);
#4709 = VERTEX_POINT('',#4710);
#4710 = CARTESIAN_POINT('',(-2.125,0.5,1.595));
#4711 = LINE('',#4712,#4713);
#4712 = CARTESIAN_POINT('',(-2.125,0.5,1.595));
#4713 = VECTOR('',#4714,1.);
#4714 = DIRECTION('',(1.,-0.,-0.));
#4715 = ORIENTED_EDGE('',*,*,#4716,.F.);
#4716 = EDGE_CURVE('',#4717,#4709,#4719,.T.);
#4717 = VERTEX_POINT('',#4718);
#4718 = CARTESIAN_POINT('',(-2.125,2.23345647532E-14,1.595));
#4719 = LINE('',#4720,#4721);
#4720 = CARTESIAN_POINT('',(-2.125,0.5,1.595));
#4721 = VECTOR('',#4722,1.);
#4722 = DIRECTION('',(-0.,1.,-8.673617379884E-16));
#4723 = ORIENTED_EDGE('',*,*,#4724,.T.);
#4724 = EDGE_CURVE('',#4717,#4699,#4725,.T.);
#4725 = LINE('',#4726,#4727);
#4726 = CARTESIAN_POINT('',(-2.125,2.23345647532E-14,1.595));
#4727 = VECTOR('',#4728,1.);
#4728 = DIRECTION('',(1.,-0.,-0.));
#4729 = PLANE('',#4730);
#4730 = AXIS2_PLACEMENT_3D('',#4731,#4732,#4733);
#4731 = CARTESIAN_POINT('',(-2.125,0.5,1.595));
#4732 = DIRECTION('',(0.,-8.673617379884E-16,-1.));
#4733 = DIRECTION('',(0.,1.,-8.673617379884E-16));
#4734 = ADVANCED_FACE('',(#4735),#4760,.F.);
#4735 = FACE_BOUND('',#4736,.T.);
#4736 = EDGE_LOOP('',(#4737,#4745,#4753,#4759));
#4737 = ORIENTED_EDGE('',*,*,#4738,.T.);
#4738 = EDGE_CURVE('',#4701,#4739,#4741,.T.);
#4739 = VERTEX_POINT('',#4740);
#4740 = CARTESIAN_POINT('',(-1.725,0.5,0.945));
#4741 = LINE('',#4742,#4743);
#4742 = CARTESIAN_POINT('',(-1.725,0.5,1.595));
#4743 = VECTOR('',#4744,1.);
#4744 = DIRECTION('',(0.,-3.336006684571E-16,-1.));
#4745 = ORIENTED_EDGE('',*,*,#4746,.F.);
#4746 = EDGE_CURVE('',#4747,#4739,#4749,.T.);
#4747 = VERTEX_POINT('',#4748);
#4748 = CARTESIAN_POINT('',(-2.125,0.5,0.945));
#4749 = LINE('',#4750,#4751);
#4750 = CARTESIAN_POINT('',(-2.125,0.5,0.945));
#4751 = VECTOR('',#4752,1.);
#4752 = DIRECTION('',(1.,-0.,-0.));
#4753 = ORIENTED_EDGE('',*,*,#4754,.F.);
#4754 = EDGE_CURVE('',#4709,#4747,#4755,.T.);
#4755 = LINE('',#4756,#4757);
#4756 = CARTESIAN_POINT('',(-2.125,0.5,1.595));
#4757 = VECTOR('',#4758,1.);
#4758 = DIRECTION('',(0.,-3.336006684571E-16,-1.));
#4759 = ORIENTED_EDGE('',*,*,#4708,.T.);
#4760 = PLANE('',#4761);
#4761 = AXIS2_PLACEMENT_3D('',#4762,#4763,#4764);
#4762 = CARTESIAN_POINT('',(-2.125,0.5,1.595));
#4763 = DIRECTION('',(0.,-1.,3.336006684571E-16));
#4764 = DIRECTION('',(0.,-3.336006684571E-16,-1.));
#4765 = ADVANCED_FACE('',(#4766),#4791,.F.);
#4766 = FACE_BOUND('',#4767,.T.);
#4767 = EDGE_LOOP('',(#4768,#4776,#4784,#4790));
#4768 = ORIENTED_EDGE('',*,*,#4769,.T.);
#4769 = EDGE_CURVE('',#4739,#4770,#4772,.T.);
#4770 = VERTEX_POINT('',#4771);
#4771 = CARTESIAN_POINT('',(-1.725,2.21177243187E-14,0.945));
#4772 = LINE('',#4773,#4774);
#4773 = CARTESIAN_POINT('',(-1.725,0.5,0.945));
#4774 = VECTOR('',#4775,1.);
#4775 = DIRECTION('',(0.,-1.,0.));
#4776 = ORIENTED_EDGE('',*,*,#4777,.F.);
#4777 = EDGE_CURVE('',#4778,#4770,#4780,.T.);
#4778 = VERTEX_POINT('',#4779);
#4779 = CARTESIAN_POINT('',(-2.125,2.21177243187E-14,0.945));
#4780 = LINE('',#4781,#4782);
#4781 = CARTESIAN_POINT('',(-2.125,2.21177243187E-14,0.945));
#4782 = VECTOR('',#4783,1.);
#4783 = DIRECTION('',(1.,-0.,-0.));
#4784 = ORIENTED_EDGE('',*,*,#4785,.F.);
#4785 = EDGE_CURVE('',#4747,#4778,#4786,.T.);
#4786 = LINE('',#4787,#4788);
#4787 = CARTESIAN_POINT('',(-2.125,0.5,0.945));
#4788 = VECTOR('',#4789,1.);
#4789 = DIRECTION('',(0.,-1.,0.));
#4790 = ORIENTED_EDGE('',*,*,#4746,.T.);
#4791 = PLANE('',#4792);
#4792 = AXIS2_PLACEMENT_3D('',#4793,#4794,#4795);
#4793 = CARTESIAN_POINT('',(-2.125,0.5,0.945));
#4794 = DIRECTION('',(0.,0.,1.));
#4795 = DIRECTION('',(1.,0.,-0.));
#4796 = ADVANCED_FACE('',(#4797),#4822,.F.);
#4797 = FACE_BOUND('',#4798,.T.);
#4798 = EDGE_LOOP('',(#4799,#4807,#4815,#4821));
#4799 = ORIENTED_EDGE('',*,*,#4800,.T.);
#4800 = EDGE_CURVE('',#4770,#4801,#4803,.T.);
#4801 = VERTEX_POINT('',#4802);
#4802 = CARTESIAN_POINT('',(-1.725,2.21177243187E-14,0.845));
#4803 = LINE('',#4804,#4805);
#4804 = CARTESIAN_POINT('',(-1.725,2.21177243187E-14,0.945));
#4805 = VECTOR('',#4806,1.);
#4806 = DIRECTION('',(0.,0.,-1.));
#4807 = ORIENTED_EDGE('',*,*,#4808,.F.);
#4808 = EDGE_CURVE('',#4809,#4801,#4811,.T.);
#4809 = VERTEX_POINT('',#4810);
#4810 = CARTESIAN_POINT('',(-2.125,2.21177243187E-14,0.845));
#4811 = LINE('',#4812,#4813);
#4812 = CARTESIAN_POINT('',(-2.125,2.21177243187E-14,0.845));
#4813 = VECTOR('',#4814,1.);
#4814 = DIRECTION('',(1.,-0.,-0.));
#4815 = ORIENTED_EDGE('',*,*,#4816,.F.);
#4816 = EDGE_CURVE('',#4778,#4809,#4817,.T.);
#4817 = LINE('',#4818,#4819);
#4818 = CARTESIAN_POINT('',(-2.125,2.21177243187E-14,0.945));
#4819 = VECTOR('',#4820,1.);
#4820 = DIRECTION('',(0.,0.,-1.));
#4821 = ORIENTED_EDGE('',*,*,#4777,.T.);
#4822 = PLANE('',#4823);
#4823 = AXIS2_PLACEMENT_3D('',#4824,#4825,#4826);
#4824 = CARTESIAN_POINT('',(-2.125,2.21177243187E-14,0.945));
#4825 = DIRECTION('',(0.,-1.,-0.));
#4826 = DIRECTION('',(0.,0.,-1.));
#4827 = ADVANCED_FACE('',(#4828),#4853,.F.);
#4828 = FACE_BOUND('',#4829,.T.);
#4829 = EDGE_LOOP('',(#4830,#4838,#4846,#4852));
#4830 = ORIENTED_EDGE('',*,*,#4831,.T.);
#4831 = EDGE_CURVE('',#4801,#4832,#4834,.T.);
#4832 = VERTEX_POINT('',#4833);
#4833 = CARTESIAN_POINT('',(-1.725,-0.7,0.845));
#4834 = LINE('',#4835,#4836);
#4835 = CARTESIAN_POINT('',(-1.725,2.21177243187E-14,0.845));
#4836 = VECTOR('',#4837,1.);
#4837 = DIRECTION('',(0.,-1.,1.239088197126E-15));
#4838 = ORIENTED_EDGE('',*,*,#4839,.F.);
#4839 = EDGE_CURVE('',#4840,#4832,#4842,.T.);
#4840 = VERTEX_POINT('',#4841);
#4841 = CARTESIAN_POINT('',(-2.125,-0.7,0.845));
#4842 = LINE('',#4843,#4844);
#4843 = CARTESIAN_POINT('',(-2.125,-0.7,0.845));
#4844 = VECTOR('',#4845,1.);
#4845 = DIRECTION('',(1.,-0.,-0.));
#4846 = ORIENTED_EDGE('',*,*,#4847,.F.);
#4847 = EDGE_CURVE('',#4809,#4840,#4848,.T.);
#4848 = LINE('',#4849,#4850);
#4849 = CARTESIAN_POINT('',(-2.125,2.21177243187E-14,0.845));
#4850 = VECTOR('',#4851,1.);
#4851 = DIRECTION('',(0.,-1.,1.239088197126E-15));
#4852 = ORIENTED_EDGE('',*,*,#4808,.T.);
#4853 = PLANE('',#4854);
#4854 = AXIS2_PLACEMENT_3D('',#4855,#4856,#4857);
#4855 = CARTESIAN_POINT('',(-2.125,2.21177243187E-14,0.845));
#4856 = DIRECTION('',(0.,1.239088197126E-15,1.));
#4857 = DIRECTION('',(0.,-1.,1.239088197126E-15));
#4858 = ADVANCED_FACE('',(#4859),#4884,.F.);
#4859 = FACE_BOUND('',#4860,.T.);
#4860 = EDGE_LOOP('',(#4861,#4869,#4877,#4883));
#4861 = ORIENTED_EDGE('',*,*,#4862,.T.);
#4862 = EDGE_CURVE('',#4832,#4863,#4865,.T.);
#4863 = VERTEX_POINT('',#4864);
#4864 = CARTESIAN_POINT('',(-1.725,-0.7,0.945));
#4865 = LINE('',#4866,#4867);
#4866 = CARTESIAN_POINT('',(-1.725,-0.7,0.945));
#4867 = VECTOR('',#4868,1.);
#4868 = DIRECTION('',(-0.,4.336808689942E-15,1.));
#4869 = ORIENTED_EDGE('',*,*,#4870,.F.);
#4870 = EDGE_CURVE('',#4871,#4863,#4873,.T.);
#4871 = VERTEX_POINT('',#4872);
#4872 = CARTESIAN_POINT('',(-2.125,-0.7,0.945));
#4873 = LINE('',#4874,#4875);
#4874 = CARTESIAN_POINT('',(-2.125,-0.7,0.945));
#4875 = VECTOR('',#4876,1.);
#4876 = DIRECTION('',(1.,-0.,-0.));
#4877 = ORIENTED_EDGE('',*,*,#4878,.F.);
#4878 = EDGE_CURVE('',#4840,#4871,#4879,.T.);
#4879 = LINE('',#4880,#4881);
#4880 = CARTESIAN_POINT('',(-2.125,-0.7,0.945));
#4881 = VECTOR('',#4882,1.);
#4882 = DIRECTION('',(-0.,4.336808689942E-15,1.));
#4883 = ORIENTED_EDGE('',*,*,#4839,.T.);
#4884 = PLANE('',#4885);
#4885 = AXIS2_PLACEMENT_3D('',#4886,#4887,#4888);
#4886 = CARTESIAN_POINT('',(-2.125,-0.7,0.945));
#4887 = DIRECTION('',(0.,1.,-4.336808689942E-15));
#4888 = DIRECTION('',(0.,4.336808689942E-15,1.));
#4889 = ADVANCED_FACE('',(#4890),#4915,.F.);
#4890 = FACE_BOUND('',#4891,.T.);
#4891 = EDGE_LOOP('',(#4892,#4900,#4908,#4914));
#4892 = ORIENTED_EDGE('',*,*,#4893,.T.);
#4893 = EDGE_CURVE('',#4863,#4894,#4896,.T.);
#4894 = VERTEX_POINT('',#4895);
#4895 = CARTESIAN_POINT('',(-1.725,-3.8,0.945));
#4896 = LINE('',#4897,#4898);
#4897 = CARTESIAN_POINT('',(-1.725,-0.7,0.945));
#4898 = VECTOR('',#4899,1.);
#4899 = DIRECTION('',(0.,-1.,5.59588218057E-16));
#4900 = ORIENTED_EDGE('',*,*,#4901,.F.);
#4901 = EDGE_CURVE('',#4902,#4894,#4904,.T.);
#4902 = VERTEX_POINT('',#4903);
#4903 = CARTESIAN_POINT('',(-2.125,-3.8,0.945));
#4904 = LINE('',#4905,#4906);
#4905 = CARTESIAN_POINT('',(-2.125,-3.8,0.945));
#4906 = VECTOR('',#4907,1.);
#4907 = DIRECTION('',(1.,-0.,-0.));
#4908 = ORIENTED_EDGE('',*,*,#4909,.F.);
#4909 = EDGE_CURVE('',#4871,#4902,#4910,.T.);
#4910 = LINE('',#4911,#4912);
#4911 = CARTESIAN_POINT('',(-2.125,-0.7,0.945));
#4912 = VECTOR('',#4913,1.);
#4913 = DIRECTION('',(0.,-1.,5.59588218057E-16));
#4914 = ORIENTED_EDGE('',*,*,#4870,.T.);
#4915 = PLANE('',#4916);
#4916 = AXIS2_PLACEMENT_3D('',#4917,#4918,#4919);
#4917 = CARTESIAN_POINT('',(-2.125,-0.7,0.945));
#4918 = DIRECTION('',(0.,5.59588218057E-16,1.));
#4919 = DIRECTION('',(0.,-1.,5.59588218057E-16));
#4920 = ADVANCED_FACE('',(#4921),#4946,.F.);
#4921 = FACE_BOUND('',#4922,.T.);
#4922 = EDGE_LOOP('',(#4923,#4931,#4939,#4945));
#4923 = ORIENTED_EDGE('',*,*,#4924,.T.);
#4924 = EDGE_CURVE('',#4894,#4925,#4927,.T.);
#4925 = VERTEX_POINT('',#4926);
#4926 = CARTESIAN_POINT('',(-1.725,-3.8,1.595));
#4927 = LINE('',#4928,#4929);
#4928 = CARTESIAN_POINT('',(-1.725,-3.8,1.595));
#4929 = VECTOR('',#4930,1.);
#4930 = DIRECTION('',(-0.,-0.,1.));
#4931 = ORIENTED_EDGE('',*,*,#4932,.F.);
#4932 = EDGE_CURVE('',#4933,#4925,#4935,.T.);
#4933 = VERTEX_POINT('',#4934);
#4934 = CARTESIAN_POINT('',(-2.125,-3.8,1.595));
#4935 = LINE('',#4936,#4937);
#4936 = CARTESIAN_POINT('',(-2.125,-3.8,1.595));
#4937 = VECTOR('',#4938,1.);
#4938 = DIRECTION('',(1.,-0.,-0.));
#4939 = ORIENTED_EDGE('',*,*,#4940,.F.);
#4940 = EDGE_CURVE('',#4902,#4933,#4941,.T.);
#4941 = LINE('',#4942,#4943);
#4942 = CARTESIAN_POINT('',(-2.125,-3.8,1.595));
#4943 = VECTOR('',#4944,1.);
#4944 = DIRECTION('',(-0.,-0.,1.));
#4945 = ORIENTED_EDGE('',*,*,#4901,.T.);
#4946 = PLANE('',#4947);
#4947 = AXIS2_PLACEMENT_3D('',#4948,#4949,#4950);
#4948 = CARTESIAN_POINT('',(-2.125,-3.8,1.595));
#4949 = DIRECTION('',(0.,1.,0.));
#4950 = DIRECTION('',(0.,-0.,1.));
#4951 = ADVANCED_FACE('',(#4952),#4977,.F.);
#4952 = FACE_BOUND('',#4953,.T.);
#4953 = EDGE_LOOP('',(#4954,#4962,#4970,#4976));
#4954 = ORIENTED_EDGE('',*,*,#4955,.T.);
#4955 = EDGE_CURVE('',#4925,#4956,#4958,.T.);
#4956 = VERTEX_POINT('',#4957);
#4957 = CARTESIAN_POINT('',(-1.725,-0.7,1.595));
#4958 = LINE('',#4959,#4960);
#4959 = CARTESIAN_POINT('',(-1.725,-0.7,1.595));
#4960 = VECTOR('',#4961,1.);
#4961 = DIRECTION('',(-0.,1.,-0.));
#4962 = ORIENTED_EDGE('',*,*,#4963,.F.);
#4963 = EDGE_CURVE('',#4964,#4956,#4966,.T.);
#4964 = VERTEX_POINT('',#4965);
#4965 = CARTESIAN_POINT('',(-2.125,-0.7,1.595));
#4966 = LINE('',#4967,#4968);
#4967 = CARTESIAN_POINT('',(-2.125,-0.7,1.595));
#4968 = VECTOR('',#4969,1.);
#4969 = DIRECTION('',(1.,-0.,-0.));
#4970 = ORIENTED_EDGE('',*,*,#4971,.F.);
#4971 = EDGE_CURVE('',#4933,#4964,#4972,.T.);
#4972 = LINE('',#4973,#4974);
#4973 = CARTESIAN_POINT('',(-2.125,-0.7,1.595));
#4974 = VECTOR('',#4975,1.);
#4975 = DIRECTION('',(-0.,1.,-0.));
#4976 = ORIENTED_EDGE('',*,*,#4932,.T.);
#4977 = PLANE('',#4978);
#4978 = AXIS2_PLACEMENT_3D('',#4979,#4980,#4981);
#4979 = CARTESIAN_POINT('',(-2.125,-0.7,1.595));
#4980 = DIRECTION('',(-0.,0.,-1.));
#4981 = DIRECTION('',(-1.,0.,0.));
#4982 = ADVANCED_FACE('',(#4983),#5008,.F.);
#4983 = FACE_BOUND('',#4984,.T.);
#4984 = EDGE_LOOP('',(#4985,#4993,#5001,#5007));
#4985 = ORIENTED_EDGE('',*,*,#4986,.T.);
#4986 = EDGE_CURVE('',#4956,#4987,#4989,.T.);
#4987 = VERTEX_POINT('',#4988);
#4988 = CARTESIAN_POINT('',(-1.725,-0.7,1.695));
#4989 = LINE('',#4990,#4991);
#4990 = CARTESIAN_POINT('',(-1.725,-0.7,1.595));
#4991 = VECTOR('',#4992,1.);
#4992 = DIRECTION('',(0.,0.,1.));
#4993 = ORIENTED_EDGE('',*,*,#4994,.F.);
#4994 = EDGE_CURVE('',#4995,#4987,#4997,.T.);
#4995 = VERTEX_POINT('',#4996);
#4996 = CARTESIAN_POINT('',(-2.125,-0.7,1.695));
#4997 = LINE('',#4998,#4999);
#4998 = CARTESIAN_POINT('',(-2.125,-0.7,1.695));
#4999 = VECTOR('',#5000,1.);
#5000 = DIRECTION('',(1.,-0.,-0.));
#5001 = ORIENTED_EDGE('',*,*,#5002,.F.);
#5002 = EDGE_CURVE('',#4964,#4995,#5003,.T.);
#5003 = LINE('',#5004,#5005);
#5004 = CARTESIAN_POINT('',(-2.125,-0.7,1.595));
#5005 = VECTOR('',#5006,1.);
#5006 = DIRECTION('',(0.,0.,1.));
#5007 = ORIENTED_EDGE('',*,*,#4963,.T.);
#5008 = PLANE('',#5009);
#5009 = AXIS2_PLACEMENT_3D('',#5010,#5011,#5012);
#5010 = CARTESIAN_POINT('',(-2.125,-0.7,1.595));
#5011 = DIRECTION('',(0.,1.,-0.));
#5012 = DIRECTION('',(0.,0.,1.));
#5013 = ADVANCED_FACE('',(#5014),#5039,.F.);
#5014 = FACE_BOUND('',#5015,.T.);
#5015 = EDGE_LOOP('',(#5016,#5024,#5032,#5038));
#5016 = ORIENTED_EDGE('',*,*,#5017,.T.);
#5017 = EDGE_CURVE('',#4987,#5018,#5020,.T.);
#5018 = VERTEX_POINT('',#5019);
#5019 = CARTESIAN_POINT('',(-1.725,2.23345647532E-14,1.695));
#5020 = LINE('',#5021,#5022);
#5021 = CARTESIAN_POINT('',(-1.725,2.23345647532E-14,1.695));
#5022 = VECTOR('',#5023,1.);
#5023 = DIRECTION('',(-0.,1.,3.097720492816E-16));
#5024 = ORIENTED_EDGE('',*,*,#5025,.F.);
#5025 = EDGE_CURVE('',#5026,#5018,#5028,.T.);
#5026 = VERTEX_POINT('',#5027);
#5027 = CARTESIAN_POINT('',(-2.125,2.23345647532E-14,1.695));
#5028 = LINE('',#5029,#5030);
#5029 = CARTESIAN_POINT('',(-2.125,2.23345647532E-14,1.695));
#5030 = VECTOR('',#5031,1.);
#5031 = DIRECTION('',(1.,-0.,-0.));
#5032 = ORIENTED_EDGE('',*,*,#5033,.F.);
#5033 = EDGE_CURVE('',#4995,#5026,#5034,.T.);
#5034 = LINE('',#5035,#5036);
#5035 = CARTESIAN_POINT('',(-2.125,2.23345647532E-14,1.695));
#5036 = VECTOR('',#5037,1.);
#5037 = DIRECTION('',(-0.,1.,3.097720492816E-16));
#5038 = ORIENTED_EDGE('',*,*,#4994,.T.);
#5039 = PLANE('',#5040);
#5040 = AXIS2_PLACEMENT_3D('',#5041,#5042,#5043);
#5041 = CARTESIAN_POINT('',(-2.125,2.23345647532E-14,1.695));
#5042 = DIRECTION('',(0.,3.097720492816E-16,-1.));
#5043 = DIRECTION('',(0.,1.,3.097720492816E-16));
#5044 = ADVANCED_FACE('',(#5045),#5061,.F.);
#5045 = FACE_BOUND('',#5046,.T.);
#5046 = EDGE_LOOP('',(#5047,#5053,#5054,#5060));
#5047 = ORIENTED_EDGE('',*,*,#5048,.T.);
#5048 = EDGE_CURVE('',#5018,#4699,#5049,.T.);
#5049 = LINE('',#5050,#5051);
#5050 = CARTESIAN_POINT('',(-1.725,2.23345647532E-14,1.595));
#5051 = VECTOR('',#5052,1.);
#5052 = DIRECTION('',(-0.,-0.,-1.));
#5053 = ORIENTED_EDGE('',*,*,#4724,.F.);
#5054 = ORIENTED_EDGE('',*,*,#5055,.F.);
#5055 = EDGE_CURVE('',#5026,#4717,#5056,.T.);
#5056 = LINE('',#5057,#5058);
#5057 = CARTESIAN_POINT('',(-2.125,2.23345647532E-14,1.595));
#5058 = VECTOR('',#5059,1.);
#5059 = DIRECTION('',(-0.,-0.,-1.));
#5060 = ORIENTED_EDGE('',*,*,#5025,.T.);
#5061 = PLANE('',#5062);
#5062 = AXIS2_PLACEMENT_3D('',#5063,#5064,#5065);
#5063 = CARTESIAN_POINT('',(-2.125,2.23345647532E-14,1.595));
#5064 = DIRECTION('',(0.,-1.,0.));
#5065 = DIRECTION('',(0.,-0.,-1.));
#5066 = ADVANCED_FACE('',(#5067),#5081,.T.);
#5067 = FACE_BOUND('',#5068,.T.);
#5068 = EDGE_LOOP('',(#5069,#5070,#5071,#5072,#5073,#5074,#5075,#5076,
    #5077,#5078,#5079,#5080));
#5069 = ORIENTED_EDGE('',*,*,#4716,.T.);
#5070 = ORIENTED_EDGE('',*,*,#4754,.T.);
#5071 = ORIENTED_EDGE('',*,*,#4785,.T.);
#5072 = ORIENTED_EDGE('',*,*,#4816,.T.);
#5073 = ORIENTED_EDGE('',*,*,#4847,.T.);
#5074 = ORIENTED_EDGE('',*,*,#4878,.T.);
#5075 = ORIENTED_EDGE('',*,*,#4909,.T.);
#5076 = ORIENTED_EDGE('',*,*,#4940,.T.);
#5077 = ORIENTED_EDGE('',*,*,#4971,.T.);
#5078 = ORIENTED_EDGE('',*,*,#5002,.T.);
#5079 = ORIENTED_EDGE('',*,*,#5033,.T.);
#5080 = ORIENTED_EDGE('',*,*,#5055,.T.);
#5081 = PLANE('',#5082);
#5082 = AXIS2_PLACEMENT_3D('',#5083,#5084,#5085);
#5083 = CARTESIAN_POINT('',(-2.125,0.,0.));
#5084 = DIRECTION('',(-1.,0.,0.));
#5085 = DIRECTION('',(0.,0.,1.));
#5086 = ADVANCED_FACE('',(#5087),#5101,.F.);
#5087 = FACE_BOUND('',#5088,.T.);
#5088 = EDGE_LOOP('',(#5089,#5090,#5091,#5092,#5093,#5094,#5095,#5096,
    #5097,#5098,#5099,#5100));
#5089 = ORIENTED_EDGE('',*,*,#4698,.F.);
#5090 = ORIENTED_EDGE('',*,*,#5048,.F.);
#5091 = ORIENTED_EDGE('',*,*,#5017,.F.);
#5092 = ORIENTED_EDGE('',*,*,#4986,.F.);
#5093 = ORIENTED_EDGE('',*,*,#4955,.F.);
#5094 = ORIENTED_EDGE('',*,*,#4924,.F.);
#5095 = ORIENTED_EDGE('',*,*,#4893,.F.);
#5096 = ORIENTED_EDGE('',*,*,#4862,.F.);
#5097 = ORIENTED_EDGE('',*,*,#4831,.F.);
#5098 = ORIENTED_EDGE('',*,*,#4800,.F.);
#5099 = ORIENTED_EDGE('',*,*,#4769,.F.);
#5100 = ORIENTED_EDGE('',*,*,#4738,.F.);
#5101 = PLANE('',#5102);
#5102 = AXIS2_PLACEMENT_3D('',#5103,#5104,#5105);
#5103 = CARTESIAN_POINT('',(-1.725,0.,0.));
#5104 = DIRECTION('',(-1.,0.,0.));
#5105 = DIRECTION('',(0.,0.,1.));
#5106 = MANIFOLD_SOLID_BREP('',#5107);
#5107 = CLOSED_SHELL('',(#5108,#5148,#5179,#5210,#5241,#5272,#5303,#5334
    ,#5365,#5396,#5427,#5458,#5480,#5500));
#5108 = ADVANCED_FACE('',(#5109),#5143,.F.);
#5109 = FACE_BOUND('',#5110,.T.);
#5110 = EDGE_LOOP('',(#5111,#5121,#5129,#5137));
#5111 = ORIENTED_EDGE('',*,*,#5112,.T.);
#5112 = EDGE_CURVE('',#5113,#5115,#5117,.T.);
#5113 = VERTEX_POINT('',#5114);
#5114 = CARTESIAN_POINT('',(-1.725,-0.7,-1.695));
#5115 = VERTEX_POINT('',#5116);
#5116 = CARTESIAN_POINT('',(-1.725,-0.7,-1.595));
#5117 = LINE('',#5118,#5119);
#5118 = CARTESIAN_POINT('',(-1.725,-0.7,-1.595));
#5119 = VECTOR('',#5120,1.);
#5120 = DIRECTION('',(-0.,-0.,1.));
#5121 = ORIENTED_EDGE('',*,*,#5122,.F.);
#5122 = EDGE_CURVE('',#5123,#5115,#5125,.T.);
#5123 = VERTEX_POINT('',#5124);
#5124 = CARTESIAN_POINT('',(-2.125,-0.7,-1.595));
#5125 = LINE('',#5126,#5127);
#5126 = CARTESIAN_POINT('',(-2.125,-0.7,-1.595));
#5127 = VECTOR('',#5128,1.);
#5128 = DIRECTION('',(1.,-0.,-0.));
#5129 = ORIENTED_EDGE('',*,*,#5130,.F.);
#5130 = EDGE_CURVE('',#5131,#5123,#5133,.T.);
#5131 = VERTEX_POINT('',#5132);
#5132 = CARTESIAN_POINT('',(-2.125,-0.7,-1.695));
#5133 = LINE('',#5134,#5135);
#5134 = CARTESIAN_POINT('',(-2.125,-0.7,-1.595));
#5135 = VECTOR('',#5136,1.);
#5136 = DIRECTION('',(-0.,-0.,1.));
#5137 = ORIENTED_EDGE('',*,*,#5138,.T.);
#5138 = EDGE_CURVE('',#5131,#5113,#5139,.T.);
#5139 = LINE('',#5140,#5141);
#5140 = CARTESIAN_POINT('',(-2.125,-0.7,-1.695));
#5141 = VECTOR('',#5142,1.);
#5142 = DIRECTION('',(1.,-0.,-0.));
#5143 = PLANE('',#5144);
#5144 = AXIS2_PLACEMENT_3D('',#5145,#5146,#5147);
#5145 = CARTESIAN_POINT('',(-2.125,-0.7,-1.595));
#5146 = DIRECTION('',(0.,1.,0.));
#5147 = DIRECTION('',(0.,-0.,1.));
#5148 = ADVANCED_FACE('',(#5149),#5174,.F.);
#5149 = FACE_BOUND('',#5150,.T.);
#5150 = EDGE_LOOP('',(#5151,#5159,#5167,#5173));
#5151 = ORIENTED_EDGE('',*,*,#5152,.T.);
#5152 = EDGE_CURVE('',#5115,#5153,#5155,.T.);
#5153 = VERTEX_POINT('',#5154);
#5154 = CARTESIAN_POINT('',(-1.725,-3.8,-1.595));
#5155 = LINE('',#5156,#5157);
#5156 = CARTESIAN_POINT('',(-1.725,-0.7,-1.595));
#5157 = VECTOR('',#5158,1.);
#5158 = DIRECTION('',(0.,-1.,0.));
#5159 = ORIENTED_EDGE('',*,*,#5160,.F.);
#5160 = EDGE_CURVE('',#5161,#5153,#5163,.T.);
#5161 = VERTEX_POINT('',#5162);
#5162 = CARTESIAN_POINT('',(-2.125,-3.8,-1.595));
#5163 = LINE('',#5164,#5165);
#5164 = CARTESIAN_POINT('',(-2.125,-3.8,-1.595));
#5165 = VECTOR('',#5166,1.);
#5166 = DIRECTION('',(1.,-0.,-0.));
#5167 = ORIENTED_EDGE('',*,*,#5168,.F.);
#5168 = EDGE_CURVE('',#5123,#5161,#5169,.T.);
#5169 = LINE('',#5170,#5171);
#5170 = CARTESIAN_POINT('',(-2.125,-0.7,-1.595));
#5171 = VECTOR('',#5172,1.);
#5172 = DIRECTION('',(0.,-1.,0.));
#5173 = ORIENTED_EDGE('',*,*,#5122,.T.);
#5174 = PLANE('',#5175);
#5175 = AXIS2_PLACEMENT_3D('',#5176,#5177,#5178);
#5176 = CARTESIAN_POINT('',(-2.125,-0.7,-1.595));
#5177 = DIRECTION('',(0.,0.,1.));
#5178 = DIRECTION('',(1.,0.,-0.));
#5179 = ADVANCED_FACE('',(#5180),#5205,.F.);
#5180 = FACE_BOUND('',#5181,.T.);
#5181 = EDGE_LOOP('',(#5182,#5190,#5198,#5204));
#5182 = ORIENTED_EDGE('',*,*,#5183,.T.);
#5183 = EDGE_CURVE('',#5153,#5184,#5186,.T.);
#5184 = VERTEX_POINT('',#5185);
#5185 = CARTESIAN_POINT('',(-1.725,-3.8,-0.945));
#5186 = LINE('',#5187,#5188);
#5187 = CARTESIAN_POINT('',(-1.725,-3.8,-1.595));
#5188 = VECTOR('',#5189,1.);
#5189 = DIRECTION('',(0.,0.,1.));
#5190 = ORIENTED_EDGE('',*,*,#5191,.F.);
#5191 = EDGE_CURVE('',#5192,#5184,#5194,.T.);
#5192 = VERTEX_POINT('',#5193);
#5193 = CARTESIAN_POINT('',(-2.125,-3.8,-0.945));
#5194 = LINE('',#5195,#5196);
#5195 = CARTESIAN_POINT('',(-2.125,-3.8,-0.945));
#5196 = VECTOR('',#5197,1.);
#5197 = DIRECTION('',(1.,-0.,-0.));
#5198 = ORIENTED_EDGE('',*,*,#5199,.F.);
#5199 = EDGE_CURVE('',#5161,#5192,#5200,.T.);
#5200 = LINE('',#5201,#5202);
#5201 = CARTESIAN_POINT('',(-2.125,-3.8,-1.595));
#5202 = VECTOR('',#5203,1.);
#5203 = DIRECTION('',(0.,0.,1.));
#5204 = ORIENTED_EDGE('',*,*,#5160,.T.);
#5205 = PLANE('',#5206);
#5206 = AXIS2_PLACEMENT_3D('',#5207,#5208,#5209);
#5207 = CARTESIAN_POINT('',(-2.125,-3.8,-1.595));
#5208 = DIRECTION('',(0.,1.,-0.));
#5209 = DIRECTION('',(0.,0.,1.));
#5210 = ADVANCED_FACE('',(#5211),#5236,.F.);
#5211 = FACE_BOUND('',#5212,.T.);
#5212 = EDGE_LOOP('',(#5213,#5221,#5229,#5235));
#5213 = ORIENTED_EDGE('',*,*,#5214,.T.);
#5214 = EDGE_CURVE('',#5184,#5215,#5217,.T.);
#5215 = VERTEX_POINT('',#5216);
#5216 = CARTESIAN_POINT('',(-1.725,-0.7,-0.945));
#5217 = LINE('',#5218,#5219);
#5218 = CARTESIAN_POINT('',(-1.725,-0.7,-0.945));
#5219 = VECTOR('',#5220,1.);
#5220 = DIRECTION('',(-0.,1.,2.797941090285E-16));
#5221 = ORIENTED_EDGE('',*,*,#5222,.F.);
#5222 = EDGE_CURVE('',#5223,#5215,#5225,.T.);
#5223 = VERTEX_POINT('',#5224);
#5224 = CARTESIAN_POINT('',(-2.125,-0.7,-0.945));
#5225 = LINE('',#5226,#5227);
#5226 = CARTESIAN_POINT('',(-2.125,-0.7,-0.945));
#5227 = VECTOR('',#5228,1.);
#5228 = DIRECTION('',(1.,-0.,-0.));
#5229 = ORIENTED_EDGE('',*,*,#5230,.F.);
#5230 = EDGE_CURVE('',#5192,#5223,#5231,.T.);
#5231 = LINE('',#5232,#5233);
#5232 = CARTESIAN_POINT('',(-2.125,-0.7,-0.945));
#5233 = VECTOR('',#5234,1.);
#5234 = DIRECTION('',(-0.,1.,2.797941090285E-16));
#5235 = ORIENTED_EDGE('',*,*,#5191,.T.);
#5236 = PLANE('',#5237);
#5237 = AXIS2_PLACEMENT_3D('',#5238,#5239,#5240);
#5238 = CARTESIAN_POINT('',(-2.125,-0.7,-0.945));
#5239 = DIRECTION('',(0.,2.797941090285E-16,-1.));
#5240 = DIRECTION('',(0.,1.,2.797941090285E-16));
#5241 = ADVANCED_FACE('',(#5242),#5267,.F.);
#5242 = FACE_BOUND('',#5243,.T.);
#5243 = EDGE_LOOP('',(#5244,#5252,#5260,#5266));
#5244 = ORIENTED_EDGE('',*,*,#5245,.T.);
#5245 = EDGE_CURVE('',#5215,#5246,#5248,.T.);
#5246 = VERTEX_POINT('',#5247);
#5247 = CARTESIAN_POINT('',(-1.725,-0.7,-0.845));
#5248 = LINE('',#5249,#5250);
#5249 = CARTESIAN_POINT('',(-1.725,-0.7,-0.945));
#5250 = VECTOR('',#5251,1.);
#5251 = DIRECTION('',(0.,-4.336808689942E-15,1.));
#5252 = ORIENTED_EDGE('',*,*,#5253,.F.);
#5253 = EDGE_CURVE('',#5254,#5246,#5256,.T.);
#5254 = VERTEX_POINT('',#5255);
#5255 = CARTESIAN_POINT('',(-2.125,-0.7,-0.845));
#5256 = LINE('',#5257,#5258);
#5257 = CARTESIAN_POINT('',(-2.125,-0.7,-0.845));
#5258 = VECTOR('',#5259,1.);
#5259 = DIRECTION('',(1.,-0.,-0.));
#5260 = ORIENTED_EDGE('',*,*,#5261,.F.);
#5261 = EDGE_CURVE('',#5223,#5254,#5262,.T.);
#5262 = LINE('',#5263,#5264);
#5263 = CARTESIAN_POINT('',(-2.125,-0.7,-0.945));
#5264 = VECTOR('',#5265,1.);
#5265 = DIRECTION('',(0.,-4.336808689942E-15,1.));
#5266 = ORIENTED_EDGE('',*,*,#5222,.T.);
#5267 = PLANE('',#5268);
#5268 = AXIS2_PLACEMENT_3D('',#5269,#5270,#5271);
#5269 = CARTESIAN_POINT('',(-2.125,-0.7,-0.945));
#5270 = DIRECTION('',(0.,1.,4.336808689942E-15));
#5271 = DIRECTION('',(0.,-4.336808689942E-15,1.));
#5272 = ADVANCED_FACE('',(#5273),#5298,.F.);
#5273 = FACE_BOUND('',#5274,.T.);
#5274 = EDGE_LOOP('',(#5275,#5283,#5291,#5297));
#5275 = ORIENTED_EDGE('',*,*,#5276,.T.);
#5276 = EDGE_CURVE('',#5246,#5277,#5279,.T.);
#5277 = VERTEX_POINT('',#5278);
#5278 = CARTESIAN_POINT('',(-1.725,2.190088388421E-14,-0.845));
#5279 = LINE('',#5280,#5281);
#5280 = CARTESIAN_POINT('',(-1.725,2.190088388421E-14,-0.845));
#5281 = VECTOR('',#5282,1.);
#5282 = DIRECTION('',(-0.,1.,6.195440985631E-16));
#5283 = ORIENTED_EDGE('',*,*,#5284,.F.);
#5284 = EDGE_CURVE('',#5285,#5277,#5287,.T.);
#5285 = VERTEX_POINT('',#5286);
#5286 = CARTESIAN_POINT('',(-2.125,2.190088388421E-14,-0.845));
#5287 = LINE('',#5288,#5289);
#5288 = CARTESIAN_POINT('',(-2.125,2.190088388421E-14,-0.845));
#5289 = VECTOR('',#5290,1.);
#5290 = DIRECTION('',(1.,-0.,-0.));
#5291 = ORIENTED_EDGE('',*,*,#5292,.F.);
#5292 = EDGE_CURVE('',#5254,#5285,#5293,.T.);
#5293 = LINE('',#5294,#5295);
#5294 = CARTESIAN_POINT('',(-2.125,2.190088388421E-14,-0.845));
#5295 = VECTOR('',#5296,1.);
#5296 = DIRECTION('',(-0.,1.,6.195440985631E-16));
#5297 = ORIENTED_EDGE('',*,*,#5253,.T.);
#5298 = PLANE('',#5299);
#5299 = AXIS2_PLACEMENT_3D('',#5300,#5301,#5302);
#5300 = CARTESIAN_POINT('',(-2.125,2.190088388421E-14,-0.845));
#5301 = DIRECTION('',(0.,6.195440985631E-16,-1.));
#5302 = DIRECTION('',(0.,1.,6.195440985631E-16));
#5303 = ADVANCED_FACE('',(#5304),#5329,.F.);
#5304 = FACE_BOUND('',#5305,.T.);
#5305 = EDGE_LOOP('',(#5306,#5314,#5322,#5328));
#5306 = ORIENTED_EDGE('',*,*,#5307,.T.);
#5307 = EDGE_CURVE('',#5277,#5308,#5310,.T.);
#5308 = VERTEX_POINT('',#5309);
#5309 = CARTESIAN_POINT('',(-1.725,2.168404344971E-14,-0.945));
#5310 = LINE('',#5311,#5312);
#5311 = CARTESIAN_POINT('',(-1.725,2.168404344971E-14,-0.945));
#5312 = VECTOR('',#5313,1.);
#5313 = DIRECTION('',(-0.,-2.168404344971E-15,-1.));
#5314 = ORIENTED_EDGE('',*,*,#5315,.F.);
#5315 = EDGE_CURVE('',#5316,#5308,#5318,.T.);
#5316 = VERTEX_POINT('',#5317);
#5317 = CARTESIAN_POINT('',(-2.125,2.168404344971E-14,-0.945));
#5318 = LINE('',#5319,#5320);
#5319 = CARTESIAN_POINT('',(-2.125,2.168404344971E-14,-0.945));
#5320 = VECTOR('',#5321,1.);
#5321 = DIRECTION('',(1.,-0.,-0.));
#5322 = ORIENTED_EDGE('',*,*,#5323,.F.);
#5323 = EDGE_CURVE('',#5285,#5316,#5324,.T.);
#5324 = LINE('',#5325,#5326);
#5325 = CARTESIAN_POINT('',(-2.125,2.168404344971E-14,-0.945));
#5326 = VECTOR('',#5327,1.);
#5327 = DIRECTION('',(-0.,-2.168404344971E-15,-1.));
#5328 = ORIENTED_EDGE('',*,*,#5284,.T.);
#5329 = PLANE('',#5330);
#5330 = AXIS2_PLACEMENT_3D('',#5331,#5332,#5333);
#5331 = CARTESIAN_POINT('',(-2.125,2.168404344971E-14,-0.945));
#5332 = DIRECTION('',(0.,-1.,2.168404344971E-15));
#5333 = DIRECTION('',(0.,-2.168404344971E-15,-1.));
#5334 = ADVANCED_FACE('',(#5335),#5360,.F.);
#5335 = FACE_BOUND('',#5336,.T.);
#5336 = EDGE_LOOP('',(#5337,#5345,#5353,#5359));
#5337 = ORIENTED_EDGE('',*,*,#5338,.T.);
#5338 = EDGE_CURVE('',#5308,#5339,#5341,.T.);
#5339 = VERTEX_POINT('',#5340);
#5340 = CARTESIAN_POINT('',(-1.725,0.5,-0.945));
#5341 = LINE('',#5342,#5343);
#5342 = CARTESIAN_POINT('',(-1.725,0.5,-0.945));
#5343 = VECTOR('',#5344,1.);
#5344 = DIRECTION('',(-0.,1.,-0.));
#5345 = ORIENTED_EDGE('',*,*,#5346,.F.);
#5346 = EDGE_CURVE('',#5347,#5339,#5349,.T.);
#5347 = VERTEX_POINT('',#5348);
#5348 = CARTESIAN_POINT('',(-2.125,0.5,-0.945));
#5349 = LINE('',#5350,#5351);
#5350 = CARTESIAN_POINT('',(-2.125,0.5,-0.945));
#5351 = VECTOR('',#5352,1.);
#5352 = DIRECTION('',(1.,-0.,-0.));
#5353 = ORIENTED_EDGE('',*,*,#5354,.F.);
#5354 = EDGE_CURVE('',#5316,#5347,#5355,.T.);
#5355 = LINE('',#5356,#5357);
#5356 = CARTESIAN_POINT('',(-2.125,0.5,-0.945));
#5357 = VECTOR('',#5358,1.);
#5358 = DIRECTION('',(-0.,1.,-0.));
#5359 = ORIENTED_EDGE('',*,*,#5315,.T.);
#5360 = PLANE('',#5361);
#5361 = AXIS2_PLACEMENT_3D('',#5362,#5363,#5364);
#5362 = CARTESIAN_POINT('',(-2.125,0.5,-0.945));
#5363 = DIRECTION('',(-0.,0.,-1.));
#5364 = DIRECTION('',(-1.,0.,0.));
#5365 = ADVANCED_FACE('',(#5366),#5391,.F.);
#5366 = FACE_BOUND('',#5367,.T.);
#5367 = EDGE_LOOP('',(#5368,#5376,#5384,#5390));
#5368 = ORIENTED_EDGE('',*,*,#5369,.T.);
#5369 = EDGE_CURVE('',#5339,#5370,#5372,.T.);
#5370 = VERTEX_POINT('',#5371);
#5371 = CARTESIAN_POINT('',(-1.725,0.5,-1.595));
#5372 = LINE('',#5373,#5374);
#5373 = CARTESIAN_POINT('',(-1.725,0.5,-1.595));
#5374 = VECTOR('',#5375,1.);
#5375 = DIRECTION('',(-0.,-0.,-1.));
#5376 = ORIENTED_EDGE('',*,*,#5377,.F.);
#5377 = EDGE_CURVE('',#5378,#5370,#5380,.T.);
#5378 = VERTEX_POINT('',#5379);
#5379 = CARTESIAN_POINT('',(-2.125,0.5,-1.595));
#5380 = LINE('',#5381,#5382);
#5381 = CARTESIAN_POINT('',(-2.125,0.5,-1.595));
#5382 = VECTOR('',#5383,1.);
#5383 = DIRECTION('',(1.,-0.,-0.));
#5384 = ORIENTED_EDGE('',*,*,#5385,.F.);
#5385 = EDGE_CURVE('',#5347,#5378,#5386,.T.);
#5386 = LINE('',#5387,#5388);
#5387 = CARTESIAN_POINT('',(-2.125,0.5,-1.595));
#5388 = VECTOR('',#5389,1.);
#5389 = DIRECTION('',(-0.,-0.,-1.));
#5390 = ORIENTED_EDGE('',*,*,#5346,.T.);
#5391 = PLANE('',#5392);
#5392 = AXIS2_PLACEMENT_3D('',#5393,#5394,#5395);
#5393 = CARTESIAN_POINT('',(-2.125,0.5,-1.595));
#5394 = DIRECTION('',(0.,-1.,0.));
#5395 = DIRECTION('',(0.,-0.,-1.));
#5396 = ADVANCED_FACE('',(#5397),#5422,.F.);
#5397 = FACE_BOUND('',#5398,.T.);
#5398 = EDGE_LOOP('',(#5399,#5407,#5415,#5421));
#5399 = ORIENTED_EDGE('',*,*,#5400,.T.);
#5400 = EDGE_CURVE('',#5370,#5401,#5403,.T.);
#5401 = VERTEX_POINT('',#5402);
#5402 = CARTESIAN_POINT('',(-1.725,2.168404344971E-14,-1.595));
#5403 = LINE('',#5404,#5405);
#5404 = CARTESIAN_POINT('',(-1.725,0.5,-1.595));
#5405 = VECTOR('',#5406,1.);
#5406 = DIRECTION('',(0.,-1.,-1.734723475977E-15));
#5407 = ORIENTED_EDGE('',*,*,#5408,.F.);
#5408 = EDGE_CURVE('',#5409,#5401,#5411,.T.);
#5409 = VERTEX_POINT('',#5410);
#5410 = CARTESIAN_POINT('',(-2.125,2.168404344971E-14,-1.595));
#5411 = LINE('',#5412,#5413);
#5412 = CARTESIAN_POINT('',(-2.125,2.168404344971E-14,-1.595));
#5413 = VECTOR('',#5414,1.);
#5414 = DIRECTION('',(1.,-0.,-0.));
#5415 = ORIENTED_EDGE('',*,*,#5416,.F.);
#5416 = EDGE_CURVE('',#5378,#5409,#5417,.T.);
#5417 = LINE('',#5418,#5419);
#5418 = CARTESIAN_POINT('',(-2.125,0.5,-1.595));
#5419 = VECTOR('',#5420,1.);
#5420 = DIRECTION('',(0.,-1.,-1.734723475977E-15));
#5421 = ORIENTED_EDGE('',*,*,#5377,.T.);
#5422 = PLANE('',#5423);
#5423 = AXIS2_PLACEMENT_3D('',#5424,#5425,#5426);
#5424 = CARTESIAN_POINT('',(-2.125,0.5,-1.595));
#5425 = DIRECTION('',(0.,-1.734723475977E-15,1.));
#5426 = DIRECTION('',(0.,-1.,-1.734723475977E-15));
#5427 = ADVANCED_FACE('',(#5428),#5453,.F.);
#5428 = FACE_BOUND('',#5429,.T.);
#5429 = EDGE_LOOP('',(#5430,#5438,#5446,#5452));
#5430 = ORIENTED_EDGE('',*,*,#5431,.T.);
#5431 = EDGE_CURVE('',#5401,#5432,#5434,.T.);
#5432 = VERTEX_POINT('',#5433);
#5433 = CARTESIAN_POINT('',(-1.725,2.168404344971E-14,-1.695));
#5434 = LINE('',#5435,#5436);
#5435 = CARTESIAN_POINT('',(-1.725,2.168404344971E-14,-1.595));
#5436 = VECTOR('',#5437,1.);
#5437 = DIRECTION('',(0.,0.,-1.));
#5438 = ORIENTED_EDGE('',*,*,#5439,.F.);
#5439 = EDGE_CURVE('',#5440,#5432,#5442,.T.);
#5440 = VERTEX_POINT('',#5441);
#5441 = CARTESIAN_POINT('',(-2.125,2.168404344971E-14,-1.695));
#5442 = LINE('',#5443,#5444);
#5443 = CARTESIAN_POINT('',(-2.125,2.168404344971E-14,-1.695));
#5444 = VECTOR('',#5445,1.);
#5445 = DIRECTION('',(1.,-0.,-0.));
#5446 = ORIENTED_EDGE('',*,*,#5447,.F.);
#5447 = EDGE_CURVE('',#5409,#5440,#5448,.T.);
#5448 = LINE('',#5449,#5450);
#5449 = CARTESIAN_POINT('',(-2.125,2.168404344971E-14,-1.595));
#5450 = VECTOR('',#5451,1.);
#5451 = DIRECTION('',(0.,0.,-1.));
#5452 = ORIENTED_EDGE('',*,*,#5408,.T.);
#5453 = PLANE('',#5454);
#5454 = AXIS2_PLACEMENT_3D('',#5455,#5456,#5457);
#5455 = CARTESIAN_POINT('',(-2.125,2.168404344971E-14,-1.595));
#5456 = DIRECTION('',(0.,-1.,-0.));
#5457 = DIRECTION('',(0.,0.,-1.));
#5458 = ADVANCED_FACE('',(#5459),#5475,.F.);
#5459 = FACE_BOUND('',#5460,.T.);
#5460 = EDGE_LOOP('',(#5461,#5467,#5468,#5474));
#5461 = ORIENTED_EDGE('',*,*,#5462,.T.);
#5462 = EDGE_CURVE('',#5432,#5113,#5463,.T.);
#5463 = LINE('',#5464,#5465);
#5464 = CARTESIAN_POINT('',(-1.725,2.168404344971E-14,-1.695));
#5465 = VECTOR('',#5466,1.);
#5466 = DIRECTION('',(0.,-1.,1.239088197126E-15));
#5467 = ORIENTED_EDGE('',*,*,#5138,.F.);
#5468 = ORIENTED_EDGE('',*,*,#5469,.F.);
#5469 = EDGE_CURVE('',#5440,#5131,#5470,.T.);
#5470 = LINE('',#5471,#5472);
#5471 = CARTESIAN_POINT('',(-2.125,2.168404344971E-14,-1.695));
#5472 = VECTOR('',#5473,1.);
#5473 = DIRECTION('',(0.,-1.,1.239088197126E-15));
#5474 = ORIENTED_EDGE('',*,*,#5439,.T.);
#5475 = PLANE('',#5476);
#5476 = AXIS2_PLACEMENT_3D('',#5477,#5478,#5479);
#5477 = CARTESIAN_POINT('',(-2.125,2.168404344971E-14,-1.695));
#5478 = DIRECTION('',(0.,1.239088197126E-15,1.));
#5479 = DIRECTION('',(0.,-1.,1.239088197126E-15));
#5480 = ADVANCED_FACE('',(#5481),#5495,.T.);
#5481 = FACE_BOUND('',#5482,.T.);
#5482 = EDGE_LOOP('',(#5483,#5484,#5485,#5486,#5487,#5488,#5489,#5490,
    #5491,#5492,#5493,#5494));
#5483 = ORIENTED_EDGE('',*,*,#5130,.T.);
#5484 = ORIENTED_EDGE('',*,*,#5168,.T.);
#5485 = ORIENTED_EDGE('',*,*,#5199,.T.);
#5486 = ORIENTED_EDGE('',*,*,#5230,.T.);
#5487 = ORIENTED_EDGE('',*,*,#5261,.T.);
#5488 = ORIENTED_EDGE('',*,*,#5292,.T.);
#5489 = ORIENTED_EDGE('',*,*,#5323,.T.);
#5490 = ORIENTED_EDGE('',*,*,#5354,.T.);
#5491 = ORIENTED_EDGE('',*,*,#5385,.T.);
#5492 = ORIENTED_EDGE('',*,*,#5416,.T.);
#5493 = ORIENTED_EDGE('',*,*,#5447,.T.);
#5494 = ORIENTED_EDGE('',*,*,#5469,.T.);
#5495 = PLANE('',#5496);
#5496 = AXIS2_PLACEMENT_3D('',#5497,#5498,#5499);
#5497 = CARTESIAN_POINT('',(-2.125,0.,0.));
#5498 = DIRECTION('',(-1.,0.,-0.));
#5499 = DIRECTION('',(0.,0.,1.));
#5500 = ADVANCED_FACE('',(#5501),#5515,.F.);
#5501 = FACE_BOUND('',#5502,.T.);
#5502 = EDGE_LOOP('',(#5503,#5504,#5505,#5506,#5507,#5508,#5509,#5510,
    #5511,#5512,#5513,#5514));
#5503 = ORIENTED_EDGE('',*,*,#5112,.F.);
#5504 = ORIENTED_EDGE('',*,*,#5462,.F.);
#5505 = ORIENTED_EDGE('',*,*,#5431,.F.);
#5506 = ORIENTED_EDGE('',*,*,#5400,.F.);
#5507 = ORIENTED_EDGE('',*,*,#5369,.F.);
#5508 = ORIENTED_EDGE('',*,*,#5338,.F.);
#5509 = ORIENTED_EDGE('',*,*,#5307,.F.);
#5510 = ORIENTED_EDGE('',*,*,#5276,.F.);
#5511 = ORIENTED_EDGE('',*,*,#5245,.F.);
#5512 = ORIENTED_EDGE('',*,*,#5214,.F.);
#5513 = ORIENTED_EDGE('',*,*,#5183,.F.);
#5514 = ORIENTED_EDGE('',*,*,#5152,.F.);
#5515 = PLANE('',#5516);
#5516 = AXIS2_PLACEMENT_3D('',#5517,#5518,#5519);
#5517 = CARTESIAN_POINT('',(-1.725,0.,0.));
#5518 = DIRECTION('',(-1.,0.,-0.));
#5519 = DIRECTION('',(0.,0.,1.));
#5520 = MANIFOLD_SOLID_BREP('',#5521);
#5521 = CLOSED_SHELL('',(#5522,#5562,#5593,#5624,#5655,#5686,#5717,#5748
    ,#5779,#5810,#5841,#5872,#5894,#5914));
#5522 = ADVANCED_FACE('',(#5523),#5557,.F.);
#5523 = FACE_BOUND('',#5524,.T.);
#5524 = EDGE_LOOP('',(#5525,#5535,#5543,#5551));
#5525 = ORIENTED_EDGE('',*,*,#5526,.F.);
#5526 = EDGE_CURVE('',#5527,#5529,#5531,.T.);
#5527 = VERTEX_POINT('',#5528);
#5528 = CARTESIAN_POINT('',(3.375,2.23345647532E-14,1.595));
#5529 = VERTEX_POINT('',#5530);
#5530 = CARTESIAN_POINT('',(3.375,0.5,1.595));
#5531 = LINE('',#5532,#5533);
#5532 = CARTESIAN_POINT('',(3.375,0.5,1.595));
#5533 = VECTOR('',#5534,1.);
#5534 = DIRECTION('',(0.,1.,-8.673617379884E-16));
#5535 = ORIENTED_EDGE('',*,*,#5536,.F.);
#5536 = EDGE_CURVE('',#5537,#5527,#5539,.T.);
#5537 = VERTEX_POINT('',#5538);
#5538 = CARTESIAN_POINT('',(3.775,2.23345647532E-14,1.595));
#5539 = LINE('',#5540,#5541);
#5540 = CARTESIAN_POINT('',(3.775,2.23345647532E-14,1.595));
#5541 = VECTOR('',#5542,1.);
#5542 = DIRECTION('',(-1.,0.,0.));
#5543 = ORIENTED_EDGE('',*,*,#5544,.T.);
#5544 = EDGE_CURVE('',#5537,#5545,#5547,.T.);
#5545 = VERTEX_POINT('',#5546);
#5546 = CARTESIAN_POINT('',(3.775,0.5,1.595));
#5547 = LINE('',#5548,#5549);
#5548 = CARTESIAN_POINT('',(3.775,0.5,1.595));
#5549 = VECTOR('',#5550,1.);
#5550 = DIRECTION('',(0.,1.,-8.673617379884E-16));
#5551 = ORIENTED_EDGE('',*,*,#5552,.T.);
#5552 = EDGE_CURVE('',#5545,#5529,#5553,.T.);
#5553 = LINE('',#5554,#5555);
#5554 = CARTESIAN_POINT('',(3.775,0.5,1.595));
#5555 = VECTOR('',#5556,1.);
#5556 = DIRECTION('',(-1.,0.,0.));
#5557 = PLANE('',#5558);
#5558 = AXIS2_PLACEMENT_3D('',#5559,#5560,#5561);
#5559 = CARTESIAN_POINT('',(3.775,0.5,1.595));
#5560 = DIRECTION('',(0.,-8.673617379884E-16,-1.));
#5561 = DIRECTION('',(0.,1.,-8.673617379884E-16));
#5562 = ADVANCED_FACE('',(#5563),#5588,.F.);
#5563 = FACE_BOUND('',#5564,.T.);
#5564 = EDGE_LOOP('',(#5565,#5573,#5574,#5582));
#5565 = ORIENTED_EDGE('',*,*,#5566,.F.);
#5566 = EDGE_CURVE('',#5529,#5567,#5569,.T.);
#5567 = VERTEX_POINT('',#5568);
#5568 = CARTESIAN_POINT('',(3.375,0.5,0.945));
#5569 = LINE('',#5570,#5571);
#5570 = CARTESIAN_POINT('',(3.375,0.5,1.595));
#5571 = VECTOR('',#5572,1.);
#5572 = DIRECTION('',(-0.,-3.336006684571E-16,-1.));
#5573 = ORIENTED_EDGE('',*,*,#5552,.F.);
#5574 = ORIENTED_EDGE('',*,*,#5575,.T.);
#5575 = EDGE_CURVE('',#5545,#5576,#5578,.T.);
#5576 = VERTEX_POINT('',#5577);
#5577 = CARTESIAN_POINT('',(3.775,0.5,0.945));
#5578 = LINE('',#5579,#5580);
#5579 = CARTESIAN_POINT('',(3.775,0.5,1.595));
#5580 = VECTOR('',#5581,1.);
#5581 = DIRECTION('',(-0.,-3.336006684571E-16,-1.));
#5582 = ORIENTED_EDGE('',*,*,#5583,.T.);
#5583 = EDGE_CURVE('',#5576,#5567,#5584,.T.);
#5584 = LINE('',#5585,#5586);
#5585 = CARTESIAN_POINT('',(3.775,0.5,0.945));
#5586 = VECTOR('',#5587,1.);
#5587 = DIRECTION('',(-1.,0.,0.));
#5588 = PLANE('',#5589);
#5589 = AXIS2_PLACEMENT_3D('',#5590,#5591,#5592);
#5590 = CARTESIAN_POINT('',(3.775,0.5,1.595));
#5591 = DIRECTION('',(0.,-1.,3.336006684571E-16));
#5592 = DIRECTION('',(-0.,-3.336006684571E-16,-1.));
#5593 = ADVANCED_FACE('',(#5594),#5619,.F.);
#5594 = FACE_BOUND('',#5595,.T.);
#5595 = EDGE_LOOP('',(#5596,#5604,#5605,#5613));
#5596 = ORIENTED_EDGE('',*,*,#5597,.F.);
#5597 = EDGE_CURVE('',#5567,#5598,#5600,.T.);
#5598 = VERTEX_POINT('',#5599);
#5599 = CARTESIAN_POINT('',(3.375,2.21177243187E-14,0.945));
#5600 = LINE('',#5601,#5602);
#5601 = CARTESIAN_POINT('',(3.375,0.5,0.945));
#5602 = VECTOR('',#5603,1.);
#5603 = DIRECTION('',(0.,-1.,0.));
#5604 = ORIENTED_EDGE('',*,*,#5583,.F.);
#5605 = ORIENTED_EDGE('',*,*,#5606,.T.);
#5606 = EDGE_CURVE('',#5576,#5607,#5609,.T.);
#5607 = VERTEX_POINT('',#5608);
#5608 = CARTESIAN_POINT('',(3.775,2.21177243187E-14,0.945));
#5609 = LINE('',#5610,#5611);
#5610 = CARTESIAN_POINT('',(3.775,0.5,0.945));
#5611 = VECTOR('',#5612,1.);
#5612 = DIRECTION('',(0.,-1.,0.));
#5613 = ORIENTED_EDGE('',*,*,#5614,.T.);
#5614 = EDGE_CURVE('',#5607,#5598,#5615,.T.);
#5615 = LINE('',#5616,#5617);
#5616 = CARTESIAN_POINT('',(3.775,2.21177243187E-14,0.945));
#5617 = VECTOR('',#5618,1.);
#5618 = DIRECTION('',(-1.,0.,0.));
#5619 = PLANE('',#5620);
#5620 = AXIS2_PLACEMENT_3D('',#5621,#5622,#5623);
#5621 = CARTESIAN_POINT('',(3.775,0.5,0.945));
#5622 = DIRECTION('',(0.,0.,1.));
#5623 = DIRECTION('',(-1.,0.,0.));
#5624 = ADVANCED_FACE('',(#5625),#5650,.F.);
#5625 = FACE_BOUND('',#5626,.T.);
#5626 = EDGE_LOOP('',(#5627,#5635,#5636,#5644));
#5627 = ORIENTED_EDGE('',*,*,#5628,.F.);
#5628 = EDGE_CURVE('',#5598,#5629,#5631,.T.);
#5629 = VERTEX_POINT('',#5630);
#5630 = CARTESIAN_POINT('',(3.375,2.21177243187E-14,0.845));
#5631 = LINE('',#5632,#5633);
#5632 = CARTESIAN_POINT('',(3.375,2.21177243187E-14,0.945));
#5633 = VECTOR('',#5634,1.);
#5634 = DIRECTION('',(0.,0.,-1.));
#5635 = ORIENTED_EDGE('',*,*,#5614,.F.);
#5636 = ORIENTED_EDGE('',*,*,#5637,.T.);
#5637 = EDGE_CURVE('',#5607,#5638,#5640,.T.);
#5638 = VERTEX_POINT('',#5639);
#5639 = CARTESIAN_POINT('',(3.775,2.21177243187E-14,0.845));
#5640 = LINE('',#5641,#5642);
#5641 = CARTESIAN_POINT('',(3.775,2.21177243187E-14,0.945));
#5642 = VECTOR('',#5643,1.);
#5643 = DIRECTION('',(0.,0.,-1.));
#5644 = ORIENTED_EDGE('',*,*,#5645,.T.);
#5645 = EDGE_CURVE('',#5638,#5629,#5646,.T.);
#5646 = LINE('',#5647,#5648);
#5647 = CARTESIAN_POINT('',(3.775,2.21177243187E-14,0.845));
#5648 = VECTOR('',#5649,1.);
#5649 = DIRECTION('',(-1.,0.,0.));
#5650 = PLANE('',#5651);
#5651 = AXIS2_PLACEMENT_3D('',#5652,#5653,#5654);
#5652 = CARTESIAN_POINT('',(3.775,2.21177243187E-14,0.945));
#5653 = DIRECTION('',(0.,-1.,0.));
#5654 = DIRECTION('',(0.,0.,-1.));
#5655 = ADVANCED_FACE('',(#5656),#5681,.F.);
#5656 = FACE_BOUND('',#5657,.T.);
#5657 = EDGE_LOOP('',(#5658,#5666,#5667,#5675));
#5658 = ORIENTED_EDGE('',*,*,#5659,.F.);
#5659 = EDGE_CURVE('',#5629,#5660,#5662,.T.);
#5660 = VERTEX_POINT('',#5661);
#5661 = CARTESIAN_POINT('',(3.375,-0.7,0.845));
#5662 = LINE('',#5663,#5664);
#5663 = CARTESIAN_POINT('',(3.375,2.21177243187E-14,0.845));
#5664 = VECTOR('',#5665,1.);
#5665 = DIRECTION('',(0.,-1.,1.239088197126E-15));
#5666 = ORIENTED_EDGE('',*,*,#5645,.F.);
#5667 = ORIENTED_EDGE('',*,*,#5668,.T.);
#5668 = EDGE_CURVE('',#5638,#5669,#5671,.T.);
#5669 = VERTEX_POINT('',#5670);
#5670 = CARTESIAN_POINT('',(3.775,-0.7,0.845));
#5671 = LINE('',#5672,#5673);
#5672 = CARTESIAN_POINT('',(3.775,2.21177243187E-14,0.845));
#5673 = VECTOR('',#5674,1.);
#5674 = DIRECTION('',(0.,-1.,1.239088197126E-15));
#5675 = ORIENTED_EDGE('',*,*,#5676,.T.);
#5676 = EDGE_CURVE('',#5669,#5660,#5677,.T.);
#5677 = LINE('',#5678,#5679);
#5678 = CARTESIAN_POINT('',(3.775,-0.7,0.845));
#5679 = VECTOR('',#5680,1.);
#5680 = DIRECTION('',(-1.,0.,0.));
#5681 = PLANE('',#5682);
#5682 = AXIS2_PLACEMENT_3D('',#5683,#5684,#5685);
#5683 = CARTESIAN_POINT('',(3.775,2.21177243187E-14,0.845));
#5684 = DIRECTION('',(0.,1.239088197126E-15,1.));
#5685 = DIRECTION('',(0.,-1.,1.239088197126E-15));
#5686 = ADVANCED_FACE('',(#5687),#5712,.F.);
#5687 = FACE_BOUND('',#5688,.T.);
#5688 = EDGE_LOOP('',(#5689,#5697,#5698,#5706));
#5689 = ORIENTED_EDGE('',*,*,#5690,.F.);
#5690 = EDGE_CURVE('',#5660,#5691,#5693,.T.);
#5691 = VERTEX_POINT('',#5692);
#5692 = CARTESIAN_POINT('',(3.375,-0.7,0.945));
#5693 = LINE('',#5694,#5695);
#5694 = CARTESIAN_POINT('',(3.375,-0.7,0.945));
#5695 = VECTOR('',#5696,1.);
#5696 = DIRECTION('',(0.,4.336808689942E-15,1.));
#5697 = ORIENTED_EDGE('',*,*,#5676,.F.);
#5698 = ORIENTED_EDGE('',*,*,#5699,.T.);
#5699 = EDGE_CURVE('',#5669,#5700,#5702,.T.);
#5700 = VERTEX_POINT('',#5701);
#5701 = CARTESIAN_POINT('',(3.775,-0.7,0.945));
#5702 = LINE('',#5703,#5704);
#5703 = CARTESIAN_POINT('',(3.775,-0.7,0.945));
#5704 = VECTOR('',#5705,1.);
#5705 = DIRECTION('',(0.,4.336808689942E-15,1.));
#5706 = ORIENTED_EDGE('',*,*,#5707,.T.);
#5707 = EDGE_CURVE('',#5700,#5691,#5708,.T.);
#5708 = LINE('',#5709,#5710);
#5709 = CARTESIAN_POINT('',(3.775,-0.7,0.945));
#5710 = VECTOR('',#5711,1.);
#5711 = DIRECTION('',(-1.,0.,0.));
#5712 = PLANE('',#5713);
#5713 = AXIS2_PLACEMENT_3D('',#5714,#5715,#5716);
#5714 = CARTESIAN_POINT('',(3.775,-0.7,0.945));
#5715 = DIRECTION('',(0.,1.,-4.336808689942E-15));
#5716 = DIRECTION('',(0.,4.336808689942E-15,1.));
#5717 = ADVANCED_FACE('',(#5718),#5743,.F.);
#5718 = FACE_BOUND('',#5719,.T.);
#5719 = EDGE_LOOP('',(#5720,#5728,#5729,#5737));
#5720 = ORIENTED_EDGE('',*,*,#5721,.F.);
#5721 = EDGE_CURVE('',#5691,#5722,#5724,.T.);
#5722 = VERTEX_POINT('',#5723);
#5723 = CARTESIAN_POINT('',(3.375,-3.8,0.945));
#5724 = LINE('',#5725,#5726);
#5725 = CARTESIAN_POINT('',(3.375,-0.7,0.945));
#5726 = VECTOR('',#5727,1.);
#5727 = DIRECTION('',(0.,-1.,5.59588218057E-16));
#5728 = ORIENTED_EDGE('',*,*,#5707,.F.);
#5729 = ORIENTED_EDGE('',*,*,#5730,.T.);
#5730 = EDGE_CURVE('',#5700,#5731,#5733,.T.);
#5731 = VERTEX_POINT('',#5732);
#5732 = CARTESIAN_POINT('',(3.775,-3.8,0.945));
#5733 = LINE('',#5734,#5735);
#5734 = CARTESIAN_POINT('',(3.775,-0.7,0.945));
#5735 = VECTOR('',#5736,1.);
#5736 = DIRECTION('',(0.,-1.,5.59588218057E-16));
#5737 = ORIENTED_EDGE('',*,*,#5738,.T.);
#5738 = EDGE_CURVE('',#5731,#5722,#5739,.T.);
#5739 = LINE('',#5740,#5741);
#5740 = CARTESIAN_POINT('',(3.775,-3.8,0.945));
#5741 = VECTOR('',#5742,1.);
#5742 = DIRECTION('',(-1.,0.,0.));
#5743 = PLANE('',#5744);
#5744 = AXIS2_PLACEMENT_3D('',#5745,#5746,#5747);
#5745 = CARTESIAN_POINT('',(3.775,-0.7,0.945));
#5746 = DIRECTION('',(0.,5.59588218057E-16,1.));
#5747 = DIRECTION('',(0.,-1.,5.59588218057E-16));
#5748 = ADVANCED_FACE('',(#5749),#5774,.F.);
#5749 = FACE_BOUND('',#5750,.T.);
#5750 = EDGE_LOOP('',(#5751,#5759,#5760,#5768));
#5751 = ORIENTED_EDGE('',*,*,#5752,.F.);
#5752 = EDGE_CURVE('',#5722,#5753,#5755,.T.);
#5753 = VERTEX_POINT('',#5754);
#5754 = CARTESIAN_POINT('',(3.375,-3.8,1.595));
#5755 = LINE('',#5756,#5757);
#5756 = CARTESIAN_POINT('',(3.375,-3.8,1.595));
#5757 = VECTOR('',#5758,1.);
#5758 = DIRECTION('',(0.,0.,1.));
#5759 = ORIENTED_EDGE('',*,*,#5738,.F.);
#5760 = ORIENTED_EDGE('',*,*,#5761,.T.);
#5761 = EDGE_CURVE('',#5731,#5762,#5764,.T.);
#5762 = VERTEX_POINT('',#5763);
#5763 = CARTESIAN_POINT('',(3.775,-3.8,1.595));
#5764 = LINE('',#5765,#5766);
#5765 = CARTESIAN_POINT('',(3.775,-3.8,1.595));
#5766 = VECTOR('',#5767,1.);
#5767 = DIRECTION('',(0.,0.,1.));
#5768 = ORIENTED_EDGE('',*,*,#5769,.T.);
#5769 = EDGE_CURVE('',#5762,#5753,#5770,.T.);
#5770 = LINE('',#5771,#5772);
#5771 = CARTESIAN_POINT('',(3.775,-3.8,1.595));
#5772 = VECTOR('',#5773,1.);
#5773 = DIRECTION('',(-1.,0.,0.));
#5774 = PLANE('',#5775);
#5775 = AXIS2_PLACEMENT_3D('',#5776,#5777,#5778);
#5776 = CARTESIAN_POINT('',(3.775,-3.8,1.595));
#5777 = DIRECTION('',(0.,1.,0.));
#5778 = DIRECTION('',(0.,-0.,1.));
#5779 = ADVANCED_FACE('',(#5780),#5805,.F.);
#5780 = FACE_BOUND('',#5781,.T.);
#5781 = EDGE_LOOP('',(#5782,#5790,#5791,#5799));
#5782 = ORIENTED_EDGE('',*,*,#5783,.F.);
#5783 = EDGE_CURVE('',#5753,#5784,#5786,.T.);
#5784 = VERTEX_POINT('',#5785);
#5785 = CARTESIAN_POINT('',(3.375,-0.7,1.595));
#5786 = LINE('',#5787,#5788);
#5787 = CARTESIAN_POINT('',(3.375,-0.7,1.595));
#5788 = VECTOR('',#5789,1.);
#5789 = DIRECTION('',(0.,1.,0.));
#5790 = ORIENTED_EDGE('',*,*,#5769,.F.);
#5791 = ORIENTED_EDGE('',*,*,#5792,.T.);
#5792 = EDGE_CURVE('',#5762,#5793,#5795,.T.);
#5793 = VERTEX_POINT('',#5794);
#5794 = CARTESIAN_POINT('',(3.775,-0.7,1.595));
#5795 = LINE('',#5796,#5797);
#5796 = CARTESIAN_POINT('',(3.775,-0.7,1.595));
#5797 = VECTOR('',#5798,1.);
#5798 = DIRECTION('',(0.,1.,0.));
#5799 = ORIENTED_EDGE('',*,*,#5800,.T.);
#5800 = EDGE_CURVE('',#5793,#5784,#5801,.T.);
#5801 = LINE('',#5802,#5803);
#5802 = CARTESIAN_POINT('',(3.775,-0.7,1.595));
#5803 = VECTOR('',#5804,1.);
#5804 = DIRECTION('',(-1.,0.,0.));
#5805 = PLANE('',#5806);
#5806 = AXIS2_PLACEMENT_3D('',#5807,#5808,#5809);
#5807 = CARTESIAN_POINT('',(3.775,-0.7,1.595));
#5808 = DIRECTION('',(0.,0.,-1.));
#5809 = DIRECTION('',(1.,0.,0.));
#5810 = ADVANCED_FACE('',(#5811),#5836,.F.);
#5811 = FACE_BOUND('',#5812,.T.);
#5812 = EDGE_LOOP('',(#5813,#5821,#5822,#5830));
#5813 = ORIENTED_EDGE('',*,*,#5814,.F.);
#5814 = EDGE_CURVE('',#5784,#5815,#5817,.T.);
#5815 = VERTEX_POINT('',#5816);
#5816 = CARTESIAN_POINT('',(3.375,-0.7,1.695));
#5817 = LINE('',#5818,#5819);
#5818 = CARTESIAN_POINT('',(3.375,-0.7,1.595));
#5819 = VECTOR('',#5820,1.);
#5820 = DIRECTION('',(0.,0.,1.));
#5821 = ORIENTED_EDGE('',*,*,#5800,.F.);
#5822 = ORIENTED_EDGE('',*,*,#5823,.T.);
#5823 = EDGE_CURVE('',#5793,#5824,#5826,.T.);
#5824 = VERTEX_POINT('',#5825);
#5825 = CARTESIAN_POINT('',(3.775,-0.7,1.695));
#5826 = LINE('',#5827,#5828);
#5827 = CARTESIAN_POINT('',(3.775,-0.7,1.595));
#5828 = VECTOR('',#5829,1.);
#5829 = DIRECTION('',(0.,0.,1.));
#5830 = ORIENTED_EDGE('',*,*,#5831,.T.);
#5831 = EDGE_CURVE('',#5824,#5815,#5832,.T.);
#5832 = LINE('',#5833,#5834);
#5833 = CARTESIAN_POINT('',(3.775,-0.7,1.695));
#5834 = VECTOR('',#5835,1.);
#5835 = DIRECTION('',(-1.,0.,0.));
#5836 = PLANE('',#5837);
#5837 = AXIS2_PLACEMENT_3D('',#5838,#5839,#5840);
#5838 = CARTESIAN_POINT('',(3.775,-0.7,1.595));
#5839 = DIRECTION('',(0.,1.,0.));
#5840 = DIRECTION('',(0.,-0.,1.));
#5841 = ADVANCED_FACE('',(#5842),#5867,.F.);
#5842 = FACE_BOUND('',#5843,.T.);
#5843 = EDGE_LOOP('',(#5844,#5852,#5853,#5861));
#5844 = ORIENTED_EDGE('',*,*,#5845,.F.);
#5845 = EDGE_CURVE('',#5815,#5846,#5848,.T.);
#5846 = VERTEX_POINT('',#5847);
#5847 = CARTESIAN_POINT('',(3.375,2.23345647532E-14,1.695));
#5848 = LINE('',#5849,#5850);
#5849 = CARTESIAN_POINT('',(3.375,2.23345647532E-14,1.695));
#5850 = VECTOR('',#5851,1.);
#5851 = DIRECTION('',(0.,1.,3.097720492816E-16));
#5852 = ORIENTED_EDGE('',*,*,#5831,.F.);
#5853 = ORIENTED_EDGE('',*,*,#5854,.T.);
#5854 = EDGE_CURVE('',#5824,#5855,#5857,.T.);
#5855 = VERTEX_POINT('',#5856);
#5856 = CARTESIAN_POINT('',(3.775,2.23345647532E-14,1.695));
#5857 = LINE('',#5858,#5859);
#5858 = CARTESIAN_POINT('',(3.775,2.23345647532E-14,1.695));
#5859 = VECTOR('',#5860,1.);
#5860 = DIRECTION('',(0.,1.,3.097720492816E-16));
#5861 = ORIENTED_EDGE('',*,*,#5862,.T.);
#5862 = EDGE_CURVE('',#5855,#5846,#5863,.T.);
#5863 = LINE('',#5864,#5865);
#5864 = CARTESIAN_POINT('',(3.775,2.23345647532E-14,1.695));
#5865 = VECTOR('',#5866,1.);
#5866 = DIRECTION('',(-1.,0.,0.));
#5867 = PLANE('',#5868);
#5868 = AXIS2_PLACEMENT_3D('',#5869,#5870,#5871);
#5869 = CARTESIAN_POINT('',(3.775,2.23345647532E-14,1.695));
#5870 = DIRECTION('',(0.,3.097720492816E-16,-1.));
#5871 = DIRECTION('',(0.,1.,3.097720492816E-16));
#5872 = ADVANCED_FACE('',(#5873),#5889,.F.);
#5873 = FACE_BOUND('',#5874,.T.);
#5874 = EDGE_LOOP('',(#5875,#5881,#5882,#5888));
#5875 = ORIENTED_EDGE('',*,*,#5876,.F.);
#5876 = EDGE_CURVE('',#5846,#5527,#5877,.T.);
#5877 = LINE('',#5878,#5879);
#5878 = CARTESIAN_POINT('',(3.375,2.23345647532E-14,1.595));
#5879 = VECTOR('',#5880,1.);
#5880 = DIRECTION('',(0.,-0.,-1.));
#5881 = ORIENTED_EDGE('',*,*,#5862,.F.);
#5882 = ORIENTED_EDGE('',*,*,#5883,.T.);
#5883 = EDGE_CURVE('',#5855,#5537,#5884,.T.);
#5884 = LINE('',#5885,#5886);
#5885 = CARTESIAN_POINT('',(3.775,2.23345647532E-14,1.595));
#5886 = VECTOR('',#5887,1.);
#5887 = DIRECTION('',(0.,-0.,-1.));
#5888 = ORIENTED_EDGE('',*,*,#5536,.T.);
#5889 = PLANE('',#5890);
#5890 = AXIS2_PLACEMENT_3D('',#5891,#5892,#5893);
#5891 = CARTESIAN_POINT('',(3.775,2.23345647532E-14,1.595));
#5892 = DIRECTION('',(0.,-1.,-0.));
#5893 = DIRECTION('',(-0.,0.,-1.));
#5894 = ADVANCED_FACE('',(#5895),#5909,.T.);
#5895 = FACE_BOUND('',#5896,.T.);
#5896 = EDGE_LOOP('',(#5897,#5898,#5899,#5900,#5901,#5902,#5903,#5904,
    #5905,#5906,#5907,#5908));
#5897 = ORIENTED_EDGE('',*,*,#5544,.F.);
#5898 = ORIENTED_EDGE('',*,*,#5883,.F.);
#5899 = ORIENTED_EDGE('',*,*,#5854,.F.);
#5900 = ORIENTED_EDGE('',*,*,#5823,.F.);
#5901 = ORIENTED_EDGE('',*,*,#5792,.F.);
#5902 = ORIENTED_EDGE('',*,*,#5761,.F.);
#5903 = ORIENTED_EDGE('',*,*,#5730,.F.);
#5904 = ORIENTED_EDGE('',*,*,#5699,.F.);
#5905 = ORIENTED_EDGE('',*,*,#5668,.F.);
#5906 = ORIENTED_EDGE('',*,*,#5637,.F.);
#5907 = ORIENTED_EDGE('',*,*,#5606,.F.);
#5908 = ORIENTED_EDGE('',*,*,#5575,.F.);
#5909 = PLANE('',#5910);
#5910 = AXIS2_PLACEMENT_3D('',#5911,#5912,#5913);
#5911 = CARTESIAN_POINT('',(3.775,0.,0.));
#5912 = DIRECTION('',(1.,0.,-0.));
#5913 = DIRECTION('',(0.,0.,1.));
#5914 = ADVANCED_FACE('',(#5915),#5929,.F.);
#5915 = FACE_BOUND('',#5916,.T.);
#5916 = EDGE_LOOP('',(#5917,#5918,#5919,#5920,#5921,#5922,#5923,#5924,
    #5925,#5926,#5927,#5928));
#5917 = ORIENTED_EDGE('',*,*,#5526,.T.);
#5918 = ORIENTED_EDGE('',*,*,#5566,.T.);
#5919 = ORIENTED_EDGE('',*,*,#5597,.T.);
#5920 = ORIENTED_EDGE('',*,*,#5628,.T.);
#5921 = ORIENTED_EDGE('',*,*,#5659,.T.);
#5922 = ORIENTED_EDGE('',*,*,#5690,.T.);
#5923 = ORIENTED_EDGE('',*,*,#5721,.T.);
#5924 = ORIENTED_EDGE('',*,*,#5752,.T.);
#5925 = ORIENTED_EDGE('',*,*,#5783,.T.);
#5926 = ORIENTED_EDGE('',*,*,#5814,.T.);
#5927 = ORIENTED_EDGE('',*,*,#5845,.T.);
#5928 = ORIENTED_EDGE('',*,*,#5876,.T.);
#5929 = PLANE('',#5930);
#5930 = AXIS2_PLACEMENT_3D('',#5931,#5932,#5933);
#5931 = CARTESIAN_POINT('',(3.375,0.,0.));
#5932 = DIRECTION('',(1.,0.,-0.));
#5933 = DIRECTION('',(0.,0.,1.));
#5934 = MANIFOLD_SOLID_BREP('',#5935);
#5935 = CLOSED_SHELL('',(#5936,#5976,#6007,#6038,#6069,#6100,#6131,#6162
    ,#6193,#6224,#6255,#6286,#6308,#6328));
#5936 = ADVANCED_FACE('',(#5937),#5971,.F.);
#5937 = FACE_BOUND('',#5938,.T.);
#5938 = EDGE_LOOP('',(#5939,#5949,#5957,#5965));
#5939 = ORIENTED_EDGE('',*,*,#5940,.F.);
#5940 = EDGE_CURVE('',#5941,#5943,#5945,.T.);
#5941 = VERTEX_POINT('',#5942);
#5942 = CARTESIAN_POINT('',(3.375,-0.7,-1.695));
#5943 = VERTEX_POINT('',#5944);
#5944 = CARTESIAN_POINT('',(3.375,-0.7,-1.595));
#5945 = LINE('',#5946,#5947);
#5946 = CARTESIAN_POINT('',(3.375,-0.7,-1.595));
#5947 = VECTOR('',#5948,1.);
#5948 = DIRECTION('',(0.,0.,1.));
#5949 = ORIENTED_EDGE('',*,*,#5950,.F.);
#5950 = EDGE_CURVE('',#5951,#5941,#5953,.T.);
#5951 = VERTEX_POINT('',#5952);
#5952 = CARTESIAN_POINT('',(3.775,-0.7,-1.695));
#5953 = LINE('',#5954,#5955);
#5954 = CARTESIAN_POINT('',(3.775,-0.7,-1.695));
#5955 = VECTOR('',#5956,1.);
#5956 = DIRECTION('',(-1.,0.,0.));
#5957 = ORIENTED_EDGE('',*,*,#5958,.T.);
#5958 = EDGE_CURVE('',#5951,#5959,#5961,.T.);
#5959 = VERTEX_POINT('',#5960);
#5960 = CARTESIAN_POINT('',(3.775,-0.7,-1.595));
#5961 = LINE('',#5962,#5963);
#5962 = CARTESIAN_POINT('',(3.775,-0.7,-1.595));
#5963 = VECTOR('',#5964,1.);
#5964 = DIRECTION('',(0.,0.,1.));
#5965 = ORIENTED_EDGE('',*,*,#5966,.T.);
#5966 = EDGE_CURVE('',#5959,#5943,#5967,.T.);
#5967 = LINE('',#5968,#5969);
#5968 = CARTESIAN_POINT('',(3.775,-0.7,-1.595));
#5969 = VECTOR('',#5970,1.);
#5970 = DIRECTION('',(-1.,0.,0.));
#5971 = PLANE('',#5972);
#5972 = AXIS2_PLACEMENT_3D('',#5973,#5974,#5975);
#5973 = CARTESIAN_POINT('',(3.775,-0.7,-1.595));
#5974 = DIRECTION('',(0.,1.,0.));
#5975 = DIRECTION('',(0.,-0.,1.));
#5976 = ADVANCED_FACE('',(#5977),#6002,.F.);
#5977 = FACE_BOUND('',#5978,.T.);
#5978 = EDGE_LOOP('',(#5979,#5987,#5988,#5996));
#5979 = ORIENTED_EDGE('',*,*,#5980,.F.);
#5980 = EDGE_CURVE('',#5943,#5981,#5983,.T.);
#5981 = VERTEX_POINT('',#5982);
#5982 = CARTESIAN_POINT('',(3.375,-3.8,-1.595));
#5983 = LINE('',#5984,#5985);
#5984 = CARTESIAN_POINT('',(3.375,-0.7,-1.595));
#5985 = VECTOR('',#5986,1.);
#5986 = DIRECTION('',(0.,-1.,0.));
#5987 = ORIENTED_EDGE('',*,*,#5966,.F.);
#5988 = ORIENTED_EDGE('',*,*,#5989,.T.);
#5989 = EDGE_CURVE('',#5959,#5990,#5992,.T.);
#5990 = VERTEX_POINT('',#5991);
#5991 = CARTESIAN_POINT('',(3.775,-3.8,-1.595));
#5992 = LINE('',#5993,#5994);
#5993 = CARTESIAN_POINT('',(3.775,-0.7,-1.595));
#5994 = VECTOR('',#5995,1.);
#5995 = DIRECTION('',(0.,-1.,0.));
#5996 = ORIENTED_EDGE('',*,*,#5997,.T.);
#5997 = EDGE_CURVE('',#5990,#5981,#5998,.T.);
#5998 = LINE('',#5999,#6000);
#5999 = CARTESIAN_POINT('',(3.775,-3.8,-1.595));
#6000 = VECTOR('',#6001,1.);
#6001 = DIRECTION('',(-1.,0.,0.));
#6002 = PLANE('',#6003);
#6003 = AXIS2_PLACEMENT_3D('',#6004,#6005,#6006);
#6004 = CARTESIAN_POINT('',(3.775,-0.7,-1.595));
#6005 = DIRECTION('',(0.,0.,1.));
#6006 = DIRECTION('',(-1.,0.,0.));
#6007 = ADVANCED_FACE('',(#6008),#6033,.F.);
#6008 = FACE_BOUND('',#6009,.T.);
#6009 = EDGE_LOOP('',(#6010,#6018,#6019,#6027));
#6010 = ORIENTED_EDGE('',*,*,#6011,.F.);
#6011 = EDGE_CURVE('',#5981,#6012,#6014,.T.);
#6012 = VERTEX_POINT('',#6013);
#6013 = CARTESIAN_POINT('',(3.375,-3.8,-0.945));
#6014 = LINE('',#6015,#6016);
#6015 = CARTESIAN_POINT('',(3.375,-3.8,-1.595));
#6016 = VECTOR('',#6017,1.);
#6017 = DIRECTION('',(0.,0.,1.));
#6018 = ORIENTED_EDGE('',*,*,#5997,.F.);
#6019 = ORIENTED_EDGE('',*,*,#6020,.T.);
#6020 = EDGE_CURVE('',#5990,#6021,#6023,.T.);
#6021 = VERTEX_POINT('',#6022);
#6022 = CARTESIAN_POINT('',(3.775,-3.8,-0.945));
#6023 = LINE('',#6024,#6025);
#6024 = CARTESIAN_POINT('',(3.775,-3.8,-1.595));
#6025 = VECTOR('',#6026,1.);
#6026 = DIRECTION('',(0.,0.,1.));
#6027 = ORIENTED_EDGE('',*,*,#6028,.T.);
#6028 = EDGE_CURVE('',#6021,#6012,#6029,.T.);
#6029 = LINE('',#6030,#6031);
#6030 = CARTESIAN_POINT('',(3.775,-3.8,-0.945));
#6031 = VECTOR('',#6032,1.);
#6032 = DIRECTION('',(-1.,0.,0.));
#6033 = PLANE('',#6034);
#6034 = AXIS2_PLACEMENT_3D('',#6035,#6036,#6037);
#6035 = CARTESIAN_POINT('',(3.775,-3.8,-1.595));
#6036 = DIRECTION('',(0.,1.,0.));
#6037 = DIRECTION('',(0.,-0.,1.));
#6038 = ADVANCED_FACE('',(#6039),#6064,.F.);
#6039 = FACE_BOUND('',#6040,.T.);
#6040 = EDGE_LOOP('',(#6041,#6049,#6050,#6058));
#6041 = ORIENTED_EDGE('',*,*,#6042,.F.);
#6042 = EDGE_CURVE('',#6012,#6043,#6045,.T.);
#6043 = VERTEX_POINT('',#6044);
#6044 = CARTESIAN_POINT('',(3.375,-0.7,-0.945));
#6045 = LINE('',#6046,#6047);
#6046 = CARTESIAN_POINT('',(3.375,-0.7,-0.945));
#6047 = VECTOR('',#6048,1.);
#6048 = DIRECTION('',(0.,1.,2.797941090285E-16));
#6049 = ORIENTED_EDGE('',*,*,#6028,.F.);
#6050 = ORIENTED_EDGE('',*,*,#6051,.T.);
#6051 = EDGE_CURVE('',#6021,#6052,#6054,.T.);
#6052 = VERTEX_POINT('',#6053);
#6053 = CARTESIAN_POINT('',(3.775,-0.7,-0.945));
#6054 = LINE('',#6055,#6056);
#6055 = CARTESIAN_POINT('',(3.775,-0.7,-0.945));
#6056 = VECTOR('',#6057,1.);
#6057 = DIRECTION('',(0.,1.,2.797941090285E-16));
#6058 = ORIENTED_EDGE('',*,*,#6059,.T.);
#6059 = EDGE_CURVE('',#6052,#6043,#6060,.T.);
#6060 = LINE('',#6061,#6062);
#6061 = CARTESIAN_POINT('',(3.775,-0.7,-0.945));
#6062 = VECTOR('',#6063,1.);
#6063 = DIRECTION('',(-1.,0.,0.));
#6064 = PLANE('',#6065);
#6065 = AXIS2_PLACEMENT_3D('',#6066,#6067,#6068);
#6066 = CARTESIAN_POINT('',(3.775,-0.7,-0.945));
#6067 = DIRECTION('',(0.,2.797941090285E-16,-1.));
#6068 = DIRECTION('',(0.,1.,2.797941090285E-16));
#6069 = ADVANCED_FACE('',(#6070),#6095,.F.);
#6070 = FACE_BOUND('',#6071,.T.);
#6071 = EDGE_LOOP('',(#6072,#6080,#6081,#6089));
#6072 = ORIENTED_EDGE('',*,*,#6073,.F.);
#6073 = EDGE_CURVE('',#6043,#6074,#6076,.T.);
#6074 = VERTEX_POINT('',#6075);
#6075 = CARTESIAN_POINT('',(3.375,-0.7,-0.845));
#6076 = LINE('',#6077,#6078);
#6077 = CARTESIAN_POINT('',(3.375,-0.7,-0.945));
#6078 = VECTOR('',#6079,1.);
#6079 = DIRECTION('',(0.,-4.336808689942E-15,1.));
#6080 = ORIENTED_EDGE('',*,*,#6059,.F.);
#6081 = ORIENTED_EDGE('',*,*,#6082,.T.);
#6082 = EDGE_CURVE('',#6052,#6083,#6085,.T.);
#6083 = VERTEX_POINT('',#6084);
#6084 = CARTESIAN_POINT('',(3.775,-0.7,-0.845));
#6085 = LINE('',#6086,#6087);
#6086 = CARTESIAN_POINT('',(3.775,-0.7,-0.945));
#6087 = VECTOR('',#6088,1.);
#6088 = DIRECTION('',(0.,-4.336808689942E-15,1.));
#6089 = ORIENTED_EDGE('',*,*,#6090,.T.);
#6090 = EDGE_CURVE('',#6083,#6074,#6091,.T.);
#6091 = LINE('',#6092,#6093);
#6092 = CARTESIAN_POINT('',(3.775,-0.7,-0.845));
#6093 = VECTOR('',#6094,1.);
#6094 = DIRECTION('',(-1.,0.,0.));
#6095 = PLANE('',#6096);
#6096 = AXIS2_PLACEMENT_3D('',#6097,#6098,#6099);
#6097 = CARTESIAN_POINT('',(3.775,-0.7,-0.945));
#6098 = DIRECTION('',(0.,1.,4.336808689942E-15));
#6099 = DIRECTION('',(0.,-4.336808689942E-15,1.));
#6100 = ADVANCED_FACE('',(#6101),#6126,.F.);
#6101 = FACE_BOUND('',#6102,.T.);
#6102 = EDGE_LOOP('',(#6103,#6111,#6112,#6120));
#6103 = ORIENTED_EDGE('',*,*,#6104,.F.);
#6104 = EDGE_CURVE('',#6074,#6105,#6107,.T.);
#6105 = VERTEX_POINT('',#6106);
#6106 = CARTESIAN_POINT('',(3.375,2.190088388421E-14,-0.845));
#6107 = LINE('',#6108,#6109);
#6108 = CARTESIAN_POINT('',(3.375,2.190088388421E-14,-0.845));
#6109 = VECTOR('',#6110,1.);
#6110 = DIRECTION('',(0.,1.,6.195440985631E-16));
#6111 = ORIENTED_EDGE('',*,*,#6090,.F.);
#6112 = ORIENTED_EDGE('',*,*,#6113,.T.);
#6113 = EDGE_CURVE('',#6083,#6114,#6116,.T.);
#6114 = VERTEX_POINT('',#6115);
#6115 = CARTESIAN_POINT('',(3.775,2.190088388421E-14,-0.845));
#6116 = LINE('',#6117,#6118);
#6117 = CARTESIAN_POINT('',(3.775,2.190088388421E-14,-0.845));
#6118 = VECTOR('',#6119,1.);
#6119 = DIRECTION('',(0.,1.,6.195440985631E-16));
#6120 = ORIENTED_EDGE('',*,*,#6121,.T.);
#6121 = EDGE_CURVE('',#6114,#6105,#6122,.T.);
#6122 = LINE('',#6123,#6124);
#6123 = CARTESIAN_POINT('',(3.775,2.190088388421E-14,-0.845));
#6124 = VECTOR('',#6125,1.);
#6125 = DIRECTION('',(-1.,0.,0.));
#6126 = PLANE('',#6127);
#6127 = AXIS2_PLACEMENT_3D('',#6128,#6129,#6130);
#6128 = CARTESIAN_POINT('',(3.775,2.190088388421E-14,-0.845));
#6129 = DIRECTION('',(0.,6.195440985631E-16,-1.));
#6130 = DIRECTION('',(0.,1.,6.195440985631E-16));
#6131 = ADVANCED_FACE('',(#6132),#6157,.F.);
#6132 = FACE_BOUND('',#6133,.T.);
#6133 = EDGE_LOOP('',(#6134,#6142,#6143,#6151));
#6134 = ORIENTED_EDGE('',*,*,#6135,.F.);
#6135 = EDGE_CURVE('',#6105,#6136,#6138,.T.);
#6136 = VERTEX_POINT('',#6137);
#6137 = CARTESIAN_POINT('',(3.375,2.168404344971E-14,-0.945));
#6138 = LINE('',#6139,#6140);
#6139 = CARTESIAN_POINT('',(3.375,2.168404344971E-14,-0.945));
#6140 = VECTOR('',#6141,1.);
#6141 = DIRECTION('',(0.,-2.168404344971E-15,-1.));
#6142 = ORIENTED_EDGE('',*,*,#6121,.F.);
#6143 = ORIENTED_EDGE('',*,*,#6144,.T.);
#6144 = EDGE_CURVE('',#6114,#6145,#6147,.T.);
#6145 = VERTEX_POINT('',#6146);
#6146 = CARTESIAN_POINT('',(3.775,2.168404344971E-14,-0.945));
#6147 = LINE('',#6148,#6149);
#6148 = CARTESIAN_POINT('',(3.775,2.168404344971E-14,-0.945));
#6149 = VECTOR('',#6150,1.);
#6150 = DIRECTION('',(0.,-2.168404344971E-15,-1.));
#6151 = ORIENTED_EDGE('',*,*,#6152,.T.);
#6152 = EDGE_CURVE('',#6145,#6136,#6153,.T.);
#6153 = LINE('',#6154,#6155);
#6154 = CARTESIAN_POINT('',(3.775,2.168404344971E-14,-0.945));
#6155 = VECTOR('',#6156,1.);
#6156 = DIRECTION('',(-1.,0.,0.));
#6157 = PLANE('',#6158);
#6158 = AXIS2_PLACEMENT_3D('',#6159,#6160,#6161);
#6159 = CARTESIAN_POINT('',(3.775,2.168404344971E-14,-0.945));
#6160 = DIRECTION('',(0.,-1.,2.168404344971E-15));
#6161 = DIRECTION('',(-0.,-2.168404344971E-15,-1.));
#6162 = ADVANCED_FACE('',(#6163),#6188,.F.);
#6163 = FACE_BOUND('',#6164,.T.);
#6164 = EDGE_LOOP('',(#6165,#6173,#6174,#6182));
#6165 = ORIENTED_EDGE('',*,*,#6166,.F.);
#6166 = EDGE_CURVE('',#6136,#6167,#6169,.T.);
#6167 = VERTEX_POINT('',#6168);
#6168 = CARTESIAN_POINT('',(3.375,0.5,-0.945));
#6169 = LINE('',#6170,#6171);
#6170 = CARTESIAN_POINT('',(3.375,0.5,-0.945));
#6171 = VECTOR('',#6172,1.);
#6172 = DIRECTION('',(0.,1.,0.));
#6173 = ORIENTED_EDGE('',*,*,#6152,.F.);
#6174 = ORIENTED_EDGE('',*,*,#6175,.T.);
#6175 = EDGE_CURVE('',#6145,#6176,#6178,.T.);
#6176 = VERTEX_POINT('',#6177);
#6177 = CARTESIAN_POINT('',(3.775,0.5,-0.945));
#6178 = LINE('',#6179,#6180);
#6179 = CARTESIAN_POINT('',(3.775,0.5,-0.945));
#6180 = VECTOR('',#6181,1.);
#6181 = DIRECTION('',(0.,1.,0.));
#6182 = ORIENTED_EDGE('',*,*,#6183,.T.);
#6183 = EDGE_CURVE('',#6176,#6167,#6184,.T.);
#6184 = LINE('',#6185,#6186);
#6185 = CARTESIAN_POINT('',(3.775,0.5,-0.945));
#6186 = VECTOR('',#6187,1.);
#6187 = DIRECTION('',(-1.,0.,0.));
#6188 = PLANE('',#6189);
#6189 = AXIS2_PLACEMENT_3D('',#6190,#6191,#6192);
#6190 = CARTESIAN_POINT('',(3.775,0.5,-0.945));
#6191 = DIRECTION('',(0.,0.,-1.));
#6192 = DIRECTION('',(1.,0.,0.));
#6193 = ADVANCED_FACE('',(#6194),#6219,.F.);
#6194 = FACE_BOUND('',#6195,.T.);
#6195 = EDGE_LOOP('',(#6196,#6204,#6205,#6213));
#6196 = ORIENTED_EDGE('',*,*,#6197,.F.);
#6197 = EDGE_CURVE('',#6167,#6198,#6200,.T.);
#6198 = VERTEX_POINT('',#6199);
#6199 = CARTESIAN_POINT('',(3.375,0.5,-1.595));
#6200 = LINE('',#6201,#6202);
#6201 = CARTESIAN_POINT('',(3.375,0.5,-1.595));
#6202 = VECTOR('',#6203,1.);
#6203 = DIRECTION('',(0.,-0.,-1.));
#6204 = ORIENTED_EDGE('',*,*,#6183,.F.);
#6205 = ORIENTED_EDGE('',*,*,#6206,.T.);
#6206 = EDGE_CURVE('',#6176,#6207,#6209,.T.);
#6207 = VERTEX_POINT('',#6208);
#6208 = CARTESIAN_POINT('',(3.775,0.5,-1.595));
#6209 = LINE('',#6210,#6211);
#6210 = CARTESIAN_POINT('',(3.775,0.5,-1.595));
#6211 = VECTOR('',#6212,1.);
#6212 = DIRECTION('',(0.,-0.,-1.));
#6213 = ORIENTED_EDGE('',*,*,#6214,.T.);
#6214 = EDGE_CURVE('',#6207,#6198,#6215,.T.);
#6215 = LINE('',#6216,#6217);
#6216 = CARTESIAN_POINT('',(3.775,0.5,-1.595));
#6217 = VECTOR('',#6218,1.);
#6218 = DIRECTION('',(-1.,0.,0.));
#6219 = PLANE('',#6220);
#6220 = AXIS2_PLACEMENT_3D('',#6221,#6222,#6223);
#6221 = CARTESIAN_POINT('',(3.775,0.5,-1.595));
#6222 = DIRECTION('',(0.,-1.,-0.));
#6223 = DIRECTION('',(-0.,0.,-1.));
#6224 = ADVANCED_FACE('',(#6225),#6250,.F.);
#6225 = FACE_BOUND('',#6226,.T.);
#6226 = EDGE_LOOP('',(#6227,#6235,#6236,#6244));
#6227 = ORIENTED_EDGE('',*,*,#6228,.F.);
#6228 = EDGE_CURVE('',#6198,#6229,#6231,.T.);
#6229 = VERTEX_POINT('',#6230);
#6230 = CARTESIAN_POINT('',(3.375,2.168404344971E-14,-1.595));
#6231 = LINE('',#6232,#6233);
#6232 = CARTESIAN_POINT('',(3.375,0.5,-1.595));
#6233 = VECTOR('',#6234,1.);
#6234 = DIRECTION('',(-0.,-1.,-1.734723475977E-15));
#6235 = ORIENTED_EDGE('',*,*,#6214,.F.);
#6236 = ORIENTED_EDGE('',*,*,#6237,.T.);
#6237 = EDGE_CURVE('',#6207,#6238,#6240,.T.);
#6238 = VERTEX_POINT('',#6239);
#6239 = CARTESIAN_POINT('',(3.775,2.168404344971E-14,-1.595));
#6240 = LINE('',#6241,#6242);
#6241 = CARTESIAN_POINT('',(3.775,0.5,-1.595));
#6242 = VECTOR('',#6243,1.);
#6243 = DIRECTION('',(-0.,-1.,-1.734723475977E-15));
#6244 = ORIENTED_EDGE('',*,*,#6245,.T.);
#6245 = EDGE_CURVE('',#6238,#6229,#6246,.T.);
#6246 = LINE('',#6247,#6248);
#6247 = CARTESIAN_POINT('',(3.775,2.168404344971E-14,-1.595));
#6248 = VECTOR('',#6249,1.);
#6249 = DIRECTION('',(-1.,0.,0.));
#6250 = PLANE('',#6251);
#6251 = AXIS2_PLACEMENT_3D('',#6252,#6253,#6254);
#6252 = CARTESIAN_POINT('',(3.775,0.5,-1.595));
#6253 = DIRECTION('',(0.,-1.734723475977E-15,1.));
#6254 = DIRECTION('',(-0.,-1.,-1.734723475977E-15));
#6255 = ADVANCED_FACE('',(#6256),#6281,.F.);
#6256 = FACE_BOUND('',#6257,.T.);
#6257 = EDGE_LOOP('',(#6258,#6266,#6267,#6275));
#6258 = ORIENTED_EDGE('',*,*,#6259,.F.);
#6259 = EDGE_CURVE('',#6229,#6260,#6262,.T.);
#6260 = VERTEX_POINT('',#6261);
#6261 = CARTESIAN_POINT('',(3.375,2.168404344971E-14,-1.695));
#6262 = LINE('',#6263,#6264);
#6263 = CARTESIAN_POINT('',(3.375,2.168404344971E-14,-1.595));
#6264 = VECTOR('',#6265,1.);
#6265 = DIRECTION('',(0.,0.,-1.));
#6266 = ORIENTED_EDGE('',*,*,#6245,.F.);
#6267 = ORIENTED_EDGE('',*,*,#6268,.T.);
#6268 = EDGE_CURVE('',#6238,#6269,#6271,.T.);
#6269 = VERTEX_POINT('',#6270);
#6270 = CARTESIAN_POINT('',(3.775,2.168404344971E-14,-1.695));
#6271 = LINE('',#6272,#6273);
#6272 = CARTESIAN_POINT('',(3.775,2.168404344971E-14,-1.595));
#6273 = VECTOR('',#6274,1.);
#6274 = DIRECTION('',(0.,0.,-1.));
#6275 = ORIENTED_EDGE('',*,*,#6276,.T.);
#6276 = EDGE_CURVE('',#6269,#6260,#6277,.T.);
#6277 = LINE('',#6278,#6279);
#6278 = CARTESIAN_POINT('',(3.775,2.168404344971E-14,-1.695));
#6279 = VECTOR('',#6280,1.);
#6280 = DIRECTION('',(-1.,0.,0.));
#6281 = PLANE('',#6282);
#6282 = AXIS2_PLACEMENT_3D('',#6283,#6284,#6285);
#6283 = CARTESIAN_POINT('',(3.775,2.168404344971E-14,-1.595));
#6284 = DIRECTION('',(0.,-1.,0.));
#6285 = DIRECTION('',(0.,0.,-1.));
#6286 = ADVANCED_FACE('',(#6287),#6303,.F.);
#6287 = FACE_BOUND('',#6288,.T.);
#6288 = EDGE_LOOP('',(#6289,#6295,#6296,#6302));
#6289 = ORIENTED_EDGE('',*,*,#6290,.F.);
#6290 = EDGE_CURVE('',#6260,#5941,#6291,.T.);
#6291 = LINE('',#6292,#6293);
#6292 = CARTESIAN_POINT('',(3.375,2.168404344971E-14,-1.695));
#6293 = VECTOR('',#6294,1.);
#6294 = DIRECTION('',(0.,-1.,1.239088197126E-15));
#6295 = ORIENTED_EDGE('',*,*,#6276,.F.);
#6296 = ORIENTED_EDGE('',*,*,#6297,.T.);
#6297 = EDGE_CURVE('',#6269,#5951,#6298,.T.);
#6298 = LINE('',#6299,#6300);
#6299 = CARTESIAN_POINT('',(3.775,2.168404344971E-14,-1.695));
#6300 = VECTOR('',#6301,1.);
#6301 = DIRECTION('',(0.,-1.,1.239088197126E-15));
#6302 = ORIENTED_EDGE('',*,*,#5950,.T.);
#6303 = PLANE('',#6304);
#6304 = AXIS2_PLACEMENT_3D('',#6305,#6306,#6307);
#6305 = CARTESIAN_POINT('',(3.775,2.168404344971E-14,-1.695));
#6306 = DIRECTION('',(0.,1.239088197126E-15,1.));
#6307 = DIRECTION('',(0.,-1.,1.239088197126E-15));
#6308 = ADVANCED_FACE('',(#6309),#6323,.T.);
#6309 = FACE_BOUND('',#6310,.T.);
#6310 = EDGE_LOOP('',(#6311,#6312,#6313,#6314,#6315,#6316,#6317,#6318,
    #6319,#6320,#6321,#6322));
#6311 = ORIENTED_EDGE('',*,*,#5958,.F.);
#6312 = ORIENTED_EDGE('',*,*,#6297,.F.);
#6313 = ORIENTED_EDGE('',*,*,#6268,.F.);
#6314 = ORIENTED_EDGE('',*,*,#6237,.F.);
#6315 = ORIENTED_EDGE('',*,*,#6206,.F.);
#6316 = ORIENTED_EDGE('',*,*,#6175,.F.);
#6317 = ORIENTED_EDGE('',*,*,#6144,.F.);
#6318 = ORIENTED_EDGE('',*,*,#6113,.F.);
#6319 = ORIENTED_EDGE('',*,*,#6082,.F.);
#6320 = ORIENTED_EDGE('',*,*,#6051,.F.);
#6321 = ORIENTED_EDGE('',*,*,#6020,.F.);
#6322 = ORIENTED_EDGE('',*,*,#5989,.F.);
#6323 = PLANE('',#6324);
#6324 = AXIS2_PLACEMENT_3D('',#6325,#6326,#6327);
#6325 = CARTESIAN_POINT('',(3.775,0.,0.));
#6326 = DIRECTION('',(1.,0.,-0.));
#6327 = DIRECTION('',(0.,0.,1.));
#6328 = ADVANCED_FACE('',(#6329),#6343,.F.);
#6329 = FACE_BOUND('',#6330,.T.);
#6330 = EDGE_LOOP('',(#6331,#6332,#6333,#6334,#6335,#6336,#6337,#6338,
    #6339,#6340,#6341,#6342));
#6331 = ORIENTED_EDGE('',*,*,#5940,.T.);
#6332 = ORIENTED_EDGE('',*,*,#5980,.T.);
#6333 = ORIENTED_EDGE('',*,*,#6011,.T.);
#6334 = ORIENTED_EDGE('',*,*,#6042,.T.);
#6335 = ORIENTED_EDGE('',*,*,#6073,.T.);
#6336 = ORIENTED_EDGE('',*,*,#6104,.T.);
#6337 = ORIENTED_EDGE('',*,*,#6135,.T.);
#6338 = ORIENTED_EDGE('',*,*,#6166,.T.);
#6339 = ORIENTED_EDGE('',*,*,#6197,.T.);
#6340 = ORIENTED_EDGE('',*,*,#6228,.T.);
#6341 = ORIENTED_EDGE('',*,*,#6259,.T.);
#6342 = ORIENTED_EDGE('',*,*,#6290,.T.);
#6343 = PLANE('',#6344);
#6344 = AXIS2_PLACEMENT_3D('',#6345,#6346,#6347);
#6345 = CARTESIAN_POINT('',(3.375,0.,0.));
#6346 = DIRECTION('',(1.,0.,-0.));
#6347 = DIRECTION('',(0.,0.,1.));
#6348 = MANIFOLD_SOLID_BREP('',#6349);
#6349 = CLOSED_SHELL('',(#6350,#6392,#6441,#6690,#6940,#6980,#7002,#7042
    ,#7064,#7179,#7213,#7251,#7275,#7299,#7339,#7361,#7378,#7400,#7440,
    #7486,#7569,#7610,#7634,#7668,#7918,#7935,#7947,#7959,#7985,#8001,
    #8013,#8037,#8061,#8073,#8090,#8114,#8126,#8150,#8167,#8198,#8229,
    #8260,#8293,#8324,#8357,#8404,#8437,#8459,#8481,#8503,#8543,#8565,
    #8596,#8629,#8676,#8709,#8740,#8773,#8795,#8817,#8839,#8853,#8867,
    #8881,#8895,#8935,#8990,#9045,#9069,#9081,#9093,#9113,#9125,#9145,
    #9157,#9169,#9200,#9233,#9264,#9297,#9319,#9358,#9397,#9421,#9445,
    #9469,#9493,#9517,#9541,#9565,#9589,#9613,#9637,#9661,#9685,#9709,
    #9733,#9757,#9781,#9805,#9829,#9853,#9877,#9901,#9925,#9942,#9974,
    #10005,#10022,#10046,#10070,#10094,#10118,#10142,#10166,#10190,
    #10214,#10238,#10262,#10286,#10310,#10334,#10358,#10382,#10406,
    #10430,#10454,#10478,#10502,#10519,#10551,#10575,#10599,#10616));
#6350 = ADVANCED_FACE('',(#6351),#6387,.T.);
#6351 = FACE_BOUND('',#6352,.T.);
#6352 = EDGE_LOOP('',(#6353,#6364,#6372,#6381));
#6353 = ORIENTED_EDGE('',*,*,#6354,.F.);
#6354 = EDGE_CURVE('',#6355,#6357,#6359,.T.);
#6355 = VERTEX_POINT('',#6356);
#6356 = CARTESIAN_POINT('',(-3.825,-1.7,2.15));
#6357 = VERTEX_POINT('',#6358);
#6358 = CARTESIAN_POINT('',(-3.825,-1.7,2.75));
#6359 = CIRCLE('',#6360,0.3);
#6360 = AXIS2_PLACEMENT_3D('',#6361,#6362,#6363);
#6361 = CARTESIAN_POINT('',(-3.825,-1.7,2.45));
#6362 = DIRECTION('',(0.,-1.,0.));
#6363 = DIRECTION('',(0.,0.,-1.));
#6364 = ORIENTED_EDGE('',*,*,#6365,.T.);
#6365 = EDGE_CURVE('',#6355,#6366,#6368,.T.);
#6366 = VERTEX_POINT('',#6367);
#6367 = CARTESIAN_POINT('',(-3.825,-1.55,2.));
#6368 = LINE('',#6369,#6370);
#6369 = CARTESIAN_POINT('',(-3.825,-1.7,2.15));
#6370 = VECTOR('',#6371,1.);
#6371 = DIRECTION('',(8.659560562355E-17,0.707106781187,-0.707106781187)
  );
#6372 = ORIENTED_EDGE('',*,*,#6373,.F.);
#6373 = EDGE_CURVE('',#6374,#6366,#6376,.T.);
#6374 = VERTEX_POINT('',#6375);
#6375 = CARTESIAN_POINT('',(-3.825,-1.55,2.9));
#6376 = CIRCLE('',#6377,0.45);
#6377 = AXIS2_PLACEMENT_3D('',#6378,#6379,#6380);
#6378 = CARTESIAN_POINT('',(-3.825,-1.55,2.45));
#6379 = DIRECTION('',(0.,1.,0.));
#6380 = DIRECTION('',(0.,0.,-1.));
#6381 = ORIENTED_EDGE('',*,*,#6382,.F.);
#6382 = EDGE_CURVE('',#6357,#6374,#6383,.T.);
#6383 = LINE('',#6384,#6385);
#6384 = CARTESIAN_POINT('',(-3.825,-1.7,2.75));
#6385 = VECTOR('',#6386,1.);
#6386 = DIRECTION('',(0.,0.707106781187,0.707106781187));
#6387 = CONICAL_SURFACE('',#6388,0.3,0.785398163397);
#6388 = AXIS2_PLACEMENT_3D('',#6389,#6390,#6391);
#6389 = CARTESIAN_POINT('',(-3.825,-1.7,2.45));
#6390 = DIRECTION('',(0.,1.,0.));
#6391 = DIRECTION('',(0.,-0.,1.));
#6392 = ADVANCED_FACE('',(#6393),#6436,.T.);
#6393 = FACE_BOUND('',#6394,.T.);
#6394 = EDGE_LOOP('',(#6395,#6396,#6404,#6413,#6421,#6430));
#6395 = ORIENTED_EDGE('',*,*,#6373,.T.);
#6396 = ORIENTED_EDGE('',*,*,#6397,.T.);
#6397 = EDGE_CURVE('',#6366,#6398,#6400,.T.);
#6398 = VERTEX_POINT('',#6399);
#6399 = CARTESIAN_POINT('',(-3.825,0.5,2.));
#6400 = LINE('',#6401,#6402);
#6401 = CARTESIAN_POINT('',(-3.825,-1.7,2.));
#6402 = VECTOR('',#6403,1.);
#6403 = DIRECTION('',(-0.,1.,-0.));
#6404 = ORIENTED_EDGE('',*,*,#6405,.T.);
#6405 = EDGE_CURVE('',#6398,#6406,#6408,.T.);
#6406 = VERTEX_POINT('',#6407);
#6407 = CARTESIAN_POINT('',(-3.400735931288,0.5,2.3));
#6408 = CIRCLE('',#6409,0.45);
#6409 = AXIS2_PLACEMENT_3D('',#6410,#6411,#6412);
#6410 = CARTESIAN_POINT('',(-3.825,0.5,2.45));
#6411 = DIRECTION('',(0.,-1.,0.));
#6412 = DIRECTION('',(0.,0.,-1.));
#6413 = ORIENTED_EDGE('',*,*,#6414,.T.);
#6414 = EDGE_CURVE('',#6406,#6415,#6417,.T.);
#6415 = VERTEX_POINT('',#6416);
#6416 = CARTESIAN_POINT('',(-3.400735931288,-1.769800936681E-14,2.3));
#6417 = LINE('',#6418,#6419);
#6418 = CARTESIAN_POINT('',(-3.400735931288,-1.7,2.3));
#6419 = VECTOR('',#6420,1.);
#6420 = DIRECTION('',(0.,-1.,0.));
#6421 = ORIENTED_EDGE('',*,*,#6422,.F.);
#6422 = EDGE_CURVE('',#6423,#6415,#6425,.T.);
#6423 = VERTEX_POINT('',#6424);
#6424 = CARTESIAN_POINT('',(-3.825,0.,2.9));
#6425 = CIRCLE('',#6426,0.45);
#6426 = AXIS2_PLACEMENT_3D('',#6427,#6428,#6429);
#6427 = CARTESIAN_POINT('',(-3.825,0.,2.45));
#6428 = DIRECTION('',(-0.,1.,0.));
#6429 = DIRECTION('',(9.637352644316E-16,0.,-1.));
#6430 = ORIENTED_EDGE('',*,*,#6431,.F.);
#6431 = EDGE_CURVE('',#6374,#6423,#6432,.T.);
#6432 = LINE('',#6433,#6434);
#6433 = CARTESIAN_POINT('',(-3.825,-1.7,2.9));
#6434 = VECTOR('',#6435,1.);
#6435 = DIRECTION('',(-0.,1.,-0.));
#6436 = CYLINDRICAL_SURFACE('',#6437,0.45);
#6437 = AXIS2_PLACEMENT_3D('',#6438,#6439,#6440);
#6438 = CARTESIAN_POINT('',(-3.825,-1.7,2.45));
#6439 = DIRECTION('',(-0.,1.,-0.));
#6440 = DIRECTION('',(0.,0.,1.));
#6441 = ADVANCED_FACE('',(#6442),#6685,.F.);
#6442 = FACE_BOUND('',#6443,.T.);
#6443 = EDGE_LOOP('',(#6444,#6454,#6462,#6470,#6478,#6486,#6494,#6502,
    #6510,#6518,#6526,#6534,#6542,#6550,#6558,#6566,#6572,#6573,#6582,
    #6591,#6599,#6607,#6615,#6623,#6631,#6639,#6647,#6655,#6663,#6671,
    #6679));
#6444 = ORIENTED_EDGE('',*,*,#6445,.F.);
#6445 = EDGE_CURVE('',#6446,#6448,#6450,.T.);
#6446 = VERTEX_POINT('',#6447);
#6447 = CARTESIAN_POINT('',(4.275,0.5,-2.9));
#6448 = VERTEX_POINT('',#6449);
#6449 = CARTESIAN_POINT('',(4.275,0.5,-2.3));
#6450 = LINE('',#6451,#6452);
#6451 = CARTESIAN_POINT('',(4.275,0.5,-2.3));
#6452 = VECTOR('',#6453,1.);
#6453 = DIRECTION('',(4.336808689942E-15,-0.,1.));
#6454 = ORIENTED_EDGE('',*,*,#6455,.F.);
#6455 = EDGE_CURVE('',#6456,#6446,#6458,.T.);
#6456 = VERTEX_POINT('',#6457);
#6457 = CARTESIAN_POINT('',(5.925,0.5,-1.25));
#6458 = LINE('',#6459,#6460);
#6459 = CARTESIAN_POINT('',(4.275,0.5,-2.9));
#6460 = VECTOR('',#6461,1.);
#6461 = DIRECTION('',(-0.707106781187,-9.292687373839E-17,
    -0.707106781187));
#6462 = ORIENTED_EDGE('',*,*,#6463,.T.);
#6463 = EDGE_CURVE('',#6456,#6464,#6466,.T.);
#6464 = VERTEX_POINT('',#6465);
#6465 = CARTESIAN_POINT('',(5.925,0.5,1.25));
#6466 = LINE('',#6467,#6468);
#6467 = CARTESIAN_POINT('',(5.925,0.5,-2.9));
#6468 = VECTOR('',#6469,1.);
#6469 = DIRECTION('',(-0.,-0.,1.));
#6470 = ORIENTED_EDGE('',*,*,#6471,.F.);
#6471 = EDGE_CURVE('',#6472,#6464,#6474,.T.);
#6472 = VERTEX_POINT('',#6473);
#6473 = CARTESIAN_POINT('',(4.275,0.5,2.9));
#6474 = LINE('',#6475,#6476);
#6475 = CARTESIAN_POINT('',(5.925,0.5,1.25));
#6476 = VECTOR('',#6477,1.);
#6477 = DIRECTION('',(0.707106781187,9.292687373839E-17,-0.707106781187)
  );
#6478 = ORIENTED_EDGE('',*,*,#6479,.F.);
#6479 = EDGE_CURVE('',#6480,#6472,#6482,.T.);
#6480 = VERTEX_POINT('',#6481);
#6481 = CARTESIAN_POINT('',(4.275,0.5,2.3));
#6482 = LINE('',#6483,#6484);
#6483 = CARTESIAN_POINT('',(4.275,0.5,-2.9));
#6484 = VECTOR('',#6485,1.);
#6485 = DIRECTION('',(-0.,-0.,1.));
#6486 = ORIENTED_EDGE('',*,*,#6487,.F.);
#6487 = EDGE_CURVE('',#6488,#6480,#6490,.T.);
#6488 = VERTEX_POINT('',#6489);
#6489 = CARTESIAN_POINT('',(3.175,0.5,2.3));
#6490 = LINE('',#6491,#6492);
#6491 = CARTESIAN_POINT('',(-4.275,0.5,2.3));
#6492 = VECTOR('',#6493,1.);
#6493 = DIRECTION('',(1.,5.20417042793E-15,-0.));
#6494 = ORIENTED_EDGE('',*,*,#6495,.T.);
#6495 = EDGE_CURVE('',#6488,#6496,#6498,.T.);
#6496 = VERTEX_POINT('',#6497);
#6497 = CARTESIAN_POINT('',(3.175,0.5,2.9));
#6498 = LINE('',#6499,#6500);
#6499 = CARTESIAN_POINT('',(3.175,0.5,-2.9));
#6500 = VECTOR('',#6501,1.);
#6501 = DIRECTION('',(-0.,-0.,1.));
#6502 = ORIENTED_EDGE('',*,*,#6503,.F.);
#6503 = EDGE_CURVE('',#6504,#6496,#6506,.T.);
#6504 = VERTEX_POINT('',#6505);
#6505 = CARTESIAN_POINT('',(1.5,0.5,2.9));
#6506 = LINE('',#6507,#6508);
#6507 = CARTESIAN_POINT('',(-4.275,0.5,2.9));
#6508 = VECTOR('',#6509,1.);
#6509 = DIRECTION('',(1.,0.,1.014458173086E-16));
#6510 = ORIENTED_EDGE('',*,*,#6511,.F.);
#6511 = EDGE_CURVE('',#6512,#6504,#6514,.T.);
#6512 = VERTEX_POINT('',#6513);
#6513 = CARTESIAN_POINT('',(1.5,0.5,1.8));
#6514 = LINE('',#6515,#6516);
#6515 = CARTESIAN_POINT('',(1.5,0.5,1.8));
#6516 = VECTOR('',#6517,1.);
#6517 = DIRECTION('',(-0.,-0.,1.));
#6518 = ORIENTED_EDGE('',*,*,#6519,.F.);
#6519 = EDGE_CURVE('',#6520,#6512,#6522,.T.);
#6520 = VERTEX_POINT('',#6521);
#6521 = CARTESIAN_POINT('',(1.3,0.5,1.8));
#6522 = LINE('',#6523,#6524);
#6523 = CARTESIAN_POINT('',(0.15,0.5,1.8));
#6524 = VECTOR('',#6525,1.);
#6525 = DIRECTION('',(1.,0.,0.));
#6526 = ORIENTED_EDGE('',*,*,#6527,.T.);
#6527 = EDGE_CURVE('',#6520,#6528,#6530,.T.);
#6528 = VERTEX_POINT('',#6529);
#6529 = CARTESIAN_POINT('',(0.35,0.5,1.8));
#6530 = LINE('',#6531,#6532);
#6531 = CARTESIAN_POINT('',(1.3,0.5,1.8));
#6532 = VECTOR('',#6533,1.);
#6533 = DIRECTION('',(-1.,-0.,-0.));
#6534 = ORIENTED_EDGE('',*,*,#6535,.F.);
#6535 = EDGE_CURVE('',#6536,#6528,#6538,.T.);
#6536 = VERTEX_POINT('',#6537);
#6537 = CARTESIAN_POINT('',(0.15,0.5,1.8));
#6538 = LINE('',#6539,#6540);
#6539 = CARTESIAN_POINT('',(0.15,0.5,1.8));
#6540 = VECTOR('',#6541,1.);
#6541 = DIRECTION('',(1.,0.,0.));
#6542 = ORIENTED_EDGE('',*,*,#6543,.T.);
#6543 = EDGE_CURVE('',#6536,#6544,#6546,.T.);
#6544 = VERTEX_POINT('',#6545);
#6545 = CARTESIAN_POINT('',(0.15,0.5,2.9));
#6546 = LINE('',#6547,#6548);
#6547 = CARTESIAN_POINT('',(0.15,0.5,1.8));
#6548 = VECTOR('',#6549,1.);
#6549 = DIRECTION('',(-0.,-0.,1.));
#6550 = ORIENTED_EDGE('',*,*,#6551,.F.);
#6551 = EDGE_CURVE('',#6552,#6544,#6554,.T.);
#6552 = VERTEX_POINT('',#6553);
#6553 = CARTESIAN_POINT('',(-2.875,0.5,2.9));
#6554 = LINE('',#6555,#6556);
#6555 = CARTESIAN_POINT('',(-4.275,0.5,2.9));
#6556 = VECTOR('',#6557,1.);
#6557 = DIRECTION('',(1.,0.,1.014458173086E-16));
#6558 = ORIENTED_EDGE('',*,*,#6559,.F.);
#6559 = EDGE_CURVE('',#6560,#6552,#6562,.T.);
#6560 = VERTEX_POINT('',#6561);
#6561 = CARTESIAN_POINT('',(-2.875,0.5,2.3));
#6562 = LINE('',#6563,#6564);
#6563 = CARTESIAN_POINT('',(-2.875,0.5,-2.9));
#6564 = VECTOR('',#6565,1.);
#6565 = DIRECTION('',(-0.,-0.,1.));
#6566 = ORIENTED_EDGE('',*,*,#6567,.F.);
#6567 = EDGE_CURVE('',#6406,#6560,#6568,.T.);
#6568 = LINE('',#6569,#6570);
#6569 = CARTESIAN_POINT('',(-4.275,0.5,2.3));
#6570 = VECTOR('',#6571,1.);
#6571 = DIRECTION('',(1.,5.20417042793E-15,-0.));
#6572 = ORIENTED_EDGE('',*,*,#6405,.F.);
#6573 = ORIENTED_EDGE('',*,*,#6574,.F.);
#6574 = EDGE_CURVE('',#6575,#6398,#6577,.T.);
#6575 = VERTEX_POINT('',#6576);
#6576 = CARTESIAN_POINT('',(-4.249264068712,0.5,2.3));
#6577 = CIRCLE('',#6578,0.45);
#6578 = AXIS2_PLACEMENT_3D('',#6579,#6580,#6581);
#6579 = CARTESIAN_POINT('',(-3.825,0.5,2.45));
#6580 = DIRECTION('',(0.,-1.,0.));
#6581 = DIRECTION('',(0.,0.,-1.));
#6582 = ORIENTED_EDGE('',*,*,#6583,.T.);
#6583 = EDGE_CURVE('',#6575,#6584,#6586,.T.);
#6584 = VERTEX_POINT('',#6585);
#6585 = CARTESIAN_POINT('',(-4.275,0.5,2.410479081662));
#6586 = CIRCLE('',#6587,0.25);
#6587 = AXIS2_PLACEMENT_3D('',#6588,#6589,#6590);
#6588 = CARTESIAN_POINT('',(-4.025,0.5,2.410479081662));
#6589 = DIRECTION('',(-0.,1.,0.));
#6590 = DIRECTION('',(0.,0.,1.));
#6591 = ORIENTED_EDGE('',*,*,#6592,.F.);
#6592 = EDGE_CURVE('',#6593,#6584,#6595,.T.);
#6593 = VERTEX_POINT('',#6594);
#6594 = CARTESIAN_POINT('',(-4.275,0.5,-2.3));
#6595 = LINE('',#6596,#6597);
#6596 = CARTESIAN_POINT('',(-4.275,0.5,2.3));
#6597 = VECTOR('',#6598,1.);
#6598 = DIRECTION('',(-0.,-0.,1.));
#6599 = ORIENTED_EDGE('',*,*,#6600,.T.);
#6600 = EDGE_CURVE('',#6593,#6601,#6603,.T.);
#6601 = VERTEX_POINT('',#6602);
#6602 = CARTESIAN_POINT('',(-2.875,0.5,-2.3));
#6603 = LINE('',#6604,#6605);
#6604 = CARTESIAN_POINT('',(-4.275,0.5,-2.3));
#6605 = VECTOR('',#6606,1.);
#6606 = DIRECTION('',(1.,5.20417042793E-15,-0.));
#6607 = ORIENTED_EDGE('',*,*,#6608,.F.);
#6608 = EDGE_CURVE('',#6609,#6601,#6611,.T.);
#6609 = VERTEX_POINT('',#6610);
#6610 = CARTESIAN_POINT('',(-2.875,0.5,-2.9));
#6611 = LINE('',#6612,#6613);
#6612 = CARTESIAN_POINT('',(-2.875,0.5,-2.9));
#6613 = VECTOR('',#6614,1.);
#6614 = DIRECTION('',(-0.,-0.,1.));
#6615 = ORIENTED_EDGE('',*,*,#6616,.F.);
#6616 = EDGE_CURVE('',#6617,#6609,#6619,.T.);
#6617 = VERTEX_POINT('',#6618);
#6618 = CARTESIAN_POINT('',(0.15,0.5,-2.9));
#6619 = LINE('',#6620,#6621);
#6620 = CARTESIAN_POINT('',(-2.875,0.5,-2.9));
#6621 = VECTOR('',#6622,1.);
#6622 = DIRECTION('',(-1.,-0.,-0.));
#6623 = ORIENTED_EDGE('',*,*,#6624,.F.);
#6624 = EDGE_CURVE('',#6625,#6617,#6627,.T.);
#6625 = VERTEX_POINT('',#6626);
#6626 = CARTESIAN_POINT('',(0.15,0.5,-1.8));
#6627 = LINE('',#6628,#6629);
#6628 = CARTESIAN_POINT('',(0.15,0.5,-1.8));
#6629 = VECTOR('',#6630,1.);
#6630 = DIRECTION('',(-0.,-0.,-1.));
#6631 = ORIENTED_EDGE('',*,*,#6632,.T.);
#6632 = EDGE_CURVE('',#6625,#6633,#6635,.T.);
#6633 = VERTEX_POINT('',#6634);
#6634 = CARTESIAN_POINT('',(0.35,0.5,-1.8));
#6635 = LINE('',#6636,#6637);
#6636 = CARTESIAN_POINT('',(0.15,0.5,-1.8));
#6637 = VECTOR('',#6638,1.);
#6638 = DIRECTION('',(1.,0.,0.));
#6639 = ORIENTED_EDGE('',*,*,#6640,.F.);
#6640 = EDGE_CURVE('',#6641,#6633,#6643,.T.);
#6641 = VERTEX_POINT('',#6642);
#6642 = CARTESIAN_POINT('',(1.3,0.5,-1.8));
#6643 = LINE('',#6644,#6645);
#6644 = CARTESIAN_POINT('',(1.3,0.5,-1.8));
#6645 = VECTOR('',#6646,1.);
#6646 = DIRECTION('',(-1.,-0.,-0.));
#6647 = ORIENTED_EDGE('',*,*,#6648,.T.);
#6648 = EDGE_CURVE('',#6641,#6649,#6651,.T.);
#6649 = VERTEX_POINT('',#6650);
#6650 = CARTESIAN_POINT('',(1.5,0.5,-1.8));
#6651 = LINE('',#6652,#6653);
#6652 = CARTESIAN_POINT('',(0.15,0.5,-1.8));
#6653 = VECTOR('',#6654,1.);
#6654 = DIRECTION('',(1.,0.,0.));
#6655 = ORIENTED_EDGE('',*,*,#6656,.T.);
#6656 = EDGE_CURVE('',#6649,#6657,#6659,.T.);
#6657 = VERTEX_POINT('',#6658);
#6658 = CARTESIAN_POINT('',(1.5,0.5,-2.9));
#6659 = LINE('',#6660,#6661);
#6660 = CARTESIAN_POINT('',(1.5,0.5,-1.8));
#6661 = VECTOR('',#6662,1.);
#6662 = DIRECTION('',(-0.,-0.,-1.));
#6663 = ORIENTED_EDGE('',*,*,#6664,.F.);
#6664 = EDGE_CURVE('',#6665,#6657,#6667,.T.);
#6665 = VERTEX_POINT('',#6666);
#6666 = CARTESIAN_POINT('',(3.175,0.5,-2.9));
#6667 = LINE('',#6668,#6669);
#6668 = CARTESIAN_POINT('',(-2.875,0.5,-2.9));
#6669 = VECTOR('',#6670,1.);
#6670 = DIRECTION('',(-1.,-0.,-0.));
#6671 = ORIENTED_EDGE('',*,*,#6672,.F.);
#6672 = EDGE_CURVE('',#6673,#6665,#6675,.T.);
#6673 = VERTEX_POINT('',#6674);
#6674 = CARTESIAN_POINT('',(3.175,0.5,-2.3));
#6675 = LINE('',#6676,#6677);
#6676 = CARTESIAN_POINT('',(3.175,0.5,-2.9));
#6677 = VECTOR('',#6678,1.);
#6678 = DIRECTION('',(-7.228014483237E-16,-0.,-1.));
#6679 = ORIENTED_EDGE('',*,*,#6680,.F.);
#6680 = EDGE_CURVE('',#6448,#6673,#6681,.T.);
#6681 = LINE('',#6682,#6683);
#6682 = CARTESIAN_POINT('',(3.175,0.5,-2.3));
#6683 = VECTOR('',#6684,1.);
#6684 = DIRECTION('',(-1.,-0.,-0.));
#6685 = PLANE('',#6686);
#6686 = AXIS2_PLACEMENT_3D('',#6687,#6688,#6689);
#6687 = CARTESIAN_POINT('',(-2.875,0.5,-2.9));
#6688 = DIRECTION('',(-0.,1.,0.));
#6689 = DIRECTION('',(0.,0.,1.));
#6690 = ADVANCED_FACE('',(#6691),#6935,.F.);
#6691 = FACE_BOUND('',#6692,.T.);
#6692 = EDGE_LOOP('',(#6693,#6703,#6711,#6719,#6727,#6736,#6744,#6753,
    #6761,#6769,#6777,#6785,#6793,#6801,#6809,#6817,#6825,#6833,#6841,
    #6849,#6857,#6865,#6873,#6881,#6889,#6897,#6905,#6913,#6921,#6929));
#6693 = ORIENTED_EDGE('',*,*,#6694,.F.);
#6694 = EDGE_CURVE('',#6695,#6697,#6699,.T.);
#6695 = VERTEX_POINT('',#6696);
#6696 = CARTESIAN_POINT('',(0.472927405784,4.5,-0.9));
#6697 = VERTEX_POINT('',#6698);
#6698 = CARTESIAN_POINT('',(0.360773803325,4.5,-0.9));
#6699 = LINE('',#6700,#6701);
#6700 = CARTESIAN_POINT('',(0.360773803325,4.5,-0.9));
#6701 = VECTOR('',#6702,1.);
#6702 = DIRECTION('',(-1.,-0.,9.667118565207E-16));
#6703 = ORIENTED_EDGE('',*,*,#6704,.F.);
#6704 = EDGE_CURVE('',#6705,#6695,#6707,.T.);
#6705 = VERTEX_POINT('',#6706);
#6706 = CARTESIAN_POINT('',(0.675,4.5,-0.55));
#6707 = LINE('',#6708,#6709);
#6708 = CARTESIAN_POINT('',(0.472927405784,4.5,-0.9));
#6709 = VECTOR('',#6710,1.);
#6710 = DIRECTION('',(-0.5,-0.,-0.866025403784));
#6711 = ORIENTED_EDGE('',*,*,#6712,.F.);
#6712 = EDGE_CURVE('',#6713,#6705,#6715,.T.);
#6713 = VERTEX_POINT('',#6714);
#6714 = CARTESIAN_POINT('',(0.675,4.5,-1.849688692685));
#6715 = LINE('',#6716,#6717);
#6716 = CARTESIAN_POINT('',(0.675,4.5,1.849688692685));
#6717 = VECTOR('',#6718,1.);
#6718 = DIRECTION('',(-0.,-0.,1.));
#6719 = ORIENTED_EDGE('',*,*,#6720,.T.);
#6720 = EDGE_CURVE('',#6713,#6721,#6723,.T.);
#6721 = VERTEX_POINT('',#6722);
#6722 = CARTESIAN_POINT('',(-3.019900681613,4.5,-1.849688692685));
#6723 = LINE('',#6724,#6725);
#6724 = CARTESIAN_POINT('',(-1.876431811959E-16,4.5,-1.849688692685));
#6725 = VECTOR('',#6726,1.);
#6726 = DIRECTION('',(-1.,0.,1.014458173086E-16));
#6727 = ORIENTED_EDGE('',*,*,#6728,.T.);
#6728 = EDGE_CURVE('',#6721,#6729,#6731,.T.);
#6729 = VERTEX_POINT('',#6730);
#6730 = CARTESIAN_POINT('',(-3.224688692685,4.5,-1.644900681613));
#6731 = ( BOUNDED_CURVE() B_SPLINE_CURVE(3,(#6732,#6733,#6734,#6735),
.UNSPECIFIED.,.F.,.F.) B_SPLINE_CURVE_WITH_KNOTS((4,4),(2.523811371301,
3.759373935879),.PIECEWISE_BEZIER_KNOTS.) CURVE() 
GEOMETRIC_REPRESENTATION_ITEM() RATIONAL_B_SPLINE_CURVE((1.,
0.876777070243,0.876777070243,1.)) REPRESENTATION_ITEM('') );
#6732 = CARTESIAN_POINT('',(-3.019900681613,4.5,-1.849688692685));
#6733 = CARTESIAN_POINT('',(-3.14683233367,4.5,-1.849688692685));
#6734 = CARTESIAN_POINT('',(-3.224688692685,4.5,-1.77183233367));
#6735 = CARTESIAN_POINT('',(-3.224688692685,4.5,-1.644900681613));
#6736 = ORIENTED_EDGE('',*,*,#6737,.T.);
#6737 = EDGE_CURVE('',#6729,#6738,#6740,.T.);
#6738 = VERTEX_POINT('',#6739);
#6739 = CARTESIAN_POINT('',(-3.224688692685,4.5,1.644900681613));
#6740 = LINE('',#6741,#6742);
#6741 = CARTESIAN_POINT('',(-3.224688692685,4.5,0.));
#6742 = VECTOR('',#6743,1.);
#6743 = DIRECTION('',(0.,0.,1.));
#6744 = ORIENTED_EDGE('',*,*,#6745,.T.);
#6745 = EDGE_CURVE('',#6738,#6746,#6748,.T.);
#6746 = VERTEX_POINT('',#6747);
#6747 = CARTESIAN_POINT('',(-3.019900681613,4.5,1.849688692685));
#6748 = ( BOUNDED_CURVE() B_SPLINE_CURVE(3,(#6749,#6750,#6751,#6752),
.UNSPECIFIED.,.F.,.F.) B_SPLINE_CURVE_WITH_KNOTS((4,4),(5.665404024891,
6.900966589468),.PIECEWISE_BEZIER_KNOTS.) CURVE() 
GEOMETRIC_REPRESENTATION_ITEM() RATIONAL_B_SPLINE_CURVE((1.,
0.876777070243,0.876777070243,1.)) REPRESENTATION_ITEM('') );
#6749 = CARTESIAN_POINT('',(-3.224688692685,4.5,1.644900681613));
#6750 = CARTESIAN_POINT('',(-3.224688692685,4.5,1.77183233367));
#6751 = CARTESIAN_POINT('',(-3.14683233367,4.5,1.849688692685));
#6752 = CARTESIAN_POINT('',(-3.019900681613,4.5,1.849688692685));
#6753 = ORIENTED_EDGE('',*,*,#6754,.T.);
#6754 = EDGE_CURVE('',#6746,#6755,#6757,.T.);
#6755 = VERTEX_POINT('',#6756);
#6756 = CARTESIAN_POINT('',(0.675,4.5,1.849688692685));
#6757 = LINE('',#6758,#6759);
#6758 = CARTESIAN_POINT('',(-1.876431811959E-16,4.5,1.849688692685));
#6759 = VECTOR('',#6760,1.);
#6760 = DIRECTION('',(1.,0.,1.014458173086E-16));
#6761 = ORIENTED_EDGE('',*,*,#6762,.F.);
#6762 = EDGE_CURVE('',#6763,#6755,#6765,.T.);
#6763 = VERTEX_POINT('',#6764);
#6764 = CARTESIAN_POINT('',(0.675,4.5,0.55));
#6765 = LINE('',#6766,#6767);
#6766 = CARTESIAN_POINT('',(0.675,4.5,1.849688692685));
#6767 = VECTOR('',#6768,1.);
#6768 = DIRECTION('',(-0.,-0.,1.));
#6769 = ORIENTED_EDGE('',*,*,#6770,.F.);
#6770 = EDGE_CURVE('',#6771,#6763,#6773,.T.);
#6771 = VERTEX_POINT('',#6772);
#6772 = CARTESIAN_POINT('',(0.472927405784,4.5,0.9));
#6773 = LINE('',#6774,#6775);
#6774 = CARTESIAN_POINT('',(0.675,4.5,0.55));
#6775 = VECTOR('',#6776,1.);
#6776 = DIRECTION('',(0.5,-0.,-0.866025403784));
#6777 = ORIENTED_EDGE('',*,*,#6778,.F.);
#6778 = EDGE_CURVE('',#6779,#6771,#6781,.T.);
#6779 = VERTEX_POINT('',#6780);
#6780 = CARTESIAN_POINT('',(0.360773803325,4.5,0.9));
#6781 = LINE('',#6782,#6783);
#6782 = CARTESIAN_POINT('',(0.472927405784,4.5,0.9));
#6783 = VECTOR('',#6784,1.);
#6784 = DIRECTION('',(1.,-0.,-1.933423713041E-15));
#6785 = ORIENTED_EDGE('',*,*,#6786,.F.);
#6786 = EDGE_CURVE('',#6787,#6779,#6789,.T.);
#6787 = VERTEX_POINT('',#6788);
#6788 = CARTESIAN_POINT('',(7.5E-02,4.5,1.185773803325));
#6789 = LINE('',#6790,#6791);
#6790 = CARTESIAN_POINT('',(0.360773803325,4.5,0.9));
#6791 = VECTOR('',#6792,1.);
#6792 = DIRECTION('',(0.707106781187,-0.,-0.707106781187));
#6793 = ORIENTED_EDGE('',*,*,#6794,.F.);
#6794 = EDGE_CURVE('',#6795,#6787,#6797,.T.);
#6795 = VERTEX_POINT('',#6796);
#6796 = CARTESIAN_POINT('',(7.5E-02,4.5,1.297927405784));
#6797 = LINE('',#6798,#6799);
#6798 = CARTESIAN_POINT('',(7.5E-02,4.5,1.185773803325));
#6799 = VECTOR('',#6800,1.);
#6800 = DIRECTION('',(-3.866847426083E-15,-0.,-1.));
#6801 = ORIENTED_EDGE('',*,*,#6802,.F.);
#6802 = EDGE_CURVE('',#6803,#6795,#6805,.T.);
#6803 = VERTEX_POINT('',#6804);
#6804 = CARTESIAN_POINT('',(-0.275,4.5,1.5));
#6805 = LINE('',#6806,#6807);
#6806 = CARTESIAN_POINT('',(7.5E-02,4.5,1.297927405784));
#6807 = VECTOR('',#6808,1.);
#6808 = DIRECTION('',(0.866025403784,-0.,-0.5));
#6809 = ORIENTED_EDGE('',*,*,#6810,.F.);
#6810 = EDGE_CURVE('',#6811,#6803,#6813,.T.);
#6811 = VERTEX_POINT('',#6812);
#6812 = CARTESIAN_POINT('',(-1.975,4.5,1.5));
#6813 = LINE('',#6814,#6815);
#6814 = CARTESIAN_POINT('',(-0.275,4.5,1.5));
#6815 = VECTOR('',#6816,1.);
#6816 = DIRECTION('',(1.,-0.,1.27553196763E-16));
#6817 = ORIENTED_EDGE('',*,*,#6818,.F.);
#6818 = EDGE_CURVE('',#6819,#6811,#6821,.T.);
#6819 = VERTEX_POINT('',#6820);
#6820 = CARTESIAN_POINT('',(-2.325,4.5,1.297927405784));
#6821 = LINE('',#6822,#6823);
#6822 = CARTESIAN_POINT('',(-1.975,4.5,1.5));
#6823 = VECTOR('',#6824,1.);
#6824 = DIRECTION('',(0.866025403784,-0.,0.5));
#6825 = ORIENTED_EDGE('',*,*,#6826,.F.);
#6826 = EDGE_CURVE('',#6827,#6819,#6829,.T.);
#6827 = VERTEX_POINT('',#6828);
#6828 = CARTESIAN_POINT('',(-2.325,4.5,1.185773803325));
#6829 = LINE('',#6830,#6831);
#6830 = CARTESIAN_POINT('',(-2.325,4.5,1.297927405784));
#6831 = VECTOR('',#6832,1.);
#6832 = DIRECTION('',(-0.,-0.,1.));
#6833 = ORIENTED_EDGE('',*,*,#6834,.F.);
#6834 = EDGE_CURVE('',#6835,#6827,#6837,.T.);
#6835 = VERTEX_POINT('',#6836);
#6836 = CARTESIAN_POINT('',(-2.610773803325,4.5,0.9));
#6837 = LINE('',#6838,#6839);
#6838 = CARTESIAN_POINT('',(-2.325,4.5,1.185773803325));
#6839 = VECTOR('',#6840,1.);
#6840 = DIRECTION('',(0.707106781187,-0.,0.707106781187));
#6841 = ORIENTED_EDGE('',*,*,#6842,.F.);
#6842 = EDGE_CURVE('',#6843,#6835,#6845,.T.);
#6843 = VERTEX_POINT('',#6844);
#6844 = CARTESIAN_POINT('',(-2.722927405784,4.5,0.9));
#6845 = LINE('',#6846,#6847);
#6846 = CARTESIAN_POINT('',(-2.610773803325,4.5,0.9));
#6847 = VECTOR('',#6848,1.);
#6848 = DIRECTION('',(1.,-0.,1.933423713041E-15));
#6849 = ORIENTED_EDGE('',*,*,#6850,.F.);
#6850 = EDGE_CURVE('',#6851,#6843,#6853,.T.);
#6851 = VERTEX_POINT('',#6852);
#6852 = CARTESIAN_POINT('',(-2.925,4.5,0.55));
#6853 = LINE('',#6854,#6855);
#6854 = CARTESIAN_POINT('',(-2.722927405784,4.5,0.9));
#6855 = VECTOR('',#6856,1.);
#6856 = DIRECTION('',(0.5,-0.,0.866025403784));
#6857 = ORIENTED_EDGE('',*,*,#6858,.F.);
#6858 = EDGE_CURVE('',#6859,#6851,#6861,.T.);
#6859 = VERTEX_POINT('',#6860);
#6860 = CARTESIAN_POINT('',(-2.925,4.5,-0.55));
#6861 = LINE('',#6862,#6863);
#6862 = CARTESIAN_POINT('',(-2.925,4.5,0.55));
#6863 = VECTOR('',#6864,1.);
#6864 = DIRECTION('',(-0.,-0.,1.));
#6865 = ORIENTED_EDGE('',*,*,#6866,.F.);
#6866 = EDGE_CURVE('',#6867,#6859,#6869,.T.);
#6867 = VERTEX_POINT('',#6868);
#6868 = CARTESIAN_POINT('',(-2.722927405784,4.5,-0.9));
#6869 = LINE('',#6870,#6871);
#6870 = CARTESIAN_POINT('',(-2.925,4.5,-0.55));
#6871 = VECTOR('',#6872,1.);
#6872 = DIRECTION('',(-0.5,-0.,0.866025403784));
#6873 = ORIENTED_EDGE('',*,*,#6874,.F.);
#6874 = EDGE_CURVE('',#6875,#6867,#6877,.T.);
#6875 = VERTEX_POINT('',#6876);
#6876 = CARTESIAN_POINT('',(-2.610773803325,4.5,-0.9));
#6877 = LINE('',#6878,#6879);
#6878 = CARTESIAN_POINT('',(-2.722927405784,4.5,-0.9));
#6879 = VECTOR('',#6880,1.);
#6880 = DIRECTION('',(-1.,-0.,-9.667118565207E-16));
#6881 = ORIENTED_EDGE('',*,*,#6882,.F.);
#6882 = EDGE_CURVE('',#6883,#6875,#6885,.T.);
#6883 = VERTEX_POINT('',#6884);
#6884 = CARTESIAN_POINT('',(-2.325,4.5,-1.185773803325));
#6885 = LINE('',#6886,#6887);
#6886 = CARTESIAN_POINT('',(-2.610773803325,4.5,-0.9));
#6887 = VECTOR('',#6888,1.);
#6888 = DIRECTION('',(-0.707106781187,-0.,0.707106781187));
#6889 = ORIENTED_EDGE('',*,*,#6890,.F.);
#6890 = EDGE_CURVE('',#6891,#6883,#6893,.T.);
#6891 = VERTEX_POINT('',#6892);
#6892 = CARTESIAN_POINT('',(-2.325,4.5,-1.297927405784));
#6893 = LINE('',#6894,#6895);
#6894 = CARTESIAN_POINT('',(-2.325,4.5,-1.185773803325));
#6895 = VECTOR('',#6896,1.);
#6896 = DIRECTION('',(-0.,-0.,1.));
#6897 = ORIENTED_EDGE('',*,*,#6898,.F.);
#6898 = EDGE_CURVE('',#6899,#6891,#6901,.T.);
#6899 = VERTEX_POINT('',#6900);
#6900 = CARTESIAN_POINT('',(-1.975,4.5,-1.5));
#6901 = LINE('',#6902,#6903);
#6902 = CARTESIAN_POINT('',(-2.325,4.5,-1.297927405784));
#6903 = VECTOR('',#6904,1.);
#6904 = DIRECTION('',(-0.866025403784,-0.,0.5));
#6905 = ORIENTED_EDGE('',*,*,#6906,.F.);
#6906 = EDGE_CURVE('',#6907,#6899,#6909,.T.);
#6907 = VERTEX_POINT('',#6908);
#6908 = CARTESIAN_POINT('',(-0.275,4.5,-1.5));
#6909 = LINE('',#6910,#6911);
#6910 = CARTESIAN_POINT('',(-1.975,4.5,-1.5));
#6911 = VECTOR('',#6912,1.);
#6912 = DIRECTION('',(-1.,-0.,-2.55106393526E-16));
#6913 = ORIENTED_EDGE('',*,*,#6914,.F.);
#6914 = EDGE_CURVE('',#6915,#6907,#6917,.T.);
#6915 = VERTEX_POINT('',#6916);
#6916 = CARTESIAN_POINT('',(7.5E-02,4.5,-1.297927405784));
#6917 = LINE('',#6918,#6919);
#6918 = CARTESIAN_POINT('',(-0.275,4.5,-1.5));
#6919 = VECTOR('',#6920,1.);
#6920 = DIRECTION('',(-0.866025403784,-0.,-0.5));
#6921 = ORIENTED_EDGE('',*,*,#6922,.F.);
#6922 = EDGE_CURVE('',#6923,#6915,#6925,.T.);
#6923 = VERTEX_POINT('',#6924);
#6924 = CARTESIAN_POINT('',(7.5E-02,4.5,-1.185773803325));
#6925 = LINE('',#6926,#6927);
#6926 = CARTESIAN_POINT('',(7.5E-02,4.5,-1.297927405784));
#6927 = VECTOR('',#6928,1.);
#6928 = DIRECTION('',(-0.,-0.,-1.));
#6929 = ORIENTED_EDGE('',*,*,#6930,.F.);
#6930 = EDGE_CURVE('',#6697,#6923,#6931,.T.);
#6931 = LINE('',#6932,#6933);
#6932 = CARTESIAN_POINT('',(7.5E-02,4.5,-1.185773803325));
#6933 = VECTOR('',#6934,1.);
#6934 = DIRECTION('',(-0.707106781187,-0.,-0.707106781187));
#6935 = PLANE('',#6936);
#6936 = AXIS2_PLACEMENT_3D('',#6937,#6938,#6939);
#6937 = CARTESIAN_POINT('',(0.,4.5,0.));
#6938 = DIRECTION('',(0.,-1.,0.));
#6939 = DIRECTION('',(0.,-0.,-1.));
#6940 = ADVANCED_FACE('',(#6941),#6975,.T.);
#6941 = FACE_BOUND('',#6942,.T.);
#6942 = EDGE_LOOP('',(#6943,#6953,#6961,#6969));
#6943 = ORIENTED_EDGE('',*,*,#6944,.T.);
#6944 = EDGE_CURVE('',#6945,#6947,#6949,.T.);
#6945 = VERTEX_POINT('',#6946);
#6946 = CARTESIAN_POINT('',(1.5,1.35,-1.8));
#6947 = VERTEX_POINT('',#6948);
#6948 = CARTESIAN_POINT('',(1.3,1.35,-1.8));
#6949 = LINE('',#6950,#6951);
#6950 = CARTESIAN_POINT('',(0.15,1.35,-1.8));
#6951 = VECTOR('',#6952,1.);
#6952 = DIRECTION('',(-1.,-0.,0.));
#6953 = ORIENTED_EDGE('',*,*,#6954,.F.);
#6954 = EDGE_CURVE('',#6955,#6947,#6957,.T.);
#6955 = VERTEX_POINT('',#6956);
#6956 = CARTESIAN_POINT('',(1.3,1.35,-2.9));
#6957 = LINE('',#6958,#6959);
#6958 = CARTESIAN_POINT('',(1.3,1.35,-2.9));
#6959 = VECTOR('',#6960,1.);
#6960 = DIRECTION('',(0.,0.,1.));
#6961 = ORIENTED_EDGE('',*,*,#6962,.F.);
#6962 = EDGE_CURVE('',#6963,#6955,#6965,.T.);
#6963 = VERTEX_POINT('',#6964);
#6964 = CARTESIAN_POINT('',(1.5,1.35,-2.9));
#6965 = LINE('',#6966,#6967);
#6966 = CARTESIAN_POINT('',(0.15,1.35,-2.9));
#6967 = VECTOR('',#6968,1.);
#6968 = DIRECTION('',(-1.,-0.,0.));
#6969 = ORIENTED_EDGE('',*,*,#6970,.F.);
#6970 = EDGE_CURVE('',#6945,#6963,#6971,.T.);
#6971 = LINE('',#6972,#6973);
#6972 = CARTESIAN_POINT('',(1.5,1.35,-1.8));
#6973 = VECTOR('',#6974,1.);
#6974 = DIRECTION('',(-0.,-0.,-1.));
#6975 = PLANE('',#6976);
#6976 = AXIS2_PLACEMENT_3D('',#6977,#6978,#6979);
#6977 = CARTESIAN_POINT('',(0.15,1.35,-1.8));
#6978 = DIRECTION('',(0.,-1.,0.));
#6979 = DIRECTION('',(0.,-0.,-1.));
#6980 = ADVANCED_FACE('',(#6981),#6997,.F.);
#6981 = FACE_BOUND('',#6982,.T.);
#6982 = EDGE_LOOP('',(#6983,#6989,#6990,#6996));
#6983 = ORIENTED_EDGE('',*,*,#6984,.F.);
#6984 = EDGE_CURVE('',#6947,#6641,#6985,.T.);
#6985 = LINE('',#6986,#6987);
#6986 = CARTESIAN_POINT('',(1.3,1.35,-1.8));
#6987 = VECTOR('',#6988,1.);
#6988 = DIRECTION('',(0.,-1.,-2.55106393526E-16));
#6989 = ORIENTED_EDGE('',*,*,#6944,.F.);
#6990 = ORIENTED_EDGE('',*,*,#6991,.F.);
#6991 = EDGE_CURVE('',#6649,#6945,#6992,.T.);
#6992 = LINE('',#6993,#6994);
#6993 = CARTESIAN_POINT('',(1.5,0.5,-1.8));
#6994 = VECTOR('',#6995,1.);
#6995 = DIRECTION('',(2.55106393526E-16,1.,0.));
#6996 = ORIENTED_EDGE('',*,*,#6648,.F.);
#6997 = PLANE('',#6998);
#6998 = AXIS2_PLACEMENT_3D('',#6999,#7000,#7001);
#6999 = CARTESIAN_POINT('',(0.,0.,-1.8));
#7000 = DIRECTION('',(0.,0.,1.));
#7001 = DIRECTION('',(-1.,0.,0.));
#7002 = ADVANCED_FACE('',(#7003),#7037,.F.);
#7003 = FACE_BOUND('',#7004,.T.);
#7004 = EDGE_LOOP('',(#7005,#7015,#7023,#7031));
#7005 = ORIENTED_EDGE('',*,*,#7006,.F.);
#7006 = EDGE_CURVE('',#7007,#7009,#7011,.T.);
#7007 = VERTEX_POINT('',#7008);
#7008 = CARTESIAN_POINT('',(1.3,1.35,1.8));
#7009 = VERTEX_POINT('',#7010);
#7010 = CARTESIAN_POINT('',(1.3,1.35,2.9));
#7011 = LINE('',#7012,#7013);
#7012 = CARTESIAN_POINT('',(1.3,1.35,2.9));
#7013 = VECTOR('',#7014,1.);
#7014 = DIRECTION('',(-0.,-0.,1.));
#7015 = ORIENTED_EDGE('',*,*,#7016,.F.);
#7016 = EDGE_CURVE('',#7017,#7007,#7019,.T.);
#7017 = VERTEX_POINT('',#7018);
#7018 = CARTESIAN_POINT('',(1.5,1.35,1.8));
#7019 = LINE('',#7020,#7021);
#7020 = CARTESIAN_POINT('',(0.15,1.35,1.8));
#7021 = VECTOR('',#7022,1.);
#7022 = DIRECTION('',(-1.,-0.,-0.));
#7023 = ORIENTED_EDGE('',*,*,#7024,.T.);
#7024 = EDGE_CURVE('',#7017,#7025,#7027,.T.);
#7025 = VERTEX_POINT('',#7026);
#7026 = CARTESIAN_POINT('',(1.5,1.35,2.9));
#7027 = LINE('',#7028,#7029);
#7028 = CARTESIAN_POINT('',(1.5,1.35,1.8));
#7029 = VECTOR('',#7030,1.);
#7030 = DIRECTION('',(-0.,-0.,1.));
#7031 = ORIENTED_EDGE('',*,*,#7032,.T.);
#7032 = EDGE_CURVE('',#7025,#7009,#7033,.T.);
#7033 = LINE('',#7034,#7035);
#7034 = CARTESIAN_POINT('',(0.15,1.35,2.9));
#7035 = VECTOR('',#7036,1.);
#7036 = DIRECTION('',(-1.,-0.,-0.));
#7037 = PLANE('',#7038);
#7038 = AXIS2_PLACEMENT_3D('',#7039,#7040,#7041);
#7039 = CARTESIAN_POINT('',(0.15,1.35,1.8));
#7040 = DIRECTION('',(-0.,1.,0.));
#7041 = DIRECTION('',(0.,0.,1.));
#7042 = ADVANCED_FACE('',(#7043),#7059,.F.);
#7043 = FACE_BOUND('',#7044,.T.);
#7044 = EDGE_LOOP('',(#7045,#7051,#7052,#7058));
#7045 = ORIENTED_EDGE('',*,*,#7046,.F.);
#7046 = EDGE_CURVE('',#6520,#7007,#7047,.T.);
#7047 = LINE('',#7048,#7049);
#7048 = CARTESIAN_POINT('',(1.3,1.35,1.8));
#7049 = VECTOR('',#7050,1.);
#7050 = DIRECTION('',(-0.,1.,2.55106393526E-16));
#7051 = ORIENTED_EDGE('',*,*,#6519,.T.);
#7052 = ORIENTED_EDGE('',*,*,#7053,.T.);
#7053 = EDGE_CURVE('',#6512,#7017,#7054,.T.);
#7054 = LINE('',#7055,#7056);
#7055 = CARTESIAN_POINT('',(1.5,0.5,1.8));
#7056 = VECTOR('',#7057,1.);
#7057 = DIRECTION('',(2.55106393526E-16,1.,0.));
#7058 = ORIENTED_EDGE('',*,*,#7016,.T.);
#7059 = PLANE('',#7060);
#7060 = AXIS2_PLACEMENT_3D('',#7061,#7062,#7063);
#7061 = CARTESIAN_POINT('',(0.,0.,1.8));
#7062 = DIRECTION('',(0.,0.,-1.));
#7063 = DIRECTION('',(-1.,0.,-0.));
#7064 = ADVANCED_FACE('',(#7065),#7174,.F.);
#7065 = FACE_BOUND('',#7066,.T.);
#7066 = EDGE_LOOP('',(#7067,#7075,#7083,#7091,#7097,#7098,#7104,#7105,
    #7113,#7121,#7129,#7137,#7143,#7144,#7152,#7160,#7168));
#7067 = ORIENTED_EDGE('',*,*,#7068,.T.);
#7068 = EDGE_CURVE('',#7069,#6446,#7071,.T.);
#7069 = VERTEX_POINT('',#7070);
#7070 = CARTESIAN_POINT('',(4.275,3.,-2.9));
#7071 = LINE('',#7072,#7073);
#7072 = CARTESIAN_POINT('',(4.275,4.5,-2.9));
#7073 = VECTOR('',#7074,1.);
#7074 = DIRECTION('',(-0.,-1.,-0.));
#7075 = ORIENTED_EDGE('',*,*,#7076,.F.);
#7076 = EDGE_CURVE('',#7077,#6446,#7079,.T.);
#7077 = VERTEX_POINT('',#7078);
#7078 = CARTESIAN_POINT('',(4.275,0.,-2.9));
#7079 = LINE('',#7080,#7081);
#7080 = CARTESIAN_POINT('',(4.275,-1.252996408614,-2.9));
#7081 = VECTOR('',#7082,1.);
#7082 = DIRECTION('',(-0.,1.,-0.));
#7083 = ORIENTED_EDGE('',*,*,#7084,.F.);
#7084 = EDGE_CURVE('',#7085,#7077,#7087,.T.);
#7085 = VERTEX_POINT('',#7086);
#7086 = CARTESIAN_POINT('',(3.175,0.,-2.9));
#7087 = LINE('',#7088,#7089);
#7088 = CARTESIAN_POINT('',(4.275,0.,-2.9));
#7089 = VECTOR('',#7090,1.);
#7090 = DIRECTION('',(1.,0.,-3.942553354493E-16));
#7091 = ORIENTED_EDGE('',*,*,#7092,.T.);
#7092 = EDGE_CURVE('',#7085,#6665,#7093,.T.);
#7093 = LINE('',#7094,#7095);
#7094 = CARTESIAN_POINT('',(3.175,-1.252996408614,-2.9));
#7095 = VECTOR('',#7096,1.);
#7096 = DIRECTION('',(-0.,1.,-0.));
#7097 = ORIENTED_EDGE('',*,*,#6664,.T.);
#7098 = ORIENTED_EDGE('',*,*,#7099,.T.);
#7099 = EDGE_CURVE('',#6657,#6963,#7100,.T.);
#7100 = LINE('',#7101,#7102);
#7101 = CARTESIAN_POINT('',(1.5,0.5,-2.9));
#7102 = VECTOR('',#7103,1.);
#7103 = DIRECTION('',(2.55106393526E-16,1.,0.));
#7104 = ORIENTED_EDGE('',*,*,#6962,.T.);
#7105 = ORIENTED_EDGE('',*,*,#7106,.F.);
#7106 = EDGE_CURVE('',#7107,#6955,#7109,.T.);
#7107 = VERTEX_POINT('',#7108);
#7108 = CARTESIAN_POINT('',(1.3,-1.15,-2.9));
#7109 = LINE('',#7110,#7111);
#7110 = CARTESIAN_POINT('',(1.3,-1.15,-2.9));
#7111 = VECTOR('',#7112,1.);
#7112 = DIRECTION('',(0.,1.,-2.628368902995E-16));
#7113 = ORIENTED_EDGE('',*,*,#7114,.T.);
#7114 = EDGE_CURVE('',#7107,#7115,#7117,.T.);
#7115 = VERTEX_POINT('',#7116);
#7116 = CARTESIAN_POINT('',(0.35,-1.15,-2.9));
#7117 = LINE('',#7118,#7119);
#7118 = CARTESIAN_POINT('',(1.3,-1.15,-2.9));
#7119 = VECTOR('',#7120,1.);
#7120 = DIRECTION('',(-1.,-0.,-0.));
#7121 = ORIENTED_EDGE('',*,*,#7122,.T.);
#7122 = EDGE_CURVE('',#7115,#7123,#7125,.T.);
#7123 = VERTEX_POINT('',#7124);
#7124 = CARTESIAN_POINT('',(0.35,1.35,-2.9));
#7125 = LINE('',#7126,#7127);
#7126 = CARTESIAN_POINT('',(0.35,1.35,-2.9));
#7127 = VECTOR('',#7128,1.);
#7128 = DIRECTION('',(-0.,1.,-0.));
#7129 = ORIENTED_EDGE('',*,*,#7130,.T.);
#7130 = EDGE_CURVE('',#7123,#7131,#7133,.T.);
#7131 = VERTEX_POINT('',#7132);
#7132 = CARTESIAN_POINT('',(0.15,1.35,-2.9));
#7133 = LINE('',#7134,#7135);
#7134 = CARTESIAN_POINT('',(0.15,1.35,-2.9));
#7135 = VECTOR('',#7136,1.);
#7136 = DIRECTION('',(-1.,-0.,0.));
#7137 = ORIENTED_EDGE('',*,*,#7138,.T.);
#7138 = EDGE_CURVE('',#7131,#6617,#7139,.T.);
#7139 = LINE('',#7140,#7141);
#7140 = CARTESIAN_POINT('',(0.15,0.5,-2.9));
#7141 = VECTOR('',#7142,1.);
#7142 = DIRECTION('',(2.55106393526E-16,-1.,0.));
#7143 = ORIENTED_EDGE('',*,*,#6616,.T.);
#7144 = ORIENTED_EDGE('',*,*,#7145,.T.);
#7145 = EDGE_CURVE('',#6609,#7146,#7148,.T.);
#7146 = VERTEX_POINT('',#7147);
#7147 = CARTESIAN_POINT('',(-2.875,0.,-2.9));
#7148 = LINE('',#7149,#7150);
#7149 = CARTESIAN_POINT('',(-2.875,0.,-2.9));
#7150 = VECTOR('',#7151,1.);
#7151 = DIRECTION('',(5.20417042793E-15,-1.,-0.));
#7152 = ORIENTED_EDGE('',*,*,#7153,.T.);
#7153 = EDGE_CURVE('',#7146,#7154,#7156,.T.);
#7154 = VERTEX_POINT('',#7155);
#7155 = CARTESIAN_POINT('',(-4.025,0.,-2.9));
#7156 = LINE('',#7157,#7158);
#7157 = CARTESIAN_POINT('',(-4.275,0.,-2.9));
#7158 = VECTOR('',#7159,1.);
#7159 = DIRECTION('',(-1.,-0.,1.014458173086E-16));
#7160 = ORIENTED_EDGE('',*,*,#7161,.T.);
#7161 = EDGE_CURVE('',#7154,#7162,#7164,.T.);
#7162 = VERTEX_POINT('',#7163);
#7163 = CARTESIAN_POINT('',(-4.025,3.,-2.9));
#7164 = LINE('',#7165,#7166);
#7165 = CARTESIAN_POINT('',(-4.025,4.5,-2.9));
#7166 = VECTOR('',#7167,1.);
#7167 = DIRECTION('',(-0.,1.,-0.));
#7168 = ORIENTED_EDGE('',*,*,#7169,.T.);
#7169 = EDGE_CURVE('',#7162,#7069,#7170,.T.);
#7170 = LINE('',#7171,#7172);
#7171 = CARTESIAN_POINT('',(-4.275,3.,-2.9));
#7172 = VECTOR('',#7173,1.);
#7173 = DIRECTION('',(1.,0.,-1.014458173086E-16));
#7174 = PLANE('',#7175);
#7175 = AXIS2_PLACEMENT_3D('',#7176,#7177,#7178);
#7176 = CARTESIAN_POINT('',(-4.275,4.5,-2.9));
#7177 = DIRECTION('',(1.014458173086E-16,-0.,1.));
#7178 = DIRECTION('',(1.,0.,-1.014458173086E-16));
#7179 = ADVANCED_FACE('',(#7180),#7208,.T.);
#7180 = FACE_BOUND('',#7181,.T.);
#7181 = EDGE_LOOP('',(#7182,#7192,#7201));
#7182 = ORIENTED_EDGE('',*,*,#7183,.F.);
#7183 = EDGE_CURVE('',#7184,#7186,#7188,.T.);
#7184 = VERTEX_POINT('',#7185);
#7185 = CARTESIAN_POINT('',(-4.275,0.,2.410479081662));
#7186 = VERTEX_POINT('',#7187);
#7187 = CARTESIAN_POINT('',(-4.275,0.,2.45));
#7188 = LINE('',#7189,#7190);
#7189 = CARTESIAN_POINT('',(-4.275,0.,2.9));
#7190 = VECTOR('',#7191,1.);
#7191 = DIRECTION('',(-0.,-0.,1.));
#7192 = ORIENTED_EDGE('',*,*,#7193,.T.);
#7193 = EDGE_CURVE('',#7184,#7194,#7196,.T.);
#7194 = VERTEX_POINT('',#7195);
#7195 = CARTESIAN_POINT('',(-4.249264068712,-2.211389440686E-14,2.3));
#7196 = CIRCLE('',#7197,0.25);
#7197 = AXIS2_PLACEMENT_3D('',#7198,#7199,#7200);
#7198 = CARTESIAN_POINT('',(-4.025,0.,2.410479081662));
#7199 = DIRECTION('',(0.,-1.,0.));
#7200 = DIRECTION('',(0.,0.,-1.));
#7201 = ORIENTED_EDGE('',*,*,#7202,.T.);
#7202 = EDGE_CURVE('',#7194,#7186,#7203,.T.);
#7203 = CIRCLE('',#7204,0.45);
#7204 = AXIS2_PLACEMENT_3D('',#7205,#7206,#7207);
#7205 = CARTESIAN_POINT('',(-3.825,0.,2.45));
#7206 = DIRECTION('',(-0.,1.,0.));
#7207 = DIRECTION('',(1.927470528863E-15,0.,-1.));
#7208 = PLANE('',#7209);
#7209 = AXIS2_PLACEMENT_3D('',#7210,#7211,#7212);
#7210 = CARTESIAN_POINT('',(0.,0.,0.));
#7211 = DIRECTION('',(0.,-1.,0.));
#7212 = DIRECTION('',(0.,-0.,-1.));
#7213 = ADVANCED_FACE('',(#7214),#7246,.T.);
#7214 = FACE_BOUND('',#7215,.T.);
#7215 = EDGE_LOOP('',(#7216,#7224,#7233,#7239));
#7216 = ORIENTED_EDGE('',*,*,#7217,.F.);
#7217 = EDGE_CURVE('',#7218,#6423,#7220,.T.);
#7218 = VERTEX_POINT('',#7219);
#7219 = CARTESIAN_POINT('',(-4.025,0.,2.9));
#7220 = LINE('',#7221,#7222);
#7221 = CARTESIAN_POINT('',(-4.275,0.,2.9));
#7222 = VECTOR('',#7223,1.);
#7223 = DIRECTION('',(1.,0.,1.014458173086E-16));
#7224 = ORIENTED_EDGE('',*,*,#7225,.T.);
#7225 = EDGE_CURVE('',#7218,#7226,#7228,.T.);
#7226 = VERTEX_POINT('',#7227);
#7227 = CARTESIAN_POINT('',(-4.275,0.,2.65));
#7228 = CIRCLE('',#7229,0.25);
#7229 = AXIS2_PLACEMENT_3D('',#7230,#7231,#7232);
#7230 = CARTESIAN_POINT('',(-4.025,0.,2.65));
#7231 = DIRECTION('',(0.,-1.,0.));
#7232 = DIRECTION('',(0.,0.,-1.));
#7233 = ORIENTED_EDGE('',*,*,#7234,.F.);
#7234 = EDGE_CURVE('',#7186,#7226,#7235,.T.);
#7235 = LINE('',#7236,#7237);
#7236 = CARTESIAN_POINT('',(-4.275,0.,2.9));
#7237 = VECTOR('',#7238,1.);
#7238 = DIRECTION('',(-0.,-0.,1.));
#7239 = ORIENTED_EDGE('',*,*,#7240,.T.);
#7240 = EDGE_CURVE('',#7186,#6423,#7241,.T.);
#7241 = CIRCLE('',#7242,0.45);
#7242 = AXIS2_PLACEMENT_3D('',#7243,#7244,#7245);
#7243 = CARTESIAN_POINT('',(-3.825,0.,2.45));
#7244 = DIRECTION('',(-0.,1.,0.));
#7245 = DIRECTION('',(0.,0.,-1.));
#7246 = PLANE('',#7247);
#7247 = AXIS2_PLACEMENT_3D('',#7248,#7249,#7250);
#7248 = CARTESIAN_POINT('',(0.,0.,0.));
#7249 = DIRECTION('',(0.,-1.,0.));
#7250 = DIRECTION('',(0.,-0.,-1.));
#7251 = ADVANCED_FACE('',(#7252),#7270,.F.);
#7252 = FACE_BOUND('',#7253,.T.);
#7253 = EDGE_LOOP('',(#7254,#7255,#7256,#7264));
#7254 = ORIENTED_EDGE('',*,*,#6414,.F.);
#7255 = ORIENTED_EDGE('',*,*,#6567,.T.);
#7256 = ORIENTED_EDGE('',*,*,#7257,.F.);
#7257 = EDGE_CURVE('',#7258,#6560,#7260,.T.);
#7258 = VERTEX_POINT('',#7259);
#7259 = CARTESIAN_POINT('',(-2.875,-1.49619899803E-14,2.3));
#7260 = LINE('',#7261,#7262);
#7261 = CARTESIAN_POINT('',(-2.875,4.51028103754E-15,2.3));
#7262 = VECTOR('',#7263,1.);
#7263 = DIRECTION('',(-5.20417042793E-15,1.,-8.673617379884E-16));
#7264 = ORIENTED_EDGE('',*,*,#7265,.F.);
#7265 = EDGE_CURVE('',#6415,#7258,#7266,.T.);
#7266 = LINE('',#7267,#7268);
#7267 = CARTESIAN_POINT('',(-4.275,-2.22478285794E-14,2.3));
#7268 = VECTOR('',#7269,1.);
#7269 = DIRECTION('',(1.,5.20417042793E-15,-0.));
#7270 = PLANE('',#7271);
#7271 = AXIS2_PLACEMENT_3D('',#7272,#7273,#7274);
#7272 = CARTESIAN_POINT('',(-4.275,0.5,2.3));
#7273 = DIRECTION('',(-4.513898307158E-30,8.673617379884E-16,1.));
#7274 = DIRECTION('',(0.,-1.,8.673617379884E-16));
#7275 = ADVANCED_FACE('',(#7276),#7294,.T.);
#7276 = FACE_BOUND('',#7277,.T.);
#7277 = EDGE_LOOP('',(#7278,#7286,#7287,#7288));
#7278 = ORIENTED_EDGE('',*,*,#7279,.F.);
#7279 = EDGE_CURVE('',#6423,#7280,#7282,.T.);
#7280 = VERTEX_POINT('',#7281);
#7281 = CARTESIAN_POINT('',(-2.875,0.,2.9));
#7282 = LINE('',#7283,#7284);
#7283 = CARTESIAN_POINT('',(-4.275,0.,2.9));
#7284 = VECTOR('',#7285,1.);
#7285 = DIRECTION('',(1.,0.,1.014458173086E-16));
#7286 = ORIENTED_EDGE('',*,*,#6422,.T.);
#7287 = ORIENTED_EDGE('',*,*,#7265,.T.);
#7288 = ORIENTED_EDGE('',*,*,#7289,.T.);
#7289 = EDGE_CURVE('',#7258,#7280,#7290,.T.);
#7290 = LINE('',#7291,#7292);
#7291 = CARTESIAN_POINT('',(-2.875,0.,-2.9));
#7292 = VECTOR('',#7293,1.);
#7293 = DIRECTION('',(-0.,-0.,1.));
#7294 = PLANE('',#7295);
#7295 = AXIS2_PLACEMENT_3D('',#7296,#7297,#7298);
#7296 = CARTESIAN_POINT('',(0.,0.,0.));
#7297 = DIRECTION('',(0.,-1.,0.));
#7298 = DIRECTION('',(0.,-0.,-1.));
#7299 = ADVANCED_FACE('',(#7300),#7334,.T.);
#7300 = FACE_BOUND('',#7301,.T.);
#7301 = EDGE_LOOP('',(#7302,#7312,#7320,#7328));
#7302 = ORIENTED_EDGE('',*,*,#7303,.T.);
#7303 = EDGE_CURVE('',#7304,#7306,#7308,.T.);
#7304 = VERTEX_POINT('',#7305);
#7305 = CARTESIAN_POINT('',(3.175,1.652324110868E-14,2.3));
#7306 = VERTEX_POINT('',#7307);
#7307 = CARTESIAN_POINT('',(4.275,2.22478285794E-14,2.3));
#7308 = LINE('',#7309,#7310);
#7309 = CARTESIAN_POINT('',(-4.275,-2.22478285794E-14,2.3));
#7310 = VECTOR('',#7311,1.);
#7311 = DIRECTION('',(1.,5.20417042793E-15,-0.));
#7312 = ORIENTED_EDGE('',*,*,#7313,.T.);
#7313 = EDGE_CURVE('',#7306,#7314,#7316,.T.);
#7314 = VERTEX_POINT('',#7315);
#7315 = CARTESIAN_POINT('',(4.275,0.,2.9));
#7316 = LINE('',#7317,#7318);
#7317 = CARTESIAN_POINT('',(4.275,0.,-2.9));
#7318 = VECTOR('',#7319,1.);
#7319 = DIRECTION('',(-0.,-0.,1.));
#7320 = ORIENTED_EDGE('',*,*,#7321,.F.);
#7321 = EDGE_CURVE('',#7322,#7314,#7324,.T.);
#7322 = VERTEX_POINT('',#7323);
#7323 = CARTESIAN_POINT('',(3.175,0.,2.9));
#7324 = LINE('',#7325,#7326);
#7325 = CARTESIAN_POINT('',(-4.275,0.,2.9));
#7326 = VECTOR('',#7327,1.);
#7327 = DIRECTION('',(1.,0.,1.014458173086E-16));
#7328 = ORIENTED_EDGE('',*,*,#7329,.F.);
#7329 = EDGE_CURVE('',#7304,#7322,#7330,.T.);
#7330 = LINE('',#7331,#7332);
#7331 = CARTESIAN_POINT('',(3.175,0.,-2.9));
#7332 = VECTOR('',#7333,1.);
#7333 = DIRECTION('',(-0.,-0.,1.));
#7334 = PLANE('',#7335);
#7335 = AXIS2_PLACEMENT_3D('',#7336,#7337,#7338);
#7336 = CARTESIAN_POINT('',(0.,0.,0.));
#7337 = DIRECTION('',(0.,-1.,0.));
#7338 = DIRECTION('',(0.,-0.,-1.));
#7339 = ADVANCED_FACE('',(#7340),#7356,.F.);
#7340 = FACE_BOUND('',#7341,.T.);
#7341 = EDGE_LOOP('',(#7342,#7343,#7349,#7350));
#7342 = ORIENTED_EDGE('',*,*,#7313,.F.);
#7343 = ORIENTED_EDGE('',*,*,#7344,.F.);
#7344 = EDGE_CURVE('',#6480,#7306,#7345,.T.);
#7345 = LINE('',#7346,#7347);
#7346 = CARTESIAN_POINT('',(4.275,0.5,2.3));
#7347 = VECTOR('',#7348,1.);
#7348 = DIRECTION('',(5.204170427931E-15,-1.,8.673617379884E-16));
#7349 = ORIENTED_EDGE('',*,*,#6479,.T.);
#7350 = ORIENTED_EDGE('',*,*,#7351,.F.);
#7351 = EDGE_CURVE('',#7314,#6472,#7352,.T.);
#7352 = LINE('',#7353,#7354);
#7353 = CARTESIAN_POINT('',(4.275,4.5,2.9));
#7354 = VECTOR('',#7355,1.);
#7355 = DIRECTION('',(-5.20417042793E-15,1.,5.20417042793E-15));
#7356 = PLANE('',#7357);
#7357 = AXIS2_PLACEMENT_3D('',#7358,#7359,#7360);
#7358 = CARTESIAN_POINT('',(4.275,0.5,-2.9));
#7359 = DIRECTION('',(-1.,-5.20417042793E-15,0.));
#7360 = DIRECTION('',(5.20417042793E-15,-1.,0.));
#7361 = ADVANCED_FACE('',(#7362),#7373,.F.);
#7362 = FACE_BOUND('',#7363,.T.);
#7363 = EDGE_LOOP('',(#7364,#7365,#7366,#7367));
#7364 = ORIENTED_EDGE('',*,*,#7289,.F.);
#7365 = ORIENTED_EDGE('',*,*,#7257,.T.);
#7366 = ORIENTED_EDGE('',*,*,#6559,.T.);
#7367 = ORIENTED_EDGE('',*,*,#7368,.F.);
#7368 = EDGE_CURVE('',#7280,#6552,#7369,.T.);
#7369 = LINE('',#7370,#7371);
#7370 = CARTESIAN_POINT('',(-2.875,4.5,2.9));
#7371 = VECTOR('',#7372,1.);
#7372 = DIRECTION('',(-5.20417042793E-15,1.,-5.279413224746E-31));
#7373 = PLANE('',#7374);
#7374 = AXIS2_PLACEMENT_3D('',#7375,#7376,#7377);
#7375 = CARTESIAN_POINT('',(-2.875,0.,-2.9));
#7376 = DIRECTION('',(-1.,-5.20417042793E-15,0.));
#7377 = DIRECTION('',(5.20417042793E-15,-1.,0.));
#7378 = ADVANCED_FACE('',(#7379),#7395,.F.);
#7379 = FACE_BOUND('',#7380,.T.);
#7380 = EDGE_LOOP('',(#7381,#7382,#7388,#7389));
#7381 = ORIENTED_EDGE('',*,*,#6495,.F.);
#7382 = ORIENTED_EDGE('',*,*,#7383,.T.);
#7383 = EDGE_CURVE('',#6488,#7304,#7384,.T.);
#7384 = LINE('',#7385,#7386);
#7385 = CARTESIAN_POINT('',(3.175,4.51028103754E-15,2.3));
#7386 = VECTOR('',#7387,1.);
#7387 = DIRECTION('',(0.,-1.,8.673617379884E-16));
#7388 = ORIENTED_EDGE('',*,*,#7329,.T.);
#7389 = ORIENTED_EDGE('',*,*,#7390,.F.);
#7390 = EDGE_CURVE('',#6496,#7322,#7391,.T.);
#7391 = LINE('',#7392,#7393);
#7392 = CARTESIAN_POINT('',(3.175,4.5,2.9));
#7393 = VECTOR('',#7394,1.);
#7394 = DIRECTION('',(0.,-1.,0.));
#7395 = PLANE('',#7396);
#7396 = AXIS2_PLACEMENT_3D('',#7397,#7398,#7399);
#7397 = CARTESIAN_POINT('',(3.175,0.,-2.9));
#7398 = DIRECTION('',(1.,-0.,0.));
#7399 = DIRECTION('',(0.,0.,-1.));
#7400 = ADVANCED_FACE('',(#7401),#7435,.T.);
#7401 = FACE_BOUND('',#7402,.T.);
#7402 = EDGE_LOOP('',(#7403,#7413,#7420,#7421,#7429));
#7403 = ORIENTED_EDGE('',*,*,#7404,.F.);
#7404 = EDGE_CURVE('',#7405,#7407,#7409,.T.);
#7405 = VERTEX_POINT('',#7406);
#7406 = CARTESIAN_POINT('',(-4.275,0.,-2.65));
#7407 = VERTEX_POINT('',#7408);
#7408 = CARTESIAN_POINT('',(-4.275,-2.22478285794E-14,-2.3));
#7409 = LINE('',#7410,#7411);
#7410 = CARTESIAN_POINT('',(-4.275,0.,2.9));
#7411 = VECTOR('',#7412,1.);
#7412 = DIRECTION('',(-0.,-0.,1.));
#7413 = ORIENTED_EDGE('',*,*,#7414,.T.);
#7414 = EDGE_CURVE('',#7405,#7154,#7415,.T.);
#7415 = CIRCLE('',#7416,0.25);
#7416 = AXIS2_PLACEMENT_3D('',#7417,#7418,#7419);
#7417 = CARTESIAN_POINT('',(-4.025,0.,-2.65));
#7418 = DIRECTION('',(0.,-1.,0.));
#7419 = DIRECTION('',(0.,0.,-1.));
#7420 = ORIENTED_EDGE('',*,*,#7153,.F.);
#7421 = ORIENTED_EDGE('',*,*,#7422,.T.);
#7422 = EDGE_CURVE('',#7146,#7423,#7425,.T.);
#7423 = VERTEX_POINT('',#7424);
#7424 = CARTESIAN_POINT('',(-2.875,0.,-2.3));
#7425 = LINE('',#7426,#7427);
#7426 = CARTESIAN_POINT('',(-2.875,0.,-2.9));
#7427 = VECTOR('',#7428,1.);
#7428 = DIRECTION('',(-0.,-0.,1.));
#7429 = ORIENTED_EDGE('',*,*,#7430,.F.);
#7430 = EDGE_CURVE('',#7407,#7423,#7431,.T.);
#7431 = LINE('',#7432,#7433);
#7432 = CARTESIAN_POINT('',(-4.275,-2.22478285794E-14,-2.3));
#7433 = VECTOR('',#7434,1.);
#7434 = DIRECTION('',(1.,5.20417042793E-15,-0.));
#7435 = PLANE('',#7436);
#7436 = AXIS2_PLACEMENT_3D('',#7437,#7438,#7439);
#7437 = CARTESIAN_POINT('',(0.,0.,0.));
#7438 = DIRECTION('',(0.,-1.,0.));
#7439 = DIRECTION('',(0.,-0.,-1.));
#7440 = ADVANCED_FACE('',(#7441),#7481,.F.);
#7441 = FACE_BOUND('',#7442,.T.);
#7442 = EDGE_LOOP('',(#7443,#7453,#7459,#7460,#7466,#7467,#7473,#7474,
    #7475));
#7443 = ORIENTED_EDGE('',*,*,#7444,.T.);
#7444 = EDGE_CURVE('',#7445,#7447,#7449,.T.);
#7445 = VERTEX_POINT('',#7446);
#7446 = CARTESIAN_POINT('',(-4.275,3.,2.65));
#7447 = VERTEX_POINT('',#7448);
#7448 = CARTESIAN_POINT('',(-4.275,3.,-2.65));
#7449 = LINE('',#7450,#7451);
#7450 = CARTESIAN_POINT('',(-4.275,3.,2.9));
#7451 = VECTOR('',#7452,1.);
#7452 = DIRECTION('',(0.,0.,-1.));
#7453 = ORIENTED_EDGE('',*,*,#7454,.T.);
#7454 = EDGE_CURVE('',#7447,#7405,#7455,.T.);
#7455 = LINE('',#7456,#7457);
#7456 = CARTESIAN_POINT('',(-4.275,4.5,-2.65));
#7457 = VECTOR('',#7458,1.);
#7458 = DIRECTION('',(-0.,-1.,0.));
#7459 = ORIENTED_EDGE('',*,*,#7404,.T.);
#7460 = ORIENTED_EDGE('',*,*,#7461,.T.);
#7461 = EDGE_CURVE('',#7407,#6593,#7462,.T.);
#7462 = LINE('',#7463,#7464);
#7463 = CARTESIAN_POINT('',(-4.275,0.5,-2.3));
#7464 = VECTOR('',#7465,1.);
#7465 = DIRECTION('',(-5.204170427931E-15,1.,4.336808689942E-15));
#7466 = ORIENTED_EDGE('',*,*,#6592,.T.);
#7467 = ORIENTED_EDGE('',*,*,#7468,.T.);
#7468 = EDGE_CURVE('',#6584,#7184,#7469,.T.);
#7469 = LINE('',#7470,#7471);
#7470 = CARTESIAN_POINT('',(-4.275,4.5,2.410479081662));
#7471 = VECTOR('',#7472,1.);
#7472 = DIRECTION('',(-0.,-1.,-0.));
#7473 = ORIENTED_EDGE('',*,*,#7183,.T.);
#7474 = ORIENTED_EDGE('',*,*,#7234,.T.);
#7475 = ORIENTED_EDGE('',*,*,#7476,.T.);
#7476 = EDGE_CURVE('',#7226,#7445,#7477,.T.);
#7477 = LINE('',#7478,#7479);
#7478 = CARTESIAN_POINT('',(-4.275,4.5,2.65));
#7479 = VECTOR('',#7480,1.);
#7480 = DIRECTION('',(0.,1.,-0.));
#7481 = PLANE('',#7482);
#7482 = AXIS2_PLACEMENT_3D('',#7483,#7484,#7485);
#7483 = CARTESIAN_POINT('',(-4.275,4.5,2.9));
#7484 = DIRECTION('',(1.,-0.,0.));
#7485 = DIRECTION('',(0.,0.,-1.));
#7486 = ADVANCED_FACE('',(#7487),#7564,.F.);
#7487 = FACE_BOUND('',#7488,.T.);
#7488 = EDGE_LOOP('',(#7489,#7499,#7505,#7506,#7507,#7508,#7509,#7517,
    #7525,#7533,#7541,#7547,#7548,#7554,#7555,#7556,#7557,#7558));
#7489 = ORIENTED_EDGE('',*,*,#7490,.T.);
#7490 = EDGE_CURVE('',#7491,#7493,#7495,.T.);
#7491 = VERTEX_POINT('',#7492);
#7492 = CARTESIAN_POINT('',(4.275,3.,2.9));
#7493 = VERTEX_POINT('',#7494);
#7494 = CARTESIAN_POINT('',(-4.025,3.,2.9));
#7495 = LINE('',#7496,#7497);
#7496 = CARTESIAN_POINT('',(-4.275,3.,2.9));
#7497 = VECTOR('',#7498,1.);
#7498 = DIRECTION('',(-1.,0.,-1.014458173086E-16));
#7499 = ORIENTED_EDGE('',*,*,#7500,.T.);
#7500 = EDGE_CURVE('',#7493,#7218,#7501,.T.);
#7501 = LINE('',#7502,#7503);
#7502 = CARTESIAN_POINT('',(-4.025,4.5,2.9));
#7503 = VECTOR('',#7504,1.);
#7504 = DIRECTION('',(0.,-1.,0.));
#7505 = ORIENTED_EDGE('',*,*,#7217,.T.);
#7506 = ORIENTED_EDGE('',*,*,#7279,.T.);
#7507 = ORIENTED_EDGE('',*,*,#7368,.T.);
#7508 = ORIENTED_EDGE('',*,*,#6551,.T.);
#7509 = ORIENTED_EDGE('',*,*,#7510,.F.);
#7510 = EDGE_CURVE('',#7511,#6544,#7513,.T.);
#7511 = VERTEX_POINT('',#7512);
#7512 = CARTESIAN_POINT('',(0.15,1.35,2.9));
#7513 = LINE('',#7514,#7515);
#7514 = CARTESIAN_POINT('',(0.15,0.5,2.9));
#7515 = VECTOR('',#7516,1.);
#7516 = DIRECTION('',(2.55106393526E-16,-1.,-0.));
#7517 = ORIENTED_EDGE('',*,*,#7518,.F.);
#7518 = EDGE_CURVE('',#7519,#7511,#7521,.T.);
#7519 = VERTEX_POINT('',#7520);
#7520 = CARTESIAN_POINT('',(0.35,1.35,2.9));
#7521 = LINE('',#7522,#7523);
#7522 = CARTESIAN_POINT('',(0.15,1.35,2.9));
#7523 = VECTOR('',#7524,1.);
#7524 = DIRECTION('',(-1.,-0.,-0.));
#7525 = ORIENTED_EDGE('',*,*,#7526,.T.);
#7526 = EDGE_CURVE('',#7519,#7527,#7529,.T.);
#7527 = VERTEX_POINT('',#7528);
#7528 = CARTESIAN_POINT('',(0.35,-1.15,2.9));
#7529 = LINE('',#7530,#7531);
#7530 = CARTESIAN_POINT('',(0.35,-1.15,2.9));
#7531 = VECTOR('',#7532,1.);
#7532 = DIRECTION('',(-0.,-1.,-2.628368902995E-16));
#7533 = ORIENTED_EDGE('',*,*,#7534,.F.);
#7534 = EDGE_CURVE('',#7535,#7527,#7537,.T.);
#7535 = VERTEX_POINT('',#7536);
#7536 = CARTESIAN_POINT('',(1.3,-1.15,2.9));
#7537 = LINE('',#7538,#7539);
#7538 = CARTESIAN_POINT('',(1.3,-1.15,2.9));
#7539 = VECTOR('',#7540,1.);
#7540 = DIRECTION('',(-1.,-0.,-0.));
#7541 = ORIENTED_EDGE('',*,*,#7542,.F.);
#7542 = EDGE_CURVE('',#7009,#7535,#7543,.T.);
#7543 = LINE('',#7544,#7545);
#7544 = CARTESIAN_POINT('',(1.3,1.35,2.9));
#7545 = VECTOR('',#7546,1.);
#7546 = DIRECTION('',(0.,-1.,0.));
#7547 = ORIENTED_EDGE('',*,*,#7032,.F.);
#7548 = ORIENTED_EDGE('',*,*,#7549,.F.);
#7549 = EDGE_CURVE('',#6504,#7025,#7550,.T.);
#7550 = LINE('',#7551,#7552);
#7551 = CARTESIAN_POINT('',(1.5,0.5,2.9));
#7552 = VECTOR('',#7553,1.);
#7553 = DIRECTION('',(2.55106393526E-16,1.,0.));
#7554 = ORIENTED_EDGE('',*,*,#6503,.T.);
#7555 = ORIENTED_EDGE('',*,*,#7390,.T.);
#7556 = ORIENTED_EDGE('',*,*,#7321,.T.);
#7557 = ORIENTED_EDGE('',*,*,#7351,.T.);
#7558 = ORIENTED_EDGE('',*,*,#7559,.F.);
#7559 = EDGE_CURVE('',#7491,#6472,#7560,.T.);
#7560 = LINE('',#7561,#7562);
#7561 = CARTESIAN_POINT('',(4.275,4.5,2.9));
#7562 = VECTOR('',#7563,1.);
#7563 = DIRECTION('',(-0.,-1.,-0.));
#7564 = PLANE('',#7565);
#7565 = AXIS2_PLACEMENT_3D('',#7566,#7567,#7568);
#7566 = CARTESIAN_POINT('',(-4.275,4.5,2.9));
#7567 = DIRECTION('',(1.014458173086E-16,0.,-1.));
#7568 = DIRECTION('',(-1.,0.,-1.014458173086E-16));
#7569 = ADVANCED_FACE('',(#7570),#7605,.F.);
#7570 = FACE_BOUND('',#7571,.T.);
#7571 = EDGE_LOOP('',(#7572,#7582,#7591,#7597,#7598,#7599));
#7572 = ORIENTED_EDGE('',*,*,#7573,.T.);
#7573 = EDGE_CURVE('',#7574,#7576,#7578,.T.);
#7574 = VERTEX_POINT('',#7575);
#7575 = CARTESIAN_POINT('',(5.925,3.,1.25));
#7576 = VERTEX_POINT('',#7577);
#7577 = CARTESIAN_POINT('',(5.202394005536,4.031988310653,1.972605994464
    ));
#7578 = LINE('',#7579,#7580);
#7579 = CARTESIAN_POINT('',(5.444128111307,3.686756229335,1.730871888693
    ));
#7580 = VECTOR('',#7581,1.);
#7581 = DIRECTION('',(-0.497542812165,0.710564775462,0.497542812165));
#7582 = ORIENTED_EDGE('',*,*,#7583,.T.);
#7583 = EDGE_CURVE('',#7576,#7584,#7586,.T.);
#7584 = VERTEX_POINT('',#7585);
#7585 = CARTESIAN_POINT('',(4.997605994464,4.031988310653,2.177394005536
    ));
#7586 = ( BOUNDED_CURVE() B_SPLINE_CURVE(3,(#7587,#7588,#7589,#7590),
.UNSPECIFIED.,.F.,.F.) B_SPLINE_CURVE_WITH_KNOTS((4,4),(2.523811371301,
3.759373935879),.PIECEWISE_BEZIER_KNOTS.) CURVE() 
GEOMETRIC_REPRESENTATION_ITEM() RATIONAL_B_SPLINE_CURVE((1.,
0.876777070243,0.876777070243,1.)) REPRESENTATION_ITEM('') );
#7587 = CARTESIAN_POINT('',(5.202394005536,4.031988310653,1.972605994464
    ));
#7588 = CARTESIAN_POINT('',(5.138928179508,4.122626903592,2.036071820492
    ));
#7589 = CARTESIAN_POINT('',(5.061071820492,4.122626903592,2.113928179508
    ));
#7590 = CARTESIAN_POINT('',(4.997605994464,4.031988310653,2.177394005536
    ));
#7591 = ORIENTED_EDGE('',*,*,#7592,.T.);
#7592 = EDGE_CURVE('',#7584,#7491,#7593,.T.);
#7593 = LINE('',#7594,#7595);
#7594 = CARTESIAN_POINT('',(4.007036617635,2.617308629595,3.167963382365
    ));
#7595 = VECTOR('',#7596,1.);
#7596 = DIRECTION('',(-0.497542812165,-0.710564775462,0.497542812165));
#7597 = ORIENTED_EDGE('',*,*,#7559,.T.);
#7598 = ORIENTED_EDGE('',*,*,#6471,.T.);
#7599 = ORIENTED_EDGE('',*,*,#7600,.F.);
#7600 = EDGE_CURVE('',#7574,#6464,#7601,.T.);
#7601 = LINE('',#7602,#7603);
#7602 = CARTESIAN_POINT('',(5.925,4.5,1.25));
#7603 = VECTOR('',#7604,1.);
#7604 = DIRECTION('',(-0.,-1.,-0.));
#7605 = PLANE('',#7606);
#7606 = AXIS2_PLACEMENT_3D('',#7607,#7608,#7609);
#7607 = CARTESIAN_POINT('',(5.925,4.5,1.25));
#7608 = DIRECTION('',(-0.707106781187,0.,-0.707106781187));
#7609 = DIRECTION('',(-0.707106781187,0.,0.707106781187));
#7610 = ADVANCED_FACE('',(#7611),#7629,.F.);
#7611 = FACE_BOUND('',#7612,.T.);
#7612 = EDGE_LOOP('',(#7613,#7621,#7627,#7628));
#7613 = ORIENTED_EDGE('',*,*,#7614,.F.);
#7614 = EDGE_CURVE('',#7615,#6456,#7617,.T.);
#7615 = VERTEX_POINT('',#7616);
#7616 = CARTESIAN_POINT('',(5.925,3.,-1.25));
#7617 = LINE('',#7618,#7619);
#7618 = CARTESIAN_POINT('',(5.925,4.5,-1.25));
#7619 = VECTOR('',#7620,1.);
#7620 = DIRECTION('',(-0.,-1.,-0.));
#7621 = ORIENTED_EDGE('',*,*,#7622,.T.);
#7622 = EDGE_CURVE('',#7615,#7574,#7623,.T.);
#7623 = LINE('',#7624,#7625);
#7624 = CARTESIAN_POINT('',(5.925,3.,1.25));
#7625 = VECTOR('',#7626,1.);
#7626 = DIRECTION('',(0.,0.,1.));
#7627 = ORIENTED_EDGE('',*,*,#7600,.T.);
#7628 = ORIENTED_EDGE('',*,*,#6463,.F.);
#7629 = PLANE('',#7630);
#7630 = AXIS2_PLACEMENT_3D('',#7631,#7632,#7633);
#7631 = CARTESIAN_POINT('',(5.925,4.5,1.25));
#7632 = DIRECTION('',(-1.,0.,0.));
#7633 = DIRECTION('',(0.,0.,1.));
#7634 = ADVANCED_FACE('',(#7635),#7663,.F.);
#7635 = FACE_BOUND('',#7636,.T.);
#7636 = EDGE_LOOP('',(#7637,#7645,#7654,#7660,#7661,#7662));
#7637 = ORIENTED_EDGE('',*,*,#7638,.T.);
#7638 = EDGE_CURVE('',#7069,#7639,#7641,.T.);
#7639 = VERTEX_POINT('',#7640);
#7640 = CARTESIAN_POINT('',(4.997605994464,4.031988310653,
    -2.177394005536));
#7641 = LINE('',#7642,#7643);
#7642 = CARTESIAN_POINT('',(4.007036617635,2.617308629595,
    -3.167963382365));
#7643 = VECTOR('',#7644,1.);
#7644 = DIRECTION('',(0.497542812165,0.710564775462,0.497542812165));
#7645 = ORIENTED_EDGE('',*,*,#7646,.T.);
#7646 = EDGE_CURVE('',#7639,#7647,#7649,.T.);
#7647 = VERTEX_POINT('',#7648);
#7648 = CARTESIAN_POINT('',(5.202394005536,4.031988310653,
    -1.972605994464));
#7649 = ( BOUNDED_CURVE() B_SPLINE_CURVE(3,(#7650,#7651,#7652,#7653),
.UNSPECIFIED.,.F.,.F.) B_SPLINE_CURVE_WITH_KNOTS((4,4),(5.665404024891,
6.900966589468),.PIECEWISE_BEZIER_KNOTS.) CURVE() 
GEOMETRIC_REPRESENTATION_ITEM() RATIONAL_B_SPLINE_CURVE((1.,
0.876777070243,0.876777070243,1.)) REPRESENTATION_ITEM('') );
#7650 = CARTESIAN_POINT('',(4.997605994464,4.031988310653,
    -2.177394005536));
#7651 = CARTESIAN_POINT('',(5.061071820492,4.122626903592,
    -2.113928179508));
#7652 = CARTESIAN_POINT('',(5.138928179508,4.122626903592,
    -2.036071820492));
#7653 = CARTESIAN_POINT('',(5.202394005536,4.031988310653,
    -1.972605994464));
#7654 = ORIENTED_EDGE('',*,*,#7655,.T.);
#7655 = EDGE_CURVE('',#7647,#7615,#7656,.T.);
#7656 = LINE('',#7657,#7658);
#7657 = CARTESIAN_POINT('',(5.444128111307,3.686756229335,
    -1.730871888693));
#7658 = VECTOR('',#7659,1.);
#7659 = DIRECTION('',(0.497542812165,-0.710564775462,0.497542812165));
#7660 = ORIENTED_EDGE('',*,*,#7614,.T.);
#7661 = ORIENTED_EDGE('',*,*,#6455,.T.);
#7662 = ORIENTED_EDGE('',*,*,#7068,.F.);
#7663 = PLANE('',#7664);
#7664 = AXIS2_PLACEMENT_3D('',#7665,#7666,#7667);
#7665 = CARTESIAN_POINT('',(4.275,4.5,-2.9));
#7666 = DIRECTION('',(-0.707106781187,0.,0.707106781187));
#7667 = DIRECTION('',(0.707106781187,0.,0.707106781187));
#7668 = ADVANCED_FACE('',(#7669),#7913,.F.);
#7669 = FACE_BOUND('',#7670,.T.);
#7670 = EDGE_LOOP('',(#7671,#7681,#7689,#7697,#7705,#7713,#7721,#7729,
    #7737,#7745,#7753,#7761,#7769,#7777,#7785,#7793,#7801,#7809,#7817,
    #7825,#7833,#7841,#7849,#7857,#7865,#7873,#7881,#7890,#7898,#7907));
#7671 = ORIENTED_EDGE('',*,*,#7672,.T.);
#7672 = EDGE_CURVE('',#7673,#7675,#7677,.T.);
#7673 = VERTEX_POINT('',#7674);
#7674 = CARTESIAN_POINT('',(0.975,4.5,-1.849688692685));
#7675 = VERTEX_POINT('',#7676);
#7676 = CARTESIAN_POINT('',(0.975,4.5,-0.55));
#7677 = LINE('',#7678,#7679);
#7678 = CARTESIAN_POINT('',(0.975,4.5,1.849688692685));
#7679 = VECTOR('',#7680,1.);
#7680 = DIRECTION('',(-0.,-0.,1.));
#7681 = ORIENTED_EDGE('',*,*,#7682,.F.);
#7682 = EDGE_CURVE('',#7683,#7675,#7685,.T.);
#7683 = VERTEX_POINT('',#7684);
#7684 = CARTESIAN_POINT('',(1.177072594216,4.5,-0.9));
#7685 = LINE('',#7686,#7687);
#7686 = CARTESIAN_POINT('',(1.177072594216,4.5,-0.9));
#7687 = VECTOR('',#7688,1.);
#7688 = DIRECTION('',(-0.5,0.,0.866025403784));
#7689 = ORIENTED_EDGE('',*,*,#7690,.F.);
#7690 = EDGE_CURVE('',#7691,#7683,#7693,.T.);
#7691 = VERTEX_POINT('',#7692);
#7692 = CARTESIAN_POINT('',(1.289226196675,4.5,-0.9));
#7693 = LINE('',#7694,#7695);
#7694 = CARTESIAN_POINT('',(1.289226196675,4.5,-0.9));
#7695 = VECTOR('',#7696,1.);
#7696 = DIRECTION('',(-1.,0.,-9.667118565207E-16));
#7697 = ORIENTED_EDGE('',*,*,#7698,.F.);
#7698 = EDGE_CURVE('',#7699,#7691,#7701,.T.);
#7699 = VERTEX_POINT('',#7700);
#7700 = CARTESIAN_POINT('',(1.575,4.5,-1.185773803325));
#7701 = LINE('',#7702,#7703);
#7702 = CARTESIAN_POINT('',(1.575,4.5,-1.185773803325));
#7703 = VECTOR('',#7704,1.);
#7704 = DIRECTION('',(-0.707106781187,0.,0.707106781187));
#7705 = ORIENTED_EDGE('',*,*,#7706,.F.);
#7706 = EDGE_CURVE('',#7707,#7699,#7709,.T.);
#7707 = VERTEX_POINT('',#7708);
#7708 = CARTESIAN_POINT('',(1.575,4.5,-1.297927405784));
#7709 = LINE('',#7710,#7711);
#7710 = CARTESIAN_POINT('',(1.575,4.5,-1.297927405784));
#7711 = VECTOR('',#7712,1.);
#7712 = DIRECTION('',(0.,0.,1.));
#7713 = ORIENTED_EDGE('',*,*,#7714,.F.);
#7714 = EDGE_CURVE('',#7715,#7707,#7717,.T.);
#7715 = VERTEX_POINT('',#7716);
#7716 = CARTESIAN_POINT('',(1.925,4.5,-1.5));
#7717 = LINE('',#7718,#7719);
#7718 = CARTESIAN_POINT('',(1.925,4.5,-1.5));
#7719 = VECTOR('',#7720,1.);
#7720 = DIRECTION('',(-0.866025403784,0.,0.5));
#7721 = ORIENTED_EDGE('',*,*,#7722,.F.);
#7722 = EDGE_CURVE('',#7723,#7715,#7725,.T.);
#7723 = VERTEX_POINT('',#7724);
#7724 = CARTESIAN_POINT('',(3.625,4.5,-1.5));
#7725 = LINE('',#7726,#7727);
#7726 = CARTESIAN_POINT('',(3.625,4.5,-1.5));
#7727 = VECTOR('',#7728,1.);
#7728 = DIRECTION('',(-1.,0.,2.55106393526E-16));
#7729 = ORIENTED_EDGE('',*,*,#7730,.F.);
#7730 = EDGE_CURVE('',#7731,#7723,#7733,.T.);
#7731 = VERTEX_POINT('',#7732);
#7732 = CARTESIAN_POINT('',(3.975,4.5,-1.297927405784));
#7733 = LINE('',#7734,#7735);
#7734 = CARTESIAN_POINT('',(3.975,4.5,-1.297927405784));
#7735 = VECTOR('',#7736,1.);
#7736 = DIRECTION('',(-0.866025403784,0.,-0.5));
#7737 = ORIENTED_EDGE('',*,*,#7738,.F.);
#7738 = EDGE_CURVE('',#7739,#7731,#7741,.T.);
#7739 = VERTEX_POINT('',#7740);
#7740 = CARTESIAN_POINT('',(3.975,4.5,-1.185773803325));
#7741 = LINE('',#7742,#7743);
#7742 = CARTESIAN_POINT('',(3.975,4.5,-1.185773803325));
#7743 = VECTOR('',#7744,1.);
#7744 = DIRECTION('',(0.,0.,-1.));
#7745 = ORIENTED_EDGE('',*,*,#7746,.F.);
#7746 = EDGE_CURVE('',#7747,#7739,#7749,.T.);
#7747 = VERTEX_POINT('',#7748);
#7748 = CARTESIAN_POINT('',(4.260773803325,4.5,-0.9));
#7749 = LINE('',#7750,#7751);
#7750 = CARTESIAN_POINT('',(4.260773803325,4.5,-0.9));
#7751 = VECTOR('',#7752,1.);
#7752 = DIRECTION('',(-0.707106781187,0.,-0.707106781187));
#7753 = ORIENTED_EDGE('',*,*,#7754,.F.);
#7754 = EDGE_CURVE('',#7755,#7747,#7757,.T.);
#7755 = VERTEX_POINT('',#7756);
#7756 = CARTESIAN_POINT('',(4.372927405784,4.5,-0.9));
#7757 = LINE('',#7758,#7759);
#7758 = CARTESIAN_POINT('',(4.372927405784,4.5,-0.9));
#7759 = VECTOR('',#7760,1.);
#7760 = DIRECTION('',(-1.,0.,9.667118565207E-16));
#7761 = ORIENTED_EDGE('',*,*,#7762,.F.);
#7762 = EDGE_CURVE('',#7763,#7755,#7765,.T.);
#7763 = VERTEX_POINT('',#7764);
#7764 = CARTESIAN_POINT('',(4.575,4.5,-0.55));
#7765 = LINE('',#7766,#7767);
#7766 = CARTESIAN_POINT('',(4.575,4.5,-0.55));
#7767 = VECTOR('',#7768,1.);
#7768 = DIRECTION('',(-0.5,0.,-0.866025403784));
#7769 = ORIENTED_EDGE('',*,*,#7770,.F.);
#7770 = EDGE_CURVE('',#7771,#7763,#7773,.T.);
#7771 = VERTEX_POINT('',#7772);
#7772 = CARTESIAN_POINT('',(4.575,4.5,0.55));
#7773 = LINE('',#7774,#7775);
#7774 = CARTESIAN_POINT('',(4.575,4.5,0.55));
#7775 = VECTOR('',#7776,1.);
#7776 = DIRECTION('',(0.,0.,-1.));
#7777 = ORIENTED_EDGE('',*,*,#7778,.F.);
#7778 = EDGE_CURVE('',#7779,#7771,#7781,.T.);
#7779 = VERTEX_POINT('',#7780);
#7780 = CARTESIAN_POINT('',(4.372927405784,4.5,0.9));
#7781 = LINE('',#7782,#7783);
#7782 = CARTESIAN_POINT('',(4.372927405784,4.5,0.9));
#7783 = VECTOR('',#7784,1.);
#7784 = DIRECTION('',(0.5,0.,-0.866025403784));
#7785 = ORIENTED_EDGE('',*,*,#7786,.F.);
#7786 = EDGE_CURVE('',#7787,#7779,#7789,.T.);
#7787 = VERTEX_POINT('',#7788);
#7788 = CARTESIAN_POINT('',(4.260773803325,4.5,0.9));
#7789 = LINE('',#7790,#7791);
#7790 = CARTESIAN_POINT('',(4.260773803325,4.5,0.9));
#7791 = VECTOR('',#7792,1.);
#7792 = DIRECTION('',(1.,0.,-1.933423713041E-15));
#7793 = ORIENTED_EDGE('',*,*,#7794,.F.);
#7794 = EDGE_CURVE('',#7795,#7787,#7797,.T.);
#7795 = VERTEX_POINT('',#7796);
#7796 = CARTESIAN_POINT('',(3.975,4.5,1.185773803325));
#7797 = LINE('',#7798,#7799);
#7798 = CARTESIAN_POINT('',(3.975,4.5,1.185773803325));
#7799 = VECTOR('',#7800,1.);
#7800 = DIRECTION('',(0.707106781187,0.,-0.707106781187));
#7801 = ORIENTED_EDGE('',*,*,#7802,.F.);
#7802 = EDGE_CURVE('',#7803,#7795,#7805,.T.);
#7803 = VERTEX_POINT('',#7804);
#7804 = CARTESIAN_POINT('',(3.975,4.5,1.297927405784));
#7805 = LINE('',#7806,#7807);
#7806 = CARTESIAN_POINT('',(3.975,4.5,1.297927405784));
#7807 = VECTOR('',#7808,1.);
#7808 = DIRECTION('',(0.,0.,-1.));
#7809 = ORIENTED_EDGE('',*,*,#7810,.F.);
#7810 = EDGE_CURVE('',#7811,#7803,#7813,.T.);
#7811 = VERTEX_POINT('',#7812);
#7812 = CARTESIAN_POINT('',(3.625,4.5,1.5));
#7813 = LINE('',#7814,#7815);
#7814 = CARTESIAN_POINT('',(3.625,4.5,1.5));
#7815 = VECTOR('',#7816,1.);
#7816 = DIRECTION('',(0.866025403784,0.,-0.5));
#7817 = ORIENTED_EDGE('',*,*,#7818,.F.);
#7818 = EDGE_CURVE('',#7819,#7811,#7821,.T.);
#7819 = VERTEX_POINT('',#7820);
#7820 = CARTESIAN_POINT('',(1.925,4.5,1.5));
#7821 = LINE('',#7822,#7823);
#7822 = CARTESIAN_POINT('',(1.925,4.5,1.5));
#7823 = VECTOR('',#7824,1.);
#7824 = DIRECTION('',(1.,0.,-1.27553196763E-16));
#7825 = ORIENTED_EDGE('',*,*,#7826,.F.);
#7826 = EDGE_CURVE('',#7827,#7819,#7829,.T.);
#7827 = VERTEX_POINT('',#7828);
#7828 = CARTESIAN_POINT('',(1.575,4.5,1.297927405784));
#7829 = LINE('',#7830,#7831);
#7830 = CARTESIAN_POINT('',(1.575,4.5,1.297927405784));
#7831 = VECTOR('',#7832,1.);
#7832 = DIRECTION('',(0.866025403784,0.,0.5));
#7833 = ORIENTED_EDGE('',*,*,#7834,.F.);
#7834 = EDGE_CURVE('',#7835,#7827,#7837,.T.);
#7835 = VERTEX_POINT('',#7836);
#7836 = CARTESIAN_POINT('',(1.575,4.5,1.185773803325));
#7837 = LINE('',#7838,#7839);
#7838 = CARTESIAN_POINT('',(1.575,4.5,1.185773803325));
#7839 = VECTOR('',#7840,1.);
#7840 = DIRECTION('',(-1.933423713041E-15,0.,1.));
#7841 = ORIENTED_EDGE('',*,*,#7842,.F.);
#7842 = EDGE_CURVE('',#7843,#7835,#7845,.T.);
#7843 = VERTEX_POINT('',#7844);
#7844 = CARTESIAN_POINT('',(1.289226196675,4.5,0.9));
#7845 = LINE('',#7846,#7847);
#7846 = CARTESIAN_POINT('',(1.289226196675,4.5,0.9));
#7847 = VECTOR('',#7848,1.);
#7848 = DIRECTION('',(0.707106781187,0.,0.707106781187));
#7849 = ORIENTED_EDGE('',*,*,#7850,.F.);
#7850 = EDGE_CURVE('',#7851,#7843,#7853,.T.);
#7851 = VERTEX_POINT('',#7852);
#7852 = CARTESIAN_POINT('',(1.177072594216,4.5,0.9));
#7853 = LINE('',#7854,#7855);
#7854 = CARTESIAN_POINT('',(1.177072594216,4.5,0.9));
#7855 = VECTOR('',#7856,1.);
#7856 = DIRECTION('',(1.,0.,1.933423713041E-15));
#7857 = ORIENTED_EDGE('',*,*,#7858,.F.);
#7858 = EDGE_CURVE('',#7859,#7851,#7861,.T.);
#7859 = VERTEX_POINT('',#7860);
#7860 = CARTESIAN_POINT('',(0.975,4.5,0.55));
#7861 = LINE('',#7862,#7863);
#7862 = CARTESIAN_POINT('',(0.975,4.5,0.55));
#7863 = VECTOR('',#7864,1.);
#7864 = DIRECTION('',(0.5,0.,0.866025403784));
#7865 = ORIENTED_EDGE('',*,*,#7866,.T.);
#7866 = EDGE_CURVE('',#7859,#7867,#7869,.T.);
#7867 = VERTEX_POINT('',#7868);
#7868 = CARTESIAN_POINT('',(0.975,4.5,1.849688692685));
#7869 = LINE('',#7870,#7871);
#7870 = CARTESIAN_POINT('',(0.975,4.5,1.849688692685));
#7871 = VECTOR('',#7872,1.);
#7872 = DIRECTION('',(-0.,-0.,1.));
#7873 = ORIENTED_EDGE('',*,*,#7874,.T.);
#7874 = EDGE_CURVE('',#7867,#7875,#7877,.T.);
#7875 = VERTEX_POINT('',#7876);
#7876 = CARTESIAN_POINT('',(4.669900681613,4.5,1.849688692685));
#7877 = LINE('',#7878,#7879);
#7878 = CARTESIAN_POINT('',(-1.876431811959E-16,4.5,1.849688692685));
#7879 = VECTOR('',#7880,1.);
#7880 = DIRECTION('',(1.,0.,1.014458173086E-16));
#7881 = ORIENTED_EDGE('',*,*,#7882,.T.);
#7882 = EDGE_CURVE('',#7875,#7883,#7885,.T.);
#7883 = VERTEX_POINT('',#7884);
#7884 = CARTESIAN_POINT('',(4.874688692685,4.5,1.644900681613));
#7885 = ( BOUNDED_CURVE() B_SPLINE_CURVE(3,(#7886,#7887,#7888,#7889),
.UNSPECIFIED.,.F.,.F.) B_SPLINE_CURVE_WITH_KNOTS((4,4),(5.665404024891,
6.900966589468),.PIECEWISE_BEZIER_KNOTS.) CURVE() 
GEOMETRIC_REPRESENTATION_ITEM() RATIONAL_B_SPLINE_CURVE((1.,
0.876777070243,0.876777070243,1.)) REPRESENTATION_ITEM('') );
#7886 = CARTESIAN_POINT('',(4.669900681613,4.5,1.849688692685));
#7887 = CARTESIAN_POINT('',(4.79683233367,4.5,1.849688692685));
#7888 = CARTESIAN_POINT('',(4.874688692685,4.5,1.77183233367));
#7889 = CARTESIAN_POINT('',(4.874688692685,4.5,1.644900681613));
#7890 = ORIENTED_EDGE('',*,*,#7891,.T.);
#7891 = EDGE_CURVE('',#7883,#7892,#7894,.T.);
#7892 = VERTEX_POINT('',#7893);
#7893 = CARTESIAN_POINT('',(4.874688692685,4.5,-1.644900681613));
#7894 = LINE('',#7895,#7896);
#7895 = CARTESIAN_POINT('',(4.874688692685,4.5,0.));
#7896 = VECTOR('',#7897,1.);
#7897 = DIRECTION('',(0.,0.,-1.));
#7898 = ORIENTED_EDGE('',*,*,#7899,.T.);
#7899 = EDGE_CURVE('',#7892,#7900,#7902,.T.);
#7900 = VERTEX_POINT('',#7901);
#7901 = CARTESIAN_POINT('',(4.669900681613,4.5,-1.849688692685));
#7902 = ( BOUNDED_CURVE() B_SPLINE_CURVE(3,(#7903,#7904,#7905,#7906),
.UNSPECIFIED.,.F.,.F.) B_SPLINE_CURVE_WITH_KNOTS((4,4),(2.523811371301,
3.759373935879),.PIECEWISE_BEZIER_KNOTS.) CURVE() 
GEOMETRIC_REPRESENTATION_ITEM() RATIONAL_B_SPLINE_CURVE((1.,
0.876777070243,0.876777070243,1.)) REPRESENTATION_ITEM('') );
#7903 = CARTESIAN_POINT('',(4.874688692685,4.5,-1.644900681613));
#7904 = CARTESIAN_POINT('',(4.874688692685,4.5,-1.77183233367));
#7905 = CARTESIAN_POINT('',(4.79683233367,4.5,-1.849688692685));
#7906 = CARTESIAN_POINT('',(4.669900681613,4.5,-1.849688692685));
#7907 = ORIENTED_EDGE('',*,*,#7908,.T.);
#7908 = EDGE_CURVE('',#7900,#7673,#7909,.T.);
#7909 = LINE('',#7910,#7911);
#7910 = CARTESIAN_POINT('',(-1.876431811959E-16,4.5,-1.849688692685));
#7911 = VECTOR('',#7912,1.);
#7912 = DIRECTION('',(-1.,0.,1.014458173086E-16));
#7913 = PLANE('',#7914);
#7914 = AXIS2_PLACEMENT_3D('',#7915,#7916,#7917);
#7915 = CARTESIAN_POINT('',(0.,4.5,0.));
#7916 = DIRECTION('',(0.,-1.,0.));
#7917 = DIRECTION('',(0.,-0.,-1.));
#7918 = ADVANCED_FACE('',(#7919),#7930,.F.);
#7919 = FACE_BOUND('',#7920,.T.);
#7920 = EDGE_LOOP('',(#7921,#7922,#7928,#7929));
#7921 = ORIENTED_EDGE('',*,*,#6608,.T.);
#7922 = ORIENTED_EDGE('',*,*,#7923,.T.);
#7923 = EDGE_CURVE('',#6601,#7423,#7924,.T.);
#7924 = LINE('',#7925,#7926);
#7925 = CARTESIAN_POINT('',(-2.875,-2.602085213965E-15,-2.3));
#7926 = VECTOR('',#7927,1.);
#7927 = DIRECTION('',(5.20417042793E-15,-1.,-4.336808689942E-15));
#7928 = ORIENTED_EDGE('',*,*,#7422,.F.);
#7929 = ORIENTED_EDGE('',*,*,#7145,.F.);
#7930 = PLANE('',#7931);
#7931 = AXIS2_PLACEMENT_3D('',#7932,#7933,#7934);
#7932 = CARTESIAN_POINT('',(-2.875,0.,-2.9));
#7933 = DIRECTION('',(-1.,-5.20417042793E-15,0.));
#7934 = DIRECTION('',(5.20417042793E-15,-1.,0.));
#7935 = ADVANCED_FACE('',(#7936),#7942,.F.);
#7936 = FACE_BOUND('',#7937,.T.);
#7937 = EDGE_LOOP('',(#7938,#7939,#7940,#7941));
#7938 = ORIENTED_EDGE('',*,*,#6487,.T.);
#7939 = ORIENTED_EDGE('',*,*,#7344,.T.);
#7940 = ORIENTED_EDGE('',*,*,#7303,.F.);
#7941 = ORIENTED_EDGE('',*,*,#7383,.F.);
#7942 = PLANE('',#7943);
#7943 = AXIS2_PLACEMENT_3D('',#7944,#7945,#7946);
#7944 = CARTESIAN_POINT('',(-4.275,0.5,2.3));
#7945 = DIRECTION('',(-4.513898307158E-30,8.673617379884E-16,1.));
#7946 = DIRECTION('',(0.,-1.,8.673617379884E-16));
#7947 = ADVANCED_FACE('',(#7948),#7954,.F.);
#7948 = FACE_BOUND('',#7949,.T.);
#7949 = EDGE_LOOP('',(#7950,#7951,#7952,#7953));
#7950 = ORIENTED_EDGE('',*,*,#6600,.F.);
#7951 = ORIENTED_EDGE('',*,*,#7461,.F.);
#7952 = ORIENTED_EDGE('',*,*,#7430,.T.);
#7953 = ORIENTED_EDGE('',*,*,#7923,.F.);
#7954 = PLANE('',#7955);
#7955 = AXIS2_PLACEMENT_3D('',#7956,#7957,#7958);
#7956 = CARTESIAN_POINT('',(-4.275,0.5,-2.3));
#7957 = DIRECTION('',(-2.256949153579E-29,4.336808689942E-15,-1.));
#7958 = DIRECTION('',(0.,1.,4.336808689942E-15));
#7959 = ADVANCED_FACE('',(#7960),#7980,.T.);
#7960 = FACE_BOUND('',#7961,.T.);
#7961 = EDGE_LOOP('',(#7962,#7963,#7970,#7971,#7972,#7973,#7979));
#7962 = ORIENTED_EDGE('',*,*,#6397,.F.);
#7963 = ORIENTED_EDGE('',*,*,#7964,.T.);
#7964 = EDGE_CURVE('',#6366,#6374,#7965,.T.);
#7965 = CIRCLE('',#7966,0.45);
#7966 = AXIS2_PLACEMENT_3D('',#7967,#7968,#7969);
#7967 = CARTESIAN_POINT('',(-3.825,-1.55,2.45));
#7968 = DIRECTION('',(0.,1.,0.));
#7969 = DIRECTION('',(0.,0.,-1.));
#7970 = ORIENTED_EDGE('',*,*,#6431,.T.);
#7971 = ORIENTED_EDGE('',*,*,#7240,.F.);
#7972 = ORIENTED_EDGE('',*,*,#7202,.F.);
#7973 = ORIENTED_EDGE('',*,*,#7974,.T.);
#7974 = EDGE_CURVE('',#7194,#6575,#7975,.T.);
#7975 = LINE('',#7976,#7977);
#7976 = CARTESIAN_POINT('',(-4.249264068712,-1.7,2.3));
#7977 = VECTOR('',#7978,1.);
#7978 = DIRECTION('',(-0.,1.,-0.));
#7979 = ORIENTED_EDGE('',*,*,#6574,.T.);
#7980 = CYLINDRICAL_SURFACE('',#7981,0.45);
#7981 = AXIS2_PLACEMENT_3D('',#7982,#7983,#7984);
#7982 = CARTESIAN_POINT('',(-3.825,-1.7,2.45));
#7983 = DIRECTION('',(-0.,1.,-0.));
#7984 = DIRECTION('',(0.,0.,1.));
#7985 = ADVANCED_FACE('',(#7986),#7996,.T.);
#7986 = FACE_BOUND('',#7987,.T.);
#7987 = EDGE_LOOP('',(#7988,#7995));
#7988 = ORIENTED_EDGE('',*,*,#7989,.T.);
#7989 = EDGE_CURVE('',#6357,#6355,#7990,.T.);
#7990 = CIRCLE('',#7991,0.3);
#7991 = AXIS2_PLACEMENT_3D('',#7992,#7993,#7994);
#7992 = CARTESIAN_POINT('',(-3.825,-1.7,2.45));
#7993 = DIRECTION('',(0.,-1.,0.));
#7994 = DIRECTION('',(0.,0.,-1.));
#7995 = ORIENTED_EDGE('',*,*,#6354,.T.);
#7996 = PLANE('',#7997);
#7997 = AXIS2_PLACEMENT_3D('',#7998,#7999,#8000);
#7998 = CARTESIAN_POINT('',(-3.825,-1.7,2.45));
#7999 = DIRECTION('',(0.,-1.,0.));
#8000 = DIRECTION('',(0.,-0.,-1.));
#8001 = ADVANCED_FACE('',(#8002),#8008,.T.);
#8002 = FACE_BOUND('',#8003,.T.);
#8003 = EDGE_LOOP('',(#8004,#8005,#8006,#8007));
#8004 = ORIENTED_EDGE('',*,*,#6365,.F.);
#8005 = ORIENTED_EDGE('',*,*,#7989,.F.);
#8006 = ORIENTED_EDGE('',*,*,#6382,.T.);
#8007 = ORIENTED_EDGE('',*,*,#7964,.F.);
#8008 = CONICAL_SURFACE('',#8009,0.3,0.785398163397);
#8009 = AXIS2_PLACEMENT_3D('',#8010,#8011,#8012);
#8010 = CARTESIAN_POINT('',(-3.825,-1.7,2.45));
#8011 = DIRECTION('',(0.,1.,0.));
#8012 = DIRECTION('',(0.,-0.,1.));
#8013 = ADVANCED_FACE('',(#8014),#8032,.F.);
#8014 = FACE_BOUND('',#8015,.T.);
#8015 = EDGE_LOOP('',(#8016,#8017,#8018,#8026));
#8016 = ORIENTED_EDGE('',*,*,#7510,.T.);
#8017 = ORIENTED_EDGE('',*,*,#6543,.F.);
#8018 = ORIENTED_EDGE('',*,*,#8019,.F.);
#8019 = EDGE_CURVE('',#8020,#6536,#8022,.T.);
#8020 = VERTEX_POINT('',#8021);
#8021 = CARTESIAN_POINT('',(0.15,1.35,1.8));
#8022 = LINE('',#8023,#8024);
#8023 = CARTESIAN_POINT('',(0.15,0.5,1.8));
#8024 = VECTOR('',#8025,1.);
#8025 = DIRECTION('',(2.55106393526E-16,-1.,-0.));
#8026 = ORIENTED_EDGE('',*,*,#8027,.T.);
#8027 = EDGE_CURVE('',#8020,#7511,#8028,.T.);
#8028 = LINE('',#8029,#8030);
#8029 = CARTESIAN_POINT('',(0.15,1.35,1.8));
#8030 = VECTOR('',#8031,1.);
#8031 = DIRECTION('',(-0.,-0.,1.));
#8032 = PLANE('',#8033);
#8033 = AXIS2_PLACEMENT_3D('',#8034,#8035,#8036);
#8034 = CARTESIAN_POINT('',(0.15,0.5,1.8));
#8035 = DIRECTION('',(-1.,-2.55106393526E-16,0.));
#8036 = DIRECTION('',(2.55106393526E-16,-1.,0.));
#8037 = ADVANCED_FACE('',(#8038),#8056,.F.);
#8038 = FACE_BOUND('',#8039,.T.);
#8039 = EDGE_LOOP('',(#8040,#8048,#8054,#8055));
#8040 = ORIENTED_EDGE('',*,*,#8041,.F.);
#8041 = EDGE_CURVE('',#8042,#8020,#8044,.T.);
#8042 = VERTEX_POINT('',#8043);
#8043 = CARTESIAN_POINT('',(0.35,1.35,1.8));
#8044 = LINE('',#8045,#8046);
#8045 = CARTESIAN_POINT('',(0.15,1.35,1.8));
#8046 = VECTOR('',#8047,1.);
#8047 = DIRECTION('',(-1.,-0.,-0.));
#8048 = ORIENTED_EDGE('',*,*,#8049,.T.);
#8049 = EDGE_CURVE('',#8042,#7519,#8050,.T.);
#8050 = LINE('',#8051,#8052);
#8051 = CARTESIAN_POINT('',(0.35,1.35,2.9));
#8052 = VECTOR('',#8053,1.);
#8053 = DIRECTION('',(-0.,-0.,1.));
#8054 = ORIENTED_EDGE('',*,*,#7518,.T.);
#8055 = ORIENTED_EDGE('',*,*,#8027,.F.);
#8056 = PLANE('',#8057);
#8057 = AXIS2_PLACEMENT_3D('',#8058,#8059,#8060);
#8058 = CARTESIAN_POINT('',(0.15,1.35,1.8));
#8059 = DIRECTION('',(-0.,1.,0.));
#8060 = DIRECTION('',(0.,0.,1.));
#8061 = ADVANCED_FACE('',(#8062),#8068,.F.);
#8062 = FACE_BOUND('',#8063,.T.);
#8063 = EDGE_LOOP('',(#8064,#8065,#8066,#8067));
#8064 = ORIENTED_EDGE('',*,*,#7549,.T.);
#8065 = ORIENTED_EDGE('',*,*,#7024,.F.);
#8066 = ORIENTED_EDGE('',*,*,#7053,.F.);
#8067 = ORIENTED_EDGE('',*,*,#6511,.T.);
#8068 = PLANE('',#8069);
#8069 = AXIS2_PLACEMENT_3D('',#8070,#8071,#8072);
#8070 = CARTESIAN_POINT('',(1.5,0.5,1.8));
#8071 = DIRECTION('',(1.,-2.55106393526E-16,0.));
#8072 = DIRECTION('',(2.55106393526E-16,1.,0.));
#8073 = ADVANCED_FACE('',(#8074),#8085,.F.);
#8074 = FACE_BOUND('',#8075,.T.);
#8075 = EDGE_LOOP('',(#8076,#8077,#8083,#8084));
#8076 = ORIENTED_EDGE('',*,*,#6535,.T.);
#8077 = ORIENTED_EDGE('',*,*,#8078,.T.);
#8078 = EDGE_CURVE('',#6528,#8042,#8079,.T.);
#8079 = LINE('',#8080,#8081);
#8080 = CARTESIAN_POINT('',(0.35,1.35,1.8));
#8081 = VECTOR('',#8082,1.);
#8082 = DIRECTION('',(-0.,1.,2.55106393526E-16));
#8083 = ORIENTED_EDGE('',*,*,#8041,.T.);
#8084 = ORIENTED_EDGE('',*,*,#8019,.T.);
#8085 = PLANE('',#8086);
#8086 = AXIS2_PLACEMENT_3D('',#8087,#8088,#8089);
#8087 = CARTESIAN_POINT('',(0.,0.,1.8));
#8088 = DIRECTION('',(0.,0.,-1.));
#8089 = DIRECTION('',(-1.,0.,-0.));
#8090 = ADVANCED_FACE('',(#8091),#8109,.T.);
#8091 = FACE_BOUND('',#8092,.T.);
#8092 = EDGE_LOOP('',(#8093,#8094,#8102,#8108));
#8093 = ORIENTED_EDGE('',*,*,#7138,.F.);
#8094 = ORIENTED_EDGE('',*,*,#8095,.F.);
#8095 = EDGE_CURVE('',#8096,#7131,#8098,.T.);
#8096 = VERTEX_POINT('',#8097);
#8097 = CARTESIAN_POINT('',(0.15,1.35,-1.8));
#8098 = LINE('',#8099,#8100);
#8099 = CARTESIAN_POINT('',(0.15,1.35,-1.8));
#8100 = VECTOR('',#8101,1.);
#8101 = DIRECTION('',(-0.,-0.,-1.));
#8102 = ORIENTED_EDGE('',*,*,#8103,.T.);
#8103 = EDGE_CURVE('',#8096,#6625,#8104,.T.);
#8104 = LINE('',#8105,#8106);
#8105 = CARTESIAN_POINT('',(0.15,0.5,-1.8));
#8106 = VECTOR('',#8107,1.);
#8107 = DIRECTION('',(2.55106393526E-16,-1.,0.));
#8108 = ORIENTED_EDGE('',*,*,#6624,.T.);
#8109 = PLANE('',#8110);
#8110 = AXIS2_PLACEMENT_3D('',#8111,#8112,#8113);
#8111 = CARTESIAN_POINT('',(0.15,0.5,-1.8));
#8112 = DIRECTION('',(1.,2.55106393526E-16,-0.));
#8113 = DIRECTION('',(-2.55106393526E-16,1.,0.));
#8114 = ADVANCED_FACE('',(#8115),#8121,.T.);
#8115 = FACE_BOUND('',#8116,.T.);
#8116 = EDGE_LOOP('',(#8117,#8118,#8119,#8120));
#8117 = ORIENTED_EDGE('',*,*,#7099,.F.);
#8118 = ORIENTED_EDGE('',*,*,#6656,.F.);
#8119 = ORIENTED_EDGE('',*,*,#6991,.T.);
#8120 = ORIENTED_EDGE('',*,*,#6970,.T.);
#8121 = PLANE('',#8122);
#8122 = AXIS2_PLACEMENT_3D('',#8123,#8124,#8125);
#8123 = CARTESIAN_POINT('',(1.5,0.5,-1.8));
#8124 = DIRECTION('',(-1.,2.55106393526E-16,0.));
#8125 = DIRECTION('',(-2.55106393526E-16,-1.,0.));
#8126 = ADVANCED_FACE('',(#8127),#8145,.T.);
#8127 = FACE_BOUND('',#8128,.T.);
#8128 = EDGE_LOOP('',(#8129,#8137,#8143,#8144));
#8129 = ORIENTED_EDGE('',*,*,#8130,.T.);
#8130 = EDGE_CURVE('',#7123,#8131,#8133,.T.);
#8131 = VERTEX_POINT('',#8132);
#8132 = CARTESIAN_POINT('',(0.35,1.35,-1.8));
#8133 = LINE('',#8134,#8135);
#8134 = CARTESIAN_POINT('',(0.35,1.35,-2.9));
#8135 = VECTOR('',#8136,1.);
#8136 = DIRECTION('',(0.,0.,1.));
#8137 = ORIENTED_EDGE('',*,*,#8138,.T.);
#8138 = EDGE_CURVE('',#8131,#8096,#8139,.T.);
#8139 = LINE('',#8140,#8141);
#8140 = CARTESIAN_POINT('',(0.15,1.35,-1.8));
#8141 = VECTOR('',#8142,1.);
#8142 = DIRECTION('',(-1.,-0.,0.));
#8143 = ORIENTED_EDGE('',*,*,#8095,.T.);
#8144 = ORIENTED_EDGE('',*,*,#7130,.F.);
#8145 = PLANE('',#8146);
#8146 = AXIS2_PLACEMENT_3D('',#8147,#8148,#8149);
#8147 = CARTESIAN_POINT('',(0.15,1.35,-1.8));
#8148 = DIRECTION('',(0.,-1.,0.));
#8149 = DIRECTION('',(0.,-0.,-1.));
#8150 = ADVANCED_FACE('',(#8151),#8162,.F.);
#8151 = FACE_BOUND('',#8152,.T.);
#8152 = EDGE_LOOP('',(#8153,#8154,#8160,#8161));
#8153 = ORIENTED_EDGE('',*,*,#8138,.F.);
#8154 = ORIENTED_EDGE('',*,*,#8155,.T.);
#8155 = EDGE_CURVE('',#8131,#6633,#8156,.T.);
#8156 = LINE('',#8157,#8158);
#8157 = CARTESIAN_POINT('',(0.35,1.35,-1.8));
#8158 = VECTOR('',#8159,1.);
#8159 = DIRECTION('',(0.,-1.,-2.55106393526E-16));
#8160 = ORIENTED_EDGE('',*,*,#6632,.F.);
#8161 = ORIENTED_EDGE('',*,*,#8103,.F.);
#8162 = PLANE('',#8163);
#8163 = AXIS2_PLACEMENT_3D('',#8164,#8165,#8166);
#8164 = CARTESIAN_POINT('',(0.,0.,-1.8));
#8165 = DIRECTION('',(0.,0.,1.));
#8166 = DIRECTION('',(-1.,0.,0.));
#8167 = ADVANCED_FACE('',(#8168),#8193,.F.);
#8168 = FACE_BOUND('',#8169,.T.);
#8169 = EDGE_LOOP('',(#8170,#8178,#8186,#8192));
#8170 = ORIENTED_EDGE('',*,*,#8171,.T.);
#8171 = EDGE_CURVE('',#7527,#8172,#8174,.T.);
#8172 = VERTEX_POINT('',#8173);
#8173 = CARTESIAN_POINT('',(0.35,-1.35,3.4));
#8174 = LINE('',#8175,#8176);
#8175 = CARTESIAN_POINT('',(0.35,-1.35,3.4));
#8176 = VECTOR('',#8177,1.);
#8177 = DIRECTION('',(-0.,-0.371390676354,0.928476690885));
#8178 = ORIENTED_EDGE('',*,*,#8179,.F.);
#8179 = EDGE_CURVE('',#8180,#8172,#8182,.T.);
#8180 = VERTEX_POINT('',#8181);
#8181 = CARTESIAN_POINT('',(1.3,-1.35,3.4));
#8182 = LINE('',#8183,#8184);
#8183 = CARTESIAN_POINT('',(1.3,-1.35,3.4));
#8184 = VECTOR('',#8185,1.);
#8185 = DIRECTION('',(-1.,-0.,-0.));
#8186 = ORIENTED_EDGE('',*,*,#8187,.F.);
#8187 = EDGE_CURVE('',#7535,#8180,#8188,.T.);
#8188 = LINE('',#8189,#8190);
#8189 = CARTESIAN_POINT('',(1.3,-1.35,3.4));
#8190 = VECTOR('',#8191,1.);
#8191 = DIRECTION('',(-0.,-0.371390676354,0.928476690885));
#8192 = ORIENTED_EDGE('',*,*,#7534,.T.);
#8193 = PLANE('',#8194);
#8194 = AXIS2_PLACEMENT_3D('',#8195,#8196,#8197);
#8195 = CARTESIAN_POINT('',(1.3,-1.35,3.4));
#8196 = DIRECTION('',(0.,-0.928476690885,-0.371390676354));
#8197 = DIRECTION('',(0.,0.371390676354,-0.928476690885));
#8198 = ADVANCED_FACE('',(#8199),#8224,.F.);
#8199 = FACE_BOUND('',#8200,.T.);
#8200 = EDGE_LOOP('',(#8201,#8209,#8217,#8223));
#8201 = ORIENTED_EDGE('',*,*,#8202,.T.);
#8202 = EDGE_CURVE('',#8172,#8203,#8205,.T.);
#8203 = VERTEX_POINT('',#8204);
#8204 = CARTESIAN_POINT('',(0.35,-1.8,3.4));
#8205 = LINE('',#8206,#8207);
#8206 = CARTESIAN_POINT('',(0.35,-1.8,3.4));
#8207 = VECTOR('',#8208,1.);
#8208 = DIRECTION('',(-0.,-1.,-0.));
#8209 = ORIENTED_EDGE('',*,*,#8210,.F.);
#8210 = EDGE_CURVE('',#8211,#8203,#8213,.T.);
#8211 = VERTEX_POINT('',#8212);
#8212 = CARTESIAN_POINT('',(1.3,-1.8,3.4));
#8213 = LINE('',#8214,#8215);
#8214 = CARTESIAN_POINT('',(1.3,-1.8,3.4));
#8215 = VECTOR('',#8216,1.);
#8216 = DIRECTION('',(-1.,-0.,-0.));
#8217 = ORIENTED_EDGE('',*,*,#8218,.F.);
#8218 = EDGE_CURVE('',#8180,#8211,#8219,.T.);
#8219 = LINE('',#8220,#8221);
#8220 = CARTESIAN_POINT('',(1.3,-1.8,3.4));
#8221 = VECTOR('',#8222,1.);
#8222 = DIRECTION('',(-0.,-1.,-0.));
#8223 = ORIENTED_EDGE('',*,*,#8179,.T.);
#8224 = PLANE('',#8225);
#8225 = AXIS2_PLACEMENT_3D('',#8226,#8227,#8228);
#8226 = CARTESIAN_POINT('',(1.3,-1.8,3.4));
#8227 = DIRECTION('',(0.,0.,-1.));
#8228 = DIRECTION('',(-1.,0.,-0.));
#8229 = ADVANCED_FACE('',(#8230),#8255,.F.);
#8230 = FACE_BOUND('',#8231,.T.);
#8231 = EDGE_LOOP('',(#8232,#8233,#8241,#8249));
#8232 = ORIENTED_EDGE('',*,*,#8210,.T.);
#8233 = ORIENTED_EDGE('',*,*,#8234,.T.);
#8234 = EDGE_CURVE('',#8203,#8235,#8237,.T.);
#8235 = VERTEX_POINT('',#8236);
#8236 = CARTESIAN_POINT('',(0.521170673993,-2.438817652107,
    2.663853270498));
#8237 = LINE('',#8238,#8239);
#8238 = CARTESIAN_POINT('',(0.544472262535,-2.525780364445,
    2.563641079953));
#8239 = VECTOR('',#8240,1.);
#8240 = DIRECTION('',(0.172970331041,-0.645534063648,-0.743886441098));
#8241 = ORIENTED_EDGE('',*,*,#8242,.F.);
#8242 = EDGE_CURVE('',#8243,#8235,#8245,.T.);
#8243 = VERTEX_POINT('',#8244);
#8244 = CARTESIAN_POINT('',(1.128829326007,-2.438817652107,
    2.663853270498));
#8245 = LINE('',#8246,#8247);
#8246 = CARTESIAN_POINT('',(1.3,-2.438817652107,2.663853270498));
#8247 = VECTOR('',#8248,1.);
#8248 = DIRECTION('',(-1.,-0.,-0.));
#8249 = ORIENTED_EDGE('',*,*,#8250,.T.);
#8250 = EDGE_CURVE('',#8243,#8211,#8251,.T.);
#8251 = LINE('',#8252,#8253);
#8252 = CARTESIAN_POINT('',(1.133950536114,-2.419705035792,
    2.685877849729));
#8253 = VECTOR('',#8254,1.);
#8254 = DIRECTION('',(0.172970331041,0.645534063648,0.743886441098));
#8255 = PLANE('',#8256);
#8256 = AXIS2_PLACEMENT_3D('',#8257,#8258,#8259);
#8257 = CARTESIAN_POINT('',(1.3,-2.438817652107,2.663853270498));
#8258 = DIRECTION('',(0.,0.755270608427,-0.655413081992));
#8259 = DIRECTION('',(0.,0.655413081992,0.755270608427));
#8260 = ADVANCED_FACE('',(#8261),#8288,.T.);
#8261 = FACE_BOUND('',#8262,.T.);
#8262 = EDGE_LOOP('',(#8263,#8264,#8273,#8281));
#8263 = ORIENTED_EDGE('',*,*,#8242,.T.);
#8264 = ORIENTED_EDGE('',*,*,#8265,.T.);
#8265 = EDGE_CURVE('',#8235,#8266,#8268,.T.);
#8266 = VERTEX_POINT('',#8267);
#8267 = CARTESIAN_POINT('',(0.537564434702,-2.5,2.5));
#8268 = ( BOUNDED_CURVE() B_SPLINE_CURVE(3,(#8269,#8270,#8271,#8272),
.UNSPECIFIED.,.F.,.F.) B_SPLINE_CURVE_WITH_KNOTS((4,4),(2.426863230384,
3.14159265359),.PIECEWISE_BEZIER_KNOTS.) CURVE() 
GEOMETRIC_REPRESENTATION_ITEM() RATIONAL_B_SPLINE_CURVE((1.,
0.957881278015,0.957881278015,1.)) REPRESENTATION_ITEM('') );
#8269 = CARTESIAN_POINT('',(0.521170673993,-2.438817652107,
    2.663853270498));
#8270 = CARTESIAN_POINT('',(0.531859566021,-2.478709140232,
    2.617883988933));
#8271 = CARTESIAN_POINT('',(0.537564434702,-2.5,2.560864650434));
#8272 = CARTESIAN_POINT('',(0.537564434702,-2.5,2.5));
#8273 = ORIENTED_EDGE('',*,*,#8274,.F.);
#8274 = EDGE_CURVE('',#8275,#8266,#8277,.T.);
#8275 = VERTEX_POINT('',#8276);
#8276 = CARTESIAN_POINT('',(1.112435565298,-2.5,2.5));
#8277 = LINE('',#8278,#8279);
#8278 = CARTESIAN_POINT('',(1.3,-2.5,2.5));
#8279 = VECTOR('',#8280,1.);
#8280 = DIRECTION('',(-1.,-0.,-0.));
#8281 = ORIENTED_EDGE('',*,*,#8282,.T.);
#8282 = EDGE_CURVE('',#8275,#8243,#8283,.T.);
#8283 = ( BOUNDED_CURVE() B_SPLINE_CURVE(3,(#8284,#8285,#8286,#8287),
.UNSPECIFIED.,.F.,.F.) B_SPLINE_CURVE_WITH_KNOTS((4,4),(0.,
0.714729423206),.PIECEWISE_BEZIER_KNOTS.) CURVE() 
GEOMETRIC_REPRESENTATION_ITEM() RATIONAL_B_SPLINE_CURVE((1.,
0.957881278015,0.957881278015,1.)) REPRESENTATION_ITEM('') );
#8284 = CARTESIAN_POINT('',(1.112435565298,-2.5,2.5));
#8285 = CARTESIAN_POINT('',(1.112435565298,-2.5,2.560864650434));
#8286 = CARTESIAN_POINT('',(1.118140433979,-2.478709140232,
    2.617883988933));
#8287 = CARTESIAN_POINT('',(1.128829326007,-2.438817652107,
    2.663853270498));
#8288 = CYLINDRICAL_SURFACE('',#8289,0.25);
#8289 = AXIS2_PLACEMENT_3D('',#8290,#8291,#8292);
#8290 = CARTESIAN_POINT('',(1.3,-2.25,2.5));
#8291 = DIRECTION('',(-1.,-0.,-0.));
#8292 = DIRECTION('',(-0.,0.,1.));
#8293 = ADVANCED_FACE('',(#8294),#8319,.F.);
#8294 = FACE_BOUND('',#8295,.T.);
#8295 = EDGE_LOOP('',(#8296,#8297,#8305,#8313));
#8296 = ORIENTED_EDGE('',*,*,#8274,.T.);
#8297 = ORIENTED_EDGE('',*,*,#8298,.F.);
#8298 = EDGE_CURVE('',#8299,#8266,#8301,.T.);
#8299 = VERTEX_POINT('',#8300);
#8300 = CARTESIAN_POINT('',(0.537564434702,-2.5,2.45));
#8301 = LINE('',#8302,#8303);
#8302 = CARTESIAN_POINT('',(0.537564434702,-2.5,-3.4));
#8303 = VECTOR('',#8304,1.);
#8304 = DIRECTION('',(-0.,-0.,1.));
#8305 = ORIENTED_EDGE('',*,*,#8306,.F.);
#8306 = EDGE_CURVE('',#8307,#8299,#8309,.T.);
#8307 = VERTEX_POINT('',#8308);
#8308 = CARTESIAN_POINT('',(1.112435565298,-2.5,2.45));
#8309 = LINE('',#8310,#8311);
#8310 = CARTESIAN_POINT('',(1.3,-2.5,2.45));
#8311 = VECTOR('',#8312,1.);
#8312 = DIRECTION('',(-1.,-0.,-0.));
#8313 = ORIENTED_EDGE('',*,*,#8314,.T.);
#8314 = EDGE_CURVE('',#8307,#8275,#8315,.T.);
#8315 = LINE('',#8316,#8317);
#8316 = CARTESIAN_POINT('',(1.112435565298,-2.5,-3.4));
#8317 = VECTOR('',#8318,1.);
#8318 = DIRECTION('',(-0.,-0.,1.));
#8319 = PLANE('',#8320);
#8320 = AXIS2_PLACEMENT_3D('',#8321,#8322,#8323);
#8321 = CARTESIAN_POINT('',(1.3,-2.5,2.45));
#8322 = DIRECTION('',(0.,1.,0.));
#8323 = DIRECTION('',(0.,-0.,1.));
#8324 = ADVANCED_FACE('',(#8325),#8352,.T.);
#8325 = FACE_BOUND('',#8326,.T.);
#8326 = EDGE_LOOP('',(#8327,#8328,#8337,#8345));
#8327 = ORIENTED_EDGE('',*,*,#8306,.T.);
#8328 = ORIENTED_EDGE('',*,*,#8329,.T.);
#8329 = EDGE_CURVE('',#8299,#8330,#8332,.T.);
#8330 = VERTEX_POINT('',#8331);
#8331 = CARTESIAN_POINT('',(0.470577136594,-2.25,2.2));
#8332 = ( BOUNDED_CURVE() B_SPLINE_CURVE(3,(#8333,#8334,#8335,#8336),
.UNSPECIFIED.,.F.,.F.) B_SPLINE_CURVE_WITH_KNOTS((4,4),(3.14159265359,
4.712388980385),.PIECEWISE_BEZIER_KNOTS.) CURVE() 
GEOMETRIC_REPRESENTATION_ITEM() RATIONAL_B_SPLINE_CURVE((1.,
0.804737854124,0.804737854124,1.)) REPRESENTATION_ITEM('') );
#8333 = CARTESIAN_POINT('',(0.537564434702,-2.5,2.45));
#8334 = CARTESIAN_POINT('',(0.537564434702,-2.5,2.303553390593));
#8335 = CARTESIAN_POINT('',(0.509817387319,-2.396446609407,2.2));
#8336 = CARTESIAN_POINT('',(0.470577136594,-2.25,2.2));
#8337 = ORIENTED_EDGE('',*,*,#8338,.F.);
#8338 = EDGE_CURVE('',#8339,#8330,#8341,.T.);
#8339 = VERTEX_POINT('',#8340);
#8340 = CARTESIAN_POINT('',(1.179422863406,-2.25,2.2));
#8341 = LINE('',#8342,#8343);
#8342 = CARTESIAN_POINT('',(1.3,-2.25,2.2));
#8343 = VECTOR('',#8344,1.);
#8344 = DIRECTION('',(-1.,-0.,-0.));
#8345 = ORIENTED_EDGE('',*,*,#8346,.T.);
#8346 = EDGE_CURVE('',#8339,#8307,#8347,.T.);
#8347 = ( BOUNDED_CURVE() B_SPLINE_CURVE(3,(#8348,#8349,#8350,#8351),
.UNSPECIFIED.,.F.,.F.) B_SPLINE_CURVE_WITH_KNOTS((4,4),(4.712388980385,
6.28318530718),.PIECEWISE_BEZIER_KNOTS.) CURVE() 
GEOMETRIC_REPRESENTATION_ITEM() RATIONAL_B_SPLINE_CURVE((1.,
0.804737854124,0.804737854124,1.)) REPRESENTATION_ITEM('') );
#8348 = CARTESIAN_POINT('',(1.179422863406,-2.25,2.2));
#8349 = CARTESIAN_POINT('',(1.140182612681,-2.396446609407,2.2));
#8350 = CARTESIAN_POINT('',(1.112435565298,-2.5,2.303553390593));
#8351 = CARTESIAN_POINT('',(1.112435565298,-2.5,2.45));
#8352 = CYLINDRICAL_SURFACE('',#8353,0.25);
#8353 = AXIS2_PLACEMENT_3D('',#8354,#8355,#8356);
#8354 = CARTESIAN_POINT('',(1.3,-2.25,2.45));
#8355 = DIRECTION('',(-1.,-0.,-0.));
#8356 = DIRECTION('',(-0.,0.,1.));
#8357 = ADVANCED_FACE('',(#8358),#8399,.F.);
#8358 = FACE_BOUND('',#8359,.T.);
#8359 = EDGE_LOOP('',(#8360,#8361,#8369,#8377,#8385,#8393));
#8360 = ORIENTED_EDGE('',*,*,#8338,.T.);
#8361 = ORIENTED_EDGE('',*,*,#8362,.T.);
#8362 = EDGE_CURVE('',#8330,#8363,#8365,.T.);
#8363 = VERTEX_POINT('',#8364);
#8364 = CARTESIAN_POINT('',(0.35,-1.8,2.2));
#8365 = LINE('',#8366,#8367);
#8366 = CARTESIAN_POINT('',(0.301137933202,-1.617644284148,2.2));
#8367 = VECTOR('',#8368,1.);
#8368 = DIRECTION('',(-0.258819045103,0.965925826289,4.6544839081E-16));
#8369 = ORIENTED_EDGE('',*,*,#8370,.T.);
#8370 = EDGE_CURVE('',#8363,#8371,#8373,.T.);
#8371 = VERTEX_POINT('',#8372);
#8372 = CARTESIAN_POINT('',(0.35,-1.35,2.2));
#8373 = LINE('',#8374,#8375);
#8374 = CARTESIAN_POINT('',(0.35,-1.35,2.2));
#8375 = VECTOR('',#8376,1.);
#8376 = DIRECTION('',(-0.,1.,4.818676322158E-16));
#8377 = ORIENTED_EDGE('',*,*,#8378,.F.);
#8378 = EDGE_CURVE('',#8379,#8371,#8381,.T.);
#8379 = VERTEX_POINT('',#8380);
#8380 = CARTESIAN_POINT('',(1.3,-1.35,2.2));
#8381 = LINE('',#8382,#8383);
#8382 = CARTESIAN_POINT('',(1.3,-1.35,2.2));
#8383 = VECTOR('',#8384,1.);
#8384 = DIRECTION('',(-1.,-0.,-0.));
#8385 = ORIENTED_EDGE('',*,*,#8386,.F.);
#8386 = EDGE_CURVE('',#8387,#8379,#8389,.T.);
#8387 = VERTEX_POINT('',#8388);
#8388 = CARTESIAN_POINT('',(1.3,-1.8,2.2));
#8389 = LINE('',#8390,#8391);
#8390 = CARTESIAN_POINT('',(1.3,-1.35,2.2));
#8391 = VECTOR('',#8392,1.);
#8392 = DIRECTION('',(-0.,1.,4.818676322158E-16));
#8393 = ORIENTED_EDGE('',*,*,#8394,.T.);
#8394 = EDGE_CURVE('',#8387,#8339,#8395,.T.);
#8395 = LINE('',#8396,#8397);
#8396 = CARTESIAN_POINT('',(1.4125,-1.380144284149,2.2));
#8397 = VECTOR('',#8398,1.);
#8398 = DIRECTION('',(-0.258819045103,-0.965925826289,-4.6544839081E-16)
  );
#8399 = PLANE('',#8400);
#8400 = AXIS2_PLACEMENT_3D('',#8401,#8402,#8403);
#8401 = CARTESIAN_POINT('',(1.3,-1.35,2.2));
#8402 = DIRECTION('',(0.,-4.818676322158E-16,1.));
#8403 = DIRECTION('',(0.,-1.,-4.818676322158E-16));
#8404 = ADVANCED_FACE('',(#8405),#8432,.F.);
#8405 = FACE_BOUND('',#8406,.F.);
#8406 = EDGE_LOOP('',(#8407,#8408,#8417,#8425));
#8407 = ORIENTED_EDGE('',*,*,#8378,.F.);
#8408 = ORIENTED_EDGE('',*,*,#8409,.T.);
#8409 = EDGE_CURVE('',#8379,#8410,#8412,.T.);
#8410 = VERTEX_POINT('',#8411);
#8411 = CARTESIAN_POINT('',(1.3,-1.296417009262,2.194190219099));
#8412 = CIRCLE('',#8413,0.25);
#8413 = AXIS2_PLACEMENT_3D('',#8414,#8415,#8416);
#8414 = CARTESIAN_POINT('',(1.3,-1.35,1.95));
#8415 = DIRECTION('',(-1.,-0.,-0.));
#8416 = DIRECTION('',(0.,0.,-1.));
#8417 = ORIENTED_EDGE('',*,*,#8418,.T.);
#8418 = EDGE_CURVE('',#8410,#8419,#8421,.T.);
#8419 = VERTEX_POINT('',#8420);
#8420 = CARTESIAN_POINT('',(0.35,-1.296417009262,2.194190219099));
#8421 = LINE('',#8422,#8423);
#8422 = CARTESIAN_POINT('',(1.3,-1.296417009262,2.194190219099));
#8423 = VECTOR('',#8424,1.);
#8424 = DIRECTION('',(-1.,-0.,-0.));
#8425 = ORIENTED_EDGE('',*,*,#8426,.F.);
#8426 = EDGE_CURVE('',#8371,#8419,#8427,.T.);
#8427 = CIRCLE('',#8428,0.25);
#8428 = AXIS2_PLACEMENT_3D('',#8429,#8430,#8431);
#8429 = CARTESIAN_POINT('',(0.35,-1.35,1.95));
#8430 = DIRECTION('',(-1.,-0.,-0.));
#8431 = DIRECTION('',(0.,0.,-1.));
#8432 = CYLINDRICAL_SURFACE('',#8433,0.25);
#8433 = AXIS2_PLACEMENT_3D('',#8434,#8435,#8436);
#8434 = CARTESIAN_POINT('',(1.3,-1.35,1.95));
#8435 = DIRECTION('',(-1.,-0.,-0.));
#8436 = DIRECTION('',(-0.,0.,1.));
#8437 = ADVANCED_FACE('',(#8438),#8454,.F.);
#8438 = FACE_BOUND('',#8439,.T.);
#8439 = EDGE_LOOP('',(#8440,#8446,#8447,#8453));
#8440 = ORIENTED_EDGE('',*,*,#8441,.T.);
#8441 = EDGE_CURVE('',#8419,#6528,#8442,.T.);
#8442 = LINE('',#8443,#8444);
#8443 = CARTESIAN_POINT('',(0.35,0.5,1.8));
#8444 = VECTOR('',#8445,1.);
#8445 = DIRECTION('',(-0.,0.976760876396,-0.214331962951));
#8446 = ORIENTED_EDGE('',*,*,#6527,.F.);
#8447 = ORIENTED_EDGE('',*,*,#8448,.F.);
#8448 = EDGE_CURVE('',#8410,#6520,#8449,.T.);
#8449 = LINE('',#8450,#8451);
#8450 = CARTESIAN_POINT('',(1.3,0.5,1.8));
#8451 = VECTOR('',#8452,1.);
#8452 = DIRECTION('',(-0.,0.976760876396,-0.214331962951));
#8453 = ORIENTED_EDGE('',*,*,#8418,.T.);
#8454 = PLANE('',#8455);
#8455 = AXIS2_PLACEMENT_3D('',#8456,#8457,#8458);
#8456 = CARTESIAN_POINT('',(1.3,0.5,1.8));
#8457 = DIRECTION('',(-0.,0.214331962951,0.976760876396));
#8458 = DIRECTION('',(0.,-0.976760876396,0.214331962951));
#8459 = ADVANCED_FACE('',(#8460),#8476,.F.);
#8460 = FACE_BOUND('',#8461,.T.);
#8461 = EDGE_LOOP('',(#8462,#8463,#8469,#8470,#8471,#8472,#8473,#8474,
    #8475));
#8462 = ORIENTED_EDGE('',*,*,#8218,.T.);
#8463 = ORIENTED_EDGE('',*,*,#8464,.F.);
#8464 = EDGE_CURVE('',#8387,#8211,#8465,.T.);
#8465 = LINE('',#8466,#8467);
#8466 = CARTESIAN_POINT('',(1.3,-1.8,-3.4));
#8467 = VECTOR('',#8468,1.);
#8468 = DIRECTION('',(-0.,-0.,1.));
#8469 = ORIENTED_EDGE('',*,*,#8386,.T.);
#8470 = ORIENTED_EDGE('',*,*,#8409,.T.);
#8471 = ORIENTED_EDGE('',*,*,#8448,.T.);
#8472 = ORIENTED_EDGE('',*,*,#7046,.T.);
#8473 = ORIENTED_EDGE('',*,*,#7006,.T.);
#8474 = ORIENTED_EDGE('',*,*,#7542,.T.);
#8475 = ORIENTED_EDGE('',*,*,#8187,.T.);
#8476 = PLANE('',#8477);
#8477 = AXIS2_PLACEMENT_3D('',#8478,#8479,#8480);
#8478 = CARTESIAN_POINT('',(1.3,-2.25,2.5));
#8479 = DIRECTION('',(-1.,-0.,0.));
#8480 = DIRECTION('',(0.,0.,1.));
#8481 = ADVANCED_FACE('',(#8482),#8498,.T.);
#8482 = FACE_BOUND('',#8483,.T.);
#8483 = EDGE_LOOP('',(#8484,#8490,#8491,#8492,#8493,#8494,#8495,#8496,
    #8497));
#8484 = ORIENTED_EDGE('',*,*,#8485,.T.);
#8485 = EDGE_CURVE('',#8363,#8203,#8486,.T.);
#8486 = LINE('',#8487,#8488);
#8487 = CARTESIAN_POINT('',(0.35,-1.8,-3.4));
#8488 = VECTOR('',#8489,1.);
#8489 = DIRECTION('',(-0.,-0.,1.));
#8490 = ORIENTED_EDGE('',*,*,#8202,.F.);
#8491 = ORIENTED_EDGE('',*,*,#8171,.F.);
#8492 = ORIENTED_EDGE('',*,*,#7526,.F.);
#8493 = ORIENTED_EDGE('',*,*,#8049,.F.);
#8494 = ORIENTED_EDGE('',*,*,#8078,.F.);
#8495 = ORIENTED_EDGE('',*,*,#8441,.F.);
#8496 = ORIENTED_EDGE('',*,*,#8426,.F.);
#8497 = ORIENTED_EDGE('',*,*,#8370,.F.);
#8498 = PLANE('',#8499);
#8499 = AXIS2_PLACEMENT_3D('',#8500,#8501,#8502);
#8500 = CARTESIAN_POINT('',(0.35,-2.25,2.5));
#8501 = DIRECTION('',(-1.,-0.,0.));
#8502 = DIRECTION('',(0.,0.,1.));
#8503 = ADVANCED_FACE('',(#8504),#8538,.F.);
#8504 = FACE_BOUND('',#8505,.T.);
#8505 = EDGE_LOOP('',(#8506,#8516,#8524,#8532));
#8506 = ORIENTED_EDGE('',*,*,#8507,.T.);
#8507 = EDGE_CURVE('',#8508,#8510,#8512,.T.);
#8508 = VERTEX_POINT('',#8509);
#8509 = CARTESIAN_POINT('',(0.35,-1.8,-3.4));
#8510 = VERTEX_POINT('',#8511);
#8511 = CARTESIAN_POINT('',(0.35,-1.35,-3.4));
#8512 = LINE('',#8513,#8514);
#8513 = CARTESIAN_POINT('',(0.35,-1.8,-3.4));
#8514 = VECTOR('',#8515,1.);
#8515 = DIRECTION('',(0.,1.,0.));
#8516 = ORIENTED_EDGE('',*,*,#8517,.F.);
#8517 = EDGE_CURVE('',#8518,#8510,#8520,.T.);
#8518 = VERTEX_POINT('',#8519);
#8519 = CARTESIAN_POINT('',(1.3,-1.35,-3.4));
#8520 = LINE('',#8521,#8522);
#8521 = CARTESIAN_POINT('',(1.3,-1.35,-3.4));
#8522 = VECTOR('',#8523,1.);
#8523 = DIRECTION('',(-1.,-0.,-0.));
#8524 = ORIENTED_EDGE('',*,*,#8525,.F.);
#8525 = EDGE_CURVE('',#8526,#8518,#8528,.T.);
#8526 = VERTEX_POINT('',#8527);
#8527 = CARTESIAN_POINT('',(1.3,-1.8,-3.4));
#8528 = LINE('',#8529,#8530);
#8529 = CARTESIAN_POINT('',(1.3,-1.8,-3.4));
#8530 = VECTOR('',#8531,1.);
#8531 = DIRECTION('',(0.,1.,0.));
#8532 = ORIENTED_EDGE('',*,*,#8533,.T.);
#8533 = EDGE_CURVE('',#8526,#8508,#8534,.T.);
#8534 = LINE('',#8535,#8536);
#8535 = CARTESIAN_POINT('',(1.3,-1.8,-3.4));
#8536 = VECTOR('',#8537,1.);
#8537 = DIRECTION('',(-1.,-0.,-0.));
#8538 = PLANE('',#8539);
#8539 = AXIS2_PLACEMENT_3D('',#8540,#8541,#8542);
#8540 = CARTESIAN_POINT('',(1.3,-1.8,-3.4));
#8541 = DIRECTION('',(0.,0.,1.));
#8542 = DIRECTION('',(1.,0.,-0.));
#8543 = ADVANCED_FACE('',(#8544),#8560,.F.);
#8544 = FACE_BOUND('',#8545,.T.);
#8545 = EDGE_LOOP('',(#8546,#8552,#8553,#8559));
#8546 = ORIENTED_EDGE('',*,*,#8547,.T.);
#8547 = EDGE_CURVE('',#8510,#7115,#8548,.T.);
#8548 = LINE('',#8549,#8550);
#8549 = CARTESIAN_POINT('',(0.35,-1.35,-3.4));
#8550 = VECTOR('',#8551,1.);
#8551 = DIRECTION('',(0.,0.371390676354,0.928476690885));
#8552 = ORIENTED_EDGE('',*,*,#7114,.F.);
#8553 = ORIENTED_EDGE('',*,*,#8554,.F.);
#8554 = EDGE_CURVE('',#8518,#7107,#8555,.T.);
#8555 = LINE('',#8556,#8557);
#8556 = CARTESIAN_POINT('',(1.3,-1.35,-3.4));
#8557 = VECTOR('',#8558,1.);
#8558 = DIRECTION('',(0.,0.371390676354,0.928476690885));
#8559 = ORIENTED_EDGE('',*,*,#8517,.T.);
#8560 = PLANE('',#8561);
#8561 = AXIS2_PLACEMENT_3D('',#8562,#8563,#8564);
#8562 = CARTESIAN_POINT('',(1.3,-1.35,-3.4));
#8563 = DIRECTION('',(0.,-0.928476690885,0.371390676354));
#8564 = DIRECTION('',(0.,-0.371390676354,-0.928476690885));
#8565 = ADVANCED_FACE('',(#8566),#8591,.F.);
#8566 = FACE_BOUND('',#8567,.T.);
#8567 = EDGE_LOOP('',(#8568,#8576,#8584,#8590));
#8568 = ORIENTED_EDGE('',*,*,#8569,.T.);
#8569 = EDGE_CURVE('',#6633,#8570,#8572,.T.);
#8570 = VERTEX_POINT('',#8571);
#8571 = CARTESIAN_POINT('',(0.35,-1.296417009262,-2.194190219099));
#8572 = LINE('',#8573,#8574);
#8573 = CARTESIAN_POINT('',(0.35,0.5,-1.8));
#8574 = VECTOR('',#8575,1.);
#8575 = DIRECTION('',(0.,-0.976760876396,-0.214331962951));
#8576 = ORIENTED_EDGE('',*,*,#8577,.F.);
#8577 = EDGE_CURVE('',#8578,#8570,#8580,.T.);
#8578 = VERTEX_POINT('',#8579);
#8579 = CARTESIAN_POINT('',(1.3,-1.296417009262,-2.194190219099));
#8580 = LINE('',#8581,#8582);
#8581 = CARTESIAN_POINT('',(1.3,-1.296417009262,-2.194190219099));
#8582 = VECTOR('',#8583,1.);
#8583 = DIRECTION('',(-1.,-0.,-0.));
#8584 = ORIENTED_EDGE('',*,*,#8585,.F.);
#8585 = EDGE_CURVE('',#6641,#8578,#8586,.T.);
#8586 = LINE('',#8587,#8588);
#8587 = CARTESIAN_POINT('',(1.3,0.5,-1.8));
#8588 = VECTOR('',#8589,1.);
#8589 = DIRECTION('',(0.,-0.976760876396,-0.214331962951));
#8590 = ORIENTED_EDGE('',*,*,#6640,.T.);
#8591 = PLANE('',#8592);
#8592 = AXIS2_PLACEMENT_3D('',#8593,#8594,#8595);
#8593 = CARTESIAN_POINT('',(1.3,0.5,-1.8));
#8594 = DIRECTION('',(0.,0.214331962951,-0.976760876396));
#8595 = DIRECTION('',(0.,0.976760876396,0.214331962951));
#8596 = ADVANCED_FACE('',(#8597),#8624,.F.);
#8597 = FACE_BOUND('',#8598,.F.);
#8598 = EDGE_LOOP('',(#8599,#8600,#8609,#8617));
#8599 = ORIENTED_EDGE('',*,*,#8577,.F.);
#8600 = ORIENTED_EDGE('',*,*,#8601,.T.);
#8601 = EDGE_CURVE('',#8578,#8602,#8604,.T.);
#8602 = VERTEX_POINT('',#8603);
#8603 = CARTESIAN_POINT('',(1.3,-1.35,-2.2));
#8604 = CIRCLE('',#8605,0.25);
#8605 = AXIS2_PLACEMENT_3D('',#8606,#8607,#8608);
#8606 = CARTESIAN_POINT('',(1.3,-1.35,-1.95));
#8607 = DIRECTION('',(-1.,-0.,0.));
#8608 = DIRECTION('',(0.,0.,1.));
#8609 = ORIENTED_EDGE('',*,*,#8610,.T.);
#8610 = EDGE_CURVE('',#8602,#8611,#8613,.T.);
#8611 = VERTEX_POINT('',#8612);
#8612 = CARTESIAN_POINT('',(0.35,-1.35,-2.2));
#8613 = LINE('',#8614,#8615);
#8614 = CARTESIAN_POINT('',(1.3,-1.35,-2.2));
#8615 = VECTOR('',#8616,1.);
#8616 = DIRECTION('',(-1.,-0.,-0.));
#8617 = ORIENTED_EDGE('',*,*,#8618,.F.);
#8618 = EDGE_CURVE('',#8570,#8611,#8619,.T.);
#8619 = CIRCLE('',#8620,0.25);
#8620 = AXIS2_PLACEMENT_3D('',#8621,#8622,#8623);
#8621 = CARTESIAN_POINT('',(0.35,-1.35,-1.95));
#8622 = DIRECTION('',(-1.,-0.,0.));
#8623 = DIRECTION('',(0.,0.,1.));
#8624 = CYLINDRICAL_SURFACE('',#8625,0.25);
#8625 = AXIS2_PLACEMENT_3D('',#8626,#8627,#8628);
#8626 = CARTESIAN_POINT('',(1.3,-1.35,-1.95));
#8627 = DIRECTION('',(-1.,-0.,-0.));
#8628 = DIRECTION('',(-0.,0.,1.));
#8629 = ADVANCED_FACE('',(#8630),#8671,.F.);
#8630 = FACE_BOUND('',#8631,.T.);
#8631 = EDGE_LOOP('',(#8632,#8640,#8648,#8656,#8664,#8670));
#8632 = ORIENTED_EDGE('',*,*,#8633,.T.);
#8633 = EDGE_CURVE('',#8611,#8634,#8636,.T.);
#8634 = VERTEX_POINT('',#8635);
#8635 = CARTESIAN_POINT('',(0.35,-1.8,-2.2));
#8636 = LINE('',#8637,#8638);
#8637 = CARTESIAN_POINT('',(0.35,-1.35,-2.2));
#8638 = VECTOR('',#8639,1.);
#8639 = DIRECTION('',(0.,-1.,2.409338161079E-15));
#8640 = ORIENTED_EDGE('',*,*,#8641,.T.);
#8641 = EDGE_CURVE('',#8634,#8642,#8644,.T.);
#8642 = VERTEX_POINT('',#8643);
#8643 = CARTESIAN_POINT('',(0.470577136594,-2.25,-2.2));
#8644 = LINE('',#8645,#8646);
#8645 = CARTESIAN_POINT('',(0.301137933202,-1.617644284148,-2.2));
#8646 = VECTOR('',#8647,1.);
#8647 = DIRECTION('',(0.258819045103,-0.965925826289,2.32724195405E-15)
  );
#8648 = ORIENTED_EDGE('',*,*,#8649,.F.);
#8649 = EDGE_CURVE('',#8650,#8642,#8652,.T.);
#8650 = VERTEX_POINT('',#8651);
#8651 = CARTESIAN_POINT('',(1.179422863406,-2.25,-2.2));
#8652 = LINE('',#8653,#8654);
#8653 = CARTESIAN_POINT('',(1.3,-2.25,-2.2));
#8654 = VECTOR('',#8655,1.);
#8655 = DIRECTION('',(-1.,-0.,-0.));
#8656 = ORIENTED_EDGE('',*,*,#8657,.T.);
#8657 = EDGE_CURVE('',#8650,#8658,#8660,.T.);
#8658 = VERTEX_POINT('',#8659);
#8659 = CARTESIAN_POINT('',(1.3,-1.8,-2.2));
#8660 = LINE('',#8661,#8662);
#8661 = CARTESIAN_POINT('',(1.4125,-1.380144284149,-2.2));
#8662 = VECTOR('',#8663,1.);
#8663 = DIRECTION('',(0.258819045103,0.965925826289,-2.32724195405E-15)
  );
#8664 = ORIENTED_EDGE('',*,*,#8665,.F.);
#8665 = EDGE_CURVE('',#8602,#8658,#8666,.T.);
#8666 = LINE('',#8667,#8668);
#8667 = CARTESIAN_POINT('',(1.3,-1.35,-2.2));
#8668 = VECTOR('',#8669,1.);
#8669 = DIRECTION('',(0.,-1.,2.409338161079E-15));
#8670 = ORIENTED_EDGE('',*,*,#8610,.T.);
#8671 = PLANE('',#8672);
#8672 = AXIS2_PLACEMENT_3D('',#8673,#8674,#8675);
#8673 = CARTESIAN_POINT('',(1.3,-1.35,-2.2));
#8674 = DIRECTION('',(0.,-2.409338161079E-15,-1.));
#8675 = DIRECTION('',(0.,1.,-2.409338161079E-15));
#8676 = ADVANCED_FACE('',(#8677),#8704,.T.);
#8677 = FACE_BOUND('',#8678,.T.);
#8678 = EDGE_LOOP('',(#8679,#8680,#8689,#8697));
#8679 = ORIENTED_EDGE('',*,*,#8649,.T.);
#8680 = ORIENTED_EDGE('',*,*,#8681,.T.);
#8681 = EDGE_CURVE('',#8642,#8682,#8684,.T.);
#8682 = VERTEX_POINT('',#8683);
#8683 = CARTESIAN_POINT('',(0.537564434702,-2.5,-2.45));
#8684 = ( BOUNDED_CURVE() B_SPLINE_CURVE(3,(#8685,#8686,#8687,#8688),
.UNSPECIFIED.,.F.,.F.) B_SPLINE_CURVE_WITH_KNOTS((4,4),(1.570796326795,
3.14159265359),.PIECEWISE_BEZIER_KNOTS.) CURVE() 
GEOMETRIC_REPRESENTATION_ITEM() RATIONAL_B_SPLINE_CURVE((1.,
0.804737854124,0.804737854124,1.)) REPRESENTATION_ITEM('') );
#8685 = CARTESIAN_POINT('',(0.470577136594,-2.25,-2.2));
#8686 = CARTESIAN_POINT('',(0.509817387319,-2.396446609407,-2.2));
#8687 = CARTESIAN_POINT('',(0.537564434702,-2.5,-2.303553390593));
#8688 = CARTESIAN_POINT('',(0.537564434702,-2.5,-2.45));
#8689 = ORIENTED_EDGE('',*,*,#8690,.F.);
#8690 = EDGE_CURVE('',#8691,#8682,#8693,.T.);
#8691 = VERTEX_POINT('',#8692);
#8692 = CARTESIAN_POINT('',(1.112435565298,-2.5,-2.45));
#8693 = LINE('',#8694,#8695);
#8694 = CARTESIAN_POINT('',(1.3,-2.5,-2.45));
#8695 = VECTOR('',#8696,1.);
#8696 = DIRECTION('',(-1.,-0.,-0.));
#8697 = ORIENTED_EDGE('',*,*,#8698,.T.);
#8698 = EDGE_CURVE('',#8691,#8650,#8699,.T.);
#8699 = ( BOUNDED_CURVE() B_SPLINE_CURVE(3,(#8700,#8701,#8702,#8703),
.UNSPECIFIED.,.F.,.F.) B_SPLINE_CURVE_WITH_KNOTS((4,4),(
3.469446951954E-15,1.570796326795),.PIECEWISE_BEZIER_KNOTS.) CURVE() 
GEOMETRIC_REPRESENTATION_ITEM() RATIONAL_B_SPLINE_CURVE((1.,
0.804737854124,0.804737854124,1.)) REPRESENTATION_ITEM('') );
#8700 = CARTESIAN_POINT('',(1.112435565298,-2.5,-2.45));
#8701 = CARTESIAN_POINT('',(1.112435565298,-2.5,-2.303553390593));
#8702 = CARTESIAN_POINT('',(1.140182612681,-2.396446609407,-2.2));
#8703 = CARTESIAN_POINT('',(1.179422863406,-2.25,-2.2));
#8704 = CYLINDRICAL_SURFACE('',#8705,0.25);
#8705 = AXIS2_PLACEMENT_3D('',#8706,#8707,#8708);
#8706 = CARTESIAN_POINT('',(1.3,-2.25,-2.45));
#8707 = DIRECTION('',(-1.,-0.,-0.));
#8708 = DIRECTION('',(-0.,0.,1.));
#8709 = ADVANCED_FACE('',(#8710),#8735,.F.);
#8710 = FACE_BOUND('',#8711,.T.);
#8711 = EDGE_LOOP('',(#8712,#8713,#8721,#8729));
#8712 = ORIENTED_EDGE('',*,*,#8690,.T.);
#8713 = ORIENTED_EDGE('',*,*,#8714,.F.);
#8714 = EDGE_CURVE('',#8715,#8682,#8717,.T.);
#8715 = VERTEX_POINT('',#8716);
#8716 = CARTESIAN_POINT('',(0.537564434702,-2.5,-2.5));
#8717 = LINE('',#8718,#8719);
#8718 = CARTESIAN_POINT('',(0.537564434702,-2.5,-3.4));
#8719 = VECTOR('',#8720,1.);
#8720 = DIRECTION('',(-0.,-0.,1.));
#8721 = ORIENTED_EDGE('',*,*,#8722,.F.);
#8722 = EDGE_CURVE('',#8723,#8715,#8725,.T.);
#8723 = VERTEX_POINT('',#8724);
#8724 = CARTESIAN_POINT('',(1.112435565298,-2.5,-2.5));
#8725 = LINE('',#8726,#8727);
#8726 = CARTESIAN_POINT('',(1.3,-2.5,-2.5));
#8727 = VECTOR('',#8728,1.);
#8728 = DIRECTION('',(-1.,-0.,-0.));
#8729 = ORIENTED_EDGE('',*,*,#8730,.T.);
#8730 = EDGE_CURVE('',#8723,#8691,#8731,.T.);
#8731 = LINE('',#8732,#8733);
#8732 = CARTESIAN_POINT('',(1.112435565298,-2.5,-3.4));
#8733 = VECTOR('',#8734,1.);
#8734 = DIRECTION('',(-0.,-0.,1.));
#8735 = PLANE('',#8736);
#8736 = AXIS2_PLACEMENT_3D('',#8737,#8738,#8739);
#8737 = CARTESIAN_POINT('',(1.3,-2.5,-2.45));
#8738 = DIRECTION('',(-0.,1.,0.));
#8739 = DIRECTION('',(0.,0.,1.));
#8740 = ADVANCED_FACE('',(#8741),#8768,.T.);
#8741 = FACE_BOUND('',#8742,.T.);
#8742 = EDGE_LOOP('',(#8743,#8744,#8753,#8761));
#8743 = ORIENTED_EDGE('',*,*,#8722,.T.);
#8744 = ORIENTED_EDGE('',*,*,#8745,.T.);
#8745 = EDGE_CURVE('',#8715,#8746,#8748,.T.);
#8746 = VERTEX_POINT('',#8747);
#8747 = CARTESIAN_POINT('',(0.521170673993,-2.438817652107,
    -2.663853270498));
#8748 = ( BOUNDED_CURVE() B_SPLINE_CURVE(3,(#8749,#8750,#8751,#8752),
.UNSPECIFIED.,.F.,.F.) B_SPLINE_CURVE_WITH_KNOTS((4,4),(3.14159265359,
3.856322076795),.PIECEWISE_BEZIER_KNOTS.) CURVE() 
GEOMETRIC_REPRESENTATION_ITEM() RATIONAL_B_SPLINE_CURVE((1.,
0.957881278015,0.957881278015,1.)) REPRESENTATION_ITEM('') );
#8749 = CARTESIAN_POINT('',(0.537564434702,-2.5,-2.5));
#8750 = CARTESIAN_POINT('',(0.537564434702,-2.5,-2.560864650434));
#8751 = CARTESIAN_POINT('',(0.531859566021,-2.478709140232,
    -2.617883988933));
#8752 = CARTESIAN_POINT('',(0.521170673993,-2.438817652107,
    -2.663853270498));
#8753 = ORIENTED_EDGE('',*,*,#8754,.F.);
#8754 = EDGE_CURVE('',#8755,#8746,#8757,.T.);
#8755 = VERTEX_POINT('',#8756);
#8756 = CARTESIAN_POINT('',(1.128829326007,-2.438817652107,
    -2.663853270498));
#8757 = LINE('',#8758,#8759);
#8758 = CARTESIAN_POINT('',(1.3,-2.438817652107,-2.663853270498));
#8759 = VECTOR('',#8760,1.);
#8760 = DIRECTION('',(-1.,-0.,-0.));
#8761 = ORIENTED_EDGE('',*,*,#8762,.T.);
#8762 = EDGE_CURVE('',#8755,#8723,#8763,.T.);
#8763 = ( BOUNDED_CURVE() B_SPLINE_CURVE(3,(#8764,#8765,#8766,#8767),
.UNSPECIFIED.,.F.,.F.) B_SPLINE_CURVE_WITH_KNOTS((4,4),(5.568455883974,
6.28318530718),.PIECEWISE_BEZIER_KNOTS.) CURVE() 
GEOMETRIC_REPRESENTATION_ITEM() RATIONAL_B_SPLINE_CURVE((1.,
0.957881278015,0.957881278015,1.)) REPRESENTATION_ITEM('') );
#8764 = CARTESIAN_POINT('',(1.128829326007,-2.438817652107,
    -2.663853270498));
#8765 = CARTESIAN_POINT('',(1.118140433979,-2.478709140232,
    -2.617883988933));
#8766 = CARTESIAN_POINT('',(1.112435565298,-2.5,-2.560864650434));
#8767 = CARTESIAN_POINT('',(1.112435565298,-2.5,-2.5));
#8768 = CYLINDRICAL_SURFACE('',#8769,0.25);
#8769 = AXIS2_PLACEMENT_3D('',#8770,#8771,#8772);
#8770 = CARTESIAN_POINT('',(1.3,-2.25,-2.5));
#8771 = DIRECTION('',(-1.,-0.,-0.));
#8772 = DIRECTION('',(-0.,0.,1.));
#8773 = ADVANCED_FACE('',(#8774),#8790,.F.);
#8774 = FACE_BOUND('',#8775,.T.);
#8775 = EDGE_LOOP('',(#8776,#8777,#8783,#8784));
#8776 = ORIENTED_EDGE('',*,*,#8754,.T.);
#8777 = ORIENTED_EDGE('',*,*,#8778,.T.);
#8778 = EDGE_CURVE('',#8746,#8508,#8779,.T.);
#8779 = LINE('',#8780,#8781);
#8780 = CARTESIAN_POINT('',(0.544472262535,-2.525780364445,
    -2.563641079953));
#8781 = VECTOR('',#8782,1.);
#8782 = DIRECTION('',(-0.172970331041,0.645534063648,-0.743886441098));
#8783 = ORIENTED_EDGE('',*,*,#8533,.F.);
#8784 = ORIENTED_EDGE('',*,*,#8785,.T.);
#8785 = EDGE_CURVE('',#8526,#8755,#8786,.T.);
#8786 = LINE('',#8787,#8788);
#8787 = CARTESIAN_POINT('',(1.133950536114,-2.419705035792,
    -2.685877849729));
#8788 = VECTOR('',#8789,1.);
#8789 = DIRECTION('',(-0.172970331041,-0.645534063648,0.743886441098));
#8790 = PLANE('',#8791);
#8791 = AXIS2_PLACEMENT_3D('',#8792,#8793,#8794);
#8792 = CARTESIAN_POINT('',(1.3,-2.438817652107,-2.663853270498));
#8793 = DIRECTION('',(-0.,0.755270608427,0.655413081992));
#8794 = DIRECTION('',(0.,-0.655413081992,0.755270608427));
#8795 = ADVANCED_FACE('',(#8796),#8812,.F.);
#8796 = FACE_BOUND('',#8797,.T.);
#8797 = EDGE_LOOP('',(#8798,#8799,#8805,#8806,#8807,#8808,#8809,#8810,
    #8811));
#8798 = ORIENTED_EDGE('',*,*,#8665,.T.);
#8799 = ORIENTED_EDGE('',*,*,#8800,.F.);
#8800 = EDGE_CURVE('',#8526,#8658,#8801,.T.);
#8801 = LINE('',#8802,#8803);
#8802 = CARTESIAN_POINT('',(1.3,-1.8,-3.4));
#8803 = VECTOR('',#8804,1.);
#8804 = DIRECTION('',(-0.,-0.,1.));
#8805 = ORIENTED_EDGE('',*,*,#8525,.T.);
#8806 = ORIENTED_EDGE('',*,*,#8554,.T.);
#8807 = ORIENTED_EDGE('',*,*,#7106,.T.);
#8808 = ORIENTED_EDGE('',*,*,#6954,.T.);
#8809 = ORIENTED_EDGE('',*,*,#6984,.T.);
#8810 = ORIENTED_EDGE('',*,*,#8585,.T.);
#8811 = ORIENTED_EDGE('',*,*,#8601,.T.);
#8812 = PLANE('',#8813);
#8813 = AXIS2_PLACEMENT_3D('',#8814,#8815,#8816);
#8814 = CARTESIAN_POINT('',(1.3,-1.35,-1.95));
#8815 = DIRECTION('',(-1.,-0.,0.));
#8816 = DIRECTION('',(0.,0.,1.));
#8817 = ADVANCED_FACE('',(#8818),#8834,.T.);
#8818 = FACE_BOUND('',#8819,.T.);
#8819 = EDGE_LOOP('',(#8820,#8826,#8827,#8828,#8829,#8830,#8831,#8832,
    #8833));
#8820 = ORIENTED_EDGE('',*,*,#8821,.T.);
#8821 = EDGE_CURVE('',#8508,#8634,#8822,.T.);
#8822 = LINE('',#8823,#8824);
#8823 = CARTESIAN_POINT('',(0.35,-1.8,-3.4));
#8824 = VECTOR('',#8825,1.);
#8825 = DIRECTION('',(-0.,-0.,1.));
#8826 = ORIENTED_EDGE('',*,*,#8633,.F.);
#8827 = ORIENTED_EDGE('',*,*,#8618,.F.);
#8828 = ORIENTED_EDGE('',*,*,#8569,.F.);
#8829 = ORIENTED_EDGE('',*,*,#8155,.F.);
#8830 = ORIENTED_EDGE('',*,*,#8130,.F.);
#8831 = ORIENTED_EDGE('',*,*,#7122,.F.);
#8832 = ORIENTED_EDGE('',*,*,#8547,.F.);
#8833 = ORIENTED_EDGE('',*,*,#8507,.F.);
#8834 = PLANE('',#8835);
#8835 = AXIS2_PLACEMENT_3D('',#8836,#8837,#8838);
#8836 = CARTESIAN_POINT('',(0.35,-1.35,-1.95));
#8837 = DIRECTION('',(-1.,-0.,0.));
#8838 = DIRECTION('',(0.,0.,1.));
#8839 = ADVANCED_FACE('',(#8840),#8848,.F.);
#8840 = FACE_BOUND('',#8841,.T.);
#8841 = EDGE_LOOP('',(#8842,#8843,#8844,#8845,#8846,#8847));
#8842 = ORIENTED_EDGE('',*,*,#8821,.F.);
#8843 = ORIENTED_EDGE('',*,*,#8778,.F.);
#8844 = ORIENTED_EDGE('',*,*,#8745,.F.);
#8845 = ORIENTED_EDGE('',*,*,#8714,.T.);
#8846 = ORIENTED_EDGE('',*,*,#8681,.F.);
#8847 = ORIENTED_EDGE('',*,*,#8641,.F.);
#8848 = PLANE('',#8849);
#8849 = AXIS2_PLACEMENT_3D('',#8850,#8851,#8852);
#8850 = CARTESIAN_POINT('',(0.35,-1.8,-3.4));
#8851 = DIRECTION('',(0.965925826289,0.258819045103,0.));
#8852 = DIRECTION('',(-0.258819045103,0.965925826289,0.));
#8853 = ADVANCED_FACE('',(#8854),#8862,.F.);
#8854 = FACE_BOUND('',#8855,.T.);
#8855 = EDGE_LOOP('',(#8856,#8857,#8858,#8859,#8860,#8861));
#8856 = ORIENTED_EDGE('',*,*,#8698,.F.);
#8857 = ORIENTED_EDGE('',*,*,#8730,.F.);
#8858 = ORIENTED_EDGE('',*,*,#8762,.F.);
#8859 = ORIENTED_EDGE('',*,*,#8785,.F.);
#8860 = ORIENTED_EDGE('',*,*,#8800,.T.);
#8861 = ORIENTED_EDGE('',*,*,#8657,.F.);
#8862 = PLANE('',#8863);
#8863 = AXIS2_PLACEMENT_3D('',#8864,#8865,#8866);
#8864 = CARTESIAN_POINT('',(1.3,-1.8,-3.4));
#8865 = DIRECTION('',(-0.965925826289,0.258819045103,0.));
#8866 = DIRECTION('',(-0.258819045103,-0.965925826289,0.));
#8867 = ADVANCED_FACE('',(#8868),#8876,.F.);
#8868 = FACE_BOUND('',#8869,.T.);
#8869 = EDGE_LOOP('',(#8870,#8871,#8872,#8873,#8874,#8875));
#8870 = ORIENTED_EDGE('',*,*,#8485,.F.);
#8871 = ORIENTED_EDGE('',*,*,#8362,.F.);
#8872 = ORIENTED_EDGE('',*,*,#8329,.F.);
#8873 = ORIENTED_EDGE('',*,*,#8298,.T.);
#8874 = ORIENTED_EDGE('',*,*,#8265,.F.);
#8875 = ORIENTED_EDGE('',*,*,#8234,.F.);
#8876 = PLANE('',#8877);
#8877 = AXIS2_PLACEMENT_3D('',#8878,#8879,#8880);
#8878 = CARTESIAN_POINT('',(0.35,-1.8,-3.4));
#8879 = DIRECTION('',(0.965925826289,0.258819045103,0.));
#8880 = DIRECTION('',(-0.258819045103,0.965925826289,0.));
#8881 = ADVANCED_FACE('',(#8882),#8890,.F.);
#8882 = FACE_BOUND('',#8883,.T.);
#8883 = EDGE_LOOP('',(#8884,#8885,#8886,#8887,#8888,#8889));
#8884 = ORIENTED_EDGE('',*,*,#8282,.F.);
#8885 = ORIENTED_EDGE('',*,*,#8314,.F.);
#8886 = ORIENTED_EDGE('',*,*,#8346,.F.);
#8887 = ORIENTED_EDGE('',*,*,#8394,.F.);
#8888 = ORIENTED_EDGE('',*,*,#8464,.T.);
#8889 = ORIENTED_EDGE('',*,*,#8250,.F.);
#8890 = PLANE('',#8891);
#8891 = AXIS2_PLACEMENT_3D('',#8892,#8893,#8894);
#8892 = CARTESIAN_POINT('',(1.3,-1.8,-3.4));
#8893 = DIRECTION('',(-0.965925826289,0.258819045103,0.));
#8894 = DIRECTION('',(-0.258819045103,-0.965925826289,0.));
#8895 = ADVANCED_FACE('',(#8896),#8930,.F.);
#8896 = FACE_BOUND('',#8897,.T.);
#8897 = EDGE_LOOP('',(#8898,#8899,#8907,#8914,#8915,#8924));
#8898 = ORIENTED_EDGE('',*,*,#6737,.F.);
#8899 = ORIENTED_EDGE('',*,*,#8900,.T.);
#8900 = EDGE_CURVE('',#6729,#8901,#8903,.T.);
#8901 = VERTEX_POINT('',#8902);
#8902 = CARTESIAN_POINT('',(-4.271496287372,3.005003820206,-2.6917082763
    ));
#8903 = LINE('',#8904,#8905);
#8904 = CARTESIAN_POINT('',(-2.817495420692,5.081532259756,
    -1.23770740962));
#8905 = VECTOR('',#8906,1.);
#8906 = DIRECTION('',(-0.497542812165,-0.710564775462,-0.497542812165));
#8907 = ORIENTED_EDGE('',*,*,#8908,.T.);
#8908 = EDGE_CURVE('',#8901,#7447,#8909,.T.);
#8909 = ( BOUNDED_CURVE() B_SPLINE_CURVE(3,(#8910,#8911,#8912,#8913),
.UNSPECIFIED.,.F.,.F.) B_SPLINE_CURVE_WITH_KNOTS((4,4),(6.115568426071,
6.28318530718),.PIECEWISE_BEZIER_KNOTS.) CURVE() 
GEOMETRIC_REPRESENTATION_ITEM() RATIONAL_B_SPLINE_CURVE((1.,
0.99766008518,0.99766008518,1.)) REPRESENTATION_ITEM('') );
#8910 = CARTESIAN_POINT('',(-4.271496287372,3.005003820206,-2.6917082763
    ));
#8911 = CARTESIAN_POINT('',(-4.273829356585,3.00167185206,
    -2.677919816306));
#8912 = CARTESIAN_POINT('',(-4.275,3.,-2.663984449969));
#8913 = CARTESIAN_POINT('',(-4.275,3.,-2.65));
#8914 = ORIENTED_EDGE('',*,*,#7444,.F.);
#8915 = ORIENTED_EDGE('',*,*,#8916,.T.);
#8916 = EDGE_CURVE('',#7445,#8917,#8919,.T.);
#8917 = VERTEX_POINT('',#8918);
#8918 = CARTESIAN_POINT('',(-4.271496287372,3.005003820206,2.6917082763)
  );
#8919 = ( BOUNDED_CURVE() B_SPLINE_CURVE(3,(#8920,#8921,#8922,#8923),
.UNSPECIFIED.,.F.,.F.) B_SPLINE_CURVE_WITH_KNOTS((4,4),(0.,
0.167616881109),.PIECEWISE_BEZIER_KNOTS.) CURVE() 
GEOMETRIC_REPRESENTATION_ITEM() RATIONAL_B_SPLINE_CURVE((1.,
0.99766008518,0.99766008518,1.)) REPRESENTATION_ITEM('') );
#8920 = CARTESIAN_POINT('',(-4.275,3.,2.65));
#8921 = CARTESIAN_POINT('',(-4.275,3.,2.663984449969));
#8922 = CARTESIAN_POINT('',(-4.273829356585,3.00167185206,2.677919816306
    ));
#8923 = CARTESIAN_POINT('',(-4.271496287372,3.005003820206,2.6917082763)
  );
#8924 = ORIENTED_EDGE('',*,*,#8925,.T.);
#8925 = EDGE_CURVE('',#8917,#6738,#8926,.T.);
#8926 = LINE('',#8927,#8928);
#8927 = CARTESIAN_POINT('',(-2.817495420692,5.081532259756,1.23770740962
    ));
#8928 = VECTOR('',#8929,1.);
#8929 = DIRECTION('',(0.497542812165,0.710564775462,-0.497542812165));
#8930 = PLANE('',#8931);
#8931 = AXIS2_PLACEMENT_3D('',#8932,#8933,#8934);
#8932 = CARTESIAN_POINT('',(-3.224688692685,4.5,0.));
#8933 = DIRECTION('',(0.819152044289,-0.573576436351,0.));
#8934 = DIRECTION('',(0.,0.,1.));
#8935 = ADVANCED_FACE('',(#8936),#8985,.F.);
#8936 = FACE_BOUND('',#8937,.T.);
#8937 = EDGE_LOOP('',(#8938,#8939,#8945,#8946,#8954,#8962,#8968,#8969,
    #8977,#8984));
#8938 = ORIENTED_EDGE('',*,*,#7592,.F.);
#8939 = ORIENTED_EDGE('',*,*,#8940,.T.);
#8940 = EDGE_CURVE('',#7584,#7875,#8941,.T.);
#8941 = LINE('',#8942,#8943);
#8942 = CARTESIAN_POINT('',(3.513872138562,6.150979859496,0.693660149634
    ));
#8943 = VECTOR('',#8944,1.);
#8944 = DIRECTION('',(-0.497542812165,0.710564775462,-0.497542812165));
#8945 = ORIENTED_EDGE('',*,*,#7874,.F.);
#8946 = ORIENTED_EDGE('',*,*,#8947,.T.);
#8947 = EDGE_CURVE('',#7867,#8948,#8950,.T.);
#8948 = VERTEX_POINT('',#8949);
#8949 = CARTESIAN_POINT('',(0.975,4.999407209439,1.5));
#8950 = LINE('',#8951,#8952);
#8951 = CARTESIAN_POINT('',(0.975,4.999407209439,1.5));
#8952 = VECTOR('',#8953,1.);
#8953 = DIRECTION('',(-0.,0.819152044289,-0.573576436351));
#8954 = ORIENTED_EDGE('',*,*,#8955,.F.);
#8955 = EDGE_CURVE('',#8956,#8948,#8958,.T.);
#8956 = VERTEX_POINT('',#8957);
#8957 = CARTESIAN_POINT('',(0.675,4.999407209439,1.5));
#8958 = LINE('',#8959,#8960);
#8959 = CARTESIAN_POINT('',(0.675,4.999407209439,1.5));
#8960 = VECTOR('',#8961,1.);
#8961 = DIRECTION('',(1.,-0.,-0.));
#8962 = ORIENTED_EDGE('',*,*,#8963,.F.);
#8963 = EDGE_CURVE('',#6755,#8956,#8964,.T.);
#8964 = LINE('',#8965,#8966);
#8965 = CARTESIAN_POINT('',(0.675,4.999407209439,1.5));
#8966 = VECTOR('',#8967,1.);
#8967 = DIRECTION('',(-0.,0.819152044289,-0.573576436351));
#8968 = ORIENTED_EDGE('',*,*,#6754,.F.);
#8969 = ORIENTED_EDGE('',*,*,#8970,.T.);
#8970 = EDGE_CURVE('',#6746,#8971,#8973,.T.);
#8971 = VERTEX_POINT('',#8972);
#8972 = CARTESIAN_POINT('',(-4.0667082763,3.005003820206,2.896496287372)
  );
#8973 = LINE('',#8974,#8975);
#8974 = CARTESIAN_POINT('',(-2.272327740957,5.567644805092,
    1.102115752029));
#8975 = VECTOR('',#8976,1.);
#8976 = DIRECTION('',(-0.497542812165,-0.710564775462,0.497542812165));
#8977 = ORIENTED_EDGE('',*,*,#8978,.T.);
#8978 = EDGE_CURVE('',#8971,#7493,#8979,.T.);
#8979 = ( BOUNDED_CURVE() B_SPLINE_CURVE(3,(#8980,#8981,#8982,#8983),
.UNSPECIFIED.,.F.,.F.) B_SPLINE_CURVE_WITH_KNOTS((4,4),(6.115568426071,
6.28318530718),.PIECEWISE_BEZIER_KNOTS.) CURVE() 
GEOMETRIC_REPRESENTATION_ITEM() RATIONAL_B_SPLINE_CURVE((1.,
0.99766008518,0.99766008518,1.)) REPRESENTATION_ITEM('') );
#8980 = CARTESIAN_POINT('',(-4.0667082763,3.005003820206,2.896496287372)
  );
#8981 = CARTESIAN_POINT('',(-4.052919816306,3.00167185206,2.898829356585
    ));
#8982 = CARTESIAN_POINT('',(-4.038984449969,3.,2.9));
#8983 = CARTESIAN_POINT('',(-4.025,3.,2.9));
#8984 = ORIENTED_EDGE('',*,*,#7490,.F.);
#8985 = PLANE('',#8986);
#8986 = AXIS2_PLACEMENT_3D('',#8987,#8988,#8989);
#8987 = CARTESIAN_POINT('',(-1.876431811959E-16,4.5,1.849688692685));
#8988 = DIRECTION('',(8.30995486329E-17,-0.573576436351,-0.819152044289)
  );
#8989 = DIRECTION('',(1.,0.,1.014458173086E-16));
#8990 = ADVANCED_FACE('',(#8991),#9040,.F.);
#8991 = FACE_BOUND('',#8992,.T.);
#8992 = EDGE_LOOP('',(#8993,#8994,#9000,#9001,#9002,#9011,#9017,#9018,
    #9026,#9034));
#8993 = ORIENTED_EDGE('',*,*,#7908,.F.);
#8994 = ORIENTED_EDGE('',*,*,#8995,.T.);
#8995 = EDGE_CURVE('',#7900,#7639,#8996,.T.);
#8996 = LINE('',#8997,#8998);
#8997 = CARTESIAN_POINT('',(3.513872138562,6.150979859496,
    -0.693660149634));
#8998 = VECTOR('',#8999,1.);
#8999 = DIRECTION('',(0.497542812165,-0.710564775462,-0.497542812165));
#9000 = ORIENTED_EDGE('',*,*,#7638,.F.);
#9001 = ORIENTED_EDGE('',*,*,#7169,.F.);
#9002 = ORIENTED_EDGE('',*,*,#9003,.T.);
#9003 = EDGE_CURVE('',#7162,#9004,#9006,.T.);
#9004 = VERTEX_POINT('',#9005);
#9005 = CARTESIAN_POINT('',(-4.0667082763,3.005003820206,-2.896496287372
    ));
#9006 = ( BOUNDED_CURVE() B_SPLINE_CURVE(3,(#9007,#9008,#9009,#9010),
.UNSPECIFIED.,.F.,.F.) B_SPLINE_CURVE_WITH_KNOTS((4,4),(0.,
0.167616881109),.PIECEWISE_BEZIER_KNOTS.) CURVE() 
GEOMETRIC_REPRESENTATION_ITEM() RATIONAL_B_SPLINE_CURVE((1.,
0.99766008518,0.99766008518,1.)) REPRESENTATION_ITEM('') );
#9007 = CARTESIAN_POINT('',(-4.025,3.,-2.9));
#9008 = CARTESIAN_POINT('',(-4.038984449969,3.,-2.9));
#9009 = CARTESIAN_POINT('',(-4.052919816306,3.00167185206,
    -2.898829356585));
#9010 = CARTESIAN_POINT('',(-4.0667082763,3.005003820206,-2.896496287372
    ));
#9011 = ORIENTED_EDGE('',*,*,#9012,.T.);
#9012 = EDGE_CURVE('',#9004,#6721,#9013,.T.);
#9013 = LINE('',#9014,#9015);
#9014 = CARTESIAN_POINT('',(-2.272327740957,5.567644805092,
    -1.102115752029));
#9015 = VECTOR('',#9016,1.);
#9016 = DIRECTION('',(0.497542812165,0.710564775462,0.497542812165));
#9017 = ORIENTED_EDGE('',*,*,#6720,.F.);
#9018 = ORIENTED_EDGE('',*,*,#9019,.F.);
#9019 = EDGE_CURVE('',#9020,#6713,#9022,.T.);
#9020 = VERTEX_POINT('',#9021);
#9021 = CARTESIAN_POINT('',(0.675,4.999407209439,-1.5));
#9022 = LINE('',#9023,#9024);
#9023 = CARTESIAN_POINT('',(0.675,4.5,-1.849688692685));
#9024 = VECTOR('',#9025,1.);
#9025 = DIRECTION('',(-0.,-0.819152044289,-0.573576436351));
#9026 = ORIENTED_EDGE('',*,*,#9027,.T.);
#9027 = EDGE_CURVE('',#9020,#9028,#9030,.T.);
#9028 = VERTEX_POINT('',#9029);
#9029 = CARTESIAN_POINT('',(0.975,4.999407209439,-1.5));
#9030 = LINE('',#9031,#9032);
#9031 = CARTESIAN_POINT('',(0.675,4.999407209439,-1.5));
#9032 = VECTOR('',#9033,1.);
#9033 = DIRECTION('',(1.,-0.,-0.));
#9034 = ORIENTED_EDGE('',*,*,#9035,.T.);
#9035 = EDGE_CURVE('',#9028,#7673,#9036,.T.);
#9036 = LINE('',#9037,#9038);
#9037 = CARTESIAN_POINT('',(0.975,4.5,-1.849688692685));
#9038 = VECTOR('',#9039,1.);
#9039 = DIRECTION('',(-0.,-0.819152044289,-0.573576436351));
#9040 = PLANE('',#9041);
#9041 = AXIS2_PLACEMENT_3D('',#9042,#9043,#9044);
#9042 = CARTESIAN_POINT('',(-1.876431811959E-16,4.5,-1.849688692685));
#9043 = DIRECTION('',(8.30995486329E-17,-0.573576436351,0.819152044289)
  );
#9044 = DIRECTION('',(-1.,0.,1.014458173086E-16));
#9045 = ADVANCED_FACE('',(#9046),#9064,.F.);
#9046 = FACE_BOUND('',#9047,.T.);
#9047 = EDGE_LOOP('',(#9048,#9049,#9055,#9056,#9062,#9063));
#9048 = ORIENTED_EDGE('',*,*,#7655,.F.);
#9049 = ORIENTED_EDGE('',*,*,#9050,.T.);
#9050 = EDGE_CURVE('',#7647,#7892,#9051,.T.);
#9051 = LINE('',#9052,#9053);
#9052 = CARTESIAN_POINT('',(4.467495420692,5.081532259756,-1.23770740962
    ));
#9053 = VECTOR('',#9054,1.);
#9054 = DIRECTION('',(-0.497542812165,0.710564775462,0.497542812165));
#9055 = ORIENTED_EDGE('',*,*,#7891,.F.);
#9056 = ORIENTED_EDGE('',*,*,#9057,.T.);
#9057 = EDGE_CURVE('',#7883,#7576,#9058,.T.);
#9058 = LINE('',#9059,#9060);
#9059 = CARTESIAN_POINT('',(4.467495420692,5.081532259756,1.23770740962)
  );
#9060 = VECTOR('',#9061,1.);
#9061 = DIRECTION('',(0.497542812165,-0.710564775462,0.497542812165));
#9062 = ORIENTED_EDGE('',*,*,#7573,.F.);
#9063 = ORIENTED_EDGE('',*,*,#7622,.F.);
#9064 = PLANE('',#9065);
#9065 = AXIS2_PLACEMENT_3D('',#9066,#9067,#9068);
#9066 = CARTESIAN_POINT('',(4.874688692685,4.5,0.));
#9067 = DIRECTION('',(-0.819152044289,-0.573576436351,-0.));
#9068 = DIRECTION('',(0.,0.,-1.));
#9069 = ADVANCED_FACE('',(#9070),#9076,.T.);
#9070 = FACE_BOUND('',#9071,.T.);
#9071 = EDGE_LOOP('',(#9072,#9073,#9074,#9075));
#9072 = ORIENTED_EDGE('',*,*,#7646,.F.);
#9073 = ORIENTED_EDGE('',*,*,#8995,.F.);
#9074 = ORIENTED_EDGE('',*,*,#7899,.F.);
#9075 = ORIENTED_EDGE('',*,*,#9050,.F.);
#9076 = CYLINDRICAL_SURFACE('',#9077,0.25);
#9077 = AXIS2_PLACEMENT_3D('',#9078,#9079,#9080);
#9078 = CARTESIAN_POINT('',(4.26270740962,4.938138150668,-1.23770740962)
  );
#9079 = DIRECTION('',(-0.497542812165,0.710564775462,0.497542812165));
#9080 = DIRECTION('',(-0.819152044289,-0.573576436351,1.665334536938E-16
    ));
#9081 = ADVANCED_FACE('',(#9082),#9088,.T.);
#9082 = FACE_BOUND('',#9083,.T.);
#9083 = EDGE_LOOP('',(#9084,#9085,#9086,#9087));
#9084 = ORIENTED_EDGE('',*,*,#7882,.F.);
#9085 = ORIENTED_EDGE('',*,*,#8940,.F.);
#9086 = ORIENTED_EDGE('',*,*,#7583,.F.);
#9087 = ORIENTED_EDGE('',*,*,#9057,.F.);
#9088 = CYLINDRICAL_SURFACE('',#9089,0.25);
#9089 = AXIS2_PLACEMENT_3D('',#9090,#9091,#9092);
#9090 = CARTESIAN_POINT('',(4.26270740962,4.938138150668,1.23770740962)
  );
#9091 = DIRECTION('',(0.497542812165,-0.710564775462,0.497542812165));
#9092 = DIRECTION('',(0.819152044289,0.573576436351,1.665334536938E-16)
  );
#9093 = ADVANCED_FACE('',(#9094),#9108,.T.);
#9094 = FACE_BOUND('',#9095,.T.);
#9095 = EDGE_LOOP('',(#9096,#9097,#9098,#9105,#9106,#9107));
#9096 = ORIENTED_EDGE('',*,*,#7454,.F.);
#9097 = ORIENTED_EDGE('',*,*,#8908,.F.);
#9098 = ORIENTED_EDGE('',*,*,#9099,.F.);
#9099 = EDGE_CURVE('',#9004,#8901,#9100,.T.);
#9100 = ( BOUNDED_CURVE() B_SPLINE_CURVE(3,(#9101,#9102,#9103,#9104),
.UNSPECIFIED.,.F.,.F.) B_SPLINE_CURVE_WITH_KNOTS((4,4),(2.523811371301,
3.759373935879),.PIECEWISE_BEZIER_KNOTS.) CURVE() 
GEOMETRIC_REPRESENTATION_ITEM() RATIONAL_B_SPLINE_CURVE((1.,
0.876777070243,0.876777070243,1.)) REPRESENTATION_ITEM('') );
#9101 = CARTESIAN_POINT('',(-4.0667082763,3.005003820206,-2.896496287372
    ));
#9102 = CARTESIAN_POINT('',(-4.175270682749,3.031237821705,
    -2.878127041765));
#9103 = CARTESIAN_POINT('',(-4.253127041765,3.031237821705,
    -2.800270682749));
#9104 = CARTESIAN_POINT('',(-4.271496287372,3.005003820206,-2.6917082763
    ));
#9105 = ORIENTED_EDGE('',*,*,#9003,.F.);
#9106 = ORIENTED_EDGE('',*,*,#7161,.F.);
#9107 = ORIENTED_EDGE('',*,*,#7414,.F.);
#9108 = CYLINDRICAL_SURFACE('',#9109,0.25);
#9109 = AXIS2_PLACEMENT_3D('',#9110,#9111,#9112);
#9110 = CARTESIAN_POINT('',(-4.025,4.5,-2.65));
#9111 = DIRECTION('',(0.,-1.,0.));
#9112 = DIRECTION('',(0.,0.,-1.));
#9113 = ADVANCED_FACE('',(#9114),#9120,.T.);
#9114 = FACE_BOUND('',#9115,.T.);
#9115 = EDGE_LOOP('',(#9116,#9117,#9118,#9119));
#9116 = ORIENTED_EDGE('',*,*,#9099,.T.);
#9117 = ORIENTED_EDGE('',*,*,#8900,.F.);
#9118 = ORIENTED_EDGE('',*,*,#6728,.F.);
#9119 = ORIENTED_EDGE('',*,*,#9012,.F.);
#9120 = CYLINDRICAL_SURFACE('',#9121,0.25);
#9121 = AXIS2_PLACEMENT_3D('',#9122,#9123,#9124);
#9122 = CARTESIAN_POINT('',(-2.272327740957,5.424250696005,
    -0.897327740957));
#9123 = DIRECTION('',(0.497542812165,0.710564775462,0.497542812165));
#9124 = DIRECTION('',(-0.819152044289,0.573576436351,-3.053113317719E-16
    ));
#9125 = ADVANCED_FACE('',(#9126),#9140,.T.);
#9126 = FACE_BOUND('',#9127,.T.);
#9127 = EDGE_LOOP('',(#9128,#9129,#9130,#9137,#9138,#9139));
#9128 = ORIENTED_EDGE('',*,*,#7500,.F.);
#9129 = ORIENTED_EDGE('',*,*,#8978,.F.);
#9130 = ORIENTED_EDGE('',*,*,#9131,.F.);
#9131 = EDGE_CURVE('',#8917,#8971,#9132,.T.);
#9132 = ( BOUNDED_CURVE() B_SPLINE_CURVE(3,(#9133,#9134,#9135,#9136),
.UNSPECIFIED.,.F.,.F.) B_SPLINE_CURVE_WITH_KNOTS((4,4),(2.523811371301,
3.759373935879),.PIECEWISE_BEZIER_KNOTS.) CURVE() 
GEOMETRIC_REPRESENTATION_ITEM() RATIONAL_B_SPLINE_CURVE((1.,
0.876777070243,0.876777070243,1.)) REPRESENTATION_ITEM('') );
#9133 = CARTESIAN_POINT('',(-4.271496287372,3.005003820206,2.6917082763)
  );
#9134 = CARTESIAN_POINT('',(-4.253127041765,3.031237821705,
    2.800270682749));
#9135 = CARTESIAN_POINT('',(-4.175270682749,3.031237821705,
    2.878127041765));
#9136 = CARTESIAN_POINT('',(-4.0667082763,3.005003820206,2.896496287372)
  );
#9137 = ORIENTED_EDGE('',*,*,#8916,.F.);
#9138 = ORIENTED_EDGE('',*,*,#7476,.F.);
#9139 = ORIENTED_EDGE('',*,*,#7225,.F.);
#9140 = CYLINDRICAL_SURFACE('',#9141,0.25);
#9141 = AXIS2_PLACEMENT_3D('',#9142,#9143,#9144);
#9142 = CARTESIAN_POINT('',(-4.025,4.5,2.65));
#9143 = DIRECTION('',(0.,-1.,0.));
#9144 = DIRECTION('',(0.,0.,-1.));
#9145 = ADVANCED_FACE('',(#9146),#9152,.T.);
#9146 = FACE_BOUND('',#9147,.T.);
#9147 = EDGE_LOOP('',(#9148,#9149,#9150,#9151));
#9148 = ORIENTED_EDGE('',*,*,#6745,.F.);
#9149 = ORIENTED_EDGE('',*,*,#8925,.F.);
#9150 = ORIENTED_EDGE('',*,*,#9131,.T.);
#9151 = ORIENTED_EDGE('',*,*,#8970,.F.);
#9152 = CYLINDRICAL_SURFACE('',#9153,0.25);
#9153 = AXIS2_PLACEMENT_3D('',#9154,#9155,#9156);
#9154 = CARTESIAN_POINT('',(-2.272327740957,5.424250696005,
    0.897327740957));
#9155 = DIRECTION('',(-0.497542812165,-0.710564775462,0.497542812165));
#9156 = DIRECTION('',(0.819152044289,-0.573576436351,-3.053113317719E-16
    ));
#9157 = ADVANCED_FACE('',(#9158),#9164,.T.);
#9158 = FACE_BOUND('',#9159,.T.);
#9159 = EDGE_LOOP('',(#9160,#9161,#9162,#9163));
#9160 = ORIENTED_EDGE('',*,*,#6583,.F.);
#9161 = ORIENTED_EDGE('',*,*,#7974,.F.);
#9162 = ORIENTED_EDGE('',*,*,#7193,.F.);
#9163 = ORIENTED_EDGE('',*,*,#7468,.F.);
#9164 = CYLINDRICAL_SURFACE('',#9165,0.25);
#9165 = AXIS2_PLACEMENT_3D('',#9166,#9167,#9168);
#9166 = CARTESIAN_POINT('',(-4.025,-1.7,2.410479081662));
#9167 = DIRECTION('',(-0.,1.,-0.));
#9168 = DIRECTION('',(0.,0.,1.));
#9169 = ADVANCED_FACE('',(#9170),#9195,.F.);
#9170 = FACE_BOUND('',#9171,.T.);
#9171 = EDGE_LOOP('',(#9172,#9180,#9188,#9194));
#9172 = ORIENTED_EDGE('',*,*,#9173,.T.);
#9173 = EDGE_CURVE('',#8948,#9174,#9176,.T.);
#9174 = VERTEX_POINT('',#9175);
#9175 = CARTESIAN_POINT('',(0.975,6.25,1.5));
#9176 = LINE('',#9177,#9178);
#9177 = CARTESIAN_POINT('',(0.975,6.25,1.5));
#9178 = VECTOR('',#9179,1.);
#9179 = DIRECTION('',(-0.,1.,-0.));
#9180 = ORIENTED_EDGE('',*,*,#9181,.F.);
#9181 = EDGE_CURVE('',#9182,#9174,#9184,.T.);
#9182 = VERTEX_POINT('',#9183);
#9183 = CARTESIAN_POINT('',(0.675,6.25,1.5));
#9184 = LINE('',#9185,#9186);
#9185 = CARTESIAN_POINT('',(0.675,6.25,1.5));
#9186 = VECTOR('',#9187,1.);
#9187 = DIRECTION('',(1.,-0.,-0.));
#9188 = ORIENTED_EDGE('',*,*,#9189,.F.);
#9189 = EDGE_CURVE('',#8956,#9182,#9190,.T.);
#9190 = LINE('',#9191,#9192);
#9191 = CARTESIAN_POINT('',(0.675,6.25,1.5));
#9192 = VECTOR('',#9193,1.);
#9193 = DIRECTION('',(-0.,1.,-0.));
#9194 = ORIENTED_EDGE('',*,*,#8955,.T.);
#9195 = PLANE('',#9196);
#9196 = AXIS2_PLACEMENT_3D('',#9197,#9198,#9199);
#9197 = CARTESIAN_POINT('',(0.675,6.25,1.5));
#9198 = DIRECTION('',(-0.,0.,-1.));
#9199 = DIRECTION('',(-1.,0.,0.));
#9200 = ADVANCED_FACE('',(#9201),#9228,.T.);
#9201 = FACE_BOUND('',#9202,.T.);
#9202 = EDGE_LOOP('',(#9203,#9212,#9220,#9227));
#9203 = ORIENTED_EDGE('',*,*,#9204,.T.);
#9204 = EDGE_CURVE('',#9174,#9205,#9207,.T.);
#9205 = VERTEX_POINT('',#9206);
#9206 = CARTESIAN_POINT('',(0.975,7.2,0.55));
#9207 = CIRCLE('',#9208,0.95);
#9208 = AXIS2_PLACEMENT_3D('',#9209,#9210,#9211);
#9209 = CARTESIAN_POINT('',(0.975,6.25,0.55));
#9210 = DIRECTION('',(-1.,0.,0.));
#9211 = DIRECTION('',(0.,0.,-1.));
#9212 = ORIENTED_EDGE('',*,*,#9213,.F.);
#9213 = EDGE_CURVE('',#9214,#9205,#9216,.T.);
#9214 = VERTEX_POINT('',#9215);
#9215 = CARTESIAN_POINT('',(0.675,7.2,0.55));
#9216 = LINE('',#9217,#9218);
#9217 = CARTESIAN_POINT('',(0.675,7.2,0.55));
#9218 = VECTOR('',#9219,1.);
#9219 = DIRECTION('',(1.,-0.,-0.));
#9220 = ORIENTED_EDGE('',*,*,#9221,.F.);
#9221 = EDGE_CURVE('',#9182,#9214,#9222,.T.);
#9222 = CIRCLE('',#9223,0.95);
#9223 = AXIS2_PLACEMENT_3D('',#9224,#9225,#9226);
#9224 = CARTESIAN_POINT('',(0.675,6.25,0.55));
#9225 = DIRECTION('',(-1.,0.,0.));
#9226 = DIRECTION('',(0.,0.,-1.));
#9227 = ORIENTED_EDGE('',*,*,#9181,.T.);
#9228 = CYLINDRICAL_SURFACE('',#9229,0.95);
#9229 = AXIS2_PLACEMENT_3D('',#9230,#9231,#9232);
#9230 = CARTESIAN_POINT('',(0.675,6.25,0.55));
#9231 = DIRECTION('',(1.,-0.,-0.));
#9232 = DIRECTION('',(0.,0.,-1.));
#9233 = ADVANCED_FACE('',(#9234),#9259,.F.);
#9234 = FACE_BOUND('',#9235,.T.);
#9235 = EDGE_LOOP('',(#9236,#9244,#9252,#9258));
#9236 = ORIENTED_EDGE('',*,*,#9237,.T.);
#9237 = EDGE_CURVE('',#9205,#9238,#9240,.T.);
#9238 = VERTEX_POINT('',#9239);
#9239 = CARTESIAN_POINT('',(0.975,7.2,-0.55));
#9240 = LINE('',#9241,#9242);
#9241 = CARTESIAN_POINT('',(0.975,7.2,-0.55));
#9242 = VECTOR('',#9243,1.);
#9243 = DIRECTION('',(-0.,-0.,-1.));
#9244 = ORIENTED_EDGE('',*,*,#9245,.F.);
#9245 = EDGE_CURVE('',#9246,#9238,#9248,.T.);
#9246 = VERTEX_POINT('',#9247);
#9247 = CARTESIAN_POINT('',(0.675,7.2,-0.55));
#9248 = LINE('',#9249,#9250);
#9249 = CARTESIAN_POINT('',(0.675,7.2,-0.55));
#9250 = VECTOR('',#9251,1.);
#9251 = DIRECTION('',(1.,-0.,-0.));
#9252 = ORIENTED_EDGE('',*,*,#9253,.F.);
#9253 = EDGE_CURVE('',#9214,#9246,#9254,.T.);
#9254 = LINE('',#9255,#9256);
#9255 = CARTESIAN_POINT('',(0.675,7.2,-0.55));
#9256 = VECTOR('',#9257,1.);
#9257 = DIRECTION('',(-0.,-0.,-1.));
#9258 = ORIENTED_EDGE('',*,*,#9213,.T.);
#9259 = PLANE('',#9260);
#9260 = AXIS2_PLACEMENT_3D('',#9261,#9262,#9263);
#9261 = CARTESIAN_POINT('',(0.675,7.2,-0.55));
#9262 = DIRECTION('',(0.,-1.,0.));
#9263 = DIRECTION('',(0.,-0.,-1.));
#9264 = ADVANCED_FACE('',(#9265),#9292,.T.);
#9265 = FACE_BOUND('',#9266,.T.);
#9266 = EDGE_LOOP('',(#9267,#9276,#9284,#9291));
#9267 = ORIENTED_EDGE('',*,*,#9268,.T.);
#9268 = EDGE_CURVE('',#9238,#9269,#9271,.T.);
#9269 = VERTEX_POINT('',#9270);
#9270 = CARTESIAN_POINT('',(0.975,6.25,-1.5));
#9271 = CIRCLE('',#9272,0.95);
#9272 = AXIS2_PLACEMENT_3D('',#9273,#9274,#9275);
#9273 = CARTESIAN_POINT('',(0.975,6.25,-0.55));
#9274 = DIRECTION('',(-1.,0.,0.));
#9275 = DIRECTION('',(0.,0.,-1.));
#9276 = ORIENTED_EDGE('',*,*,#9277,.F.);
#9277 = EDGE_CURVE('',#9278,#9269,#9280,.T.);
#9278 = VERTEX_POINT('',#9279);
#9279 = CARTESIAN_POINT('',(0.675,6.25,-1.5));
#9280 = LINE('',#9281,#9282);
#9281 = CARTESIAN_POINT('',(0.675,6.25,-1.5));
#9282 = VECTOR('',#9283,1.);
#9283 = DIRECTION('',(1.,-0.,-0.));
#9284 = ORIENTED_EDGE('',*,*,#9285,.F.);
#9285 = EDGE_CURVE('',#9246,#9278,#9286,.T.);
#9286 = CIRCLE('',#9287,0.95);
#9287 = AXIS2_PLACEMENT_3D('',#9288,#9289,#9290);
#9288 = CARTESIAN_POINT('',(0.675,6.25,-0.55));
#9289 = DIRECTION('',(-1.,0.,0.));
#9290 = DIRECTION('',(0.,0.,-1.));
#9291 = ORIENTED_EDGE('',*,*,#9245,.T.);
#9292 = CYLINDRICAL_SURFACE('',#9293,0.95);
#9293 = AXIS2_PLACEMENT_3D('',#9294,#9295,#9296);
#9294 = CARTESIAN_POINT('',(0.675,6.25,-0.55));
#9295 = DIRECTION('',(1.,-0.,-0.));
#9296 = DIRECTION('',(0.,0.,-1.));
#9297 = ADVANCED_FACE('',(#9298),#9314,.F.);
#9298 = FACE_BOUND('',#9299,.T.);
#9299 = EDGE_LOOP('',(#9300,#9306,#9307,#9313));
#9300 = ORIENTED_EDGE('',*,*,#9301,.T.);
#9301 = EDGE_CURVE('',#9269,#9028,#9302,.T.);
#9302 = LINE('',#9303,#9304);
#9303 = CARTESIAN_POINT('',(0.975,4.999407209439,-1.5));
#9304 = VECTOR('',#9305,1.);
#9305 = DIRECTION('',(-0.,-1.,-0.));
#9306 = ORIENTED_EDGE('',*,*,#9027,.F.);
#9307 = ORIENTED_EDGE('',*,*,#9308,.F.);
#9308 = EDGE_CURVE('',#9278,#9020,#9309,.T.);
#9309 = LINE('',#9310,#9311);
#9310 = CARTESIAN_POINT('',(0.675,4.999407209439,-1.5));
#9311 = VECTOR('',#9312,1.);
#9312 = DIRECTION('',(-0.,-1.,-0.));
#9313 = ORIENTED_EDGE('',*,*,#9277,.T.);
#9314 = PLANE('',#9315);
#9315 = AXIS2_PLACEMENT_3D('',#9316,#9317,#9318);
#9316 = CARTESIAN_POINT('',(0.675,4.999407209439,-1.5));
#9317 = DIRECTION('',(0.,-0.,1.));
#9318 = DIRECTION('',(1.,0.,0.));
#9319 = ADVANCED_FACE('',(#9320),#9353,.F.);
#9320 = FACE_BOUND('',#9321,.T.);
#9321 = EDGE_LOOP('',(#9322,#9323,#9324,#9325,#9326,#9327,#9328,#9329,
    #9330,#9338,#9346,#9352));
#9322 = ORIENTED_EDGE('',*,*,#8963,.T.);
#9323 = ORIENTED_EDGE('',*,*,#9189,.T.);
#9324 = ORIENTED_EDGE('',*,*,#9221,.T.);
#9325 = ORIENTED_EDGE('',*,*,#9253,.T.);
#9326 = ORIENTED_EDGE('',*,*,#9285,.T.);
#9327 = ORIENTED_EDGE('',*,*,#9308,.T.);
#9328 = ORIENTED_EDGE('',*,*,#9019,.T.);
#9329 = ORIENTED_EDGE('',*,*,#6712,.T.);
#9330 = ORIENTED_EDGE('',*,*,#9331,.F.);
#9331 = EDGE_CURVE('',#9332,#6705,#9334,.T.);
#9332 = VERTEX_POINT('',#9333);
#9333 = CARTESIAN_POINT('',(0.675,4.4,-0.55));
#9334 = LINE('',#9335,#9336);
#9335 = CARTESIAN_POINT('',(0.675,4.4,-0.55));
#9336 = VECTOR('',#9337,1.);
#9337 = DIRECTION('',(-0.,1.,-0.));
#9338 = ORIENTED_EDGE('',*,*,#9339,.F.);
#9339 = EDGE_CURVE('',#9340,#9332,#9342,.T.);
#9340 = VERTEX_POINT('',#9341);
#9341 = CARTESIAN_POINT('',(0.675,4.4,0.55));
#9342 = LINE('',#9343,#9344);
#9343 = CARTESIAN_POINT('',(0.675,4.4,-0.55));
#9344 = VECTOR('',#9345,1.);
#9345 = DIRECTION('',(-0.,-0.,-1.));
#9346 = ORIENTED_EDGE('',*,*,#9347,.T.);
#9347 = EDGE_CURVE('',#9340,#6763,#9348,.T.);
#9348 = LINE('',#9349,#9350);
#9349 = CARTESIAN_POINT('',(0.675,4.4,0.55));
#9350 = VECTOR('',#9351,1.);
#9351 = DIRECTION('',(-0.,1.,-0.));
#9352 = ORIENTED_EDGE('',*,*,#6762,.T.);
#9353 = PLANE('',#9354);
#9354 = AXIS2_PLACEMENT_3D('',#9355,#9356,#9357);
#9355 = CARTESIAN_POINT('',(0.675,6.25,-0.55));
#9356 = DIRECTION('',(1.,0.,-0.));
#9357 = DIRECTION('',(-0.,0.,-1.));
#9358 = ADVANCED_FACE('',(#9359),#9392,.T.);
#9359 = FACE_BOUND('',#9360,.T.);
#9360 = EDGE_LOOP('',(#9361,#9362,#9363,#9371,#9379,#9385,#9386,#9387,
    #9388,#9389,#9390,#9391));
#9361 = ORIENTED_EDGE('',*,*,#8947,.F.);
#9362 = ORIENTED_EDGE('',*,*,#7866,.F.);
#9363 = ORIENTED_EDGE('',*,*,#9364,.F.);
#9364 = EDGE_CURVE('',#9365,#7859,#9367,.T.);
#9365 = VERTEX_POINT('',#9366);
#9366 = CARTESIAN_POINT('',(0.975,4.4,0.55));
#9367 = LINE('',#9368,#9369);
#9368 = CARTESIAN_POINT('',(0.975,4.4,0.55));
#9369 = VECTOR('',#9370,1.);
#9370 = DIRECTION('',(-0.,1.,-0.));
#9371 = ORIENTED_EDGE('',*,*,#9372,.F.);
#9372 = EDGE_CURVE('',#9373,#9365,#9375,.T.);
#9373 = VERTEX_POINT('',#9374);
#9374 = CARTESIAN_POINT('',(0.975,4.4,-0.55));
#9375 = LINE('',#9376,#9377);
#9376 = CARTESIAN_POINT('',(0.975,4.4,-0.55));
#9377 = VECTOR('',#9378,1.);
#9378 = DIRECTION('',(0.,0.,1.));
#9379 = ORIENTED_EDGE('',*,*,#9380,.T.);
#9380 = EDGE_CURVE('',#9373,#7675,#9381,.T.);
#9381 = LINE('',#9382,#9383);
#9382 = CARTESIAN_POINT('',(0.975,4.4,-0.55));
#9383 = VECTOR('',#9384,1.);
#9384 = DIRECTION('',(-0.,1.,-0.));
#9385 = ORIENTED_EDGE('',*,*,#7672,.F.);
#9386 = ORIENTED_EDGE('',*,*,#9035,.F.);
#9387 = ORIENTED_EDGE('',*,*,#9301,.F.);
#9388 = ORIENTED_EDGE('',*,*,#9268,.F.);
#9389 = ORIENTED_EDGE('',*,*,#9237,.F.);
#9390 = ORIENTED_EDGE('',*,*,#9204,.F.);
#9391 = ORIENTED_EDGE('',*,*,#9173,.F.);
#9392 = PLANE('',#9393);
#9393 = AXIS2_PLACEMENT_3D('',#9394,#9395,#9396);
#9394 = CARTESIAN_POINT('',(0.975,6.25,-0.55));
#9395 = DIRECTION('',(1.,0.,-0.));
#9396 = DIRECTION('',(-0.,0.,-1.));
#9397 = ADVANCED_FACE('',(#9398),#9416,.F.);
#9398 = FACE_BOUND('',#9399,.T.);
#9399 = EDGE_LOOP('',(#9400,#9401,#9402,#9410));
#9400 = ORIENTED_EDGE('',*,*,#7682,.T.);
#9401 = ORIENTED_EDGE('',*,*,#9380,.F.);
#9402 = ORIENTED_EDGE('',*,*,#9403,.F.);
#9403 = EDGE_CURVE('',#9404,#9373,#9406,.T.);
#9404 = VERTEX_POINT('',#9405);
#9405 = CARTESIAN_POINT('',(1.177072594216,4.4,-0.9));
#9406 = LINE('',#9407,#9408);
#9407 = CARTESIAN_POINT('',(1.177072594216,4.4,-0.9));
#9408 = VECTOR('',#9409,1.);
#9409 = DIRECTION('',(-0.5,0.,0.866025403784));
#9410 = ORIENTED_EDGE('',*,*,#9411,.T.);
#9411 = EDGE_CURVE('',#9404,#7683,#9412,.T.);
#9412 = LINE('',#9413,#9414);
#9413 = CARTESIAN_POINT('',(1.177072594216,4.4,-0.9));
#9414 = VECTOR('',#9415,1.);
#9415 = DIRECTION('',(-0.,1.,-0.));
#9416 = PLANE('',#9417);
#9417 = AXIS2_PLACEMENT_3D('',#9418,#9419,#9420);
#9418 = CARTESIAN_POINT('',(1.177072594216,4.4,-0.9));
#9419 = DIRECTION('',(-0.866025403784,0.,-0.5));
#9420 = DIRECTION('',(-0.5,0.,0.866025403784));
#9421 = ADVANCED_FACE('',(#9422),#9440,.F.);
#9422 = FACE_BOUND('',#9423,.T.);
#9423 = EDGE_LOOP('',(#9424,#9425,#9426,#9434));
#9424 = ORIENTED_EDGE('',*,*,#7690,.T.);
#9425 = ORIENTED_EDGE('',*,*,#9411,.F.);
#9426 = ORIENTED_EDGE('',*,*,#9427,.F.);
#9427 = EDGE_CURVE('',#9428,#9404,#9430,.T.);
#9428 = VERTEX_POINT('',#9429);
#9429 = CARTESIAN_POINT('',(1.289226196675,4.4,-0.9));
#9430 = LINE('',#9431,#9432);
#9431 = CARTESIAN_POINT('',(1.289226196675,4.4,-0.9));
#9432 = VECTOR('',#9433,1.);
#9433 = DIRECTION('',(-1.,0.,-9.667118565207E-16));
#9434 = ORIENTED_EDGE('',*,*,#9435,.T.);
#9435 = EDGE_CURVE('',#9428,#7691,#9436,.T.);
#9436 = LINE('',#9437,#9438);
#9437 = CARTESIAN_POINT('',(1.289226196675,4.4,-0.9));
#9438 = VECTOR('',#9439,1.);
#9439 = DIRECTION('',(-0.,1.,-0.));
#9440 = PLANE('',#9441);
#9441 = AXIS2_PLACEMENT_3D('',#9442,#9443,#9444);
#9442 = CARTESIAN_POINT('',(1.289226196675,4.4,-0.9));
#9443 = DIRECTION('',(9.667118565207E-16,0.,-1.));
#9444 = DIRECTION('',(-1.,0.,-9.667118565207E-16));
#9445 = ADVANCED_FACE('',(#9446),#9464,.F.);
#9446 = FACE_BOUND('',#9447,.T.);
#9447 = EDGE_LOOP('',(#9448,#9449,#9450,#9458));
#9448 = ORIENTED_EDGE('',*,*,#7698,.T.);
#9449 = ORIENTED_EDGE('',*,*,#9435,.F.);
#9450 = ORIENTED_EDGE('',*,*,#9451,.F.);
#9451 = EDGE_CURVE('',#9452,#9428,#9454,.T.);
#9452 = VERTEX_POINT('',#9453);
#9453 = CARTESIAN_POINT('',(1.575,4.4,-1.185773803325));
#9454 = LINE('',#9455,#9456);
#9455 = CARTESIAN_POINT('',(1.575,4.4,-1.185773803325));
#9456 = VECTOR('',#9457,1.);
#9457 = DIRECTION('',(-0.707106781187,0.,0.707106781187));
#9458 = ORIENTED_EDGE('',*,*,#9459,.T.);
#9459 = EDGE_CURVE('',#9452,#7699,#9460,.T.);
#9460 = LINE('',#9461,#9462);
#9461 = CARTESIAN_POINT('',(1.575,4.4,-1.185773803325));
#9462 = VECTOR('',#9463,1.);
#9463 = DIRECTION('',(-0.,1.,-0.));
#9464 = PLANE('',#9465);
#9465 = AXIS2_PLACEMENT_3D('',#9466,#9467,#9468);
#9466 = CARTESIAN_POINT('',(1.575,4.4,-1.185773803325));
#9467 = DIRECTION('',(-0.707106781187,0.,-0.707106781187));
#9468 = DIRECTION('',(-0.707106781187,0.,0.707106781187));
#9469 = ADVANCED_FACE('',(#9470),#9488,.F.);
#9470 = FACE_BOUND('',#9471,.T.);
#9471 = EDGE_LOOP('',(#9472,#9473,#9474,#9482));
#9472 = ORIENTED_EDGE('',*,*,#7706,.T.);
#9473 = ORIENTED_EDGE('',*,*,#9459,.F.);
#9474 = ORIENTED_EDGE('',*,*,#9475,.F.);
#9475 = EDGE_CURVE('',#9476,#9452,#9478,.T.);
#9476 = VERTEX_POINT('',#9477);
#9477 = CARTESIAN_POINT('',(1.575,4.4,-1.297927405784));
#9478 = LINE('',#9479,#9480);
#9479 = CARTESIAN_POINT('',(1.575,4.4,-1.297927405784));
#9480 = VECTOR('',#9481,1.);
#9481 = DIRECTION('',(0.,0.,1.));
#9482 = ORIENTED_EDGE('',*,*,#9483,.T.);
#9483 = EDGE_CURVE('',#9476,#7707,#9484,.T.);
#9484 = LINE('',#9485,#9486);
#9485 = CARTESIAN_POINT('',(1.575,4.4,-1.297927405784));
#9486 = VECTOR('',#9487,1.);
#9487 = DIRECTION('',(-0.,1.,-0.));
#9488 = PLANE('',#9489);
#9489 = AXIS2_PLACEMENT_3D('',#9490,#9491,#9492);
#9490 = CARTESIAN_POINT('',(1.575,4.4,-1.297927405784));
#9491 = DIRECTION('',(-1.,0.,0.));
#9492 = DIRECTION('',(0.,0.,1.));
#9493 = ADVANCED_FACE('',(#9494),#9512,.F.);
#9494 = FACE_BOUND('',#9495,.T.);
#9495 = EDGE_LOOP('',(#9496,#9497,#9498,#9506));
#9496 = ORIENTED_EDGE('',*,*,#7714,.T.);
#9497 = ORIENTED_EDGE('',*,*,#9483,.F.);
#9498 = ORIENTED_EDGE('',*,*,#9499,.F.);
#9499 = EDGE_CURVE('',#9500,#9476,#9502,.T.);
#9500 = VERTEX_POINT('',#9501);
#9501 = CARTESIAN_POINT('',(1.925,4.4,-1.5));
#9502 = LINE('',#9503,#9504);
#9503 = CARTESIAN_POINT('',(1.925,4.4,-1.5));
#9504 = VECTOR('',#9505,1.);
#9505 = DIRECTION('',(-0.866025403784,0.,0.5));
#9506 = ORIENTED_EDGE('',*,*,#9507,.T.);
#9507 = EDGE_CURVE('',#9500,#7715,#9508,.T.);
#9508 = LINE('',#9509,#9510);
#9509 = CARTESIAN_POINT('',(1.925,4.4,-1.5));
#9510 = VECTOR('',#9511,1.);
#9511 = DIRECTION('',(-0.,1.,-0.));
#9512 = PLANE('',#9513);
#9513 = AXIS2_PLACEMENT_3D('',#9514,#9515,#9516);
#9514 = CARTESIAN_POINT('',(1.925,4.4,-1.5));
#9515 = DIRECTION('',(-0.5,0.,-0.866025403784));
#9516 = DIRECTION('',(-0.866025403784,0.,0.5));
#9517 = ADVANCED_FACE('',(#9518),#9536,.F.);
#9518 = FACE_BOUND('',#9519,.T.);
#9519 = EDGE_LOOP('',(#9520,#9521,#9522,#9530));
#9520 = ORIENTED_EDGE('',*,*,#7722,.T.);
#9521 = ORIENTED_EDGE('',*,*,#9507,.F.);
#9522 = ORIENTED_EDGE('',*,*,#9523,.F.);
#9523 = EDGE_CURVE('',#9524,#9500,#9526,.T.);
#9524 = VERTEX_POINT('',#9525);
#9525 = CARTESIAN_POINT('',(3.625,4.4,-1.5));
#9526 = LINE('',#9527,#9528);
#9527 = CARTESIAN_POINT('',(3.625,4.4,-1.5));
#9528 = VECTOR('',#9529,1.);
#9529 = DIRECTION('',(-1.,0.,2.55106393526E-16));
#9530 = ORIENTED_EDGE('',*,*,#9531,.T.);
#9531 = EDGE_CURVE('',#9524,#7723,#9532,.T.);
#9532 = LINE('',#9533,#9534);
#9533 = CARTESIAN_POINT('',(3.625,4.4,-1.5));
#9534 = VECTOR('',#9535,1.);
#9535 = DIRECTION('',(-0.,1.,-0.));
#9536 = PLANE('',#9537);
#9537 = AXIS2_PLACEMENT_3D('',#9538,#9539,#9540);
#9538 = CARTESIAN_POINT('',(3.625,4.4,-1.5));
#9539 = DIRECTION('',(-2.55106393526E-16,0.,-1.));
#9540 = DIRECTION('',(-1.,0.,2.55106393526E-16));
#9541 = ADVANCED_FACE('',(#9542),#9560,.F.);
#9542 = FACE_BOUND('',#9543,.T.);
#9543 = EDGE_LOOP('',(#9544,#9545,#9546,#9554));
#9544 = ORIENTED_EDGE('',*,*,#7730,.T.);
#9545 = ORIENTED_EDGE('',*,*,#9531,.F.);
#9546 = ORIENTED_EDGE('',*,*,#9547,.F.);
#9547 = EDGE_CURVE('',#9548,#9524,#9550,.T.);
#9548 = VERTEX_POINT('',#9549);
#9549 = CARTESIAN_POINT('',(3.975,4.4,-1.297927405784));
#9550 = LINE('',#9551,#9552);
#9551 = CARTESIAN_POINT('',(3.975,4.4,-1.297927405784));
#9552 = VECTOR('',#9553,1.);
#9553 = DIRECTION('',(-0.866025403784,0.,-0.5));
#9554 = ORIENTED_EDGE('',*,*,#9555,.T.);
#9555 = EDGE_CURVE('',#9548,#7731,#9556,.T.);
#9556 = LINE('',#9557,#9558);
#9557 = CARTESIAN_POINT('',(3.975,4.4,-1.297927405784));
#9558 = VECTOR('',#9559,1.);
#9559 = DIRECTION('',(-0.,1.,-0.));
#9560 = PLANE('',#9561);
#9561 = AXIS2_PLACEMENT_3D('',#9562,#9563,#9564);
#9562 = CARTESIAN_POINT('',(3.975,4.4,-1.297927405784));
#9563 = DIRECTION('',(0.5,0.,-0.866025403784));
#9564 = DIRECTION('',(-0.866025403784,0.,-0.5));
#9565 = ADVANCED_FACE('',(#9566),#9584,.F.);
#9566 = FACE_BOUND('',#9567,.T.);
#9567 = EDGE_LOOP('',(#9568,#9569,#9570,#9578));
#9568 = ORIENTED_EDGE('',*,*,#7738,.T.);
#9569 = ORIENTED_EDGE('',*,*,#9555,.F.);
#9570 = ORIENTED_EDGE('',*,*,#9571,.F.);
#9571 = EDGE_CURVE('',#9572,#9548,#9574,.T.);
#9572 = VERTEX_POINT('',#9573);
#9573 = CARTESIAN_POINT('',(3.975,4.4,-1.185773803325));
#9574 = LINE('',#9575,#9576);
#9575 = CARTESIAN_POINT('',(3.975,4.4,-1.185773803325));
#9576 = VECTOR('',#9577,1.);
#9577 = DIRECTION('',(0.,0.,-1.));
#9578 = ORIENTED_EDGE('',*,*,#9579,.T.);
#9579 = EDGE_CURVE('',#9572,#7739,#9580,.T.);
#9580 = LINE('',#9581,#9582);
#9581 = CARTESIAN_POINT('',(3.975,4.4,-1.185773803325));
#9582 = VECTOR('',#9583,1.);
#9583 = DIRECTION('',(-0.,1.,-0.));
#9584 = PLANE('',#9585);
#9585 = AXIS2_PLACEMENT_3D('',#9586,#9587,#9588);
#9586 = CARTESIAN_POINT('',(3.975,4.4,-1.185773803325));
#9587 = DIRECTION('',(1.,0.,0.));
#9588 = DIRECTION('',(0.,0.,-1.));
#9589 = ADVANCED_FACE('',(#9590),#9608,.F.);
#9590 = FACE_BOUND('',#9591,.T.);
#9591 = EDGE_LOOP('',(#9592,#9593,#9594,#9602));
#9592 = ORIENTED_EDGE('',*,*,#7746,.T.);
#9593 = ORIENTED_EDGE('',*,*,#9579,.F.);
#9594 = ORIENTED_EDGE('',*,*,#9595,.F.);
#9595 = EDGE_CURVE('',#9596,#9572,#9598,.T.);
#9596 = VERTEX_POINT('',#9597);
#9597 = CARTESIAN_POINT('',(4.260773803325,4.4,-0.9));
#9598 = LINE('',#9599,#9600);
#9599 = CARTESIAN_POINT('',(4.260773803325,4.4,-0.9));
#9600 = VECTOR('',#9601,1.);
#9601 = DIRECTION('',(-0.707106781187,0.,-0.707106781187));
#9602 = ORIENTED_EDGE('',*,*,#9603,.T.);
#9603 = EDGE_CURVE('',#9596,#7747,#9604,.T.);
#9604 = LINE('',#9605,#9606);
#9605 = CARTESIAN_POINT('',(4.260773803325,4.4,-0.9));
#9606 = VECTOR('',#9607,1.);
#9607 = DIRECTION('',(-0.,1.,-0.));
#9608 = PLANE('',#9609);
#9609 = AXIS2_PLACEMENT_3D('',#9610,#9611,#9612);
#9610 = CARTESIAN_POINT('',(4.260773803325,4.4,-0.9));
#9611 = DIRECTION('',(0.707106781187,0.,-0.707106781187));
#9612 = DIRECTION('',(-0.707106781187,0.,-0.707106781187));
#9613 = ADVANCED_FACE('',(#9614),#9632,.F.);
#9614 = FACE_BOUND('',#9615,.T.);
#9615 = EDGE_LOOP('',(#9616,#9617,#9618,#9626));
#9616 = ORIENTED_EDGE('',*,*,#7754,.T.);
#9617 = ORIENTED_EDGE('',*,*,#9603,.F.);
#9618 = ORIENTED_EDGE('',*,*,#9619,.F.);
#9619 = EDGE_CURVE('',#9620,#9596,#9622,.T.);
#9620 = VERTEX_POINT('',#9621);
#9621 = CARTESIAN_POINT('',(4.372927405784,4.4,-0.9));
#9622 = LINE('',#9623,#9624);
#9623 = CARTESIAN_POINT('',(4.372927405784,4.4,-0.9));
#9624 = VECTOR('',#9625,1.);
#9625 = DIRECTION('',(-1.,0.,9.667118565207E-16));
#9626 = ORIENTED_EDGE('',*,*,#9627,.T.);
#9627 = EDGE_CURVE('',#9620,#7755,#9628,.T.);
#9628 = LINE('',#9629,#9630);
#9629 = CARTESIAN_POINT('',(4.372927405784,4.4,-0.9));
#9630 = VECTOR('',#9631,1.);
#9631 = DIRECTION('',(-0.,1.,-0.));
#9632 = PLANE('',#9633);
#9633 = AXIS2_PLACEMENT_3D('',#9634,#9635,#9636);
#9634 = CARTESIAN_POINT('',(4.372927405784,4.4,-0.9));
#9635 = DIRECTION('',(-9.667118565207E-16,0.,-1.));
#9636 = DIRECTION('',(-1.,0.,9.667118565207E-16));
#9637 = ADVANCED_FACE('',(#9638),#9656,.F.);
#9638 = FACE_BOUND('',#9639,.T.);
#9639 = EDGE_LOOP('',(#9640,#9641,#9642,#9650));
#9640 = ORIENTED_EDGE('',*,*,#7762,.T.);
#9641 = ORIENTED_EDGE('',*,*,#9627,.F.);
#9642 = ORIENTED_EDGE('',*,*,#9643,.F.);
#9643 = EDGE_CURVE('',#9644,#9620,#9646,.T.);
#9644 = VERTEX_POINT('',#9645);
#9645 = CARTESIAN_POINT('',(4.575,4.4,-0.55));
#9646 = LINE('',#9647,#9648);
#9647 = CARTESIAN_POINT('',(4.575,4.4,-0.55));
#9648 = VECTOR('',#9649,1.);
#9649 = DIRECTION('',(-0.5,0.,-0.866025403784));
#9650 = ORIENTED_EDGE('',*,*,#9651,.T.);
#9651 = EDGE_CURVE('',#9644,#7763,#9652,.T.);
#9652 = LINE('',#9653,#9654);
#9653 = CARTESIAN_POINT('',(4.575,4.4,-0.55));
#9654 = VECTOR('',#9655,1.);
#9655 = DIRECTION('',(-0.,1.,-0.));
#9656 = PLANE('',#9657);
#9657 = AXIS2_PLACEMENT_3D('',#9658,#9659,#9660);
#9658 = CARTESIAN_POINT('',(4.575,4.4,-0.55));
#9659 = DIRECTION('',(0.866025403784,0.,-0.5));
#9660 = DIRECTION('',(-0.5,0.,-0.866025403784));
#9661 = ADVANCED_FACE('',(#9662),#9680,.F.);
#9662 = FACE_BOUND('',#9663,.T.);
#9663 = EDGE_LOOP('',(#9664,#9665,#9666,#9674));
#9664 = ORIENTED_EDGE('',*,*,#7770,.T.);
#9665 = ORIENTED_EDGE('',*,*,#9651,.F.);
#9666 = ORIENTED_EDGE('',*,*,#9667,.F.);
#9667 = EDGE_CURVE('',#9668,#9644,#9670,.T.);
#9668 = VERTEX_POINT('',#9669);
#9669 = CARTESIAN_POINT('',(4.575,4.4,0.55));
#9670 = LINE('',#9671,#9672);
#9671 = CARTESIAN_POINT('',(4.575,4.4,0.55));
#9672 = VECTOR('',#9673,1.);
#9673 = DIRECTION('',(0.,0.,-1.));
#9674 = ORIENTED_EDGE('',*,*,#9675,.T.);
#9675 = EDGE_CURVE('',#9668,#7771,#9676,.T.);
#9676 = LINE('',#9677,#9678);
#9677 = CARTESIAN_POINT('',(4.575,4.4,0.55));
#9678 = VECTOR('',#9679,1.);
#9679 = DIRECTION('',(-0.,1.,-0.));
#9680 = PLANE('',#9681);
#9681 = AXIS2_PLACEMENT_3D('',#9682,#9683,#9684);
#9682 = CARTESIAN_POINT('',(4.575,4.4,0.55));
#9683 = DIRECTION('',(1.,0.,0.));
#9684 = DIRECTION('',(0.,0.,-1.));
#9685 = ADVANCED_FACE('',(#9686),#9704,.F.);
#9686 = FACE_BOUND('',#9687,.T.);
#9687 = EDGE_LOOP('',(#9688,#9689,#9690,#9698));
#9688 = ORIENTED_EDGE('',*,*,#7778,.T.);
#9689 = ORIENTED_EDGE('',*,*,#9675,.F.);
#9690 = ORIENTED_EDGE('',*,*,#9691,.F.);
#9691 = EDGE_CURVE('',#9692,#9668,#9694,.T.);
#9692 = VERTEX_POINT('',#9693);
#9693 = CARTESIAN_POINT('',(4.372927405784,4.4,0.9));
#9694 = LINE('',#9695,#9696);
#9695 = CARTESIAN_POINT('',(4.372927405784,4.4,0.9));
#9696 = VECTOR('',#9697,1.);
#9697 = DIRECTION('',(0.5,0.,-0.866025403784));
#9698 = ORIENTED_EDGE('',*,*,#9699,.T.);
#9699 = EDGE_CURVE('',#9692,#7779,#9700,.T.);
#9700 = LINE('',#9701,#9702);
#9701 = CARTESIAN_POINT('',(4.372927405784,4.4,0.9));
#9702 = VECTOR('',#9703,1.);
#9703 = DIRECTION('',(-0.,1.,-0.));
#9704 = PLANE('',#9705);
#9705 = AXIS2_PLACEMENT_3D('',#9706,#9707,#9708);
#9706 = CARTESIAN_POINT('',(4.372927405784,4.4,0.9));
#9707 = DIRECTION('',(0.866025403784,0.,0.5));
#9708 = DIRECTION('',(0.5,0.,-0.866025403784));
#9709 = ADVANCED_FACE('',(#9710),#9728,.F.);
#9710 = FACE_BOUND('',#9711,.T.);
#9711 = EDGE_LOOP('',(#9712,#9713,#9714,#9722));
#9712 = ORIENTED_EDGE('',*,*,#7786,.T.);
#9713 = ORIENTED_EDGE('',*,*,#9699,.F.);
#9714 = ORIENTED_EDGE('',*,*,#9715,.F.);
#9715 = EDGE_CURVE('',#9716,#9692,#9718,.T.);
#9716 = VERTEX_POINT('',#9717);
#9717 = CARTESIAN_POINT('',(4.260773803325,4.4,0.9));
#9718 = LINE('',#9719,#9720);
#9719 = CARTESIAN_POINT('',(4.260773803325,4.4,0.9));
#9720 = VECTOR('',#9721,1.);
#9721 = DIRECTION('',(1.,0.,-1.933423713041E-15));
#9722 = ORIENTED_EDGE('',*,*,#9723,.T.);
#9723 = EDGE_CURVE('',#9716,#7787,#9724,.T.);
#9724 = LINE('',#9725,#9726);
#9725 = CARTESIAN_POINT('',(4.260773803325,4.4,0.9));
#9726 = VECTOR('',#9727,1.);
#9727 = DIRECTION('',(-0.,1.,-0.));
#9728 = PLANE('',#9729);
#9729 = AXIS2_PLACEMENT_3D('',#9730,#9731,#9732);
#9730 = CARTESIAN_POINT('',(4.260773803325,4.4,0.9));
#9731 = DIRECTION('',(1.933423713041E-15,0.,1.));
#9732 = DIRECTION('',(1.,0.,-1.933423713041E-15));
#9733 = ADVANCED_FACE('',(#9734),#9752,.F.);
#9734 = FACE_BOUND('',#9735,.T.);
#9735 = EDGE_LOOP('',(#9736,#9737,#9738,#9746));
#9736 = ORIENTED_EDGE('',*,*,#7794,.T.);
#9737 = ORIENTED_EDGE('',*,*,#9723,.F.);
#9738 = ORIENTED_EDGE('',*,*,#9739,.F.);
#9739 = EDGE_CURVE('',#9740,#9716,#9742,.T.);
#9740 = VERTEX_POINT('',#9741);
#9741 = CARTESIAN_POINT('',(3.975,4.4,1.185773803325));
#9742 = LINE('',#9743,#9744);
#9743 = CARTESIAN_POINT('',(3.975,4.4,1.185773803325));
#9744 = VECTOR('',#9745,1.);
#9745 = DIRECTION('',(0.707106781187,0.,-0.707106781187));
#9746 = ORIENTED_EDGE('',*,*,#9747,.T.);
#9747 = EDGE_CURVE('',#9740,#7795,#9748,.T.);
#9748 = LINE('',#9749,#9750);
#9749 = CARTESIAN_POINT('',(3.975,4.4,1.185773803325));
#9750 = VECTOR('',#9751,1.);
#9751 = DIRECTION('',(-0.,1.,-0.));
#9752 = PLANE('',#9753);
#9753 = AXIS2_PLACEMENT_3D('',#9754,#9755,#9756);
#9754 = CARTESIAN_POINT('',(3.975,4.4,1.185773803325));
#9755 = DIRECTION('',(0.707106781187,0.,0.707106781187));
#9756 = DIRECTION('',(0.707106781187,0.,-0.707106781187));
#9757 = ADVANCED_FACE('',(#9758),#9776,.F.);
#9758 = FACE_BOUND('',#9759,.T.);
#9759 = EDGE_LOOP('',(#9760,#9761,#9762,#9770));
#9760 = ORIENTED_EDGE('',*,*,#7802,.T.);
#9761 = ORIENTED_EDGE('',*,*,#9747,.F.);
#9762 = ORIENTED_EDGE('',*,*,#9763,.F.);
#9763 = EDGE_CURVE('',#9764,#9740,#9766,.T.);
#9764 = VERTEX_POINT('',#9765);
#9765 = CARTESIAN_POINT('',(3.975,4.4,1.297927405784));
#9766 = LINE('',#9767,#9768);
#9767 = CARTESIAN_POINT('',(3.975,4.4,1.297927405784));
#9768 = VECTOR('',#9769,1.);
#9769 = DIRECTION('',(0.,0.,-1.));
#9770 = ORIENTED_EDGE('',*,*,#9771,.T.);
#9771 = EDGE_CURVE('',#9764,#7803,#9772,.T.);
#9772 = LINE('',#9773,#9774);
#9773 = CARTESIAN_POINT('',(3.975,4.4,1.297927405784));
#9774 = VECTOR('',#9775,1.);
#9775 = DIRECTION('',(-0.,1.,-0.));
#9776 = PLANE('',#9777);
#9777 = AXIS2_PLACEMENT_3D('',#9778,#9779,#9780);
#9778 = CARTESIAN_POINT('',(3.975,4.4,1.297927405784));
#9779 = DIRECTION('',(1.,0.,0.));
#9780 = DIRECTION('',(0.,0.,-1.));
#9781 = ADVANCED_FACE('',(#9782),#9800,.F.);
#9782 = FACE_BOUND('',#9783,.T.);
#9783 = EDGE_LOOP('',(#9784,#9785,#9786,#9794));
#9784 = ORIENTED_EDGE('',*,*,#7810,.T.);
#9785 = ORIENTED_EDGE('',*,*,#9771,.F.);
#9786 = ORIENTED_EDGE('',*,*,#9787,.F.);
#9787 = EDGE_CURVE('',#9788,#9764,#9790,.T.);
#9788 = VERTEX_POINT('',#9789);
#9789 = CARTESIAN_POINT('',(3.625,4.4,1.5));
#9790 = LINE('',#9791,#9792);
#9791 = CARTESIAN_POINT('',(3.625,4.4,1.5));
#9792 = VECTOR('',#9793,1.);
#9793 = DIRECTION('',(0.866025403784,0.,-0.5));
#9794 = ORIENTED_EDGE('',*,*,#9795,.T.);
#9795 = EDGE_CURVE('',#9788,#7811,#9796,.T.);
#9796 = LINE('',#9797,#9798);
#9797 = CARTESIAN_POINT('',(3.625,4.4,1.5));
#9798 = VECTOR('',#9799,1.);
#9799 = DIRECTION('',(-0.,1.,-0.));
#9800 = PLANE('',#9801);
#9801 = AXIS2_PLACEMENT_3D('',#9802,#9803,#9804);
#9802 = CARTESIAN_POINT('',(3.625,4.4,1.5));
#9803 = DIRECTION('',(0.5,0.,0.866025403784));
#9804 = DIRECTION('',(0.866025403784,0.,-0.5));
#9805 = ADVANCED_FACE('',(#9806),#9824,.F.);
#9806 = FACE_BOUND('',#9807,.T.);
#9807 = EDGE_LOOP('',(#9808,#9809,#9810,#9818));
#9808 = ORIENTED_EDGE('',*,*,#7818,.T.);
#9809 = ORIENTED_EDGE('',*,*,#9795,.F.);
#9810 = ORIENTED_EDGE('',*,*,#9811,.F.);
#9811 = EDGE_CURVE('',#9812,#9788,#9814,.T.);
#9812 = VERTEX_POINT('',#9813);
#9813 = CARTESIAN_POINT('',(1.925,4.4,1.5));
#9814 = LINE('',#9815,#9816);
#9815 = CARTESIAN_POINT('',(1.925,4.4,1.5));
#9816 = VECTOR('',#9817,1.);
#9817 = DIRECTION('',(1.,0.,-1.27553196763E-16));
#9818 = ORIENTED_EDGE('',*,*,#9819,.T.);
#9819 = EDGE_CURVE('',#9812,#7819,#9820,.T.);
#9820 = LINE('',#9821,#9822);
#9821 = CARTESIAN_POINT('',(1.925,4.4,1.5));
#9822 = VECTOR('',#9823,1.);
#9823 = DIRECTION('',(-0.,1.,-0.));
#9824 = PLANE('',#9825);
#9825 = AXIS2_PLACEMENT_3D('',#9826,#9827,#9828);
#9826 = CARTESIAN_POINT('',(1.925,4.4,1.5));
#9827 = DIRECTION('',(1.27553196763E-16,0.,1.));
#9828 = DIRECTION('',(1.,0.,-1.27553196763E-16));
#9829 = ADVANCED_FACE('',(#9830),#9848,.F.);
#9830 = FACE_BOUND('',#9831,.T.);
#9831 = EDGE_LOOP('',(#9832,#9833,#9834,#9842));
#9832 = ORIENTED_EDGE('',*,*,#7826,.T.);
#9833 = ORIENTED_EDGE('',*,*,#9819,.F.);
#9834 = ORIENTED_EDGE('',*,*,#9835,.F.);
#9835 = EDGE_CURVE('',#9836,#9812,#9838,.T.);
#9836 = VERTEX_POINT('',#9837);
#9837 = CARTESIAN_POINT('',(1.575,4.4,1.297927405784));
#9838 = LINE('',#9839,#9840);
#9839 = CARTESIAN_POINT('',(1.575,4.4,1.297927405784));
#9840 = VECTOR('',#9841,1.);
#9841 = DIRECTION('',(0.866025403784,0.,0.5));
#9842 = ORIENTED_EDGE('',*,*,#9843,.T.);
#9843 = EDGE_CURVE('',#9836,#7827,#9844,.T.);
#9844 = LINE('',#9845,#9846);
#9845 = CARTESIAN_POINT('',(1.575,4.4,1.297927405784));
#9846 = VECTOR('',#9847,1.);
#9847 = DIRECTION('',(-0.,1.,-0.));
#9848 = PLANE('',#9849);
#9849 = AXIS2_PLACEMENT_3D('',#9850,#9851,#9852);
#9850 = CARTESIAN_POINT('',(1.575,4.4,1.297927405784));
#9851 = DIRECTION('',(-0.5,0.,0.866025403784));
#9852 = DIRECTION('',(0.866025403784,0.,0.5));
#9853 = ADVANCED_FACE('',(#9854),#9872,.F.);
#9854 = FACE_BOUND('',#9855,.T.);
#9855 = EDGE_LOOP('',(#9856,#9857,#9858,#9866));
#9856 = ORIENTED_EDGE('',*,*,#7834,.T.);
#9857 = ORIENTED_EDGE('',*,*,#9843,.F.);
#9858 = ORIENTED_EDGE('',*,*,#9859,.F.);
#9859 = EDGE_CURVE('',#9860,#9836,#9862,.T.);
#9860 = VERTEX_POINT('',#9861);
#9861 = CARTESIAN_POINT('',(1.575,4.4,1.185773803325));
#9862 = LINE('',#9863,#9864);
#9863 = CARTESIAN_POINT('',(1.575,4.4,1.185773803325));
#9864 = VECTOR('',#9865,1.);
#9865 = DIRECTION('',(-1.933423713041E-15,0.,1.));
#9866 = ORIENTED_EDGE('',*,*,#9867,.T.);
#9867 = EDGE_CURVE('',#9860,#7835,#9868,.T.);
#9868 = LINE('',#9869,#9870);
#9869 = CARTESIAN_POINT('',(1.575,4.4,1.185773803325));
#9870 = VECTOR('',#9871,1.);
#9871 = DIRECTION('',(-0.,1.,-0.));
#9872 = PLANE('',#9873);
#9873 = AXIS2_PLACEMENT_3D('',#9874,#9875,#9876);
#9874 = CARTESIAN_POINT('',(1.575,4.4,1.185773803325));
#9875 = DIRECTION('',(-1.,0.,-1.933423713041E-15));
#9876 = DIRECTION('',(-1.933423713041E-15,0.,1.));
#9877 = ADVANCED_FACE('',(#9878),#9896,.F.);
#9878 = FACE_BOUND('',#9879,.T.);
#9879 = EDGE_LOOP('',(#9880,#9881,#9882,#9890));
#9880 = ORIENTED_EDGE('',*,*,#7842,.T.);
#9881 = ORIENTED_EDGE('',*,*,#9867,.F.);
#9882 = ORIENTED_EDGE('',*,*,#9883,.F.);
#9883 = EDGE_CURVE('',#9884,#9860,#9886,.T.);
#9884 = VERTEX_POINT('',#9885);
#9885 = CARTESIAN_POINT('',(1.289226196675,4.4,0.9));
#9886 = LINE('',#9887,#9888);
#9887 = CARTESIAN_POINT('',(1.289226196675,4.4,0.9));
#9888 = VECTOR('',#9889,1.);
#9889 = DIRECTION('',(0.707106781187,0.,0.707106781187));
#9890 = ORIENTED_EDGE('',*,*,#9891,.T.);
#9891 = EDGE_CURVE('',#9884,#7843,#9892,.T.);
#9892 = LINE('',#9893,#9894);
#9893 = CARTESIAN_POINT('',(1.289226196675,4.4,0.9));
#9894 = VECTOR('',#9895,1.);
#9895 = DIRECTION('',(-0.,1.,-0.));
#9896 = PLANE('',#9897);
#9897 = AXIS2_PLACEMENT_3D('',#9898,#9899,#9900);
#9898 = CARTESIAN_POINT('',(1.289226196675,4.4,0.9));
#9899 = DIRECTION('',(-0.707106781187,0.,0.707106781187));
#9900 = DIRECTION('',(0.707106781187,0.,0.707106781187));
#9901 = ADVANCED_FACE('',(#9902),#9920,.F.);
#9902 = FACE_BOUND('',#9903,.T.);
#9903 = EDGE_LOOP('',(#9904,#9905,#9906,#9914));
#9904 = ORIENTED_EDGE('',*,*,#7850,.T.);
#9905 = ORIENTED_EDGE('',*,*,#9891,.F.);
#9906 = ORIENTED_EDGE('',*,*,#9907,.F.);
#9907 = EDGE_CURVE('',#9908,#9884,#9910,.T.);
#9908 = VERTEX_POINT('',#9909);
#9909 = CARTESIAN_POINT('',(1.177072594216,4.4,0.9));
#9910 = LINE('',#9911,#9912);
#9911 = CARTESIAN_POINT('',(1.177072594216,4.4,0.9));
#9912 = VECTOR('',#9913,1.);
#9913 = DIRECTION('',(1.,0.,1.933423713041E-15));
#9914 = ORIENTED_EDGE('',*,*,#9915,.T.);
#9915 = EDGE_CURVE('',#9908,#7851,#9916,.T.);
#9916 = LINE('',#9917,#9918);
#9917 = CARTESIAN_POINT('',(1.177072594216,4.4,0.9));
#9918 = VECTOR('',#9919,1.);
#9919 = DIRECTION('',(-0.,1.,-0.));
#9920 = PLANE('',#9921);
#9921 = AXIS2_PLACEMENT_3D('',#9922,#9923,#9924);
#9922 = CARTESIAN_POINT('',(1.177072594216,4.4,0.9));
#9923 = DIRECTION('',(-1.933423713041E-15,0.,1.));
#9924 = DIRECTION('',(1.,0.,1.933423713041E-15));
#9925 = ADVANCED_FACE('',(#9926),#9937,.F.);
#9926 = FACE_BOUND('',#9927,.T.);
#9927 = EDGE_LOOP('',(#9928,#9929,#9930,#9936));
#9928 = ORIENTED_EDGE('',*,*,#7858,.T.);
#9929 = ORIENTED_EDGE('',*,*,#9915,.F.);
#9930 = ORIENTED_EDGE('',*,*,#9931,.F.);
#9931 = EDGE_CURVE('',#9365,#9908,#9932,.T.);
#9932 = LINE('',#9933,#9934);
#9933 = CARTESIAN_POINT('',(0.975,4.4,0.55));
#9934 = VECTOR('',#9935,1.);
#9935 = DIRECTION('',(0.5,0.,0.866025403784));
#9936 = ORIENTED_EDGE('',*,*,#9364,.T.);
#9937 = PLANE('',#9938);
#9938 = AXIS2_PLACEMENT_3D('',#9939,#9940,#9941);
#9939 = CARTESIAN_POINT('',(0.975,4.4,0.55));
#9940 = DIRECTION('',(-0.866025403784,0.,0.5));
#9941 = DIRECTION('',(0.5,0.,0.866025403784));
#9942 = ADVANCED_FACE('',(#9943),#9969,.T.);
#9943 = FACE_BOUND('',#9944,.T.);
#9944 = EDGE_LOOP('',(#9945,#9946,#9947,#9948,#9949,#9950,#9951,#9952,
    #9953,#9954,#9955,#9956,#9957,#9958,#9959,#9960,#9961,#9962,#9963,
    #9964,#9965,#9966,#9967,#9968));
#9945 = ORIENTED_EDGE('',*,*,#9403,.T.);
#9946 = ORIENTED_EDGE('',*,*,#9372,.T.);
#9947 = ORIENTED_EDGE('',*,*,#9931,.T.);
#9948 = ORIENTED_EDGE('',*,*,#9907,.T.);
#9949 = ORIENTED_EDGE('',*,*,#9883,.T.);
#9950 = ORIENTED_EDGE('',*,*,#9859,.T.);
#9951 = ORIENTED_EDGE('',*,*,#9835,.T.);
#9952 = ORIENTED_EDGE('',*,*,#9811,.T.);
#9953 = ORIENTED_EDGE('',*,*,#9787,.T.);
#9954 = ORIENTED_EDGE('',*,*,#9763,.T.);
#9955 = ORIENTED_EDGE('',*,*,#9739,.T.);
#9956 = ORIENTED_EDGE('',*,*,#9715,.T.);
#9957 = ORIENTED_EDGE('',*,*,#9691,.T.);
#9958 = ORIENTED_EDGE('',*,*,#9667,.T.);
#9959 = ORIENTED_EDGE('',*,*,#9643,.T.);
#9960 = ORIENTED_EDGE('',*,*,#9619,.T.);
#9961 = ORIENTED_EDGE('',*,*,#9595,.T.);
#9962 = ORIENTED_EDGE('',*,*,#9571,.T.);
#9963 = ORIENTED_EDGE('',*,*,#9547,.T.);
#9964 = ORIENTED_EDGE('',*,*,#9523,.T.);
#9965 = ORIENTED_EDGE('',*,*,#9499,.T.);
#9966 = ORIENTED_EDGE('',*,*,#9475,.T.);
#9967 = ORIENTED_EDGE('',*,*,#9451,.T.);
#9968 = ORIENTED_EDGE('',*,*,#9427,.T.);
#9969 = PLANE('',#9970);
#9970 = AXIS2_PLACEMENT_3D('',#9971,#9972,#9973);
#9971 = CARTESIAN_POINT('',(0.,4.4,0.));
#9972 = DIRECTION('',(0.,1.,-0.));
#9973 = DIRECTION('',(0.,0.,1.));
#9974 = ADVANCED_FACE('',(#9975),#10000,.F.);
#9975 = FACE_BOUND('',#9976,.T.);
#9976 = EDGE_LOOP('',(#9977,#9978,#9986,#9994));
#9977 = ORIENTED_EDGE('',*,*,#6694,.T.);
#9978 = ORIENTED_EDGE('',*,*,#9979,.F.);
#9979 = EDGE_CURVE('',#9980,#6697,#9982,.T.);
#9980 = VERTEX_POINT('',#9981);
#9981 = CARTESIAN_POINT('',(0.360773803325,4.4,-0.9));
#9982 = LINE('',#9983,#9984);
#9983 = CARTESIAN_POINT('',(0.360773803325,4.4,-0.9));
#9984 = VECTOR('',#9985,1.);
#9985 = DIRECTION('',(-0.,1.,-0.));
#9986 = ORIENTED_EDGE('',*,*,#9987,.F.);
#9987 = EDGE_CURVE('',#9988,#9980,#9990,.T.);
#9988 = VERTEX_POINT('',#9989);
#9989 = CARTESIAN_POINT('',(0.472927405784,4.4,-0.9));
#9990 = LINE('',#9991,#9992);
#9991 = CARTESIAN_POINT('',(0.360773803325,4.4,-0.9));
#9992 = VECTOR('',#9993,1.);
#9993 = DIRECTION('',(-1.,-0.,9.667118565207E-16));
#9994 = ORIENTED_EDGE('',*,*,#9995,.T.);
#9995 = EDGE_CURVE('',#9988,#6695,#9996,.T.);
#9996 = LINE('',#9997,#9998);
#9997 = CARTESIAN_POINT('',(0.472927405784,4.4,-0.9));
#9998 = VECTOR('',#9999,1.);
#9999 = DIRECTION('',(-0.,1.,-0.));
#10000 = PLANE('',#10001);
#10001 = AXIS2_PLACEMENT_3D('',#10002,#10003,#10004);
#10002 = CARTESIAN_POINT('',(0.360773803325,4.4,-0.9));
#10003 = DIRECTION('',(-9.667118565207E-16,0.,-1.));
#10004 = DIRECTION('',(-1.,0.,9.667118565207E-16));
#10005 = ADVANCED_FACE('',(#10006),#10017,.F.);
#10006 = FACE_BOUND('',#10007,.T.);
#10007 = EDGE_LOOP('',(#10008,#10009,#10010,#10016));
#10008 = ORIENTED_EDGE('',*,*,#6704,.T.);
#10009 = ORIENTED_EDGE('',*,*,#9995,.F.);
#10010 = ORIENTED_EDGE('',*,*,#10011,.F.);
#10011 = EDGE_CURVE('',#9332,#9988,#10012,.T.);
#10012 = LINE('',#10013,#10014);
#10013 = CARTESIAN_POINT('',(0.472927405784,4.4,-0.9));
#10014 = VECTOR('',#10015,1.);
#10015 = DIRECTION('',(-0.5,-0.,-0.866025403784));
#10016 = ORIENTED_EDGE('',*,*,#9331,.T.);
#10017 = PLANE('',#10018);
#10018 = AXIS2_PLACEMENT_3D('',#10019,#10020,#10021);
#10019 = CARTESIAN_POINT('',(0.472927405784,4.4,-0.9));
#10020 = DIRECTION('',(0.866025403784,0.,-0.5));
#10021 = DIRECTION('',(-0.5,0.,-0.866025403784));
#10022 = ADVANCED_FACE('',(#10023),#10041,.F.);
#10023 = FACE_BOUND('',#10024,.T.);
#10024 = EDGE_LOOP('',(#10025,#10026,#10027,#10035));
#10025 = ORIENTED_EDGE('',*,*,#6770,.T.);
#10026 = ORIENTED_EDGE('',*,*,#9347,.F.);
#10027 = ORIENTED_EDGE('',*,*,#10028,.F.);
#10028 = EDGE_CURVE('',#10029,#9340,#10031,.T.);
#10029 = VERTEX_POINT('',#10030);
#10030 = CARTESIAN_POINT('',(0.472927405784,4.4,0.9));
#10031 = LINE('',#10032,#10033);
#10032 = CARTESIAN_POINT('',(0.675,4.4,0.55));
#10033 = VECTOR('',#10034,1.);
#10034 = DIRECTION('',(0.5,-0.,-0.866025403784));
#10035 = ORIENTED_EDGE('',*,*,#10036,.T.);
#10036 = EDGE_CURVE('',#10029,#6771,#10037,.T.);
#10037 = LINE('',#10038,#10039);
#10038 = CARTESIAN_POINT('',(0.472927405784,4.4,0.9));
#10039 = VECTOR('',#10040,1.);
#10040 = DIRECTION('',(-0.,1.,-0.));
#10041 = PLANE('',#10042);
#10042 = AXIS2_PLACEMENT_3D('',#10043,#10044,#10045);
#10043 = CARTESIAN_POINT('',(0.675,4.4,0.55));
#10044 = DIRECTION('',(0.866025403784,0.,0.5));
#10045 = DIRECTION('',(0.5,0.,-0.866025403784));
#10046 = ADVANCED_FACE('',(#10047),#10065,.F.);
#10047 = FACE_BOUND('',#10048,.T.);
#10048 = EDGE_LOOP('',(#10049,#10050,#10051,#10059));
#10049 = ORIENTED_EDGE('',*,*,#6778,.T.);
#10050 = ORIENTED_EDGE('',*,*,#10036,.F.);
#10051 = ORIENTED_EDGE('',*,*,#10052,.F.);
#10052 = EDGE_CURVE('',#10053,#10029,#10055,.T.);
#10053 = VERTEX_POINT('',#10054);
#10054 = CARTESIAN_POINT('',(0.360773803325,4.4,0.9));
#10055 = LINE('',#10056,#10057);
#10056 = CARTESIAN_POINT('',(0.472927405784,4.4,0.9));
#10057 = VECTOR('',#10058,1.);
#10058 = DIRECTION('',(1.,-0.,-1.933423713041E-15));
#10059 = ORIENTED_EDGE('',*,*,#10060,.T.);
#10060 = EDGE_CURVE('',#10053,#6779,#10061,.T.);
#10061 = LINE('',#10062,#10063);
#10062 = CARTESIAN_POINT('',(0.360773803325,4.4,0.9));
#10063 = VECTOR('',#10064,1.);
#10064 = DIRECTION('',(-0.,1.,-0.));
#10065 = PLANE('',#10066);
#10066 = AXIS2_PLACEMENT_3D('',#10067,#10068,#10069);
#10067 = CARTESIAN_POINT('',(0.472927405784,4.4,0.9));
#10068 = DIRECTION('',(1.933423713041E-15,0.,1.));
#10069 = DIRECTION('',(1.,0.,-1.933423713041E-15));
#10070 = ADVANCED_FACE('',(#10071),#10089,.F.);
#10071 = FACE_BOUND('',#10072,.T.);
#10072 = EDGE_LOOP('',(#10073,#10074,#10075,#10083));
#10073 = ORIENTED_EDGE('',*,*,#6786,.T.);
#10074 = ORIENTED_EDGE('',*,*,#10060,.F.);
#10075 = ORIENTED_EDGE('',*,*,#10076,.F.);
#10076 = EDGE_CURVE('',#10077,#10053,#10079,.T.);
#10077 = VERTEX_POINT('',#10078);
#10078 = CARTESIAN_POINT('',(7.5E-02,4.4,1.185773803325));
#10079 = LINE('',#10080,#10081);
#10080 = CARTESIAN_POINT('',(0.360773803325,4.4,0.9));
#10081 = VECTOR('',#10082,1.);
#10082 = DIRECTION('',(0.707106781187,-0.,-0.707106781187));
#10083 = ORIENTED_EDGE('',*,*,#10084,.T.);
#10084 = EDGE_CURVE('',#10077,#6787,#10085,.T.);
#10085 = LINE('',#10086,#10087);
#10086 = CARTESIAN_POINT('',(7.5E-02,4.4,1.185773803325));
#10087 = VECTOR('',#10088,1.);
#10088 = DIRECTION('',(-0.,1.,-0.));
#10089 = PLANE('',#10090);
#10090 = AXIS2_PLACEMENT_3D('',#10091,#10092,#10093);
#10091 = CARTESIAN_POINT('',(0.360773803325,4.4,0.9));
#10092 = DIRECTION('',(0.707106781187,0.,0.707106781187));
#10093 = DIRECTION('',(0.707106781187,0.,-0.707106781187));
#10094 = ADVANCED_FACE('',(#10095),#10113,.F.);
#10095 = FACE_BOUND('',#10096,.T.);
#10096 = EDGE_LOOP('',(#10097,#10098,#10099,#10107));
#10097 = ORIENTED_EDGE('',*,*,#6794,.T.);
#10098 = ORIENTED_EDGE('',*,*,#10084,.F.);
#10099 = ORIENTED_EDGE('',*,*,#10100,.F.);
#10100 = EDGE_CURVE('',#10101,#10077,#10103,.T.);
#10101 = VERTEX_POINT('',#10102);
#10102 = CARTESIAN_POINT('',(7.5E-02,4.4,1.297927405784));
#10103 = LINE('',#10104,#10105);
#10104 = CARTESIAN_POINT('',(7.5E-02,4.4,1.185773803325));
#10105 = VECTOR('',#10106,1.);
#10106 = DIRECTION('',(-3.866847426083E-15,-0.,-1.));
#10107 = ORIENTED_EDGE('',*,*,#10108,.T.);
#10108 = EDGE_CURVE('',#10101,#6795,#10109,.T.);
#10109 = LINE('',#10110,#10111);
#10110 = CARTESIAN_POINT('',(7.5E-02,4.4,1.297927405784));
#10111 = VECTOR('',#10112,1.);
#10112 = DIRECTION('',(-0.,1.,-0.));
#10113 = PLANE('',#10114);
#10114 = AXIS2_PLACEMENT_3D('',#10115,#10116,#10117);
#10115 = CARTESIAN_POINT('',(7.5E-02,4.4,1.185773803325));
#10116 = DIRECTION('',(1.,0.,-3.866847426083E-15));
#10117 = DIRECTION('',(-3.866847426083E-15,0.,-1.));
#10118 = ADVANCED_FACE('',(#10119),#10137,.F.);
#10119 = FACE_BOUND('',#10120,.T.);
#10120 = EDGE_LOOP('',(#10121,#10122,#10123,#10131));
#10121 = ORIENTED_EDGE('',*,*,#6802,.T.);
#10122 = ORIENTED_EDGE('',*,*,#10108,.F.);
#10123 = ORIENTED_EDGE('',*,*,#10124,.F.);
#10124 = EDGE_CURVE('',#10125,#10101,#10127,.T.);
#10125 = VERTEX_POINT('',#10126);
#10126 = CARTESIAN_POINT('',(-0.275,4.4,1.5));
#10127 = LINE('',#10128,#10129);
#10128 = CARTESIAN_POINT('',(7.5E-02,4.4,1.297927405784));
#10129 = VECTOR('',#10130,1.);
#10130 = DIRECTION('',(0.866025403784,-0.,-0.5));
#10131 = ORIENTED_EDGE('',*,*,#10132,.T.);
#10132 = EDGE_CURVE('',#10125,#6803,#10133,.T.);
#10133 = LINE('',#10134,#10135);
#10134 = CARTESIAN_POINT('',(-0.275,4.4,1.5));
#10135 = VECTOR('',#10136,1.);
#10136 = DIRECTION('',(-0.,1.,-0.));
#10137 = PLANE('',#10138);
#10138 = AXIS2_PLACEMENT_3D('',#10139,#10140,#10141);
#10139 = CARTESIAN_POINT('',(7.5E-02,4.4,1.297927405784));
#10140 = DIRECTION('',(0.5,0.,0.866025403784));
#10141 = DIRECTION('',(0.866025403784,0.,-0.5));
#10142 = ADVANCED_FACE('',(#10143),#10161,.F.);
#10143 = FACE_BOUND('',#10144,.T.);
#10144 = EDGE_LOOP('',(#10145,#10146,#10147,#10155));
#10145 = ORIENTED_EDGE('',*,*,#6810,.T.);
#10146 = ORIENTED_EDGE('',*,*,#10132,.F.);
#10147 = ORIENTED_EDGE('',*,*,#10148,.F.);
#10148 = EDGE_CURVE('',#10149,#10125,#10151,.T.);
#10149 = VERTEX_POINT('',#10150);
#10150 = CARTESIAN_POINT('',(-1.975,4.4,1.5));
#10151 = LINE('',#10152,#10153);
#10152 = CARTESIAN_POINT('',(-0.275,4.4,1.5));
#10153 = VECTOR('',#10154,1.);
#10154 = DIRECTION('',(1.,-0.,1.27553196763E-16));
#10155 = ORIENTED_EDGE('',*,*,#10156,.T.);
#10156 = EDGE_CURVE('',#10149,#6811,#10157,.T.);
#10157 = LINE('',#10158,#10159);
#10158 = CARTESIAN_POINT('',(-1.975,4.4,1.5));
#10159 = VECTOR('',#10160,1.);
#10160 = DIRECTION('',(-0.,1.,-0.));
#10161 = PLANE('',#10162);
#10162 = AXIS2_PLACEMENT_3D('',#10163,#10164,#10165);
#10163 = CARTESIAN_POINT('',(-0.275,4.4,1.5));
#10164 = DIRECTION('',(-1.27553196763E-16,0.,1.));
#10165 = DIRECTION('',(1.,0.,1.27553196763E-16));
#10166 = ADVANCED_FACE('',(#10167),#10185,.F.);
#10167 = FACE_BOUND('',#10168,.T.);
#10168 = EDGE_LOOP('',(#10169,#10170,#10171,#10179));
#10169 = ORIENTED_EDGE('',*,*,#6818,.T.);
#10170 = ORIENTED_EDGE('',*,*,#10156,.F.);
#10171 = ORIENTED_EDGE('',*,*,#10172,.F.);
#10172 = EDGE_CURVE('',#10173,#10149,#10175,.T.);
#10173 = VERTEX_POINT('',#10174);
#10174 = CARTESIAN_POINT('',(-2.325,4.4,1.297927405784));
#10175 = LINE('',#10176,#10177);
#10176 = CARTESIAN_POINT('',(-1.975,4.4,1.5));
#10177 = VECTOR('',#10178,1.);
#10178 = DIRECTION('',(0.866025403784,-0.,0.5));
#10179 = ORIENTED_EDGE('',*,*,#10180,.T.);
#10180 = EDGE_CURVE('',#10173,#6819,#10181,.T.);
#10181 = LINE('',#10182,#10183);
#10182 = CARTESIAN_POINT('',(-2.325,4.4,1.297927405784));
#10183 = VECTOR('',#10184,1.);
#10184 = DIRECTION('',(-0.,1.,-0.));
#10185 = PLANE('',#10186);
#10186 = AXIS2_PLACEMENT_3D('',#10187,#10188,#10189);
#10187 = CARTESIAN_POINT('',(-1.975,4.4,1.5));
#10188 = DIRECTION('',(-0.5,0.,0.866025403784));
#10189 = DIRECTION('',(0.866025403784,0.,0.5));
#10190 = ADVANCED_FACE('',(#10191),#10209,.F.);
#10191 = FACE_BOUND('',#10192,.T.);
#10192 = EDGE_LOOP('',(#10193,#10194,#10195,#10203));
#10193 = ORIENTED_EDGE('',*,*,#6826,.T.);
#10194 = ORIENTED_EDGE('',*,*,#10180,.F.);
#10195 = ORIENTED_EDGE('',*,*,#10196,.F.);
#10196 = EDGE_CURVE('',#10197,#10173,#10199,.T.);
#10197 = VERTEX_POINT('',#10198);
#10198 = CARTESIAN_POINT('',(-2.325,4.4,1.185773803325));
#10199 = LINE('',#10200,#10201);
#10200 = CARTESIAN_POINT('',(-2.325,4.4,1.297927405784));
#10201 = VECTOR('',#10202,1.);
#10202 = DIRECTION('',(-0.,-0.,1.));
#10203 = ORIENTED_EDGE('',*,*,#10204,.T.);
#10204 = EDGE_CURVE('',#10197,#6827,#10205,.T.);
#10205 = LINE('',#10206,#10207);
#10206 = CARTESIAN_POINT('',(-2.325,4.4,1.185773803325));
#10207 = VECTOR('',#10208,1.);
#10208 = DIRECTION('',(-0.,1.,-0.));
#10209 = PLANE('',#10210);
#10210 = AXIS2_PLACEMENT_3D('',#10211,#10212,#10213);
#10211 = CARTESIAN_POINT('',(-2.325,4.4,1.297927405784));
#10212 = DIRECTION('',(-1.,0.,-0.));
#10213 = DIRECTION('',(0.,0.,1.));
#10214 = ADVANCED_FACE('',(#10215),#10233,.F.);
#10215 = FACE_BOUND('',#10216,.T.);
#10216 = EDGE_LOOP('',(#10217,#10218,#10219,#10227));
#10217 = ORIENTED_EDGE('',*,*,#6834,.T.);
#10218 = ORIENTED_EDGE('',*,*,#10204,.F.);
#10219 = ORIENTED_EDGE('',*,*,#10220,.F.);
#10220 = EDGE_CURVE('',#10221,#10197,#10223,.T.);
#10221 = VERTEX_POINT('',#10222);
#10222 = CARTESIAN_POINT('',(-2.610773803325,4.4,0.9));
#10223 = LINE('',#10224,#10225);
#10224 = CARTESIAN_POINT('',(-2.325,4.4,1.185773803325));
#10225 = VECTOR('',#10226,1.);
#10226 = DIRECTION('',(0.707106781187,-0.,0.707106781187));
#10227 = ORIENTED_EDGE('',*,*,#10228,.T.);
#10228 = EDGE_CURVE('',#10221,#6835,#10229,.T.);
#10229 = LINE('',#10230,#10231);
#10230 = CARTESIAN_POINT('',(-2.610773803325,4.4,0.9));
#10231 = VECTOR('',#10232,1.);
#10232 = DIRECTION('',(-0.,1.,-0.));
#10233 = PLANE('',#10234);
#10234 = AXIS2_PLACEMENT_3D('',#10235,#10236,#10237);
#10235 = CARTESIAN_POINT('',(-2.325,4.4,1.185773803325));
#10236 = DIRECTION('',(-0.707106781187,0.,0.707106781187));
#10237 = DIRECTION('',(0.707106781187,0.,0.707106781187));
#10238 = ADVANCED_FACE('',(#10239),#10257,.F.);
#10239 = FACE_BOUND('',#10240,.T.);
#10240 = EDGE_LOOP('',(#10241,#10242,#10243,#10251));
#10241 = ORIENTED_EDGE('',*,*,#6842,.T.);
#10242 = ORIENTED_EDGE('',*,*,#10228,.F.);
#10243 = ORIENTED_EDGE('',*,*,#10244,.F.);
#10244 = EDGE_CURVE('',#10245,#10221,#10247,.T.);
#10245 = VERTEX_POINT('',#10246);
#10246 = CARTESIAN_POINT('',(-2.722927405784,4.4,0.9));
#10247 = LINE('',#10248,#10249);
#10248 = CARTESIAN_POINT('',(-2.610773803325,4.4,0.9));
#10249 = VECTOR('',#10250,1.);
#10250 = DIRECTION('',(1.,-0.,1.933423713041E-15));
#10251 = ORIENTED_EDGE('',*,*,#10252,.T.);
#10252 = EDGE_CURVE('',#10245,#6843,#10253,.T.);
#10253 = LINE('',#10254,#10255);
#10254 = CARTESIAN_POINT('',(-2.722927405784,4.4,0.9));
#10255 = VECTOR('',#10256,1.);
#10256 = DIRECTION('',(-0.,1.,-0.));
#10257 = PLANE('',#10258);
#10258 = AXIS2_PLACEMENT_3D('',#10259,#10260,#10261);
#10259 = CARTESIAN_POINT('',(-2.610773803325,4.4,0.9));
#10260 = DIRECTION('',(-1.933423713041E-15,0.,1.));
#10261 = DIRECTION('',(1.,0.,1.933423713041E-15));
#10262 = ADVANCED_FACE('',(#10263),#10281,.F.);
#10263 = FACE_BOUND('',#10264,.T.);
#10264 = EDGE_LOOP('',(#10265,#10266,#10267,#10275));
#10265 = ORIENTED_EDGE('',*,*,#6850,.T.);
#10266 = ORIENTED_EDGE('',*,*,#10252,.F.);
#10267 = ORIENTED_EDGE('',*,*,#10268,.F.);
#10268 = EDGE_CURVE('',#10269,#10245,#10271,.T.);
#10269 = VERTEX_POINT('',#10270);
#10270 = CARTESIAN_POINT('',(-2.925,4.4,0.55));
#10271 = LINE('',#10272,#10273);
#10272 = CARTESIAN_POINT('',(-2.722927405784,4.4,0.9));
#10273 = VECTOR('',#10274,1.);
#10274 = DIRECTION('',(0.5,-0.,0.866025403784));
#10275 = ORIENTED_EDGE('',*,*,#10276,.T.);
#10276 = EDGE_CURVE('',#10269,#6851,#10277,.T.);
#10277 = LINE('',#10278,#10279);
#10278 = CARTESIAN_POINT('',(-2.925,4.4,0.55));
#10279 = VECTOR('',#10280,1.);
#10280 = DIRECTION('',(-0.,1.,-0.));
#10281 = PLANE('',#10282);
#10282 = AXIS2_PLACEMENT_3D('',#10283,#10284,#10285);
#10283 = CARTESIAN_POINT('',(-2.722927405784,4.4,0.9));
#10284 = DIRECTION('',(-0.866025403784,0.,0.5));
#10285 = DIRECTION('',(0.5,0.,0.866025403784));
#10286 = ADVANCED_FACE('',(#10287),#10305,.F.);
#10287 = FACE_BOUND('',#10288,.T.);
#10288 = EDGE_LOOP('',(#10289,#10290,#10291,#10299));
#10289 = ORIENTED_EDGE('',*,*,#6858,.T.);
#10290 = ORIENTED_EDGE('',*,*,#10276,.F.);
#10291 = ORIENTED_EDGE('',*,*,#10292,.F.);
#10292 = EDGE_CURVE('',#10293,#10269,#10295,.T.);
#10293 = VERTEX_POINT('',#10294);
#10294 = CARTESIAN_POINT('',(-2.925,4.4,-0.55));
#10295 = LINE('',#10296,#10297);
#10296 = CARTESIAN_POINT('',(-2.925,4.4,0.55));
#10297 = VECTOR('',#10298,1.);
#10298 = DIRECTION('',(-0.,-0.,1.));
#10299 = ORIENTED_EDGE('',*,*,#10300,.T.);
#10300 = EDGE_CURVE('',#10293,#6859,#10301,.T.);
#10301 = LINE('',#10302,#10303);
#10302 = CARTESIAN_POINT('',(-2.925,4.4,-0.55));
#10303 = VECTOR('',#10304,1.);
#10304 = DIRECTION('',(-0.,1.,-0.));
#10305 = PLANE('',#10306);
#10306 = AXIS2_PLACEMENT_3D('',#10307,#10308,#10309);
#10307 = CARTESIAN_POINT('',(-2.925,4.4,0.55));
#10308 = DIRECTION('',(-1.,0.,-0.));
#10309 = DIRECTION('',(0.,0.,1.));
#10310 = ADVANCED_FACE('',(#10311),#10329,.F.);
#10311 = FACE_BOUND('',#10312,.T.);
#10312 = EDGE_LOOP('',(#10313,#10314,#10315,#10323));
#10313 = ORIENTED_EDGE('',*,*,#6866,.T.);
#10314 = ORIENTED_EDGE('',*,*,#10300,.F.);
#10315 = ORIENTED_EDGE('',*,*,#10316,.F.);
#10316 = EDGE_CURVE('',#10317,#10293,#10319,.T.);
#10317 = VERTEX_POINT('',#10318);
#10318 = CARTESIAN_POINT('',(-2.722927405784,4.4,-0.9));
#10319 = LINE('',#10320,#10321);
#10320 = CARTESIAN_POINT('',(-2.925,4.4,-0.55));
#10321 = VECTOR('',#10322,1.);
#10322 = DIRECTION('',(-0.5,-0.,0.866025403784));
#10323 = ORIENTED_EDGE('',*,*,#10324,.T.);
#10324 = EDGE_CURVE('',#10317,#6867,#10325,.T.);
#10325 = LINE('',#10326,#10327);
#10326 = CARTESIAN_POINT('',(-2.722927405784,4.4,-0.9));
#10327 = VECTOR('',#10328,1.);
#10328 = DIRECTION('',(-0.,1.,-0.));
#10329 = PLANE('',#10330);
#10330 = AXIS2_PLACEMENT_3D('',#10331,#10332,#10333);
#10331 = CARTESIAN_POINT('',(-2.925,4.4,-0.55));
#10332 = DIRECTION('',(-0.866025403784,0.,-0.5));
#10333 = DIRECTION('',(-0.5,0.,0.866025403784));
#10334 = ADVANCED_FACE('',(#10335),#10353,.F.);
#10335 = FACE_BOUND('',#10336,.T.);
#10336 = EDGE_LOOP('',(#10337,#10338,#10339,#10347));
#10337 = ORIENTED_EDGE('',*,*,#6874,.T.);
#10338 = ORIENTED_EDGE('',*,*,#10324,.F.);
#10339 = ORIENTED_EDGE('',*,*,#10340,.F.);
#10340 = EDGE_CURVE('',#10341,#10317,#10343,.T.);
#10341 = VERTEX_POINT('',#10342);
#10342 = CARTESIAN_POINT('',(-2.610773803325,4.4,-0.9));
#10343 = LINE('',#10344,#10345);
#10344 = CARTESIAN_POINT('',(-2.722927405784,4.4,-0.9));
#10345 = VECTOR('',#10346,1.);
#10346 = DIRECTION('',(-1.,-0.,-9.667118565207E-16));
#10347 = ORIENTED_EDGE('',*,*,#10348,.T.);
#10348 = EDGE_CURVE('',#10341,#6875,#10349,.T.);
#10349 = LINE('',#10350,#10351);
#10350 = CARTESIAN_POINT('',(-2.610773803325,4.4,-0.9));
#10351 = VECTOR('',#10352,1.);
#10352 = DIRECTION('',(-0.,1.,-0.));
#10353 = PLANE('',#10354);
#10354 = AXIS2_PLACEMENT_3D('',#10355,#10356,#10357);
#10355 = CARTESIAN_POINT('',(-2.722927405784,4.4,-0.9));
#10356 = DIRECTION('',(9.667118565207E-16,0.,-1.));
#10357 = DIRECTION('',(-1.,0.,-9.667118565207E-16));
#10358 = ADVANCED_FACE('',(#10359),#10377,.F.);
#10359 = FACE_BOUND('',#10360,.T.);
#10360 = EDGE_LOOP('',(#10361,#10362,#10363,#10371));
#10361 = ORIENTED_EDGE('',*,*,#6882,.T.);
#10362 = ORIENTED_EDGE('',*,*,#10348,.F.);
#10363 = ORIENTED_EDGE('',*,*,#10364,.F.);
#10364 = EDGE_CURVE('',#10365,#10341,#10367,.T.);
#10365 = VERTEX_POINT('',#10366);
#10366 = CARTESIAN_POINT('',(-2.325,4.4,-1.185773803325));
#10367 = LINE('',#10368,#10369);
#10368 = CARTESIAN_POINT('',(-2.610773803325,4.4,-0.9));
#10369 = VECTOR('',#10370,1.);
#10370 = DIRECTION('',(-0.707106781187,-0.,0.707106781187));
#10371 = ORIENTED_EDGE('',*,*,#10372,.T.);
#10372 = EDGE_CURVE('',#10365,#6883,#10373,.T.);
#10373 = LINE('',#10374,#10375);
#10374 = CARTESIAN_POINT('',(-2.325,4.4,-1.185773803325));
#10375 = VECTOR('',#10376,1.);
#10376 = DIRECTION('',(-0.,1.,-0.));
#10377 = PLANE('',#10378);
#10378 = AXIS2_PLACEMENT_3D('',#10379,#10380,#10381);
#10379 = CARTESIAN_POINT('',(-2.610773803325,4.4,-0.9));
#10380 = DIRECTION('',(-0.707106781187,0.,-0.707106781187));
#10381 = DIRECTION('',(-0.707106781187,0.,0.707106781187));
#10382 = ADVANCED_FACE('',(#10383),#10401,.F.);
#10383 = FACE_BOUND('',#10384,.T.);
#10384 = EDGE_LOOP('',(#10385,#10386,#10387,#10395));
#10385 = ORIENTED_EDGE('',*,*,#6890,.T.);
#10386 = ORIENTED_EDGE('',*,*,#10372,.F.);
#10387 = ORIENTED_EDGE('',*,*,#10388,.F.);
#10388 = EDGE_CURVE('',#10389,#10365,#10391,.T.);
#10389 = VERTEX_POINT('',#10390);
#10390 = CARTESIAN_POINT('',(-2.325,4.4,-1.297927405784));
#10391 = LINE('',#10392,#10393);
#10392 = CARTESIAN_POINT('',(-2.325,4.4,-1.185773803325));
#10393 = VECTOR('',#10394,1.);
#10394 = DIRECTION('',(-0.,-0.,1.));
#10395 = ORIENTED_EDGE('',*,*,#10396,.T.);
#10396 = EDGE_CURVE('',#10389,#6891,#10397,.T.);
#10397 = LINE('',#10398,#10399);
#10398 = CARTESIAN_POINT('',(-2.325,4.4,-1.297927405784));
#10399 = VECTOR('',#10400,1.);
#10400 = DIRECTION('',(-0.,1.,-0.));
#10401 = PLANE('',#10402);
#10402 = AXIS2_PLACEMENT_3D('',#10403,#10404,#10405);
#10403 = CARTESIAN_POINT('',(-2.325,4.4,-1.185773803325));
#10404 = DIRECTION('',(-1.,0.,-0.));
#10405 = DIRECTION('',(0.,0.,1.));
#10406 = ADVANCED_FACE('',(#10407),#10425,.F.);
#10407 = FACE_BOUND('',#10408,.T.);
#10408 = EDGE_LOOP('',(#10409,#10410,#10411,#10419));
#10409 = ORIENTED_EDGE('',*,*,#6898,.T.);
#10410 = ORIENTED_EDGE('',*,*,#10396,.F.);
#10411 = ORIENTED_EDGE('',*,*,#10412,.F.);
#10412 = EDGE_CURVE('',#10413,#10389,#10415,.T.);
#10413 = VERTEX_POINT('',#10414);
#10414 = CARTESIAN_POINT('',(-1.975,4.4,-1.5));
#10415 = LINE('',#10416,#10417);
#10416 = CARTESIAN_POINT('',(-2.325,4.4,-1.297927405784));
#10417 = VECTOR('',#10418,1.);
#10418 = DIRECTION('',(-0.866025403784,-0.,0.5));
#10419 = ORIENTED_EDGE('',*,*,#10420,.T.);
#10420 = EDGE_CURVE('',#10413,#6899,#10421,.T.);
#10421 = LINE('',#10422,#10423);
#10422 = CARTESIAN_POINT('',(-1.975,4.4,-1.5));
#10423 = VECTOR('',#10424,1.);
#10424 = DIRECTION('',(-0.,1.,-0.));
#10425 = PLANE('',#10426);
#10426 = AXIS2_PLACEMENT_3D('',#10427,#10428,#10429);
#10427 = CARTESIAN_POINT('',(-2.325,4.4,-1.297927405784));
#10428 = DIRECTION('',(-0.5,0.,-0.866025403784));
#10429 = DIRECTION('',(-0.866025403784,0.,0.5));
#10430 = ADVANCED_FACE('',(#10431),#10449,.F.);
#10431 = FACE_BOUND('',#10432,.T.);
#10432 = EDGE_LOOP('',(#10433,#10434,#10435,#10443));
#10433 = ORIENTED_EDGE('',*,*,#6906,.T.);
#10434 = ORIENTED_EDGE('',*,*,#10420,.F.);
#10435 = ORIENTED_EDGE('',*,*,#10436,.F.);
#10436 = EDGE_CURVE('',#10437,#10413,#10439,.T.);
#10437 = VERTEX_POINT('',#10438);
#10438 = CARTESIAN_POINT('',(-0.275,4.4,-1.5));
#10439 = LINE('',#10440,#10441);
#10440 = CARTESIAN_POINT('',(-1.975,4.4,-1.5));
#10441 = VECTOR('',#10442,1.);
#10442 = DIRECTION('',(-1.,-0.,-2.55106393526E-16));
#10443 = ORIENTED_EDGE('',*,*,#10444,.T.);
#10444 = EDGE_CURVE('',#10437,#6907,#10445,.T.);
#10445 = LINE('',#10446,#10447);
#10446 = CARTESIAN_POINT('',(-0.275,4.4,-1.5));
#10447 = VECTOR('',#10448,1.);
#10448 = DIRECTION('',(-0.,1.,-0.));
#10449 = PLANE('',#10450);
#10450 = AXIS2_PLACEMENT_3D('',#10451,#10452,#10453);
#10451 = CARTESIAN_POINT('',(-1.975,4.4,-1.5));
#10452 = DIRECTION('',(2.55106393526E-16,0.,-1.));
#10453 = DIRECTION('',(-1.,0.,-2.55106393526E-16));
#10454 = ADVANCED_FACE('',(#10455),#10473,.F.);
#10455 = FACE_BOUND('',#10456,.T.);
#10456 = EDGE_LOOP('',(#10457,#10458,#10459,#10467));
#10457 = ORIENTED_EDGE('',*,*,#6914,.T.);
#10458 = ORIENTED_EDGE('',*,*,#10444,.F.);
#10459 = ORIENTED_EDGE('',*,*,#10460,.F.);
#10460 = EDGE_CURVE('',#10461,#10437,#10463,.T.);
#10461 = VERTEX_POINT('',#10462);
#10462 = CARTESIAN_POINT('',(7.5E-02,4.4,-1.297927405784));
#10463 = LINE('',#10464,#10465);
#10464 = CARTESIAN_POINT('',(-0.275,4.4,-1.5));
#10465 = VECTOR('',#10466,1.);
#10466 = DIRECTION('',(-0.866025403784,-0.,-0.5));
#10467 = ORIENTED_EDGE('',*,*,#10468,.T.);
#10468 = EDGE_CURVE('',#10461,#6915,#10469,.T.);
#10469 = LINE('',#10470,#10471);
#10470 = CARTESIAN_POINT('',(7.5E-02,4.4,-1.297927405784));
#10471 = VECTOR('',#10472,1.);
#10472 = DIRECTION('',(-0.,1.,-0.));
#10473 = PLANE('',#10474);
#10474 = AXIS2_PLACEMENT_3D('',#10475,#10476,#10477);
#10475 = CARTESIAN_POINT('',(-0.275,4.4,-1.5));
#10476 = DIRECTION('',(0.5,0.,-0.866025403784));
#10477 = DIRECTION('',(-0.866025403784,0.,-0.5));
#10478 = ADVANCED_FACE('',(#10479),#10497,.F.);
#10479 = FACE_BOUND('',#10480,.T.);
#10480 = EDGE_LOOP('',(#10481,#10482,#10483,#10491));
#10481 = ORIENTED_EDGE('',*,*,#6922,.T.);
#10482 = ORIENTED_EDGE('',*,*,#10468,.F.);
#10483 = ORIENTED_EDGE('',*,*,#10484,.F.);
#10484 = EDGE_CURVE('',#10485,#10461,#10487,.T.);
#10485 = VERTEX_POINT('',#10486);
#10486 = CARTESIAN_POINT('',(7.5E-02,4.4,-1.185773803325));
#10487 = LINE('',#10488,#10489);
#10488 = CARTESIAN_POINT('',(7.5E-02,4.4,-1.297927405784));
#10489 = VECTOR('',#10490,1.);
#10490 = DIRECTION('',(-0.,-0.,-1.));
#10491 = ORIENTED_EDGE('',*,*,#10492,.T.);
#10492 = EDGE_CURVE('',#10485,#6923,#10493,.T.);
#10493 = LINE('',#10494,#10495);
#10494 = CARTESIAN_POINT('',(7.5E-02,4.4,-1.185773803325));
#10495 = VECTOR('',#10496,1.);
#10496 = DIRECTION('',(-0.,1.,-0.));
#10497 = PLANE('',#10498);
#10498 = AXIS2_PLACEMENT_3D('',#10499,#10500,#10501);
#10499 = CARTESIAN_POINT('',(7.5E-02,4.4,-1.297927405784));
#10500 = DIRECTION('',(1.,0.,-0.));
#10501 = DIRECTION('',(-0.,0.,-1.));
#10502 = ADVANCED_FACE('',(#10503),#10514,.F.);
#10503 = FACE_BOUND('',#10504,.T.);
#10504 = EDGE_LOOP('',(#10505,#10506,#10507,#10513));
#10505 = ORIENTED_EDGE('',*,*,#6930,.T.);
#10506 = ORIENTED_EDGE('',*,*,#10492,.F.);
#10507 = ORIENTED_EDGE('',*,*,#10508,.F.);
#10508 = EDGE_CURVE('',#9980,#10485,#10509,.T.);
#10509 = LINE('',#10510,#10511);
#10510 = CARTESIAN_POINT('',(7.5E-02,4.4,-1.185773803325));
#10511 = VECTOR('',#10512,1.);
#10512 = DIRECTION('',(-0.707106781187,-0.,-0.707106781187));
#10513 = ORIENTED_EDGE('',*,*,#9979,.T.);
#10514 = PLANE('',#10515);
#10515 = AXIS2_PLACEMENT_3D('',#10516,#10517,#10518);
#10516 = CARTESIAN_POINT('',(7.5E-02,4.4,-1.185773803325));
#10517 = DIRECTION('',(0.707106781187,0.,-0.707106781187));
#10518 = DIRECTION('',(-0.707106781187,0.,-0.707106781187));
#10519 = ADVANCED_FACE('',(#10520),#10546,.F.);
#10520 = FACE_BOUND('',#10521,.T.);
#10521 = EDGE_LOOP('',(#10522,#10523,#10524,#10525,#10526,#10527,#10528,
    #10529,#10530,#10531,#10532,#10533,#10534,#10535,#10536,#10537,
    #10538,#10539,#10540,#10541,#10542,#10543,#10544,#10545));
#10522 = ORIENTED_EDGE('',*,*,#9987,.T.);
#10523 = ORIENTED_EDGE('',*,*,#10508,.T.);
#10524 = ORIENTED_EDGE('',*,*,#10484,.T.);
#10525 = ORIENTED_EDGE('',*,*,#10460,.T.);
#10526 = ORIENTED_EDGE('',*,*,#10436,.T.);
#10527 = ORIENTED_EDGE('',*,*,#10412,.T.);
#10528 = ORIENTED_EDGE('',*,*,#10388,.T.);
#10529 = ORIENTED_EDGE('',*,*,#10364,.T.);
#10530 = ORIENTED_EDGE('',*,*,#10340,.T.);
#10531 = ORIENTED_EDGE('',*,*,#10316,.T.);
#10532 = ORIENTED_EDGE('',*,*,#10292,.T.);
#10533 = ORIENTED_EDGE('',*,*,#10268,.T.);
#10534 = ORIENTED_EDGE('',*,*,#10244,.T.);
#10535 = ORIENTED_EDGE('',*,*,#10220,.T.);
#10536 = ORIENTED_EDGE('',*,*,#10196,.T.);
#10537 = ORIENTED_EDGE('',*,*,#10172,.T.);
#10538 = ORIENTED_EDGE('',*,*,#10148,.T.);
#10539 = ORIENTED_EDGE('',*,*,#10124,.T.);
#10540 = ORIENTED_EDGE('',*,*,#10100,.T.);
#10541 = ORIENTED_EDGE('',*,*,#10076,.T.);
#10542 = ORIENTED_EDGE('',*,*,#10052,.T.);
#10543 = ORIENTED_EDGE('',*,*,#10028,.T.);
#10544 = ORIENTED_EDGE('',*,*,#9339,.T.);
#10545 = ORIENTED_EDGE('',*,*,#10011,.T.);
#10546 = PLANE('',#10547);
#10547 = AXIS2_PLACEMENT_3D('',#10548,#10549,#10550);
#10548 = CARTESIAN_POINT('',(0.,4.4,0.));
#10549 = DIRECTION('',(0.,-1.,0.));
#10550 = DIRECTION('',(0.,-0.,-1.));
#10551 = ADVANCED_FACE('',(#10552),#10570,.F.);
#10552 = FACE_BOUND('',#10553,.T.);
#10553 = EDGE_LOOP('',(#10554,#10562,#10563,#10564));
#10554 = ORIENTED_EDGE('',*,*,#10555,.F.);
#10555 = EDGE_CURVE('',#7077,#10556,#10558,.T.);
#10556 = VERTEX_POINT('',#10557);
#10557 = CARTESIAN_POINT('',(4.275,0.,-2.3));
#10558 = LINE('',#10559,#10560);
#10559 = CARTESIAN_POINT('',(4.275,0.,-2.3));
#10560 = VECTOR('',#10561,1.);
#10561 = DIRECTION('',(4.336808689942E-15,0.,1.));
#10562 = ORIENTED_EDGE('',*,*,#7076,.T.);
#10563 = ORIENTED_EDGE('',*,*,#6445,.T.);
#10564 = ORIENTED_EDGE('',*,*,#10565,.F.);
#10565 = EDGE_CURVE('',#10556,#6448,#10566,.T.);
#10566 = LINE('',#10567,#10568);
#10567 = CARTESIAN_POINT('',(4.275,-1.252996408614,-2.3));
#10568 = VECTOR('',#10569,1.);
#10569 = DIRECTION('',(-0.,1.,-0.));
#10570 = PLANE('',#10571);
#10571 = AXIS2_PLACEMENT_3D('',#10572,#10573,#10574);
#10572 = CARTESIAN_POINT('',(4.275,-1.252996408614,-2.3));
#10573 = DIRECTION('',(-1.,0.,4.336808689942E-15));
#10574 = DIRECTION('',(4.336808689942E-15,0.,1.));
#10575 = ADVANCED_FACE('',(#10576),#10594,.F.);
#10576 = FACE_BOUND('',#10577,.T.);
#10577 = EDGE_LOOP('',(#10578,#10586,#10587,#10588));
#10578 = ORIENTED_EDGE('',*,*,#10579,.F.);
#10579 = EDGE_CURVE('',#10556,#10580,#10582,.T.);
#10580 = VERTEX_POINT('',#10581);
#10581 = CARTESIAN_POINT('',(3.175,0.,-2.3));
#10582 = LINE('',#10583,#10584);
#10583 = CARTESIAN_POINT('',(3.175,0.,-2.3));
#10584 = VECTOR('',#10585,1.);
#10585 = DIRECTION('',(-1.,0.,0.));
#10586 = ORIENTED_EDGE('',*,*,#10565,.T.);
#10587 = ORIENTED_EDGE('',*,*,#6680,.T.);
#10588 = ORIENTED_EDGE('',*,*,#10589,.F.);
#10589 = EDGE_CURVE('',#10580,#6673,#10590,.T.);
#10590 = LINE('',#10591,#10592);
#10591 = CARTESIAN_POINT('',(3.175,-1.252996408614,-2.3));
#10592 = VECTOR('',#10593,1.);
#10593 = DIRECTION('',(-0.,1.,-0.));
#10594 = PLANE('',#10595);
#10595 = AXIS2_PLACEMENT_3D('',#10596,#10597,#10598);
#10596 = CARTESIAN_POINT('',(3.175,-1.252996408614,-2.3));
#10597 = DIRECTION('',(0.,0.,-1.));
#10598 = DIRECTION('',(-1.,0.,-0.));
#10599 = ADVANCED_FACE('',(#10600),#10611,.F.);
#10600 = FACE_BOUND('',#10601,.T.);
#10601 = EDGE_LOOP('',(#10602,#10608,#10609,#10610));
#10602 = ORIENTED_EDGE('',*,*,#10603,.F.);
#10603 = EDGE_CURVE('',#10580,#7085,#10604,.T.);
#10604 = LINE('',#10605,#10606);
#10605 = CARTESIAN_POINT('',(3.175,0.,-2.9));
#10606 = VECTOR('',#10607,1.);
#10607 = DIRECTION('',(-7.228014483237E-16,0.,-1.));
#10608 = ORIENTED_EDGE('',*,*,#10589,.T.);
#10609 = ORIENTED_EDGE('',*,*,#6672,.T.);
#10610 = ORIENTED_EDGE('',*,*,#7092,.F.);
#10611 = PLANE('',#10612);
#10612 = AXIS2_PLACEMENT_3D('',#10613,#10614,#10615);
#10613 = CARTESIAN_POINT('',(3.175,-1.252996408614,-2.9));
#10614 = DIRECTION('',(1.,0.,-7.228014483237E-16));
#10615 = DIRECTION('',(-7.228014483237E-16,0.,-1.));
#10616 = ADVANCED_FACE('',(#10617),#10623,.T.);
#10617 = FACE_BOUND('',#10618,.T.);
#10618 = EDGE_LOOP('',(#10619,#10620,#10621,#10622));
#10619 = ORIENTED_EDGE('',*,*,#10603,.T.);
#10620 = ORIENTED_EDGE('',*,*,#7084,.T.);
#10621 = ORIENTED_EDGE('',*,*,#10555,.T.);
#10622 = ORIENTED_EDGE('',*,*,#10579,.T.);
#10623 = PLANE('',#10624);
#10624 = AXIS2_PLACEMENT_3D('',#10625,#10626,#10627);
#10625 = CARTESIAN_POINT('',(0.,0.,0.));
#10626 = DIRECTION('',(0.,-1.,0.));
#10627 = DIRECTION('',(0.,-0.,-1.));
#10628 = ( GEOMETRIC_REPRESENTATION_CONTEXT(3) 
GLOBAL_UNCERTAINTY_ASSIGNED_CONTEXT((#10632)) 
GLOBAL_UNIT_ASSIGNED_CONTEXT((#10629,#10630,#10631)) 
REPRESENTATION_CONTEXT('Context #1',
  '3D Context with UNIT and UNCERTAINTY') );
#10629 = ( LENGTH_UNIT() NAMED_UNIT(*) SI_UNIT(.MILLI.,.METRE.) );
#10630 = ( NAMED_UNIT(*) PLANE_ANGLE_UNIT() SI_UNIT($,.RADIAN.) );
#10631 = ( NAMED_UNIT(*) SI_UNIT($,.STERADIAN.) SOLID_ANGLE_UNIT() );
#10632 = UNCERTAINTY_MEASURE_WITH_UNIT(LENGTH_MEASURE(2.E-06),#10629,
  'distance_accuracy_value','confusion accuracy');
#10633 = CONTEXT_DEPENDENT_SHAPE_REPRESENTATION(#10634,#10636);
#10634 = ( REPRESENTATION_RELATIONSHIP('','',#3855,#10) 
REPRESENTATION_RELATIONSHIP_WITH_TRANSFORMATION(#10635) 
SHAPE_REPRESENTATION_RELATIONSHIP() );
#10635 = ITEM_DEFINED_TRANSFORMATION('','',#11,#27);
#10636 = PRODUCT_DEFINITION_SHAPE('Placement','Placement of an item',
  #10637);
#10637 = NEXT_ASSEMBLY_USAGE_OCCURRENCE('4','U1','',#5,#3850,$);
#10638 = PRODUCT_RELATED_PRODUCT_CATEGORY('part',$,(#3852));
#10639 = SHAPE_DEFINITION_REPRESENTATION(#10640,#10646);
#10640 = PRODUCT_DEFINITION_SHAPE('','',#10641);
#10641 = PRODUCT_DEFINITION('design','',#10642,#10645);
#10642 = PRODUCT_DEFINITION_FORMATION('','',#10643);
#10643 = PRODUCT('Sensor2_PCB','Sensor2_PCB','',(#10644));
#10644 = PRODUCT_CONTEXT('',#2,'mechanical');
#10645 = PRODUCT_DEFINITION_CONTEXT('part definition',#2,'design');
#10646 = ADVANCED_BREP_SHAPE_REPRESENTATION('',(#11,#10647),#11421);
#10647 = MANIFOLD_SOLID_BREP('',#10648);
#10648 = CLOSED_SHELL('',(#10649,#10689,#10720,#10751,#10944,#11137,
    #11149,#11166,#11183,#11200,#11217,#11234,#11251,#11268,#11285,
    #11302,#11319,#11336,#11353,#11370,#11387,#11404));
#10649 = ADVANCED_FACE('',(#10650),#10684,.T.);
#10650 = FACE_BOUND('',#10651,.T.);
#10651 = EDGE_LOOP('',(#10652,#10662,#10670,#10678));
#10652 = ORIENTED_EDGE('',*,*,#10653,.T.);
#10653 = EDGE_CURVE('',#10654,#10656,#10658,.T.);
#10654 = VERTEX_POINT('',#10655);
#10655 = CARTESIAN_POINT('',(161.75,-86.25,0.));
#10656 = VERTEX_POINT('',#10657);
#10657 = CARTESIAN_POINT('',(161.75,-86.25,1.51));
#10658 = LINE('',#10659,#10660);
#10659 = CARTESIAN_POINT('',(161.75,-86.25,0.));
#10660 = VECTOR('',#10661,1.);
#10661 = DIRECTION('',(0.,0.,1.));
#10662 = ORIENTED_EDGE('',*,*,#10663,.T.);
#10663 = EDGE_CURVE('',#10656,#10664,#10666,.T.);
#10664 = VERTEX_POINT('',#10665);
#10665 = CARTESIAN_POINT('',(140.,-86.25,1.51));
#10666 = LINE('',#10667,#10668);
#10667 = CARTESIAN_POINT('',(161.75,-86.25,1.51));
#10668 = VECTOR('',#10669,1.);
#10669 = DIRECTION('',(-1.,0.,0.));
#10670 = ORIENTED_EDGE('',*,*,#10671,.F.);
#10671 = EDGE_CURVE('',#10672,#10664,#10674,.T.);
#10672 = VERTEX_POINT('',#10673);
#10673 = CARTESIAN_POINT('',(140.,-86.25,0.));
#10674 = LINE('',#10675,#10676);
#10675 = CARTESIAN_POINT('',(140.,-86.25,0.));
#10676 = VECTOR('',#10677,1.);
#10677 = DIRECTION('',(0.,0.,1.));
#10678 = ORIENTED_EDGE('',*,*,#10679,.F.);
#10679 = EDGE_CURVE('',#10654,#10672,#10680,.T.);
#10680 = LINE('',#10681,#10682);
#10681 = CARTESIAN_POINT('',(161.75,-86.25,0.));
#10682 = VECTOR('',#10683,1.);
#10683 = DIRECTION('',(-1.,0.,0.));
#10684 = PLANE('',#10685);
#10685 = AXIS2_PLACEMENT_3D('',#10686,#10687,#10688);
#10686 = CARTESIAN_POINT('',(161.75,-86.25,0.));
#10687 = DIRECTION('',(0.,-1.,0.));
#10688 = DIRECTION('',(-1.,0.,0.));
#10689 = ADVANCED_FACE('',(#10690),#10715,.T.);
#10690 = FACE_BOUND('',#10691,.T.);
#10691 = EDGE_LOOP('',(#10692,#10702,#10708,#10709));
#10692 = ORIENTED_EDGE('',*,*,#10693,.T.);
#10693 = EDGE_CURVE('',#10694,#10696,#10698,.T.);
#10694 = VERTEX_POINT('',#10695);
#10695 = CARTESIAN_POINT('',(161.75,-62.25,0.));
#10696 = VERTEX_POINT('',#10697);
#10697 = CARTESIAN_POINT('',(161.75,-62.25,1.51));
#10698 = LINE('',#10699,#10700);
#10699 = CARTESIAN_POINT('',(161.75,-62.25,0.));
#10700 = VECTOR('',#10701,1.);
#10701 = DIRECTION('',(0.,0.,1.));
#10702 = ORIENTED_EDGE('',*,*,#10703,.T.);
#10703 = EDGE_CURVE('',#10696,#10656,#10704,.T.);
#10704 = LINE('',#10705,#10706);
#10705 = CARTESIAN_POINT('',(161.75,-62.25,1.51));
#10706 = VECTOR('',#10707,1.);
#10707 = DIRECTION('',(0.,-1.,0.));
#10708 = ORIENTED_EDGE('',*,*,#10653,.F.);
#10709 = ORIENTED_EDGE('',*,*,#10710,.F.);
#10710 = EDGE_CURVE('',#10694,#10654,#10711,.T.);
#10711 = LINE('',#10712,#10713);
#10712 = CARTESIAN_POINT('',(161.75,-62.25,0.));
#10713 = VECTOR('',#10714,1.);
#10714 = DIRECTION('',(0.,-1.,0.));
#10715 = PLANE('',#10716);
#10716 = AXIS2_PLACEMENT_3D('',#10717,#10718,#10719);
#10717 = CARTESIAN_POINT('',(161.75,-62.25,0.));
#10718 = DIRECTION('',(1.,0.,-0.));
#10719 = DIRECTION('',(0.,-1.,0.));
#10720 = ADVANCED_FACE('',(#10721),#10746,.T.);
#10721 = FACE_BOUND('',#10722,.T.);
#10722 = EDGE_LOOP('',(#10723,#10724,#10732,#10740));
#10723 = ORIENTED_EDGE('',*,*,#10671,.T.);
#10724 = ORIENTED_EDGE('',*,*,#10725,.T.);
#10725 = EDGE_CURVE('',#10664,#10726,#10728,.T.);
#10726 = VERTEX_POINT('',#10727);
#10727 = CARTESIAN_POINT('',(140.,-62.25,1.51));
#10728 = LINE('',#10729,#10730);
#10729 = CARTESIAN_POINT('',(140.,-86.25,1.51));
#10730 = VECTOR('',#10731,1.);
#10731 = DIRECTION('',(0.,1.,0.));
#10732 = ORIENTED_EDGE('',*,*,#10733,.F.);
#10733 = EDGE_CURVE('',#10734,#10726,#10736,.T.);
#10734 = VERTEX_POINT('',#10735);
#10735 = CARTESIAN_POINT('',(140.,-62.25,0.));
#10736 = LINE('',#10737,#10738);
#10737 = CARTESIAN_POINT('',(140.,-62.25,0.));
#10738 = VECTOR('',#10739,1.);
#10739 = DIRECTION('',(0.,0.,1.));
#10740 = ORIENTED_EDGE('',*,*,#10741,.F.);
#10741 = EDGE_CURVE('',#10672,#10734,#10742,.T.);
#10742 = LINE('',#10743,#10744);
#10743 = CARTESIAN_POINT('',(140.,-86.25,0.));
#10744 = VECTOR('',#10745,1.);
#10745 = DIRECTION('',(0.,1.,0.));
#10746 = PLANE('',#10747);
#10747 = AXIS2_PLACEMENT_3D('',#10748,#10749,#10750);
#10748 = CARTESIAN_POINT('',(140.,-86.25,0.));
#10749 = DIRECTION('',(-1.,0.,0.));
#10750 = DIRECTION('',(0.,1.,0.));
#10751 = ADVANCED_FACE('',(#10752,#10763,#10774,#10785,#10796,#10807,
    #10818,#10829,#10840,#10851,#10862,#10873,#10884,#10895,#10906,
    #10917,#10928),#10939,.F.);
#10752 = FACE_BOUND('',#10753,.F.);
#10753 = EDGE_LOOP('',(#10754,#10755,#10756,#10762));
#10754 = ORIENTED_EDGE('',*,*,#10679,.F.);
#10755 = ORIENTED_EDGE('',*,*,#10710,.F.);
#10756 = ORIENTED_EDGE('',*,*,#10757,.F.);
#10757 = EDGE_CURVE('',#10734,#10694,#10758,.T.);
#10758 = LINE('',#10759,#10760);
#10759 = CARTESIAN_POINT('',(140.,-62.25,0.));
#10760 = VECTOR('',#10761,1.);
#10761 = DIRECTION('',(1.,0.,0.));
#10762 = ORIENTED_EDGE('',*,*,#10741,.F.);
#10763 = FACE_BOUND('',#10764,.F.);
#10764 = EDGE_LOOP('',(#10765));
#10765 = ORIENTED_EDGE('',*,*,#10766,.T.);
#10766 = EDGE_CURVE('',#10767,#10767,#10769,.T.);
#10767 = VERTEX_POINT('',#10768);
#10768 = CARTESIAN_POINT('',(144.88,-84.1,0.));
#10769 = CIRCLE('',#10770,0.5);
#10770 = AXIS2_PLACEMENT_3D('',#10771,#10772,#10773);
#10771 = CARTESIAN_POINT('',(144.88,-83.6,0.));
#10772 = DIRECTION('',(-0.,0.,-1.));
#10773 = DIRECTION('',(-0.,-1.,0.));
#10774 = FACE_BOUND('',#10775,.F.);
#10775 = EDGE_LOOP('',(#10776));
#10776 = ORIENTED_EDGE('',*,*,#10777,.T.);
#10777 = EDGE_CURVE('',#10778,#10778,#10780,.T.);
#10778 = VERTEX_POINT('',#10779);
#10779 = CARTESIAN_POINT('',(147.42,-84.1,0.));
#10780 = CIRCLE('',#10781,0.5);
#10781 = AXIS2_PLACEMENT_3D('',#10782,#10783,#10784);
#10782 = CARTESIAN_POINT('',(147.42,-83.6,0.));
#10783 = DIRECTION('',(-0.,0.,-1.));
#10784 = DIRECTION('',(-0.,-1.,0.));
#10785 = FACE_BOUND('',#10786,.F.);
#10786 = EDGE_LOOP('',(#10787));
#10787 = ORIENTED_EDGE('',*,*,#10788,.T.);
#10788 = EDGE_CURVE('',#10789,#10789,#10791,.T.);
#10789 = VERTEX_POINT('',#10790);
#10790 = CARTESIAN_POINT('',(149.96,-84.1,0.));
#10791 = CIRCLE('',#10792,0.5);
#10792 = AXIS2_PLACEMENT_3D('',#10793,#10794,#10795);
#10793 = CARTESIAN_POINT('',(149.96,-83.6,0.));
#10794 = DIRECTION('',(-0.,0.,-1.));
#10795 = DIRECTION('',(-0.,-1.,0.));
#10796 = FACE_BOUND('',#10797,.F.);
#10797 = EDGE_LOOP('',(#10798));
#10798 = ORIENTED_EDGE('',*,*,#10799,.T.);
#10799 = EDGE_CURVE('',#10800,#10800,#10802,.T.);
#10800 = VERTEX_POINT('',#10801);
#10801 = CARTESIAN_POINT('',(148.71,-81.23,0.));
#10802 = CIRCLE('',#10803,1.25);
#10803 = AXIS2_PLACEMENT_3D('',#10804,#10805,#10806);
#10804 = CARTESIAN_POINT('',(148.71,-79.98,0.));
#10805 = DIRECTION('',(-0.,0.,-1.));
#10806 = DIRECTION('',(-0.,-1.,0.));
#10807 = FACE_BOUND('',#10808,.F.);
#10808 = EDGE_LOOP('',(#10809));
#10809 = ORIENTED_EDGE('',*,*,#10810,.T.);
#10810 = EDGE_CURVE('',#10811,#10811,#10813,.T.);
#10811 = VERTEX_POINT('',#10812);
#10812 = CARTESIAN_POINT('',(145.96,-79.85,0.));
#10813 = CIRCLE('',#10814,0.5);
#10814 = AXIS2_PLACEMENT_3D('',#10815,#10816,#10817);
#10815 = CARTESIAN_POINT('',(145.96,-79.35,0.));
#10816 = DIRECTION('',(-0.,0.,-1.));
#10817 = DIRECTION('',(-0.,-1.,0.));
#10818 = FACE_BOUND('',#10819,.F.);
#10819 = EDGE_LOOP('',(#10820));
#10820 = ORIENTED_EDGE('',*,*,#10821,.T.);
#10821 = EDGE_CURVE('',#10822,#10822,#10824,.T.);
#10822 = VERTEX_POINT('',#10823);
#10823 = CARTESIAN_POINT('',(144.06,-76.13,0.));
#10824 = CIRCLE('',#10825,0.5);
#10825 = AXIS2_PLACEMENT_3D('',#10826,#10827,#10828);
#10826 = CARTESIAN_POINT('',(144.06,-75.63,0.));
#10827 = DIRECTION('',(-0.,0.,-1.));
#10828 = DIRECTION('',(-0.,-1.,0.));
#10829 = FACE_BOUND('',#10830,.F.);
#10830 = EDGE_LOOP('',(#10831));
#10831 = ORIENTED_EDGE('',*,*,#10832,.T.);
#10832 = EDGE_CURVE('',#10833,#10833,#10835,.T.);
#10833 = VERTEX_POINT('',#10834);
#10834 = CARTESIAN_POINT('',(145.96,-77.31,0.));
#10835 = CIRCLE('',#10836,0.5);
#10836 = AXIS2_PLACEMENT_3D('',#10837,#10838,#10839);
#10837 = CARTESIAN_POINT('',(145.96,-76.81,0.));
#10838 = DIRECTION('',(-0.,0.,-1.));
#10839 = DIRECTION('',(-0.,-1.,0.));
#10840 = FACE_BOUND('',#10841,.F.);
#10841 = EDGE_LOOP('',(#10842));
#10842 = ORIENTED_EDGE('',*,*,#10843,.T.);
#10843 = EDGE_CURVE('',#10844,#10844,#10846,.T.);
#10844 = VERTEX_POINT('',#10845);
#10845 = CARTESIAN_POINT('',(148.71,-77.43,0.));
#10846 = CIRCLE('',#10847,1.25);
#10847 = AXIS2_PLACEMENT_3D('',#10848,#10849,#10850);
#10848 = CARTESIAN_POINT('',(148.71,-76.18,0.));
#10849 = DIRECTION('',(-0.,0.,-1.));
#10850 = DIRECTION('',(-0.,-1.,0.));
#10851 = FACE_BOUND('',#10852,.F.);
#10852 = EDGE_LOOP('',(#10853));
#10853 = ORIENTED_EDGE('',*,*,#10854,.T.);
#10854 = EDGE_CURVE('',#10855,#10855,#10857,.T.);
#10855 = VERTEX_POINT('',#10856);
#10856 = CARTESIAN_POINT('',(151.46,-79.85,0.));
#10857 = CIRCLE('',#10858,0.5);
#10858 = AXIS2_PLACEMENT_3D('',#10859,#10860,#10861);
#10859 = CARTESIAN_POINT('',(151.46,-79.35,0.));
#10860 = DIRECTION('',(-0.,0.,-1.));
#10861 = DIRECTION('',(-0.,-1.,0.));
#10862 = FACE_BOUND('',#10863,.F.);
#10863 = EDGE_LOOP('',(#10864));
#10864 = ORIENTED_EDGE('',*,*,#10865,.T.);
#10865 = EDGE_CURVE('',#10866,#10866,#10868,.T.);
#10866 = VERTEX_POINT('',#10867);
#10867 = CARTESIAN_POINT('',(151.46,-77.31,0.));
#10868 = CIRCLE('',#10869,0.5);
#10869 = AXIS2_PLACEMENT_3D('',#10870,#10871,#10872);
#10870 = CARTESIAN_POINT('',(151.46,-76.81,0.));
#10871 = DIRECTION('',(-0.,0.,-1.));
#10872 = DIRECTION('',(-0.,-1.,0.));
#10873 = FACE_BOUND('',#10874,.F.);
#10874 = EDGE_LOOP('',(#10875));
#10875 = ORIENTED_EDGE('',*,*,#10876,.T.);
#10876 = EDGE_CURVE('',#10877,#10877,#10879,.T.);
#10877 = VERTEX_POINT('',#10878);
#10878 = CARTESIAN_POINT('',(157.4,-78.,0.));
#10879 = CIRCLE('',#10880,1.);
#10880 = AXIS2_PLACEMENT_3D('',#10881,#10882,#10883);
#10881 = CARTESIAN_POINT('',(157.4,-77.,0.));
#10882 = DIRECTION('',(-0.,0.,-1.));
#10883 = DIRECTION('',(-0.,-1.,0.));
#10884 = FACE_BOUND('',#10885,.F.);
#10885 = EDGE_LOOP('',(#10886));
#10886 = ORIENTED_EDGE('',*,*,#10887,.T.);
#10887 = EDGE_CURVE('',#10888,#10888,#10890,.T.);
#10888 = VERTEX_POINT('',#10889);
#10889 = CARTESIAN_POINT('',(145.3,-72.7,0.));
#10890 = CIRCLE('',#10891,0.65);
#10891 = AXIS2_PLACEMENT_3D('',#10892,#10893,#10894);
#10892 = CARTESIAN_POINT('',(145.3,-72.05,0.));
#10893 = DIRECTION('',(-0.,0.,-1.));
#10894 = DIRECTION('',(-0.,-1.,0.));
#10895 = FACE_BOUND('',#10896,.F.);
#10896 = EDGE_LOOP('',(#10897));
#10897 = ORIENTED_EDGE('',*,*,#10898,.T.);
#10898 = EDGE_CURVE('',#10899,#10899,#10901,.T.);
#10899 = VERTEX_POINT('',#10900);
#10900 = CARTESIAN_POINT('',(145.3,-70.55,0.));
#10901 = CIRCLE('',#10902,1.);
#10902 = AXIS2_PLACEMENT_3D('',#10903,#10904,#10905);
#10903 = CARTESIAN_POINT('',(145.3,-69.55,0.));
#10904 = DIRECTION('',(-0.,0.,-1.));
#10905 = DIRECTION('',(-0.,-1.,0.));
#10906 = FACE_BOUND('',#10907,.F.);
#10907 = EDGE_LOOP('',(#10908));
#10908 = ORIENTED_EDGE('',*,*,#10909,.T.);
#10909 = EDGE_CURVE('',#10910,#10910,#10912,.T.);
#10910 = VERTEX_POINT('',#10911);
#10911 = CARTESIAN_POINT('',(142.8,-67.55,0.));
#10912 = CIRCLE('',#10913,0.5);
#10913 = AXIS2_PLACEMENT_3D('',#10914,#10915,#10916);
#10914 = CARTESIAN_POINT('',(142.8,-67.05,0.));
#10915 = DIRECTION('',(-0.,0.,-1.));
#10916 = DIRECTION('',(-0.,-1.,0.));
#10917 = FACE_BOUND('',#10918,.F.);
#10918 = EDGE_LOOP('',(#10919));
#10919 = ORIENTED_EDGE('',*,*,#10920,.T.);
#10920 = EDGE_CURVE('',#10921,#10921,#10923,.T.);
#10921 = VERTEX_POINT('',#10922);
#10922 = CARTESIAN_POINT('',(147.8,-67.55,0.));
#10923 = CIRCLE('',#10924,0.5);
#10924 = AXIS2_PLACEMENT_3D('',#10925,#10926,#10927);
#10925 = CARTESIAN_POINT('',(147.8,-67.05,0.));
#10926 = DIRECTION('',(-0.,0.,-1.));
#10927 = DIRECTION('',(-0.,-1.,0.));
#10928 = FACE_BOUND('',#10929,.F.);
#10929 = EDGE_LOOP('',(#10930));
#10930 = ORIENTED_EDGE('',*,*,#10931,.T.);
#10931 = EDGE_CURVE('',#10932,#10932,#10934,.T.);
#10932 = VERTEX_POINT('',#10933);
#10933 = CARTESIAN_POINT('',(157.3,-69.6,0.));
#10934 = CIRCLE('',#10935,1.6);
#10935 = AXIS2_PLACEMENT_3D('',#10936,#10937,#10938);
#10936 = CARTESIAN_POINT('',(157.3,-68.,0.));
#10937 = DIRECTION('',(-0.,0.,-1.));
#10938 = DIRECTION('',(-0.,-1.,0.));
#10939 = PLANE('',#10940);
#10940 = AXIS2_PLACEMENT_3D('',#10941,#10942,#10943);
#10941 = CARTESIAN_POINT('',(0.,0.,0.));
#10942 = DIRECTION('',(0.,0.,1.));
#10943 = DIRECTION('',(1.,0.,-0.));
#10944 = ADVANCED_FACE('',(#10945,#10956,#10967,#10978,#10989,#11000,
    #11011,#11022,#11033,#11044,#11055,#11066,#11077,#11088,#11099,
    #11110,#11121),#11132,.T.);
#10945 = FACE_BOUND('',#10946,.T.);
#10946 = EDGE_LOOP('',(#10947,#10948,#10949,#10955));
#10947 = ORIENTED_EDGE('',*,*,#10663,.F.);
#10948 = ORIENTED_EDGE('',*,*,#10703,.F.);
#10949 = ORIENTED_EDGE('',*,*,#10950,.F.);
#10950 = EDGE_CURVE('',#10726,#10696,#10951,.T.);
#10951 = LINE('',#10952,#10953);
#10952 = CARTESIAN_POINT('',(140.,-62.25,1.51));
#10953 = VECTOR('',#10954,1.);
#10954 = DIRECTION('',(1.,0.,0.));
#10955 = ORIENTED_EDGE('',*,*,#10725,.F.);
#10956 = FACE_BOUND('',#10957,.T.);
#10957 = EDGE_LOOP('',(#10958));
#10958 = ORIENTED_EDGE('',*,*,#10959,.T.);
#10959 = EDGE_CURVE('',#10960,#10960,#10962,.T.);
#10960 = VERTEX_POINT('',#10961);
#10961 = CARTESIAN_POINT('',(144.88,-84.1,1.51));
#10962 = CIRCLE('',#10963,0.5);
#10963 = AXIS2_PLACEMENT_3D('',#10964,#10965,#10966);
#10964 = CARTESIAN_POINT('',(144.88,-83.6,1.51));
#10965 = DIRECTION('',(-0.,0.,-1.));
#10966 = DIRECTION('',(-0.,-1.,0.));
#10967 = FACE_BOUND('',#10968,.T.);
#10968 = EDGE_LOOP('',(#10969));
#10969 = ORIENTED_EDGE('',*,*,#10970,.T.);
#10970 = EDGE_CURVE('',#10971,#10971,#10973,.T.);
#10971 = VERTEX_POINT('',#10972);
#10972 = CARTESIAN_POINT('',(147.42,-84.1,1.51));
#10973 = CIRCLE('',#10974,0.5);
#10974 = AXIS2_PLACEMENT_3D('',#10975,#10976,#10977);
#10975 = CARTESIAN_POINT('',(147.42,-83.6,1.51));
#10976 = DIRECTION('',(-0.,0.,-1.));
#10977 = DIRECTION('',(-0.,-1.,0.));
#10978 = FACE_BOUND('',#10979,.T.);
#10979 = EDGE_LOOP('',(#10980));
#10980 = ORIENTED_EDGE('',*,*,#10981,.T.);
#10981 = EDGE_CURVE('',#10982,#10982,#10984,.T.);
#10982 = VERTEX_POINT('',#10983);
#10983 = CARTESIAN_POINT('',(149.96,-84.1,1.51));
#10984 = CIRCLE('',#10985,0.5);
#10985 = AXIS2_PLACEMENT_3D('',#10986,#10987,#10988);
#10986 = CARTESIAN_POINT('',(149.96,-83.6,1.51));
#10987 = DIRECTION('',(-0.,0.,-1.));
#10988 = DIRECTION('',(-0.,-1.,0.));
#10989 = FACE_BOUND('',#10990,.T.);
#10990 = EDGE_LOOP('',(#10991));
#10991 = ORIENTED_EDGE('',*,*,#10992,.T.);
#10992 = EDGE_CURVE('',#10993,#10993,#10995,.T.);
#10993 = VERTEX_POINT('',#10994);
#10994 = CARTESIAN_POINT('',(148.71,-81.23,1.51));
#10995 = CIRCLE('',#10996,1.25);
#10996 = AXIS2_PLACEMENT_3D('',#10997,#10998,#10999);
#10997 = CARTESIAN_POINT('',(148.71,-79.98,1.51));
#10998 = DIRECTION('',(-0.,0.,-1.));
#10999 = DIRECTION('',(-0.,-1.,0.));
#11000 = FACE_BOUND('',#11001,.T.);
#11001 = EDGE_LOOP('',(#11002));
#11002 = ORIENTED_EDGE('',*,*,#11003,.T.);
#11003 = EDGE_CURVE('',#11004,#11004,#11006,.T.);
#11004 = VERTEX_POINT('',#11005);
#11005 = CARTESIAN_POINT('',(145.96,-79.85,1.51));
#11006 = CIRCLE('',#11007,0.5);
#11007 = AXIS2_PLACEMENT_3D('',#11008,#11009,#11010);
#11008 = CARTESIAN_POINT('',(145.96,-79.35,1.51));
#11009 = DIRECTION('',(-0.,0.,-1.));
#11010 = DIRECTION('',(-0.,-1.,0.));
#11011 = FACE_BOUND('',#11012,.T.);
#11012 = EDGE_LOOP('',(#11013));
#11013 = ORIENTED_EDGE('',*,*,#11014,.T.);
#11014 = EDGE_CURVE('',#11015,#11015,#11017,.T.);
#11015 = VERTEX_POINT('',#11016);
#11016 = CARTESIAN_POINT('',(144.06,-76.13,1.51));
#11017 = CIRCLE('',#11018,0.5);
#11018 = AXIS2_PLACEMENT_3D('',#11019,#11020,#11021);
#11019 = CARTESIAN_POINT('',(144.06,-75.63,1.51));
#11020 = DIRECTION('',(-0.,0.,-1.));
#11021 = DIRECTION('',(-0.,-1.,0.));
#11022 = FACE_BOUND('',#11023,.T.);
#11023 = EDGE_LOOP('',(#11024));
#11024 = ORIENTED_EDGE('',*,*,#11025,.T.);
#11025 = EDGE_CURVE('',#11026,#11026,#11028,.T.);
#11026 = VERTEX_POINT('',#11027);
#11027 = CARTESIAN_POINT('',(145.96,-77.31,1.51));
#11028 = CIRCLE('',#11029,0.5);
#11029 = AXIS2_PLACEMENT_3D('',#11030,#11031,#11032);
#11030 = CARTESIAN_POINT('',(145.96,-76.81,1.51));
#11031 = DIRECTION('',(-0.,0.,-1.));
#11032 = DIRECTION('',(-0.,-1.,0.));
#11033 = FACE_BOUND('',#11034,.T.);
#11034 = EDGE_LOOP('',(#11035));
#11035 = ORIENTED_EDGE('',*,*,#11036,.T.);
#11036 = EDGE_CURVE('',#11037,#11037,#11039,.T.);
#11037 = VERTEX_POINT('',#11038);
#11038 = CARTESIAN_POINT('',(148.71,-77.43,1.51));
#11039 = CIRCLE('',#11040,1.25);
#11040 = AXIS2_PLACEMENT_3D('',#11041,#11042,#11043);
#11041 = CARTESIAN_POINT('',(148.71,-76.18,1.51));
#11042 = DIRECTION('',(-0.,0.,-1.));
#11043 = DIRECTION('',(-0.,-1.,0.));
#11044 = FACE_BOUND('',#11045,.T.);
#11045 = EDGE_LOOP('',(#11046));
#11046 = ORIENTED_EDGE('',*,*,#11047,.T.);
#11047 = EDGE_CURVE('',#11048,#11048,#11050,.T.);
#11048 = VERTEX_POINT('',#11049);
#11049 = CARTESIAN_POINT('',(151.46,-79.85,1.51));
#11050 = CIRCLE('',#11051,0.5);
#11051 = AXIS2_PLACEMENT_3D('',#11052,#11053,#11054);
#11052 = CARTESIAN_POINT('',(151.46,-79.35,1.51));
#11053 = DIRECTION('',(-0.,0.,-1.));
#11054 = DIRECTION('',(-0.,-1.,0.));
#11055 = FACE_BOUND('',#11056,.T.);
#11056 = EDGE_LOOP('',(#11057));
#11057 = ORIENTED_EDGE('',*,*,#11058,.T.);
#11058 = EDGE_CURVE('',#11059,#11059,#11061,.T.);
#11059 = VERTEX_POINT('',#11060);
#11060 = CARTESIAN_POINT('',(151.46,-77.31,1.51));
#11061 = CIRCLE('',#11062,0.5);
#11062 = AXIS2_PLACEMENT_3D('',#11063,#11064,#11065);
#11063 = CARTESIAN_POINT('',(151.46,-76.81,1.51));
#11064 = DIRECTION('',(-0.,0.,-1.));
#11065 = DIRECTION('',(-0.,-1.,0.));
#11066 = FACE_BOUND('',#11067,.T.);
#11067 = EDGE_LOOP('',(#11068));
#11068 = ORIENTED_EDGE('',*,*,#11069,.T.);
#11069 = EDGE_CURVE('',#11070,#11070,#11072,.T.);
#11070 = VERTEX_POINT('',#11071);
#11071 = CARTESIAN_POINT('',(157.4,-78.,1.51));
#11072 = CIRCLE('',#11073,1.);
#11073 = AXIS2_PLACEMENT_3D('',#11074,#11075,#11076);
#11074 = CARTESIAN_POINT('',(157.4,-77.,1.51));
#11075 = DIRECTION('',(-0.,0.,-1.));
#11076 = DIRECTION('',(-0.,-1.,0.));
#11077 = FACE_BOUND('',#11078,.T.);
#11078 = EDGE_LOOP('',(#11079));
#11079 = ORIENTED_EDGE('',*,*,#11080,.T.);
#11080 = EDGE_CURVE('',#11081,#11081,#11083,.T.);
#11081 = VERTEX_POINT('',#11082);
#11082 = CARTESIAN_POINT('',(145.3,-72.7,1.51));
#11083 = CIRCLE('',#11084,0.65);
#11084 = AXIS2_PLACEMENT_3D('',#11085,#11086,#11087);
#11085 = CARTESIAN_POINT('',(145.3,-72.05,1.51));
#11086 = DIRECTION('',(-0.,0.,-1.));
#11087 = DIRECTION('',(-0.,-1.,0.));
#11088 = FACE_BOUND('',#11089,.T.);
#11089 = EDGE_LOOP('',(#11090));
#11090 = ORIENTED_EDGE('',*,*,#11091,.T.);
#11091 = EDGE_CURVE('',#11092,#11092,#11094,.T.);
#11092 = VERTEX_POINT('',#11093);
#11093 = CARTESIAN_POINT('',(145.3,-70.55,1.51));
#11094 = CIRCLE('',#11095,1.);
#11095 = AXIS2_PLACEMENT_3D('',#11096,#11097,#11098);
#11096 = CARTESIAN_POINT('',(145.3,-69.55,1.51));
#11097 = DIRECTION('',(-0.,0.,-1.));
#11098 = DIRECTION('',(-0.,-1.,0.));
#11099 = FACE_BOUND('',#11100,.T.);
#11100 = EDGE_LOOP('',(#11101));
#11101 = ORIENTED_EDGE('',*,*,#11102,.T.);
#11102 = EDGE_CURVE('',#11103,#11103,#11105,.T.);
#11103 = VERTEX_POINT('',#11104);
#11104 = CARTESIAN_POINT('',(142.8,-67.55,1.51));
#11105 = CIRCLE('',#11106,0.5);
#11106 = AXIS2_PLACEMENT_3D('',#11107,#11108,#11109);
#11107 = CARTESIAN_POINT('',(142.8,-67.05,1.51));
#11108 = DIRECTION('',(-0.,0.,-1.));
#11109 = DIRECTION('',(-0.,-1.,0.));
#11110 = FACE_BOUND('',#11111,.T.);
#11111 = EDGE_LOOP('',(#11112));
#11112 = ORIENTED_EDGE('',*,*,#11113,.T.);
#11113 = EDGE_CURVE('',#11114,#11114,#11116,.T.);
#11114 = VERTEX_POINT('',#11115);
#11115 = CARTESIAN_POINT('',(147.8,-67.55,1.51));
#11116 = CIRCLE('',#11117,0.5);
#11117 = AXIS2_PLACEMENT_3D('',#11118,#11119,#11120);
#11118 = CARTESIAN_POINT('',(147.8,-67.05,1.51));
#11119 = DIRECTION('',(-0.,0.,-1.));
#11120 = DIRECTION('',(-0.,-1.,0.));
#11121 = FACE_BOUND('',#11122,.T.);
#11122 = EDGE_LOOP('',(#11123));
#11123 = ORIENTED_EDGE('',*,*,#11124,.T.);
#11124 = EDGE_CURVE('',#11125,#11125,#11127,.T.);
#11125 = VERTEX_POINT('',#11126);
#11126 = CARTESIAN_POINT('',(157.3,-69.6,1.51));
#11127 = CIRCLE('',#11128,1.6);
#11128 = AXIS2_PLACEMENT_3D('',#11129,#11130,#11131);
#11129 = CARTESIAN_POINT('',(157.3,-68.,1.51));
#11130 = DIRECTION('',(-0.,0.,-1.));
#11131 = DIRECTION('',(-0.,-1.,0.));
#11132 = PLANE('',#11133);
#11133 = AXIS2_PLACEMENT_3D('',#11134,#11135,#11136);
#11134 = CARTESIAN_POINT('',(0.,0.,1.51));
#11135 = DIRECTION('',(0.,0.,1.));
#11136 = DIRECTION('',(1.,0.,-0.));
#11137 = ADVANCED_FACE('',(#11138),#11144,.T.);
#11138 = FACE_BOUND('',#11139,.T.);
#11139 = EDGE_LOOP('',(#11140,#11141,#11142,#11143));
#11140 = ORIENTED_EDGE('',*,*,#10733,.T.);
#11141 = ORIENTED_EDGE('',*,*,#10950,.T.);
#11142 = ORIENTED_EDGE('',*,*,#10693,.F.);
#11143 = ORIENTED_EDGE('',*,*,#10757,.F.);
#11144 = PLANE('',#11145);
#11145 = AXIS2_PLACEMENT_3D('',#11146,#11147,#11148);
#11146 = CARTESIAN_POINT('',(140.,-62.25,0.));
#11147 = DIRECTION('',(0.,1.,0.));
#11148 = DIRECTION('',(1.,0.,0.));
#11149 = ADVANCED_FACE('',(#11150),#11161,.F.);
#11150 = FACE_BOUND('',#11151,.T.);
#11151 = EDGE_LOOP('',(#11152,#11153,#11159,#11160));
#11152 = ORIENTED_EDGE('',*,*,#10766,.T.);
#11153 = ORIENTED_EDGE('',*,*,#11154,.T.);
#11154 = EDGE_CURVE('',#10767,#10960,#11155,.T.);
#11155 = LINE('',#11156,#11157);
#11156 = CARTESIAN_POINT('',(144.88,-84.1,-4.6E-02));
#11157 = VECTOR('',#11158,1.);
#11158 = DIRECTION('',(0.,0.,1.));
#11159 = ORIENTED_EDGE('',*,*,#10959,.F.);
#11160 = ORIENTED_EDGE('',*,*,#11154,.F.);
#11161 = CYLINDRICAL_SURFACE('',#11162,0.5);
#11162 = AXIS2_PLACEMENT_3D('',#11163,#11164,#11165);
#11163 = CARTESIAN_POINT('',(144.88,-83.6,-4.6E-02));
#11164 = DIRECTION('',(-0.,-0.,-1.));
#11165 = DIRECTION('',(-0.,-1.,0.));
#11166 = ADVANCED_FACE('',(#11167),#11178,.F.);
#11167 = FACE_BOUND('',#11168,.T.);
#11168 = EDGE_LOOP('',(#11169,#11170,#11176,#11177));
#11169 = ORIENTED_EDGE('',*,*,#10777,.T.);
#11170 = ORIENTED_EDGE('',*,*,#11171,.T.);
#11171 = EDGE_CURVE('',#10778,#10971,#11172,.T.);
#11172 = LINE('',#11173,#11174);
#11173 = CARTESIAN_POINT('',(147.42,-84.1,-4.6E-02));
#11174 = VECTOR('',#11175,1.);
#11175 = DIRECTION('',(0.,0.,1.));
#11176 = ORIENTED_EDGE('',*,*,#10970,.F.);
#11177 = ORIENTED_EDGE('',*,*,#11171,.F.);
#11178 = CYLINDRICAL_SURFACE('',#11179,0.5);
#11179 = AXIS2_PLACEMENT_3D('',#11180,#11181,#11182);
#11180 = CARTESIAN_POINT('',(147.42,-83.6,-4.6E-02));
#11181 = DIRECTION('',(-0.,-0.,-1.));
#11182 = DIRECTION('',(-0.,-1.,0.));
#11183 = ADVANCED_FACE('',(#11184),#11195,.F.);
#11184 = FACE_BOUND('',#11185,.T.);
#11185 = EDGE_LOOP('',(#11186,#11187,#11193,#11194));
#11186 = ORIENTED_EDGE('',*,*,#10788,.T.);
#11187 = ORIENTED_EDGE('',*,*,#11188,.T.);
#11188 = EDGE_CURVE('',#10789,#10982,#11189,.T.);
#11189 = LINE('',#11190,#11191);
#11190 = CARTESIAN_POINT('',(149.96,-84.1,-4.6E-02));
#11191 = VECTOR('',#11192,1.);
#11192 = DIRECTION('',(0.,0.,1.));
#11193 = ORIENTED_EDGE('',*,*,#10981,.F.);
#11194 = ORIENTED_EDGE('',*,*,#11188,.F.);
#11195 = CYLINDRICAL_SURFACE('',#11196,0.5);
#11196 = AXIS2_PLACEMENT_3D('',#11197,#11198,#11199);
#11197 = CARTESIAN_POINT('',(149.96,-83.6,-4.6E-02));
#11198 = DIRECTION('',(-0.,-0.,-1.));
#11199 = DIRECTION('',(-0.,-1.,0.));
#11200 = ADVANCED_FACE('',(#11201),#11212,.F.);
#11201 = FACE_BOUND('',#11202,.T.);
#11202 = EDGE_LOOP('',(#11203,#11204,#11210,#11211));
#11203 = ORIENTED_EDGE('',*,*,#10799,.T.);
#11204 = ORIENTED_EDGE('',*,*,#11205,.T.);
#11205 = EDGE_CURVE('',#10800,#10993,#11206,.T.);
#11206 = LINE('',#11207,#11208);
#11207 = CARTESIAN_POINT('',(148.71,-81.23,-4.6E-02));
#11208 = VECTOR('',#11209,1.);
#11209 = DIRECTION('',(0.,0.,1.));
#11210 = ORIENTED_EDGE('',*,*,#10992,.F.);
#11211 = ORIENTED_EDGE('',*,*,#11205,.F.);
#11212 = CYLINDRICAL_SURFACE('',#11213,1.25);
#11213 = AXIS2_PLACEMENT_3D('',#11214,#11215,#11216);
#11214 = CARTESIAN_POINT('',(148.71,-79.98,-4.6E-02));
#11215 = DIRECTION('',(-0.,-0.,-1.));
#11216 = DIRECTION('',(-0.,-1.,0.));
#11217 = ADVANCED_FACE('',(#11218),#11229,.F.);
#11218 = FACE_BOUND('',#11219,.T.);
#11219 = EDGE_LOOP('',(#11220,#11221,#11227,#11228));
#11220 = ORIENTED_EDGE('',*,*,#10810,.T.);
#11221 = ORIENTED_EDGE('',*,*,#11222,.T.);
#11222 = EDGE_CURVE('',#10811,#11004,#11223,.T.);
#11223 = LINE('',#11224,#11225);
#11224 = CARTESIAN_POINT('',(145.96,-79.85,-4.6E-02));
#11225 = VECTOR('',#11226,1.);
#11226 = DIRECTION('',(0.,0.,1.));
#11227 = ORIENTED_EDGE('',*,*,#11003,.F.);
#11228 = ORIENTED_EDGE('',*,*,#11222,.F.);
#11229 = CYLINDRICAL_SURFACE('',#11230,0.5);
#11230 = AXIS2_PLACEMENT_3D('',#11231,#11232,#11233);
#11231 = CARTESIAN_POINT('',(145.96,-79.35,-4.6E-02));
#11232 = DIRECTION('',(-0.,-0.,-1.));
#11233 = DIRECTION('',(-0.,-1.,0.));
#11234 = ADVANCED_FACE('',(#11235),#11246,.F.);
#11235 = FACE_BOUND('',#11236,.T.);
#11236 = EDGE_LOOP('',(#11237,#11238,#11244,#11245));
#11237 = ORIENTED_EDGE('',*,*,#10821,.T.);
#11238 = ORIENTED_EDGE('',*,*,#11239,.T.);
#11239 = EDGE_CURVE('',#10822,#11015,#11240,.T.);
#11240 = LINE('',#11241,#11242);
#11241 = CARTESIAN_POINT('',(144.06,-76.13,-4.6E-02));
#11242 = VECTOR('',#11243,1.);
#11243 = DIRECTION('',(0.,0.,1.));
#11244 = ORIENTED_EDGE('',*,*,#11014,.F.);
#11245 = ORIENTED_EDGE('',*,*,#11239,.F.);
#11246 = CYLINDRICAL_SURFACE('',#11247,0.5);
#11247 = AXIS2_PLACEMENT_3D('',#11248,#11249,#11250);
#11248 = CARTESIAN_POINT('',(144.06,-75.63,-4.6E-02));
#11249 = DIRECTION('',(-0.,-0.,-1.));
#11250 = DIRECTION('',(-0.,-1.,0.));
#11251 = ADVANCED_FACE('',(#11252),#11263,.F.);
#11252 = FACE_BOUND('',#11253,.T.);
#11253 = EDGE_LOOP('',(#11254,#11255,#11261,#11262));
#11254 = ORIENTED_EDGE('',*,*,#10832,.T.);
#11255 = ORIENTED_EDGE('',*,*,#11256,.T.);
#11256 = EDGE_CURVE('',#10833,#11026,#11257,.T.);
#11257 = LINE('',#11258,#11259);
#11258 = CARTESIAN_POINT('',(145.96,-77.31,-4.6E-02));
#11259 = VECTOR('',#11260,1.);
#11260 = DIRECTION('',(0.,0.,1.));
#11261 = ORIENTED_EDGE('',*,*,#11025,.F.);
#11262 = ORIENTED_EDGE('',*,*,#11256,.F.);
#11263 = CYLINDRICAL_SURFACE('',#11264,0.5);
#11264 = AXIS2_PLACEMENT_3D('',#11265,#11266,#11267);
#11265 = CARTESIAN_POINT('',(145.96,-76.81,-4.6E-02));
#11266 = DIRECTION('',(-0.,-0.,-1.));
#11267 = DIRECTION('',(-0.,-1.,0.));
#11268 = ADVANCED_FACE('',(#11269),#11280,.F.);
#11269 = FACE_BOUND('',#11270,.T.);
#11270 = EDGE_LOOP('',(#11271,#11272,#11278,#11279));
#11271 = ORIENTED_EDGE('',*,*,#10843,.T.);
#11272 = ORIENTED_EDGE('',*,*,#11273,.T.);
#11273 = EDGE_CURVE('',#10844,#11037,#11274,.T.);
#11274 = LINE('',#11275,#11276);
#11275 = CARTESIAN_POINT('',(148.71,-77.43,-4.6E-02));
#11276 = VECTOR('',#11277,1.);
#11277 = DIRECTION('',(0.,0.,1.));
#11278 = ORIENTED_EDGE('',*,*,#11036,.F.);
#11279 = ORIENTED_EDGE('',*,*,#11273,.F.);
#11280 = CYLINDRICAL_SURFACE('',#11281,1.25);
#11281 = AXIS2_PLACEMENT_3D('',#11282,#11283,#11284);
#11282 = CARTESIAN_POINT('',(148.71,-76.18,-4.6E-02));
#11283 = DIRECTION('',(-0.,-0.,-1.));
#11284 = DIRECTION('',(-0.,-1.,0.));
#11285 = ADVANCED_FACE('',(#11286),#11297,.F.);
#11286 = FACE_BOUND('',#11287,.T.);
#11287 = EDGE_LOOP('',(#11288,#11289,#11295,#11296));
#11288 = ORIENTED_EDGE('',*,*,#10854,.T.);
#11289 = ORIENTED_EDGE('',*,*,#11290,.T.);
#11290 = EDGE_CURVE('',#10855,#11048,#11291,.T.);
#11291 = LINE('',#11292,#11293);
#11292 = CARTESIAN_POINT('',(151.46,-79.85,-4.6E-02));
#11293 = VECTOR('',#11294,1.);
#11294 = DIRECTION('',(0.,0.,1.));
#11295 = ORIENTED_EDGE('',*,*,#11047,.F.);
#11296 = ORIENTED_EDGE('',*,*,#11290,.F.);
#11297 = CYLINDRICAL_SURFACE('',#11298,0.5);
#11298 = AXIS2_PLACEMENT_3D('',#11299,#11300,#11301);
#11299 = CARTESIAN_POINT('',(151.46,-79.35,-4.6E-02));
#11300 = DIRECTION('',(-0.,-0.,-1.));
#11301 = DIRECTION('',(-0.,-1.,0.));
#11302 = ADVANCED_FACE('',(#11303),#11314,.F.);
#11303 = FACE_BOUND('',#11304,.T.);
#11304 = EDGE_LOOP('',(#11305,#11306,#11312,#11313));
#11305 = ORIENTED_EDGE('',*,*,#10865,.T.);
#11306 = ORIENTED_EDGE('',*,*,#11307,.T.);
#11307 = EDGE_CURVE('',#10866,#11059,#11308,.T.);
#11308 = LINE('',#11309,#11310);
#11309 = CARTESIAN_POINT('',(151.46,-77.31,-4.6E-02));
#11310 = VECTOR('',#11311,1.);
#11311 = DIRECTION('',(0.,0.,1.));
#11312 = ORIENTED_EDGE('',*,*,#11058,.F.);
#11313 = ORIENTED_EDGE('',*,*,#11307,.F.);
#11314 = CYLINDRICAL_SURFACE('',#11315,0.5);
#11315 = AXIS2_PLACEMENT_3D('',#11316,#11317,#11318);
#11316 = CARTESIAN_POINT('',(151.46,-76.81,-4.6E-02));
#11317 = DIRECTION('',(-0.,-0.,-1.));
#11318 = DIRECTION('',(-0.,-1.,0.));
#11319 = ADVANCED_FACE('',(#11320),#11331,.F.);
#11320 = FACE_BOUND('',#11321,.T.);
#11321 = EDGE_LOOP('',(#11322,#11323,#11329,#11330));
#11322 = ORIENTED_EDGE('',*,*,#10876,.T.);
#11323 = ORIENTED_EDGE('',*,*,#11324,.T.);
#11324 = EDGE_CURVE('',#10877,#11070,#11325,.T.);
#11325 = LINE('',#11326,#11327);
#11326 = CARTESIAN_POINT('',(157.4,-78.,-4.6E-02));
#11327 = VECTOR('',#11328,1.);
#11328 = DIRECTION('',(0.,0.,1.));
#11329 = ORIENTED_EDGE('',*,*,#11069,.F.);
#11330 = ORIENTED_EDGE('',*,*,#11324,.F.);
#11331 = CYLINDRICAL_SURFACE('',#11332,1.);
#11332 = AXIS2_PLACEMENT_3D('',#11333,#11334,#11335);
#11333 = CARTESIAN_POINT('',(157.4,-77.,-4.6E-02));
#11334 = DIRECTION('',(-0.,-0.,-1.));
#11335 = DIRECTION('',(-0.,-1.,0.));
#11336 = ADVANCED_FACE('',(#11337),#11348,.F.);
#11337 = FACE_BOUND('',#11338,.T.);
#11338 = EDGE_LOOP('',(#11339,#11340,#11346,#11347));
#11339 = ORIENTED_EDGE('',*,*,#10887,.T.);
#11340 = ORIENTED_EDGE('',*,*,#11341,.T.);
#11341 = EDGE_CURVE('',#10888,#11081,#11342,.T.);
#11342 = LINE('',#11343,#11344);
#11343 = CARTESIAN_POINT('',(145.3,-72.7,-4.6E-02));
#11344 = VECTOR('',#11345,1.);
#11345 = DIRECTION('',(0.,0.,1.));
#11346 = ORIENTED_EDGE('',*,*,#11080,.F.);
#11347 = ORIENTED_EDGE('',*,*,#11341,.F.);
#11348 = CYLINDRICAL_SURFACE('',#11349,0.65);
#11349 = AXIS2_PLACEMENT_3D('',#11350,#11351,#11352);
#11350 = CARTESIAN_POINT('',(145.3,-72.05,-4.6E-02));
#11351 = DIRECTION('',(-0.,-0.,-1.));
#11352 = DIRECTION('',(-0.,-1.,0.));
#11353 = ADVANCED_FACE('',(#11354),#11365,.F.);
#11354 = FACE_BOUND('',#11355,.T.);
#11355 = EDGE_LOOP('',(#11356,#11357,#11363,#11364));
#11356 = ORIENTED_EDGE('',*,*,#10898,.T.);
#11357 = ORIENTED_EDGE('',*,*,#11358,.T.);
#11358 = EDGE_CURVE('',#10899,#11092,#11359,.T.);
#11359 = LINE('',#11360,#11361);
#11360 = CARTESIAN_POINT('',(145.3,-70.55,-4.6E-02));
#11361 = VECTOR('',#11362,1.);
#11362 = DIRECTION('',(0.,0.,1.));
#11363 = ORIENTED_EDGE('',*,*,#11091,.F.);
#11364 = ORIENTED_EDGE('',*,*,#11358,.F.);
#11365 = CYLINDRICAL_SURFACE('',#11366,1.);
#11366 = AXIS2_PLACEMENT_3D('',#11367,#11368,#11369);
#11367 = CARTESIAN_POINT('',(145.3,-69.55,-4.6E-02));
#11368 = DIRECTION('',(-0.,-0.,-1.));
#11369 = DIRECTION('',(-0.,-1.,0.));
#11370 = ADVANCED_FACE('',(#11371),#11382,.F.);
#11371 = FACE_BOUND('',#11372,.T.);
#11372 = EDGE_LOOP('',(#11373,#11374,#11380,#11381));
#11373 = ORIENTED_EDGE('',*,*,#10909,.T.);
#11374 = ORIENTED_EDGE('',*,*,#11375,.T.);
#11375 = EDGE_CURVE('',#10910,#11103,#11376,.T.);
#11376 = LINE('',#11377,#11378);
#11377 = CARTESIAN_POINT('',(142.8,-67.55,-4.6E-02));
#11378 = VECTOR('',#11379,1.);
#11379 = DIRECTION('',(0.,0.,1.));
#11380 = ORIENTED_EDGE('',*,*,#11102,.F.);
#11381 = ORIENTED_EDGE('',*,*,#11375,.F.);
#11382 = CYLINDRICAL_SURFACE('',#11383,0.5);
#11383 = AXIS2_PLACEMENT_3D('',#11384,#11385,#11386);
#11384 = CARTESIAN_POINT('',(142.8,-67.05,-4.6E-02));
#11385 = DIRECTION('',(-0.,-0.,-1.));
#11386 = DIRECTION('',(-0.,-1.,0.));
#11387 = ADVANCED_FACE('',(#11388),#11399,.F.);
#11388 = FACE_BOUND('',#11389,.T.);
#11389 = EDGE_LOOP('',(#11390,#11391,#11397,#11398));
#11390 = ORIENTED_EDGE('',*,*,#10920,.T.);
#11391 = ORIENTED_EDGE('',*,*,#11392,.T.);
#11392 = EDGE_CURVE('',#10921,#11114,#11393,.T.);
#11393 = LINE('',#11394,#11395);
#11394 = CARTESIAN_POINT('',(147.8,-67.55,-4.6E-02));
#11395 = VECTOR('',#11396,1.);
#11396 = DIRECTION('',(0.,0.,1.));
#11397 = ORIENTED_EDGE('',*,*,#11113,.F.);
#11398 = ORIENTED_EDGE('',*,*,#11392,.F.);
#11399 = CYLINDRICAL_SURFACE('',#11400,0.5);
#11400 = AXIS2_PLACEMENT_3D('',#11401,#11402,#11403);
#11401 = CARTESIAN_POINT('',(147.8,-67.05,-4.6E-02));
#11402 = DIRECTION('',(-0.,-0.,-1.));
#11403 = DIRECTION('',(-0.,-1.,0.));
#11404 = ADVANCED_FACE('',(#11405),#11416,.F.);
#11405 = FACE_BOUND('',#11406,.T.);
#11406 = EDGE_LOOP('',(#11407,#11408,#11414,#11415));
#11407 = ORIENTED_EDGE('',*,*,#10931,.T.);
#11408 = ORIENTED_EDGE('',*,*,#11409,.T.);
#11409 = EDGE_CURVE('',#10932,#11125,#11410,.T.);
#11410 = LINE('',#11411,#11412);
#11411 = CARTESIAN_POINT('',(157.3,-69.6,-4.6E-02));
#11412 = VECTOR('',#11413,1.);
#11413 = DIRECTION('',(0.,0.,1.));
#11414 = ORIENTED_EDGE('',*,*,#11124,.F.);
#11415 = ORIENTED_EDGE('',*,*,#11409,.F.);
#11416 = CYLINDRICAL_SURFACE('',#11417,1.6);
#11417 = AXIS2_PLACEMENT_3D('',#11418,#11419,#11420);
#11418 = CARTESIAN_POINT('',(157.3,-68.,-4.6E-02));
#11419 = DIRECTION('',(-0.,-0.,-1.));
#11420 = DIRECTION('',(-0.,-1.,0.));
#11421 = ( GEOMETRIC_REPRESENTATION_CONTEXT(3) 
GLOBAL_UNCERTAINTY_ASSIGNED_CONTEXT((#11425)) 
GLOBAL_UNIT_ASSIGNED_CONTEXT((#11422,#11423,#11424)) 
REPRESENTATION_CONTEXT('Context #1',
  '3D Context with UNIT and UNCERTAINTY') );
#11422 = ( LENGTH_UNIT() NAMED_UNIT(*) SI_UNIT(.MILLI.,.METRE.) );
#11423 = ( NAMED_UNIT(*) PLANE_ANGLE_UNIT() SI_UNIT($,.RADIAN.) );
#11424 = ( NAMED_UNIT(*) SI_UNIT($,.STERADIAN.) SOLID_ANGLE_UNIT() );
#11425 = UNCERTAINTY_MEASURE_WITH_UNIT(LENGTH_MEASURE(1.E-07),#11422,
  'distance_accuracy_value','confusion accuracy');
#11426 = CONTEXT_DEPENDENT_SHAPE_REPRESENTATION(#11427,#11429);
#11427 = ( REPRESENTATION_RELATIONSHIP('','',#10646,#10) 
REPRESENTATION_RELATIONSHIP_WITH_TRANSFORMATION(#11428) 
SHAPE_REPRESENTATION_RELATIONSHIP() );
#11428 = ITEM_DEFINED_TRANSFORMATION('','',#11,#31);
#11429 = PRODUCT_DEFINITION_SHAPE('Placement','Placement of an item',
  #11430);
#11430 = NEXT_ASSEMBLY_USAGE_OCCURRENCE('5','=>[0:1:1:6]','',#5,#10641,$
  );
#11431 = PRODUCT_RELATED_PRODUCT_CATEGORY('part',$,(#10643));
#11432 = MECHANICAL_DESIGN_GEOMETRIC_PRESENTATION_REPRESENTATION('',(
    #11433,#11441,#11448,#11455,#11462,#11469,#11476,#11483,#11490,
    #11497,#11504,#11511,#11518,#11525,#11532,#11539,#11546,#11553,
    #11560,#11567,#11574,#11581,#11588,#11596,#11603,#11610,#11617,
    #11624,#11631,#11638,#11645,#11652,#11659,#11666,#11673,#11680,
    #11687,#11694,#11701,#11708,#11715,#11722,#11729,#11736,#11743,
    #11750,#11757,#11764,#11771,#11778,#11785,#11792,#11799,#11806,
    #11813,#11820,#11827,#11834,#11841,#11848,#11855,#11862,#11869,
    #11876,#11883,#11890,#11897,#11904,#11911,#11918,#11925,#11932,
    #11939,#11946,#11953,#11960),#2155);
#11433 = STYLED_ITEM('color',(#11434),#51);
#11434 = PRESENTATION_STYLE_ASSIGNMENT((#11435));
#11435 = SURFACE_STYLE_USAGE(.BOTH.,#11436);
#11436 = SURFACE_SIDE_STYLE('',(#11437));
#11437 = SURFACE_STYLE_FILL_AREA(#11438);
#11438 = FILL_AREA_STYLE('',(#11439));
#11439 = FILL_AREA_STYLE_COLOUR('',#11440);
#11440 = COLOUR_RGB('',0.147999998088,0.144999993226,0.144999993226);
#11441 = STYLED_ITEM('color',(#11442),#91);
#11442 = PRESENTATION_STYLE_ASSIGNMENT((#11443));
#11443 = SURFACE_STYLE_USAGE(.BOTH.,#11444);
#11444 = SURFACE_SIDE_STYLE('',(#11445));
#11445 = SURFACE_STYLE_FILL_AREA(#11446);
#11446 = FILL_AREA_STYLE('',(#11447));
#11447 = FILL_AREA_STYLE_COLOUR('',#11440);
#11448 = STYLED_ITEM('color',(#11449),#122);
#11449 = PRESENTATION_STYLE_ASSIGNMENT((#11450));
#11450 = SURFACE_STYLE_USAGE(.BOTH.,#11451);
#11451 = SURFACE_SIDE_STYLE('',(#11452));
#11452 = SURFACE_STYLE_FILL_AREA(#11453);
#11453 = FILL_AREA_STYLE('',(#11454));
#11454 = FILL_AREA_STYLE_COLOUR('',#11440);
#11455 = STYLED_ITEM('color',(#11456),#153);
#11456 = PRESENTATION_STYLE_ASSIGNMENT((#11457));
#11457 = SURFACE_STYLE_USAGE(.BOTH.,#11458);
#11458 = SURFACE_SIDE_STYLE('',(#11459));
#11459 = SURFACE_STYLE_FILL_AREA(#11460);
#11460 = FILL_AREA_STYLE('',(#11461));
#11461 = FILL_AREA_STYLE_COLOUR('',#11440);
#11462 = STYLED_ITEM('color',(#11463),#400);
#11463 = PRESENTATION_STYLE_ASSIGNMENT((#11464));
#11464 = SURFACE_STYLE_USAGE(.BOTH.,#11465);
#11465 = SURFACE_SIDE_STYLE('',(#11466));
#11466 = SURFACE_STYLE_FILL_AREA(#11467);
#11467 = FILL_AREA_STYLE('',(#11468));
#11468 = FILL_AREA_STYLE_COLOUR('',#11440);
#11469 = STYLED_ITEM('color',(#11470),#647);
#11470 = PRESENTATION_STYLE_ASSIGNMENT((#11471));
#11471 = SURFACE_STYLE_USAGE(.BOTH.,#11472);
#11472 = SURFACE_SIDE_STYLE('',(#11473));
#11473 = SURFACE_STYLE_FILL_AREA(#11474);
#11474 = FILL_AREA_STYLE('',(#11475));
#11475 = FILL_AREA_STYLE_COLOUR('',#11440);
#11476 = STYLED_ITEM('color',(#11477),#664);
#11477 = PRESENTATION_STYLE_ASSIGNMENT((#11478));
#11478 = SURFACE_STYLE_USAGE(.BOTH.,#11479);
#11479 = SURFACE_SIDE_STYLE('',(#11480));
#11480 = SURFACE_STYLE_FILL_AREA(#11481);
#11481 = FILL_AREA_STYLE('',(#11482));
#11482 = FILL_AREA_STYLE_COLOUR('',#11440);
#11483 = STYLED_ITEM('color',(#11484),#681);
#11484 = PRESENTATION_STYLE_ASSIGNMENT((#11485));
#11485 = SURFACE_STYLE_USAGE(.BOTH.,#11486);
#11486 = SURFACE_SIDE_STYLE('',(#11487));
#11487 = SURFACE_STYLE_FILL_AREA(#11488);
#11488 = FILL_AREA_STYLE('',(#11489));
#11489 = FILL_AREA_STYLE_COLOUR('',#11440);
#11490 = STYLED_ITEM('color',(#11491),#698);
#11491 = PRESENTATION_STYLE_ASSIGNMENT((#11492));
#11492 = SURFACE_STYLE_USAGE(.BOTH.,#11493);
#11493 = SURFACE_SIDE_STYLE('',(#11494));
#11494 = SURFACE_STYLE_FILL_AREA(#11495);
#11495 = FILL_AREA_STYLE('',(#11496));
#11496 = FILL_AREA_STYLE_COLOUR('',#11440);
#11497 = STYLED_ITEM('color',(#11498),#715);
#11498 = PRESENTATION_STYLE_ASSIGNMENT((#11499));
#11499 = SURFACE_STYLE_USAGE(.BOTH.,#11500);
#11500 = SURFACE_SIDE_STYLE('',(#11501));
#11501 = SURFACE_STYLE_FILL_AREA(#11502);
#11502 = FILL_AREA_STYLE('',(#11503));
#11503 = FILL_AREA_STYLE_COLOUR('',#11440);
#11504 = STYLED_ITEM('color',(#11505),#732);
#11505 = PRESENTATION_STYLE_ASSIGNMENT((#11506));
#11506 = SURFACE_STYLE_USAGE(.BOTH.,#11507);
#11507 = SURFACE_SIDE_STYLE('',(#11508));
#11508 = SURFACE_STYLE_FILL_AREA(#11509);
#11509 = FILL_AREA_STYLE('',(#11510));
#11510 = FILL_AREA_STYLE_COLOUR('',#11440);
#11511 = STYLED_ITEM('color',(#11512),#749);
#11512 = PRESENTATION_STYLE_ASSIGNMENT((#11513));
#11513 = SURFACE_STYLE_USAGE(.BOTH.,#11514);
#11514 = SURFACE_SIDE_STYLE('',(#11515));
#11515 = SURFACE_STYLE_FILL_AREA(#11516);
#11516 = FILL_AREA_STYLE('',(#11517));
#11517 = FILL_AREA_STYLE_COLOUR('',#11440);
#11518 = STYLED_ITEM('color',(#11519),#766);
#11519 = PRESENTATION_STYLE_ASSIGNMENT((#11520));
#11520 = SURFACE_STYLE_USAGE(.BOTH.,#11521);
#11521 = SURFACE_SIDE_STYLE('',(#11522));
#11522 = SURFACE_STYLE_FILL_AREA(#11523);
#11523 = FILL_AREA_STYLE('',(#11524));
#11524 = FILL_AREA_STYLE_COLOUR('',#11440);
#11525 = STYLED_ITEM('color',(#11526),#783);
#11526 = PRESENTATION_STYLE_ASSIGNMENT((#11527));
#11527 = SURFACE_STYLE_USAGE(.BOTH.,#11528);
#11528 = SURFACE_SIDE_STYLE('',(#11529));
#11529 = SURFACE_STYLE_FILL_AREA(#11530);
#11530 = FILL_AREA_STYLE('',(#11531));
#11531 = FILL_AREA_STYLE_COLOUR('',#11440);
#11532 = STYLED_ITEM('color',(#11533),#800);
#11533 = PRESENTATION_STYLE_ASSIGNMENT((#11534));
#11534 = SURFACE_STYLE_USAGE(.BOTH.,#11535);
#11535 = SURFACE_SIDE_STYLE('',(#11536));
#11536 = SURFACE_STYLE_FILL_AREA(#11537);
#11537 = FILL_AREA_STYLE('',(#11538));
#11538 = FILL_AREA_STYLE_COLOUR('',#11440);
#11539 = STYLED_ITEM('color',(#11540),#817);
#11540 = PRESENTATION_STYLE_ASSIGNMENT((#11541));
#11541 = SURFACE_STYLE_USAGE(.BOTH.,#11542);
#11542 = SURFACE_SIDE_STYLE('',(#11543));
#11543 = SURFACE_STYLE_FILL_AREA(#11544);
#11544 = FILL_AREA_STYLE('',(#11545));
#11545 = FILL_AREA_STYLE_COLOUR('',#11440);
#11546 = STYLED_ITEM('color',(#11547),#834);
#11547 = PRESENTATION_STYLE_ASSIGNMENT((#11548));
#11548 = SURFACE_STYLE_USAGE(.BOTH.,#11549);
#11549 = SURFACE_SIDE_STYLE('',(#11550));
#11550 = SURFACE_STYLE_FILL_AREA(#11551);
#11551 = FILL_AREA_STYLE('',(#11552));
#11552 = FILL_AREA_STYLE_COLOUR('',#11440);
#11553 = STYLED_ITEM('color',(#11554),#851);
#11554 = PRESENTATION_STYLE_ASSIGNMENT((#11555));
#11555 = SURFACE_STYLE_USAGE(.BOTH.,#11556);
#11556 = SURFACE_SIDE_STYLE('',(#11557));
#11557 = SURFACE_STYLE_FILL_AREA(#11558);
#11558 = FILL_AREA_STYLE('',(#11559));
#11559 = FILL_AREA_STYLE_COLOUR('',#11440);
#11560 = STYLED_ITEM('color',(#11561),#868);
#11561 = PRESENTATION_STYLE_ASSIGNMENT((#11562));
#11562 = SURFACE_STYLE_USAGE(.BOTH.,#11563);
#11563 = SURFACE_SIDE_STYLE('',(#11564));
#11564 = SURFACE_STYLE_FILL_AREA(#11565);
#11565 = FILL_AREA_STYLE('',(#11566));
#11566 = FILL_AREA_STYLE_COLOUR('',#11440);
#11567 = STYLED_ITEM('color',(#11568),#885);
#11568 = PRESENTATION_STYLE_ASSIGNMENT((#11569));
#11569 = SURFACE_STYLE_USAGE(.BOTH.,#11570);
#11570 = SURFACE_SIDE_STYLE('',(#11571));
#11571 = SURFACE_STYLE_FILL_AREA(#11572);
#11572 = FILL_AREA_STYLE('',(#11573));
#11573 = FILL_AREA_STYLE_COLOUR('',#11440);
#11574 = STYLED_ITEM('color',(#11575),#902);
#11575 = PRESENTATION_STYLE_ASSIGNMENT((#11576));
#11576 = SURFACE_STYLE_USAGE(.BOTH.,#11577);
#11577 = SURFACE_SIDE_STYLE('',(#11578));
#11578 = SURFACE_STYLE_FILL_AREA(#11579);
#11579 = FILL_AREA_STYLE('',(#11580));
#11580 = FILL_AREA_STYLE_COLOUR('',#11440);
#11581 = STYLED_ITEM('color',(#11582),#919);
#11582 = PRESENTATION_STYLE_ASSIGNMENT((#11583));
#11583 = SURFACE_STYLE_USAGE(.BOTH.,#11584);
#11584 = SURFACE_SIDE_STYLE('',(#11585));
#11585 = SURFACE_STYLE_FILL_AREA(#11586);
#11586 = FILL_AREA_STYLE('',(#11587));
#11587 = FILL_AREA_STYLE_COLOUR('',#11440);
#11588 = STYLED_ITEM('color',(#11589),#931);
#11589 = PRESENTATION_STYLE_ASSIGNMENT((#11590));
#11590 = SURFACE_STYLE_USAGE(.BOTH.,#11591);
#11591 = SURFACE_SIDE_STYLE('',(#11592));
#11592 = SURFACE_STYLE_FILL_AREA(#11593);
#11593 = FILL_AREA_STYLE('',(#11594));
#11594 = FILL_AREA_STYLE_COLOUR('',#11595);
#11595 = COLOUR_RGB('',0.859000020776,0.737999965183,0.495999988746);
#11596 = STYLED_ITEM('color',(#11597),#962);
#11597 = PRESENTATION_STYLE_ASSIGNMENT((#11598));
#11598 = SURFACE_STYLE_USAGE(.BOTH.,#11599);
#11599 = SURFACE_SIDE_STYLE('',(#11600));
#11600 = SURFACE_STYLE_FILL_AREA(#11601);
#11601 = FILL_AREA_STYLE('',(#11602));
#11602 = FILL_AREA_STYLE_COLOUR('',#11595);
#11603 = STYLED_ITEM('color',(#11604),#986);
#11604 = PRESENTATION_STYLE_ASSIGNMENT((#11605));
#11605 = SURFACE_STYLE_USAGE(.BOTH.,#11606);
#11606 = SURFACE_SIDE_STYLE('',(#11607));
#11607 = SURFACE_STYLE_FILL_AREA(#11608);
#11608 = FILL_AREA_STYLE('',(#11609));
#11609 = FILL_AREA_STYLE_COLOUR('',#11595);
#11610 = STYLED_ITEM('color',(#11611),#1010);
#11611 = PRESENTATION_STYLE_ASSIGNMENT((#11612));
#11612 = SURFACE_STYLE_USAGE(.BOTH.,#11613);
#11613 = SURFACE_SIDE_STYLE('',(#11614));
#11614 = SURFACE_STYLE_FILL_AREA(#11615);
#11615 = FILL_AREA_STYLE('',(#11616));
#11616 = FILL_AREA_STYLE_COLOUR('',#11595);
#11617 = STYLED_ITEM('color',(#11618),#1027);
#11618 = PRESENTATION_STYLE_ASSIGNMENT((#11619));
#11619 = SURFACE_STYLE_USAGE(.BOTH.,#11620);
#11620 = SURFACE_SIDE_STYLE('',(#11621));
#11621 = SURFACE_STYLE_FILL_AREA(#11622);
#11622 = FILL_AREA_STYLE('',(#11623));
#11623 = FILL_AREA_STYLE_COLOUR('',#11595);
#11624 = STYLED_ITEM('color',(#11625),#1058);
#11625 = PRESENTATION_STYLE_ASSIGNMENT((#11626));
#11626 = SURFACE_STYLE_USAGE(.BOTH.,#11627);
#11627 = SURFACE_SIDE_STYLE('',(#11628));
#11628 = SURFACE_STYLE_FILL_AREA(#11629);
#11629 = FILL_AREA_STYLE('',(#11630));
#11630 = FILL_AREA_STYLE_COLOUR('',#11595);
#11631 = STYLED_ITEM('color',(#11632),#1082);
#11632 = PRESENTATION_STYLE_ASSIGNMENT((#11633));
#11633 = SURFACE_STYLE_USAGE(.BOTH.,#11634);
#11634 = SURFACE_SIDE_STYLE('',(#11635));
#11635 = SURFACE_STYLE_FILL_AREA(#11636);
#11636 = FILL_AREA_STYLE('',(#11637));
#11637 = FILL_AREA_STYLE_COLOUR('',#11595);
#11638 = STYLED_ITEM('color',(#11639),#1106);
#11639 = PRESENTATION_STYLE_ASSIGNMENT((#11640));
#11640 = SURFACE_STYLE_USAGE(.BOTH.,#11641);
#11641 = SURFACE_SIDE_STYLE('',(#11642));
#11642 = SURFACE_STYLE_FILL_AREA(#11643);
#11643 = FILL_AREA_STYLE('',(#11644));
#11644 = FILL_AREA_STYLE_COLOUR('',#11595);
#11645 = STYLED_ITEM('color',(#11646),#1123);
#11646 = PRESENTATION_STYLE_ASSIGNMENT((#11647));
#11647 = SURFACE_STYLE_USAGE(.BOTH.,#11648);
#11648 = SURFACE_SIDE_STYLE('',(#11649));
#11649 = SURFACE_STYLE_FILL_AREA(#11650);
#11650 = FILL_AREA_STYLE('',(#11651));
#11651 = FILL_AREA_STYLE_COLOUR('',#11595);
#11652 = STYLED_ITEM('color',(#11653),#1154);
#11653 = PRESENTATION_STYLE_ASSIGNMENT((#11654));
#11654 = SURFACE_STYLE_USAGE(.BOTH.,#11655);
#11655 = SURFACE_SIDE_STYLE('',(#11656));
#11656 = SURFACE_STYLE_FILL_AREA(#11657);
#11657 = FILL_AREA_STYLE('',(#11658));
#11658 = FILL_AREA_STYLE_COLOUR('',#11595);
#11659 = STYLED_ITEM('color',(#11660),#1178);
#11660 = PRESENTATION_STYLE_ASSIGNMENT((#11661));
#11661 = SURFACE_STYLE_USAGE(.BOTH.,#11662);
#11662 = SURFACE_SIDE_STYLE('',(#11663));
#11663 = SURFACE_STYLE_FILL_AREA(#11664);
#11664 = FILL_AREA_STYLE('',(#11665));
#11665 = FILL_AREA_STYLE_COLOUR('',#11595);
#11666 = STYLED_ITEM('color',(#11667),#1202);
#11667 = PRESENTATION_STYLE_ASSIGNMENT((#11668));
#11668 = SURFACE_STYLE_USAGE(.BOTH.,#11669);
#11669 = SURFACE_SIDE_STYLE('',(#11670));
#11670 = SURFACE_STYLE_FILL_AREA(#11671);
#11671 = FILL_AREA_STYLE('',(#11672));
#11672 = FILL_AREA_STYLE_COLOUR('',#11595);
#11673 = STYLED_ITEM('color',(#11674),#1219);
#11674 = PRESENTATION_STYLE_ASSIGNMENT((#11675));
#11675 = SURFACE_STYLE_USAGE(.BOTH.,#11676);
#11676 = SURFACE_SIDE_STYLE('',(#11677));
#11677 = SURFACE_STYLE_FILL_AREA(#11678);
#11678 = FILL_AREA_STYLE('',(#11679));
#11679 = FILL_AREA_STYLE_COLOUR('',#11595);
#11680 = STYLED_ITEM('color',(#11681),#1250);
#11681 = PRESENTATION_STYLE_ASSIGNMENT((#11682));
#11682 = SURFACE_STYLE_USAGE(.BOTH.,#11683);
#11683 = SURFACE_SIDE_STYLE('',(#11684));
#11684 = SURFACE_STYLE_FILL_AREA(#11685);
#11685 = FILL_AREA_STYLE('',(#11686));
#11686 = FILL_AREA_STYLE_COLOUR('',#11595);
#11687 = STYLED_ITEM('color',(#11688),#1274);
#11688 = PRESENTATION_STYLE_ASSIGNMENT((#11689));
#11689 = SURFACE_STYLE_USAGE(.BOTH.,#11690);
#11690 = SURFACE_SIDE_STYLE('',(#11691));
#11691 = SURFACE_STYLE_FILL_AREA(#11692);
#11692 = FILL_AREA_STYLE('',(#11693));
#11693 = FILL_AREA_STYLE_COLOUR('',#11595);
#11694 = STYLED_ITEM('color',(#11695),#1298);
#11695 = PRESENTATION_STYLE_ASSIGNMENT((#11696));
#11696 = SURFACE_STYLE_USAGE(.BOTH.,#11697);
#11697 = SURFACE_SIDE_STYLE('',(#11698));
#11698 = SURFACE_STYLE_FILL_AREA(#11699);
#11699 = FILL_AREA_STYLE('',(#11700));
#11700 = FILL_AREA_STYLE_COLOUR('',#11595);
#11701 = STYLED_ITEM('color',(#11702),#1315);
#11702 = PRESENTATION_STYLE_ASSIGNMENT((#11703));
#11703 = SURFACE_STYLE_USAGE(.BOTH.,#11704);
#11704 = SURFACE_SIDE_STYLE('',(#11705));
#11705 = SURFACE_STYLE_FILL_AREA(#11706);
#11706 = FILL_AREA_STYLE('',(#11707));
#11707 = FILL_AREA_STYLE_COLOUR('',#11595);
#11708 = STYLED_ITEM('color',(#11709),#1346);
#11709 = PRESENTATION_STYLE_ASSIGNMENT((#11710));
#11710 = SURFACE_STYLE_USAGE(.BOTH.,#11711);
#11711 = SURFACE_SIDE_STYLE('',(#11712));
#11712 = SURFACE_STYLE_FILL_AREA(#11713);
#11713 = FILL_AREA_STYLE('',(#11714));
#11714 = FILL_AREA_STYLE_COLOUR('',#11595);
#11715 = STYLED_ITEM('color',(#11716),#1370);
#11716 = PRESENTATION_STYLE_ASSIGNMENT((#11717));
#11717 = SURFACE_STYLE_USAGE(.BOTH.,#11718);
#11718 = SURFACE_SIDE_STYLE('',(#11719));
#11719 = SURFACE_STYLE_FILL_AREA(#11720);
#11720 = FILL_AREA_STYLE('',(#11721));
#11721 = FILL_AREA_STYLE_COLOUR('',#11595);
#11722 = STYLED_ITEM('color',(#11723),#1394);
#11723 = PRESENTATION_STYLE_ASSIGNMENT((#11724));
#11724 = SURFACE_STYLE_USAGE(.BOTH.,#11725);
#11725 = SURFACE_SIDE_STYLE('',(#11726));
#11726 = SURFACE_STYLE_FILL_AREA(#11727);
#11727 = FILL_AREA_STYLE('',(#11728));
#11728 = FILL_AREA_STYLE_COLOUR('',#11595);
#11729 = STYLED_ITEM('color',(#11730),#1411);
#11730 = PRESENTATION_STYLE_ASSIGNMENT((#11731));
#11731 = SURFACE_STYLE_USAGE(.BOTH.,#11732);
#11732 = SURFACE_SIDE_STYLE('',(#11733));
#11733 = SURFACE_STYLE_FILL_AREA(#11734);
#11734 = FILL_AREA_STYLE('',(#11735));
#11735 = FILL_AREA_STYLE_COLOUR('',#11595);
#11736 = STYLED_ITEM('color',(#11737),#1442);
#11737 = PRESENTATION_STYLE_ASSIGNMENT((#11738));
#11738 = SURFACE_STYLE_USAGE(.BOTH.,#11739);
#11739 = SURFACE_SIDE_STYLE('',(#11740));
#11740 = SURFACE_STYLE_FILL_AREA(#11741);
#11741 = FILL_AREA_STYLE('',(#11742));
#11742 = FILL_AREA_STYLE_COLOUR('',#11595);
#11743 = STYLED_ITEM('color',(#11744),#1466);
#11744 = PRESENTATION_STYLE_ASSIGNMENT((#11745));
#11745 = SURFACE_STYLE_USAGE(.BOTH.,#11746);
#11746 = SURFACE_SIDE_STYLE('',(#11747));
#11747 = SURFACE_STYLE_FILL_AREA(#11748);
#11748 = FILL_AREA_STYLE('',(#11749));
#11749 = FILL_AREA_STYLE_COLOUR('',#11595);
#11750 = STYLED_ITEM('color',(#11751),#1490);
#11751 = PRESENTATION_STYLE_ASSIGNMENT((#11752));
#11752 = SURFACE_STYLE_USAGE(.BOTH.,#11753);
#11753 = SURFACE_SIDE_STYLE('',(#11754));
#11754 = SURFACE_STYLE_FILL_AREA(#11755);
#11755 = FILL_AREA_STYLE('',(#11756));
#11756 = FILL_AREA_STYLE_COLOUR('',#11595);
#11757 = STYLED_ITEM('color',(#11758),#1507);
#11758 = PRESENTATION_STYLE_ASSIGNMENT((#11759));
#11759 = SURFACE_STYLE_USAGE(.BOTH.,#11760);
#11760 = SURFACE_SIDE_STYLE('',(#11761));
#11761 = SURFACE_STYLE_FILL_AREA(#11762);
#11762 = FILL_AREA_STYLE('',(#11763));
#11763 = FILL_AREA_STYLE_COLOUR('',#11595);
#11764 = STYLED_ITEM('color',(#11765),#1538);
#11765 = PRESENTATION_STYLE_ASSIGNMENT((#11766));
#11766 = SURFACE_STYLE_USAGE(.BOTH.,#11767);
#11767 = SURFACE_SIDE_STYLE('',(#11768));
#11768 = SURFACE_STYLE_FILL_AREA(#11769);
#11769 = FILL_AREA_STYLE('',(#11770));
#11770 = FILL_AREA_STYLE_COLOUR('',#11595);
#11771 = STYLED_ITEM('color',(#11772),#1562);
#11772 = PRESENTATION_STYLE_ASSIGNMENT((#11773));
#11773 = SURFACE_STYLE_USAGE(.BOTH.,#11774);
#11774 = SURFACE_SIDE_STYLE('',(#11775));
#11775 = SURFACE_STYLE_FILL_AREA(#11776);
#11776 = FILL_AREA_STYLE('',(#11777));
#11777 = FILL_AREA_STYLE_COLOUR('',#11595);
#11778 = STYLED_ITEM('color',(#11779),#1586);
#11779 = PRESENTATION_STYLE_ASSIGNMENT((#11780));
#11780 = SURFACE_STYLE_USAGE(.BOTH.,#11781);
#11781 = SURFACE_SIDE_STYLE('',(#11782));
#11782 = SURFACE_STYLE_FILL_AREA(#11783);
#11783 = FILL_AREA_STYLE('',(#11784));
#11784 = FILL_AREA_STYLE_COLOUR('',#11595);
#11785 = STYLED_ITEM('color',(#11786),#1603);
#11786 = PRESENTATION_STYLE_ASSIGNMENT((#11787));
#11787 = SURFACE_STYLE_USAGE(.BOTH.,#11788);
#11788 = SURFACE_SIDE_STYLE('',(#11789));
#11789 = SURFACE_STYLE_FILL_AREA(#11790);
#11790 = FILL_AREA_STYLE('',(#11791));
#11791 = FILL_AREA_STYLE_COLOUR('',#11595);
#11792 = STYLED_ITEM('color',(#11793),#1634);
#11793 = PRESENTATION_STYLE_ASSIGNMENT((#11794));
#11794 = SURFACE_STYLE_USAGE(.BOTH.,#11795);
#11795 = SURFACE_SIDE_STYLE('',(#11796));
#11796 = SURFACE_STYLE_FILL_AREA(#11797);
#11797 = FILL_AREA_STYLE('',(#11798));
#11798 = FILL_AREA_STYLE_COLOUR('',#11595);
#11799 = STYLED_ITEM('color',(#11800),#1658);
#11800 = PRESENTATION_STYLE_ASSIGNMENT((#11801));
#11801 = SURFACE_STYLE_USAGE(.BOTH.,#11802);
#11802 = SURFACE_SIDE_STYLE('',(#11803));
#11803 = SURFACE_STYLE_FILL_AREA(#11804);
#11804 = FILL_AREA_STYLE('',(#11805));
#11805 = FILL_AREA_STYLE_COLOUR('',#11595);
#11806 = STYLED_ITEM('color',(#11807),#1682);
#11807 = PRESENTATION_STYLE_ASSIGNMENT((#11808));
#11808 = SURFACE_STYLE_USAGE(.BOTH.,#11809);
#11809 = SURFACE_SIDE_STYLE('',(#11810));
#11810 = SURFACE_STYLE_FILL_AREA(#11811);
#11811 = FILL_AREA_STYLE('',(#11812));
#11812 = FILL_AREA_STYLE_COLOUR('',#11595);
#11813 = STYLED_ITEM('color',(#11814),#1699);
#11814 = PRESENTATION_STYLE_ASSIGNMENT((#11815));
#11815 = SURFACE_STYLE_USAGE(.BOTH.,#11816);
#11816 = SURFACE_SIDE_STYLE('',(#11817));
#11817 = SURFACE_STYLE_FILL_AREA(#11818);
#11818 = FILL_AREA_STYLE('',(#11819));
#11819 = FILL_AREA_STYLE_COLOUR('',#11595);
#11820 = STYLED_ITEM('color',(#11821),#1730);
#11821 = PRESENTATION_STYLE_ASSIGNMENT((#11822));
#11822 = SURFACE_STYLE_USAGE(.BOTH.,#11823);
#11823 = SURFACE_SIDE_STYLE('',(#11824));
#11824 = SURFACE_STYLE_FILL_AREA(#11825);
#11825 = FILL_AREA_STYLE('',(#11826));
#11826 = FILL_AREA_STYLE_COLOUR('',#11595);
#11827 = STYLED_ITEM('color',(#11828),#1754);
#11828 = PRESENTATION_STYLE_ASSIGNMENT((#11829));
#11829 = SURFACE_STYLE_USAGE(.BOTH.,#11830);
#11830 = SURFACE_SIDE_STYLE('',(#11831));
#11831 = SURFACE_STYLE_FILL_AREA(#11832);
#11832 = FILL_AREA_STYLE('',(#11833));
#11833 = FILL_AREA_STYLE_COLOUR('',#11595);
#11834 = STYLED_ITEM('color',(#11835),#1778);
#11835 = PRESENTATION_STYLE_ASSIGNMENT((#11836));
#11836 = SURFACE_STYLE_USAGE(.BOTH.,#11837);
#11837 = SURFACE_SIDE_STYLE('',(#11838));
#11838 = SURFACE_STYLE_FILL_AREA(#11839);
#11839 = FILL_AREA_STYLE('',(#11840));
#11840 = FILL_AREA_STYLE_COLOUR('',#11595);
#11841 = STYLED_ITEM('color',(#11842),#1795);
#11842 = PRESENTATION_STYLE_ASSIGNMENT((#11843));
#11843 = SURFACE_STYLE_USAGE(.BOTH.,#11844);
#11844 = SURFACE_SIDE_STYLE('',(#11845));
#11845 = SURFACE_STYLE_FILL_AREA(#11846);
#11846 = FILL_AREA_STYLE('',(#11847));
#11847 = FILL_AREA_STYLE_COLOUR('',#11595);
#11848 = STYLED_ITEM('color',(#11849),#1826);
#11849 = PRESENTATION_STYLE_ASSIGNMENT((#11850));
#11850 = SURFACE_STYLE_USAGE(.BOTH.,#11851);
#11851 = SURFACE_SIDE_STYLE('',(#11852));
#11852 = SURFACE_STYLE_FILL_AREA(#11853);
#11853 = FILL_AREA_STYLE('',(#11854));
#11854 = FILL_AREA_STYLE_COLOUR('',#11595);
#11855 = STYLED_ITEM('color',(#11856),#1850);
#11856 = PRESENTATION_STYLE_ASSIGNMENT((#11857));
#11857 = SURFACE_STYLE_USAGE(.BOTH.,#11858);
#11858 = SURFACE_SIDE_STYLE('',(#11859));
#11859 = SURFACE_STYLE_FILL_AREA(#11860);
#11860 = FILL_AREA_STYLE('',(#11861));
#11861 = FILL_AREA_STYLE_COLOUR('',#11595);
#11862 = STYLED_ITEM('color',(#11863),#1874);
#11863 = PRESENTATION_STYLE_ASSIGNMENT((#11864));
#11864 = SURFACE_STYLE_USAGE(.BOTH.,#11865);
#11865 = SURFACE_SIDE_STYLE('',(#11866));
#11866 = SURFACE_STYLE_FILL_AREA(#11867);
#11867 = FILL_AREA_STYLE('',(#11868));
#11868 = FILL_AREA_STYLE_COLOUR('',#11595);
#11869 = STYLED_ITEM('color',(#11870),#1891);
#11870 = PRESENTATION_STYLE_ASSIGNMENT((#11871));
#11871 = SURFACE_STYLE_USAGE(.BOTH.,#11872);
#11872 = SURFACE_SIDE_STYLE('',(#11873));
#11873 = SURFACE_STYLE_FILL_AREA(#11874);
#11874 = FILL_AREA_STYLE('',(#11875));
#11875 = FILL_AREA_STYLE_COLOUR('',#11595);
#11876 = STYLED_ITEM('color',(#11877),#1922);
#11877 = PRESENTATION_STYLE_ASSIGNMENT((#11878));
#11878 = SURFACE_STYLE_USAGE(.BOTH.,#11879);
#11879 = SURFACE_SIDE_STYLE('',(#11880));
#11880 = SURFACE_STYLE_FILL_AREA(#11881);
#11881 = FILL_AREA_STYLE('',(#11882));
#11882 = FILL_AREA_STYLE_COLOUR('',#11595);
#11883 = STYLED_ITEM('color',(#11884),#1946);
#11884 = PRESENTATION_STYLE_ASSIGNMENT((#11885));
#11885 = SURFACE_STYLE_USAGE(.BOTH.,#11886);
#11886 = SURFACE_SIDE_STYLE('',(#11887));
#11887 = SURFACE_STYLE_FILL_AREA(#11888);
#11888 = FILL_AREA_STYLE('',(#11889));
#11889 = FILL_AREA_STYLE_COLOUR('',#11595);
#11890 = STYLED_ITEM('color',(#11891),#1970);
#11891 = PRESENTATION_STYLE_ASSIGNMENT((#11892));
#11892 = SURFACE_STYLE_USAGE(.BOTH.,#11893);
#11893 = SURFACE_SIDE_STYLE('',(#11894));
#11894 = SURFACE_STYLE_FILL_AREA(#11895);
#11895 = FILL_AREA_STYLE('',(#11896));
#11896 = FILL_AREA_STYLE_COLOUR('',#11595);
#11897 = STYLED_ITEM('color',(#11898),#1987);
#11898 = PRESENTATION_STYLE_ASSIGNMENT((#11899));
#11899 = SURFACE_STYLE_USAGE(.BOTH.,#11900);
#11900 = SURFACE_SIDE_STYLE('',(#11901));
#11901 = SURFACE_STYLE_FILL_AREA(#11902);
#11902 = FILL_AREA_STYLE('',(#11903));
#11903 = FILL_AREA_STYLE_COLOUR('',#11595);
#11904 = STYLED_ITEM('color',(#11905),#2018);
#11905 = PRESENTATION_STYLE_ASSIGNMENT((#11906));
#11906 = SURFACE_STYLE_USAGE(.BOTH.,#11907);
#11907 = SURFACE_SIDE_STYLE('',(#11908));
#11908 = SURFACE_STYLE_FILL_AREA(#11909);
#11909 = FILL_AREA_STYLE('',(#11910));
#11910 = FILL_AREA_STYLE_COLOUR('',#11595);
#11911 = STYLED_ITEM('color',(#11912),#2042);
#11912 = PRESENTATION_STYLE_ASSIGNMENT((#11913));
#11913 = SURFACE_STYLE_USAGE(.BOTH.,#11914);
#11914 = SURFACE_SIDE_STYLE('',(#11915));
#11915 = SURFACE_STYLE_FILL_AREA(#11916);
#11916 = FILL_AREA_STYLE('',(#11917));
#11917 = FILL_AREA_STYLE_COLOUR('',#11595);
#11918 = STYLED_ITEM('color',(#11919),#2066);
#11919 = PRESENTATION_STYLE_ASSIGNMENT((#11920));
#11920 = SURFACE_STYLE_USAGE(.BOTH.,#11921);
#11921 = SURFACE_SIDE_STYLE('',(#11922));
#11922 = SURFACE_STYLE_FILL_AREA(#11923);
#11923 = FILL_AREA_STYLE('',(#11924));
#11924 = FILL_AREA_STYLE_COLOUR('',#11595);
#11925 = STYLED_ITEM('color',(#11926),#2083);
#11926 = PRESENTATION_STYLE_ASSIGNMENT((#11927));
#11927 = SURFACE_STYLE_USAGE(.BOTH.,#11928);
#11928 = SURFACE_SIDE_STYLE('',(#11929));
#11929 = SURFACE_STYLE_FILL_AREA(#11930);
#11930 = FILL_AREA_STYLE('',(#11931));
#11931 = FILL_AREA_STYLE_COLOUR('',#11595);
#11932 = STYLED_ITEM('color',(#11933),#2095);
#11933 = PRESENTATION_STYLE_ASSIGNMENT((#11934));
#11934 = SURFACE_STYLE_USAGE(.BOTH.,#11935);
#11935 = SURFACE_SIDE_STYLE('',(#11936));
#11936 = SURFACE_STYLE_FILL_AREA(#11937);
#11937 = FILL_AREA_STYLE('',(#11938));
#11938 = FILL_AREA_STYLE_COLOUR('',#11595);
#11939 = STYLED_ITEM('color',(#11940),#2107);
#11940 = PRESENTATION_STYLE_ASSIGNMENT((#11941));
#11941 = SURFACE_STYLE_USAGE(.BOTH.,#11942);
#11942 = SURFACE_SIDE_STYLE('',(#11943));
#11943 = SURFACE_STYLE_FILL_AREA(#11944);
#11944 = FILL_AREA_STYLE('',(#11945));
#11945 = FILL_AREA_STYLE_COLOUR('',#11595);
#11946 = STYLED_ITEM('color',(#11947),#2119);
#11947 = PRESENTATION_STYLE_ASSIGNMENT((#11948));
#11948 = SURFACE_STYLE_USAGE(.BOTH.,#11949);
#11949 = SURFACE_SIDE_STYLE('',(#11950));
#11950 = SURFACE_STYLE_FILL_AREA(#11951);
#11951 = FILL_AREA_STYLE('',(#11952));
#11952 = FILL_AREA_STYLE_COLOUR('',#11595);
#11953 = STYLED_ITEM('color',(#11954),#2131);
#11954 = PRESENTATION_STYLE_ASSIGNMENT((#11955));
#11955 = SURFACE_STYLE_USAGE(.BOTH.,#11956);
#11956 = SURFACE_SIDE_STYLE('',(#11957));
#11957 = SURFACE_STYLE_FILL_AREA(#11958);
#11958 = FILL_AREA_STYLE('',(#11959));
#11959 = FILL_AREA_STYLE_COLOUR('',#11595);
#11960 = STYLED_ITEM('color',(#11961),#2143);
#11961 = PRESENTATION_STYLE_ASSIGNMENT((#11962));
#11962 = SURFACE_STYLE_USAGE(.BOTH.,#11963);
#11963 = SURFACE_SIDE_STYLE('',(#11964));
#11964 = SURFACE_STYLE_FILL_AREA(#11965);
#11965 = FILL_AREA_STYLE('',(#11966));
#11966 = FILL_AREA_STYLE_COLOUR('',#11595);
#11967 = MECHANICAL_DESIGN_GEOMETRIC_PRESENTATION_REPRESENTATION('',(
    #11968),#11421);
#11968 = STYLED_ITEM('color',(#11969),#10647);
#11969 = PRESENTATION_STYLE_ASSIGNMENT((#11970));
#11970 = SURFACE_STYLE_USAGE(.BOTH.,#11971);
#11971 = SURFACE_SIDE_STYLE('',(#11972));
#11972 = SURFACE_STYLE_FILL_AREA(#11973);
#11973 = FILL_AREA_STYLE('',(#11974));
#11974 = FILL_AREA_STYLE_COLOUR('',#11975);
#11975 = COLOUR_RGB('',0.313304153717,0.484529207832,0.410020903123);
#11976 = MECHANICAL_DESIGN_GEOMETRIC_PRESENTATION_REPRESENTATION('',(
    #11977,#11985,#11992,#11999,#12006,#12013,#12020,#12027,#12034,
    #12041,#12048,#12056,#12063,#12070,#12077,#12084,#12091,#12098,
    #12105,#12112,#12119,#12126,#12133,#12140,#12147,#12154,#12161,
    #12168),#3837);
#11977 = STYLED_ITEM('color',(#11978),#2985);
#11978 = PRESENTATION_STYLE_ASSIGNMENT((#11979));
#11979 = SURFACE_STYLE_USAGE(.BOTH.,#11980);
#11980 = SURFACE_SIDE_STYLE('',(#11981));
#11981 = SURFACE_STYLE_FILL_AREA(#11982);
#11982 = FILL_AREA_STYLE('',(#11983));
#11983 = FILL_AREA_STYLE_COLOUR('',#11984);
#11984 = COLOUR_RGB('',0.823999987314,0.819999987296,0.781000009244);
#11985 = STYLED_ITEM('color',(#11986),#3061);
#11986 = PRESENTATION_STYLE_ASSIGNMENT((#11987));
#11987 = SURFACE_STYLE_USAGE(.BOTH.,#11988);
#11988 = SURFACE_SIDE_STYLE('',(#11989));
#11989 = SURFACE_STYLE_FILL_AREA(#11990);
#11990 = FILL_AREA_STYLE('',(#11991));
#11991 = FILL_AREA_STYLE_COLOUR('',#11984);
#11992 = STYLED_ITEM('color',(#11993),#3092);
#11993 = PRESENTATION_STYLE_ASSIGNMENT((#11994));
#11994 = SURFACE_STYLE_USAGE(.BOTH.,#11995);
#11995 = SURFACE_SIDE_STYLE('',(#11996));
#11996 = SURFACE_STYLE_FILL_AREA(#11997);
#11997 = FILL_AREA_STYLE('',(#11998));
#11998 = FILL_AREA_STYLE_COLOUR('',#11984);
#11999 = STYLED_ITEM('color',(#12000),#3117);
#12000 = PRESENTATION_STYLE_ASSIGNMENT((#12001));
#12001 = SURFACE_STYLE_USAGE(.BOTH.,#12002);
#12002 = SURFACE_SIDE_STYLE('',(#12003));
#12003 = SURFACE_STYLE_FILL_AREA(#12004);
#12004 = FILL_AREA_STYLE('',(#12005));
#12005 = FILL_AREA_STYLE_COLOUR('',#11984);
#12006 = STYLED_ITEM('color',(#12007),#3142);
#12007 = PRESENTATION_STYLE_ASSIGNMENT((#12008));
#12008 = SURFACE_STYLE_USAGE(.BOTH.,#12009);
#12009 = SURFACE_SIDE_STYLE('',(#12010));
#12010 = SURFACE_STYLE_FILL_AREA(#12011);
#12011 = FILL_AREA_STYLE('',(#12012));
#12012 = FILL_AREA_STYLE_COLOUR('',#11984);
#12013 = STYLED_ITEM('color',(#12014),#3166);
#12014 = PRESENTATION_STYLE_ASSIGNMENT((#12015));
#12015 = SURFACE_STYLE_USAGE(.BOTH.,#12016);
#12016 = SURFACE_SIDE_STYLE('',(#12017));
#12017 = SURFACE_STYLE_FILL_AREA(#12018);
#12018 = FILL_AREA_STYLE('',(#12019));
#12019 = FILL_AREA_STYLE_COLOUR('',#11984);
#12020 = STYLED_ITEM('color',(#12021),#3190);
#12021 = PRESENTATION_STYLE_ASSIGNMENT((#12022));
#12022 = SURFACE_STYLE_USAGE(.BOTH.,#12023);
#12023 = SURFACE_SIDE_STYLE('',(#12024));
#12024 = SURFACE_STYLE_FILL_AREA(#12025);
#12025 = FILL_AREA_STYLE('',(#12026));
#12026 = FILL_AREA_STYLE_COLOUR('',#11984);
#12027 = STYLED_ITEM('color',(#12028),#3215);
#12028 = PRESENTATION_STYLE_ASSIGNMENT((#12029));
#12029 = SURFACE_STYLE_USAGE(.BOTH.,#12030);
#12030 = SURFACE_SIDE_STYLE('',(#12031));
#12031 = SURFACE_STYLE_FILL_AREA(#12032);
#12032 = FILL_AREA_STYLE('',(#12033));
#12033 = FILL_AREA_STYLE_COLOUR('',#11984);
#12034 = STYLED_ITEM('color',(#12035),#3240);
#12035 = PRESENTATION_STYLE_ASSIGNMENT((#12036));
#12036 = SURFACE_STYLE_USAGE(.BOTH.,#12037);
#12037 = SURFACE_SIDE_STYLE('',(#12038));
#12038 = SURFACE_STYLE_FILL_AREA(#12039);
#12039 = FILL_AREA_STYLE('',(#12040));
#12040 = FILL_AREA_STYLE_COLOUR('',#11984);
#12041 = STYLED_ITEM('color',(#12042),#3257);
#12042 = PRESENTATION_STYLE_ASSIGNMENT((#12043));
#12043 = SURFACE_STYLE_USAGE(.BOTH.,#12044);
#12044 = SURFACE_SIDE_STYLE('',(#12045));
#12045 = SURFACE_STYLE_FILL_AREA(#12046);
#12046 = FILL_AREA_STYLE('',(#12047));
#12047 = FILL_AREA_STYLE_COLOUR('',#11984);
#12048 = STYLED_ITEM('color',(#12049),#3343);
#12049 = PRESENTATION_STYLE_ASSIGNMENT((#12050));
#12050 = SURFACE_STYLE_USAGE(.BOTH.,#12051);
#12051 = SURFACE_SIDE_STYLE('',(#12052));
#12052 = SURFACE_STYLE_FILL_AREA(#12053);
#12053 = FILL_AREA_STYLE('',(#12054));
#12054 = FILL_AREA_STYLE_COLOUR('',#12055);
#12055 = COLOUR_RGB('',0.379000005575,0.270000008848,0.214999999939);
#12056 = STYLED_ITEM('color',(#12057),#3375);
#12057 = PRESENTATION_STYLE_ASSIGNMENT((#12058));
#12058 = SURFACE_STYLE_USAGE(.BOTH.,#12059);
#12059 = SURFACE_SIDE_STYLE('',(#12060));
#12060 = SURFACE_STYLE_FILL_AREA(#12061);
#12061 = FILL_AREA_STYLE('',(#12062));
#12062 = FILL_AREA_STYLE_COLOUR('',#12055);
#12063 = STYLED_ITEM('color',(#12064),#3399);
#12064 = PRESENTATION_STYLE_ASSIGNMENT((#12065));
#12065 = SURFACE_STYLE_USAGE(.BOTH.,#12066);
#12066 = SURFACE_SIDE_STYLE('',(#12067));
#12067 = SURFACE_STYLE_FILL_AREA(#12068);
#12068 = FILL_AREA_STYLE('',(#12069));
#12069 = FILL_AREA_STYLE_COLOUR('',#12055);
#12070 = STYLED_ITEM('color',(#12071),#3424);
#12071 = PRESENTATION_STYLE_ASSIGNMENT((#12072));
#12072 = SURFACE_STYLE_USAGE(.BOTH.,#12073);
#12073 = SURFACE_SIDE_STYLE('',(#12074));
#12074 = SURFACE_STYLE_FILL_AREA(#12075);
#12075 = FILL_AREA_STYLE('',(#12076));
#12076 = FILL_AREA_STYLE_COLOUR('',#12055);
#12077 = STYLED_ITEM('color',(#12078),#3448);
#12078 = PRESENTATION_STYLE_ASSIGNMENT((#12079));
#12079 = SURFACE_STYLE_USAGE(.BOTH.,#12080);
#12080 = SURFACE_SIDE_STYLE('',(#12081));
#12081 = SURFACE_STYLE_FILL_AREA(#12082);
#12082 = FILL_AREA_STYLE('',(#12083));
#12083 = FILL_AREA_STYLE_COLOUR('',#12055);
#12084 = STYLED_ITEM('color',(#12085),#3473);
#12085 = PRESENTATION_STYLE_ASSIGNMENT((#12086));
#12086 = SURFACE_STYLE_USAGE(.BOTH.,#12087);
#12087 = SURFACE_SIDE_STYLE('',(#12088));
#12088 = SURFACE_STYLE_FILL_AREA(#12089);
#12089 = FILL_AREA_STYLE('',(#12090));
#12090 = FILL_AREA_STYLE_COLOUR('',#12055);
#12091 = STYLED_ITEM('color',(#12092),#3497);
#12092 = PRESENTATION_STYLE_ASSIGNMENT((#12093));
#12093 = SURFACE_STYLE_USAGE(.BOTH.,#12094);
#12094 = SURFACE_SIDE_STYLE('',(#12095));
#12095 = SURFACE_STYLE_FILL_AREA(#12096);
#12096 = FILL_AREA_STYLE('',(#12097));
#12097 = FILL_AREA_STYLE_COLOUR('',#12055);
#12098 = STYLED_ITEM('color',(#12099),#3522);
#12099 = PRESENTATION_STYLE_ASSIGNMENT((#12100));
#12100 = SURFACE_STYLE_USAGE(.BOTH.,#12101);
#12101 = SURFACE_SIDE_STYLE('',(#12102));
#12102 = SURFACE_STYLE_FILL_AREA(#12103);
#12103 = FILL_AREA_STYLE('',(#12104));
#12104 = FILL_AREA_STYLE_COLOUR('',#12055);
#12105 = STYLED_ITEM('color',(#12106),#3539);
#12106 = PRESENTATION_STYLE_ASSIGNMENT((#12107));
#12107 = SURFACE_STYLE_USAGE(.BOTH.,#12108);
#12108 = SURFACE_SIDE_STYLE('',(#12109));
#12109 = SURFACE_STYLE_FILL_AREA(#12110);
#12110 = FILL_AREA_STYLE('',(#12111));
#12111 = FILL_AREA_STYLE_COLOUR('',#11984);
#12112 = STYLED_ITEM('color',(#12113),#3625);
#12113 = PRESENTATION_STYLE_ASSIGNMENT((#12114));
#12114 = SURFACE_STYLE_USAGE(.BOTH.,#12115);
#12115 = SURFACE_SIDE_STYLE('',(#12116));
#12116 = SURFACE_STYLE_FILL_AREA(#12117);
#12117 = FILL_AREA_STYLE('',(#12118));
#12118 = FILL_AREA_STYLE_COLOUR('',#11984);
#12119 = STYLED_ITEM('color',(#12120),#3656);
#12120 = PRESENTATION_STYLE_ASSIGNMENT((#12121));
#12121 = SURFACE_STYLE_USAGE(.BOTH.,#12122);
#12122 = SURFACE_SIDE_STYLE('',(#12123));
#12123 = SURFACE_STYLE_FILL_AREA(#12124);
#12124 = FILL_AREA_STYLE('',(#12125));
#12125 = FILL_AREA_STYLE_COLOUR('',#11984);
#12126 = STYLED_ITEM('color',(#12127),#3681);
#12127 = PRESENTATION_STYLE_ASSIGNMENT((#12128));
#12128 = SURFACE_STYLE_USAGE(.BOTH.,#12129);
#12129 = SURFACE_SIDE_STYLE('',(#12130));
#12130 = SURFACE_STYLE_FILL_AREA(#12131);
#12131 = FILL_AREA_STYLE('',(#12132));
#12132 = FILL_AREA_STYLE_COLOUR('',#11984);
#12133 = STYLED_ITEM('color',(#12134),#3706);
#12134 = PRESENTATION_STYLE_ASSIGNMENT((#12135));
#12135 = SURFACE_STYLE_USAGE(.BOTH.,#12136);
#12136 = SURFACE_SIDE_STYLE('',(#12137));
#12137 = SURFACE_STYLE_FILL_AREA(#12138);
#12138 = FILL_AREA_STYLE('',(#12139));
#12139 = FILL_AREA_STYLE_COLOUR('',#11984);
#12140 = STYLED_ITEM('color',(#12141),#3730);
#12141 = PRESENTATION_STYLE_ASSIGNMENT((#12142));
#12142 = SURFACE_STYLE_USAGE(.BOTH.,#12143);
#12143 = SURFACE_SIDE_STYLE('',(#12144));
#12144 = SURFACE_STYLE_FILL_AREA(#12145);
#12145 = FILL_AREA_STYLE('',(#12146));
#12146 = FILL_AREA_STYLE_COLOUR('',#11984);
#12147 = STYLED_ITEM('color',(#12148),#3754);
#12148 = PRESENTATION_STYLE_ASSIGNMENT((#12149));
#12149 = SURFACE_STYLE_USAGE(.BOTH.,#12150);
#12150 = SURFACE_SIDE_STYLE('',(#12151));
#12151 = SURFACE_STYLE_FILL_AREA(#12152);
#12152 = FILL_AREA_STYLE('',(#12153));
#12153 = FILL_AREA_STYLE_COLOUR('',#11984);
#12154 = STYLED_ITEM('color',(#12155),#3779);
#12155 = PRESENTATION_STYLE_ASSIGNMENT((#12156));
#12156 = SURFACE_STYLE_USAGE(.BOTH.,#12157);
#12157 = SURFACE_SIDE_STYLE('',(#12158));
#12158 = SURFACE_STYLE_FILL_AREA(#12159);
#12159 = FILL_AREA_STYLE('',(#12160));
#12160 = FILL_AREA_STYLE_COLOUR('',#11984);
#12161 = STYLED_ITEM('color',(#12162),#3804);
#12162 = PRESENTATION_STYLE_ASSIGNMENT((#12163));
#12163 = SURFACE_STYLE_USAGE(.BOTH.,#12164);
#12164 = SURFACE_SIDE_STYLE('',(#12165));
#12165 = SURFACE_STYLE_FILL_AREA(#12166);
#12166 = FILL_AREA_STYLE('',(#12167));
#12167 = FILL_AREA_STYLE_COLOUR('',#11984);
#12168 = STYLED_ITEM('color',(#12169),#3821);
#12169 = PRESENTATION_STYLE_ASSIGNMENT((#12170));
#12170 = SURFACE_STYLE_USAGE(.BOTH.,#12171);
#12171 = SURFACE_SIDE_STYLE('',(#12172));
#12172 = SURFACE_STYLE_FILL_AREA(#12173);
#12173 = FILL_AREA_STYLE('',(#12174));
#12174 = FILL_AREA_STYLE_COLOUR('',#11984);
#12175 = MECHANICAL_DESIGN_GEOMETRIC_PRESENTATION_REPRESENTATION('',(
    #12176,#12183,#12190,#12197,#12204,#12211,#12218,#12225,#12233,
    #12240,#12247,#12254,#12261,#12268,#12276,#12283,#12290,#12297,
    #12304,#12311,#12318,#12325,#12332,#12339,#12346,#12353),#2964);
#12176 = STYLED_ITEM('color',(#12177),#2176);
#12177 = PRESENTATION_STYLE_ASSIGNMENT((#12178));
#12178 = SURFACE_STYLE_USAGE(.BOTH.,#12179);
#12179 = SURFACE_SIDE_STYLE('',(#12180));
#12180 = SURFACE_STYLE_FILL_AREA(#12181);
#12181 = FILL_AREA_STYLE('',(#12182));
#12182 = FILL_AREA_STYLE_COLOUR('',#11984);
#12183 = STYLED_ITEM('color',(#12184),#2216);
#12184 = PRESENTATION_STYLE_ASSIGNMENT((#12185));
#12185 = SURFACE_STYLE_USAGE(.BOTH.,#12186);
#12186 = SURFACE_SIDE_STYLE('',(#12187));
#12187 = SURFACE_STYLE_FILL_AREA(#12188);
#12188 = FILL_AREA_STYLE('',(#12189));
#12189 = FILL_AREA_STYLE_COLOUR('',#11984);
#12190 = STYLED_ITEM('color',(#12191),#2299);
#12191 = PRESENTATION_STYLE_ASSIGNMENT((#12192));
#12192 = SURFACE_STYLE_USAGE(.BOTH.,#12193);
#12193 = SURFACE_SIDE_STYLE('',(#12194));
#12194 = SURFACE_STYLE_FILL_AREA(#12195);
#12195 = FILL_AREA_STYLE('',(#12196));
#12196 = FILL_AREA_STYLE_COLOUR('',#11984);
#12197 = STYLED_ITEM('color',(#12198),#2324);
#12198 = PRESENTATION_STYLE_ASSIGNMENT((#12199));
#12199 = SURFACE_STYLE_USAGE(.BOTH.,#12200);
#12200 = SURFACE_SIDE_STYLE('',(#12201));
#12201 = SURFACE_STYLE_FILL_AREA(#12202);
#12202 = FILL_AREA_STYLE('',(#12203));
#12203 = FILL_AREA_STYLE_COLOUR('',#11984);
#12204 = STYLED_ITEM('color',(#12205),#2349);
#12205 = PRESENTATION_STYLE_ASSIGNMENT((#12206));
#12206 = SURFACE_STYLE_USAGE(.BOTH.,#12207);
#12207 = SURFACE_SIDE_STYLE('',(#12208));
#12208 = SURFACE_STYLE_FILL_AREA(#12209);
#12209 = FILL_AREA_STYLE('',(#12210));
#12210 = FILL_AREA_STYLE_COLOUR('',#11984);
#12211 = STYLED_ITEM('color',(#12212),#2416);
#12212 = PRESENTATION_STYLE_ASSIGNMENT((#12213));
#12213 = SURFACE_STYLE_USAGE(.BOTH.,#12214);
#12214 = SURFACE_SIDE_STYLE('',(#12215));
#12215 = SURFACE_STYLE_FILL_AREA(#12216);
#12216 = FILL_AREA_STYLE('',(#12217));
#12217 = FILL_AREA_STYLE_COLOUR('',#11984);
#12218 = STYLED_ITEM('color',(#12219),#2433);
#12219 = PRESENTATION_STYLE_ASSIGNMENT((#12220));
#12220 = SURFACE_STYLE_USAGE(.BOTH.,#12221);
#12221 = SURFACE_SIDE_STYLE('',(#12222));
#12222 = SURFACE_STYLE_FILL_AREA(#12223);
#12223 = FILL_AREA_STYLE('',(#12224));
#12224 = FILL_AREA_STYLE_COLOUR('',#11984);
#12225 = STYLED_ITEM('color',(#12226),#2450);
#12226 = PRESENTATION_STYLE_ASSIGNMENT((#12227));
#12227 = SURFACE_STYLE_USAGE(.BOTH.,#12228);
#12228 = SURFACE_SIDE_STYLE('',(#12229));
#12229 = SURFACE_STYLE_FILL_AREA(#12230);
#12230 = FILL_AREA_STYLE('',(#12231));
#12231 = FILL_AREA_STYLE_COLOUR('',#12232);
#12232 = COLOUR_RGB('',0.894999966383,0.890999961016,0.813000030345);
#12233 = STYLED_ITEM('color',(#12234),#2499);
#12234 = PRESENTATION_STYLE_ASSIGNMENT((#12235));
#12235 = SURFACE_STYLE_USAGE(.BOTH.,#12236);
#12236 = SURFACE_SIDE_STYLE('',(#12237));
#12237 = SURFACE_STYLE_FILL_AREA(#12238);
#12238 = FILL_AREA_STYLE('',(#12239));
#12239 = FILL_AREA_STYLE_COLOUR('',#11984);
#12240 = STYLED_ITEM('color',(#12241),#2516);
#12241 = PRESENTATION_STYLE_ASSIGNMENT((#12242));
#12242 = SURFACE_STYLE_USAGE(.BOTH.,#12243);
#12243 = SURFACE_SIDE_STYLE('',(#12244));
#12244 = SURFACE_STYLE_FILL_AREA(#12245);
#12245 = FILL_AREA_STYLE('',(#12246));
#12246 = FILL_AREA_STYLE_COLOUR('',#11984);
#12247 = STYLED_ITEM('color',(#12248),#2533);
#12248 = PRESENTATION_STYLE_ASSIGNMENT((#12249));
#12249 = SURFACE_STYLE_USAGE(.BOTH.,#12250);
#12250 = SURFACE_SIDE_STYLE('',(#12251));
#12251 = SURFACE_STYLE_FILL_AREA(#12252);
#12252 = FILL_AREA_STYLE('',(#12253));
#12253 = FILL_AREA_STYLE_COLOUR('',#12232);
#12254 = STYLED_ITEM('color',(#12255),#2582);
#12255 = PRESENTATION_STYLE_ASSIGNMENT((#12256));
#12256 = SURFACE_STYLE_USAGE(.BOTH.,#12257);
#12257 = SURFACE_SIDE_STYLE('',(#12258));
#12258 = SURFACE_STYLE_FILL_AREA(#12259);
#12259 = FILL_AREA_STYLE('',(#12260));
#12260 = FILL_AREA_STYLE_COLOUR('',#12232);
#12261 = STYLED_ITEM('color',(#12262),#2599);
#12262 = PRESENTATION_STYLE_ASSIGNMENT((#12263));
#12263 = SURFACE_STYLE_USAGE(.BOTH.,#12264);
#12264 = SURFACE_SIDE_STYLE('',(#12265));
#12265 = SURFACE_STYLE_FILL_AREA(#12266);
#12266 = FILL_AREA_STYLE('',(#12267));
#12267 = FILL_AREA_STYLE_COLOUR('',#11984);
#12268 = STYLED_ITEM('color',(#12269),#2668);
#12269 = PRESENTATION_STYLE_ASSIGNMENT((#12270));
#12270 = SURFACE_STYLE_USAGE(.BOTH.,#12271);
#12271 = SURFACE_SIDE_STYLE('',(#12272));
#12272 = SURFACE_STYLE_FILL_AREA(#12273);
#12273 = FILL_AREA_STYLE('',(#12274));
#12274 = FILL_AREA_STYLE_COLOUR('',#12275);
#12275 = COLOUR_RGB('',8.200000279077E-02,8.600000121357E-02,
  9.399999706163E-02);
#12276 = STYLED_ITEM('color',(#12277),#2699);
#12277 = PRESENTATION_STYLE_ASSIGNMENT((#12278));
#12278 = SURFACE_STYLE_USAGE(.BOTH.,#12279);
#12279 = SURFACE_SIDE_STYLE('',(#12280));
#12280 = SURFACE_STYLE_FILL_AREA(#12281);
#12281 = FILL_AREA_STYLE('',(#12282));
#12282 = FILL_AREA_STYLE_COLOUR('',#12275);
#12283 = STYLED_ITEM('color',(#12284),#2723);
#12284 = PRESENTATION_STYLE_ASSIGNMENT((#12285));
#12285 = SURFACE_STYLE_USAGE(.BOTH.,#12286);
#12286 = SURFACE_SIDE_STYLE('',(#12287));
#12287 = SURFACE_STYLE_FILL_AREA(#12288);
#12288 = FILL_AREA_STYLE('',(#12289));
#12289 = FILL_AREA_STYLE_COLOUR('',#11984);
#12290 = STYLED_ITEM('color',(#12291),#2792);
#12291 = PRESENTATION_STYLE_ASSIGNMENT((#12292));
#12292 = SURFACE_STYLE_USAGE(.BOTH.,#12293);
#12293 = SURFACE_SIDE_STYLE('',(#12294));
#12294 = SURFACE_STYLE_FILL_AREA(#12295);
#12295 = FILL_AREA_STYLE('',(#12296));
#12296 = FILL_AREA_STYLE_COLOUR('',#12275);
#12297 = STYLED_ITEM('color',(#12298),#2816);
#12298 = PRESENTATION_STYLE_ASSIGNMENT((#12299));
#12299 = SURFACE_STYLE_USAGE(.BOTH.,#12300);
#12300 = SURFACE_SIDE_STYLE('',(#12301));
#12301 = SURFACE_STYLE_FILL_AREA(#12302);
#12302 = FILL_AREA_STYLE('',(#12303));
#12303 = FILL_AREA_STYLE_COLOUR('',#11984);
#12304 = STYLED_ITEM('color',(#12305),#2833);
#12305 = PRESENTATION_STYLE_ASSIGNMENT((#12306));
#12306 = SURFACE_STYLE_USAGE(.BOTH.,#12307);
#12307 = SURFACE_SIDE_STYLE('',(#12308));
#12308 = SURFACE_STYLE_FILL_AREA(#12309);
#12309 = FILL_AREA_STYLE('',(#12310));
#12310 = FILL_AREA_STYLE_COLOUR('',#11984);
#12311 = STYLED_ITEM('color',(#12312),#2850);
#12312 = PRESENTATION_STYLE_ASSIGNMENT((#12313));
#12313 = SURFACE_STYLE_USAGE(.BOTH.,#12314);
#12314 = SURFACE_SIDE_STYLE('',(#12315));
#12315 = SURFACE_STYLE_FILL_AREA(#12316);
#12316 = FILL_AREA_STYLE('',(#12317));
#12317 = FILL_AREA_STYLE_COLOUR('',#11984);
#12318 = STYLED_ITEM('color',(#12319),#2867);
#12319 = PRESENTATION_STYLE_ASSIGNMENT((#12320));
#12320 = SURFACE_STYLE_USAGE(.BOTH.,#12321);
#12321 = SURFACE_SIDE_STYLE('',(#12322));
#12322 = SURFACE_STYLE_FILL_AREA(#12323);
#12323 = FILL_AREA_STYLE('',(#12324));
#12324 = FILL_AREA_STYLE_COLOUR('',#11984);
#12325 = STYLED_ITEM('color',(#12326),#2884);
#12326 = PRESENTATION_STYLE_ASSIGNMENT((#12327));
#12327 = SURFACE_STYLE_USAGE(.BOTH.,#12328);
#12328 = SURFACE_SIDE_STYLE('',(#12329));
#12329 = SURFACE_STYLE_FILL_AREA(#12330);
#12330 = FILL_AREA_STYLE('',(#12331));
#12331 = FILL_AREA_STYLE_COLOUR('',#11984);
#12332 = STYLED_ITEM('color',(#12333),#2901);
#12333 = PRESENTATION_STYLE_ASSIGNMENT((#12334));
#12334 = SURFACE_STYLE_USAGE(.BOTH.,#12335);
#12335 = SURFACE_SIDE_STYLE('',(#12336));
#12336 = SURFACE_STYLE_FILL_AREA(#12337);
#12337 = FILL_AREA_STYLE('',(#12338));
#12338 = FILL_AREA_STYLE_COLOUR('',#11984);
#12339 = STYLED_ITEM('color',(#12340),#2918);
#12340 = PRESENTATION_STYLE_ASSIGNMENT((#12341));
#12341 = SURFACE_STYLE_USAGE(.BOTH.,#12342);
#12342 = SURFACE_SIDE_STYLE('',(#12343));
#12343 = SURFACE_STYLE_FILL_AREA(#12344);
#12344 = FILL_AREA_STYLE('',(#12345));
#12345 = FILL_AREA_STYLE_COLOUR('',#11984);
#12346 = STYLED_ITEM('color',(#12347),#2935);
#12347 = PRESENTATION_STYLE_ASSIGNMENT((#12348));
#12348 = SURFACE_STYLE_USAGE(.BOTH.,#12349);
#12349 = SURFACE_SIDE_STYLE('',(#12350));
#12350 = SURFACE_STYLE_FILL_AREA(#12351);
#12351 = FILL_AREA_STYLE('',(#12352));
#12352 = FILL_AREA_STYLE_COLOUR('',#12275);
#12353 = STYLED_ITEM('color',(#12354),#2952);
#12354 = PRESENTATION_STYLE_ASSIGNMENT((#12355));
#12355 = SURFACE_STYLE_USAGE(.BOTH.,#12356);
#12356 = SURFACE_SIDE_STYLE('',(#12357));
#12357 = SURFACE_STYLE_FILL_AREA(#12358);
#12358 = FILL_AREA_STYLE('',(#12359));
#12359 = FILL_AREA_STYLE_COLOUR('',#12275);
#12360 = MECHANICAL_DESIGN_GEOMETRIC_PRESENTATION_REPRESENTATION('',(
    #12361,#12369,#12377,#12385,#12392,#12399,#12406),#10628);
#12361 = STYLED_ITEM('color',(#12362),#3856);
#12362 = PRESENTATION_STYLE_ASSIGNMENT((#12363));
#12363 = SURFACE_STYLE_USAGE(.BOTH.,#12364);
#12364 = SURFACE_SIDE_STYLE('',(#12365));
#12365 = SURFACE_STYLE_FILL_AREA(#12366);
#12366 = FILL_AREA_STYLE('',(#12367));
#12367 = FILL_AREA_STYLE_COLOUR('',#12368);
#12368 = COLOUR_RGB('',0.,0.,0.501960785193);
#12369 = STYLED_ITEM('color',(#12370),#4274);
#12370 = PRESENTATION_STYLE_ASSIGNMENT((#12371));
#12371 = SURFACE_STYLE_USAGE(.BOTH.,#12372);
#12372 = SURFACE_SIDE_STYLE('',(#12373));
#12373 = SURFACE_STYLE_FILL_AREA(#12374);
#12374 = FILL_AREA_STYLE('',(#12375));
#12375 = FILL_AREA_STYLE_COLOUR('',#12376);
#12376 = DRAUGHTING_PRE_DEFINED_COLOUR('black');
#12377 = STYLED_ITEM('color',(#12378),#4692);
#12378 = PRESENTATION_STYLE_ASSIGNMENT((#12379));
#12379 = SURFACE_STYLE_USAGE(.BOTH.,#12380);
#12380 = SURFACE_SIDE_STYLE('',(#12381));
#12381 = SURFACE_STYLE_FILL_AREA(#12382);
#12382 = FILL_AREA_STYLE('',(#12383));
#12383 = FILL_AREA_STYLE_COLOUR('',#12384);
#12384 = COLOUR_RGB('',0.792156867455,0.819607826924,0.933333342953);
#12385 = STYLED_ITEM('color',(#12386),#5106);
#12386 = PRESENTATION_STYLE_ASSIGNMENT((#12387));
#12387 = SURFACE_STYLE_USAGE(.BOTH.,#12388);
#12388 = SURFACE_SIDE_STYLE('',(#12389));
#12389 = SURFACE_STYLE_FILL_AREA(#12390);
#12390 = FILL_AREA_STYLE('',(#12391));
#12391 = FILL_AREA_STYLE_COLOUR('',#12384);
#12392 = STYLED_ITEM('color',(#12393),#5520);
#12393 = PRESENTATION_STYLE_ASSIGNMENT((#12394));
#12394 = SURFACE_STYLE_USAGE(.BOTH.,#12395);
#12395 = SURFACE_SIDE_STYLE('',(#12396));
#12396 = SURFACE_STYLE_FILL_AREA(#12397);
#12397 = FILL_AREA_STYLE('',(#12398));
#12398 = FILL_AREA_STYLE_COLOUR('',#12384);
#12399 = STYLED_ITEM('color',(#12400),#5934);
#12400 = PRESENTATION_STYLE_ASSIGNMENT((#12401));
#12401 = SURFACE_STYLE_USAGE(.BOTH.,#12402);
#12402 = SURFACE_SIDE_STYLE('',(#12403));
#12403 = SURFACE_STYLE_FILL_AREA(#12404);
#12404 = FILL_AREA_STYLE('',(#12405));
#12405 = FILL_AREA_STYLE_COLOUR('',#12384);
#12406 = STYLED_ITEM('color',(#12407),#6348);
#12407 = PRESENTATION_STYLE_ASSIGNMENT((#12408));
#12408 = SURFACE_STYLE_USAGE(.BOTH.,#12409);
#12409 = SURFACE_SIDE_STYLE('',(#12410));
#12410 = SURFACE_STYLE_FILL_AREA(#12411);
#12411 = FILL_AREA_STYLE('',(#12412));
#12412 = FILL_AREA_STYLE_COLOUR('',#12413);
#12413 = COLOUR_RGB('',0.250980388104,0.250980388104,0.250980388104);
ENDSEC;
END-ISO-10303-21;
